season,player,team,n_actions,total_xt,xt_per_action,total_vaep,vaep_per_action,vaep_per90
WSL_2015,A. Brooks,West Ham United WFC,159,0.362846,0.005759,0.154606,0.000972,0.146469
WSL_2015,A. Greenwood,Notts County WFC,1341,5.332548,0.013298,0.190863,0.000142,0.184706
WSL_2015,A. Hodson,Arsenal WFC,339,0.043872,0.000487,-0.23093,-0.000681,-0.221103
WSL_2015,A. Holmes,Yeovil Town WFC,172,0.509431,0.008491,0.105439,0.000613,0.100952
WSL_2015,A. James-Turner,Notts County WFC,1042,3.218739,0.010251,-0.223775,-0.000215,-0.214253
WSL_2015,A. James-Turner,Everton FC,1081,1.964562,0.005645,0.019101,1.8e-05,0.018096
WSL_2015,A. Joice,Yeovil Town WFC,43,0.006057,0.000551,-0.087456,-0.002034,-0.104948
WSL_2015,A. Mannion,Aston Villa WFC,966,1.759886,0.005146,-0.398417,-0.000412,-0.358575
WSL_2015,A. McManus,West Ham United WFC,417,1.159085,0.006006,0.024132,5.8e-05,0.022862
WSL_2015,A. Oshoala,Arsenal WFC,577,0.553698,0.005482,-0.294928,-0.000511,-0.285415
WSL_2015,A. Scott,Liverpool FCW,1069,3.818723,0.007939,1.074627,0.001005,1.039961
WSL_2015,A. Stringer,Aston Villa WFC,43,-0.052854,-0.003303,-0.009204,-0.000214,-0.00854
WSL_2015,A. Whelan,Notts County WFC,506,0.232583,0.001572,-0.098133,-0.000194,-0.093957
WSL_2015,A. Windell,Aston Villa WFC,575,1.367893,0.006452,0.108083,0.000188,0.109298
WSL_2015,Ana Borges,Manchester United WFC,50,-0.015818,-0.001438,-0.085419,-0.001708,-0.16016
WSL_2015,B. Chaplen,Yeovil Town WFC,747,1.568488,0.005964,1.399294,0.001873,1.33975
WSL_2015,B. Mead,Yeovil Town WFC,135,0.214688,0.006506,-0.206458,-0.001529,-0.199798
WSL_2015,C. Haines,Aston Villa WFC,141,0.004937,0.000133,-0.027438,-0.000195,-0.028384
WSL_2015,C. Harrison-Murray,Everton FC,776,0.620845,0.002861,-0.22235,-0.000287,-0.212889
WSL_2015,C. Humphrey,Liverpool FCW,88,0.191662,0.005476,-0.095318,-0.001083,-0.092243
WSL_2015,C. Kelly,Liverpool FCW,48,0.033249,0.001956,-0.097345,-0.002028,-0.213685
WSL_2015,C. Nightingale,West Ham United WFC,186,0.57399,0.007553,0.009931,5.3e-05,0.009121
WSL_2015,C. Rafferty,Manchester United WFC,991,3.182606,0.008965,0.223999,0.000226,0.214467
WSL_2015,C. Schröder,Arsenal WFC,414,1.370074,0.00932,-0.091067,-0.00022,-0.082789
WSL_2015,C. Stoney,Liverpool FCW,928,2.672599,0.006715,0.040674,4.4e-05,0.039362
WSL_2015,C. Telford,Notts County WFC,671,3.125202,0.017078,1.408223,0.002099,1.362797
WSL_2015,C. Ubogagu,Liverpool FCW,585,0.619556,0.003688,-0.688055,-0.001176,-0.658776
WSL_2015,C. Weir,Liverpool FCW,126,0.147548,0.002837,0.077111,0.000612,0.075435
WSL_2015,C. Weir,Everton FC,800,1.928712,0.005862,0.560887,0.000701,0.531367
WSL_2015,C. Wellings,Aston Villa WFC,5,-0.003382,-0.001691,0.012536,0.002507,0.282058
WSL_2015,D. Bowman,Notts County WFC,849,1.413365,0.005374,-0.029753,-3.5e-05,-0.028793
WSL_2015,D. Carter,Liverpool FCW,980,1.519406,0.005294,-0.204261,-0.000208,-0.19351
WSL_2015,D. Corboz,West Ham United WFC,333,0.3266,0.002791,-0.323535,-0.000972,-0.313098
WSL_2015,D. Gibbons,Arsenal WFC,57,0.162337,0.005237,0.131468,0.002306,0.130023
WSL_2015,D. Janssen,Liverpool FCW,649,1.660081,0.006434,0.201929,0.000311,0.193337
WSL_2015,D. Scott,Notts County WFC,464,0.65123,0.0037,0.297693,0.000642,0.28809
WSL_2015,D. Spence,Manchester United WFC,685,1.049113,0.003959,0.038179,5.6e-05,0.036555
WSL_2015,D. Stokes,West Ham United WFC,1203,2.720735,0.005124,0.05106,4.2e-05,0.046418
WSL_2015,D. Susi,Notts County WFC,426,0.207769,0.002473,-0.280815,-0.000659,-0.268866
WSL_2015,E. Aluko,Manchester United WFC,930,1.697322,0.006656,0.037675,4.1e-05,0.034957
WSL_2015,E. Byrne,Liverpool FCW,594,0.860595,0.004059,0.539521,0.000908,0.516562
WSL_2015,E. Kelly,Yeovil Town WFC,33,0.066848,0.008356,0.014954,0.000453,0.0313
WSL_2015,E. Lipman,West Ham United WFC,107,0.139583,0.003323,0.002897,2.7e-05,0.002688
WSL_2015,E. Mukandi,Liverpool FCW,1035,3.093067,0.008787,-0.049271,-4.8e-05,-0.046678
WSL_2015,E. Simpkins,Aston Villa WFC,45,0.231239,0.01217,0.138828,0.003085,0.390454
WSL_2015,E. Stout,Arsenal WFC,825,1.878024,0.006198,1.050135,0.001273,1.005448
WSL_2015,E. Westwood,Aston Villa WFC,655,1.214649,0.007187,-0.410681,-0.000627,-0.369613
WSL_2015,E. White,Notts County WFC,845,0.62026,0.002639,-0.194035,-0.00023,-0.187775
WSL_2015,F. Ayisi,Aston Villa WFC,316,-0.22012,-0.002751,-0.395216,-0.001251,-0.386625
WSL_2015,F. Brown,Everton FC,1020,2.498036,0.008765,-0.567176,-0.000556,-0.54888
WSL_2015,F. Kirby,Manchester United WFC,256,-0.0666,-0.000694,-0.173872,-0.000679,-0.164721
WSL_2015,F. O'Sullivan,Notts County WFC,11,0.00262,0.00131,-0.010308,-0.000937,-0.051539
WSL_2015,F. Whelan,Notts County WFC,259,0.472247,0.006469,-0.41444,-0.0016,-0.433716
WSL_2015,F. Williams,Arsenal WFC,598,2.027149,0.009699,0.042416,7.1e-05,0.038954
WSL_2015,G. Allen,Liverpool FCW,8,-0.004559,-0.00228,-0.001363,-0.00017,-0.013631
WSL_2015,G. Bonner,Arsenal WFC,1421,5.422988,0.014309,0.299236,0.000211,0.269312
WSL_2015,G. Davison,Manchester United WFC,1030,2.994733,0.010016,0.21485,0.000209,0.205708
WSL_2015,G. Evans,Everton FC,667,0.923791,0.00371,-0.329032,-0.000493,-0.311714
WSL_2015,G. Flaherty,Manchester United WFC,794,1.961671,0.005926,-0.69056,-0.00087,-0.640726
WSL_2015,G. McCatty,Everton FC,510,1.110811,0.011335,-0.342979,-0.000673,-0.324928
WSL_2015,G. Stanway,West Ham United WFC,95,0.065638,0.001823,-0.157601,-0.001659,-0.157601
WSL_2015,H. Blundell,Manchester United WFC,1145,3.223945,0.006284,0.694918,0.000607,0.64477
WSL_2015,H. Dale,Arsenal WFC,3,0.008331,0.008331,0.007538,0.002513,0.339217
WSL_2015,H. Ladd,Everton FC,93,0.143441,0.006831,-0.099963,-0.001075,-0.09779
WSL_2015,H. Lindahl,Manchester United WFC,880,1.746136,0.00534,1.060615,0.001205,1.026402
WSL_2015,H. Sharp,Yeovil Town WFC,119,0.190826,0.010043,-0.058976,-0.000496,-0.058328
WSL_2015,H. Short,Everton FC,55,0.114039,0.011404,0.009009,0.000164,0.009319
WSL_2015,I. Christiansen,West Ham United WFC,1228,3.12188,0.005487,-0.15592,-0.000127,-0.146175
WSL_2015,I. Ryland,Arsenal WFC,461,1.693753,0.011143,0.052856,0.000115,0.050607
WSL_2015,J. Bailey,Liverpool FCW,694,0.85725,0.002748,-0.173209,-0.00025,-0.165838
WSL_2015,J. Beattie,West Ham United WFC,1167,3.4894,0.006253,0.275376,0.000236,0.250341
WSL_2015,J. Carter,Aston Villa WFC,1267,2.749757,0.005978,-0.169821,-0.000134,-0.152839
WSL_2015,J. Clarke,Notts County WFC,862,-0.11208,-0.000496,-0.636886,-0.000739,-0.609785
WSL_2015,J. Groenen,Manchester United WFC,140,0.636323,0.015151,-0.119741,-0.000855,-0.115878
WSL_2015,J. Matthews,Everton FC,364,0.974502,0.011201,-0.284334,-0.000781,-0.272234
WSL_2015,J. Moore,Aston Villa WFC,511,0.735302,0.005036,0.072115,0.000141,0.064904
WSL_2015,J. Nobbs,Liverpool FCW,548,1.505014,0.005972,0.259986,0.000474,0.251599
WSL_2015,J. Potter,Aston Villa WFC,1055,3.21871,0.009016,0.68953,0.000654,0.626845
WSL_2015,J. Rose,Liverpool FCW,1013,2.919702,0.006886,-0.291157,-0.000287,-0.281765
WSL_2015,J. Scott,West Ham United WFC,1070,1.302861,0.002915,0.631829,0.00059,0.57439
WSL_2015,Ji So-Yun,Manchester United WFC,1025,1.473616,0.002941,0.435177,0.000425,0.421139
WSL_2015,K. Bardsley,West Ham United WFC,606,1.492462,0.005129,0.677084,0.001117,0.634766
WSL_2015,K. Carney,Aston Villa WFC,707,1.439995,0.00689,0.073773,0.000104,0.071393
WSL_2015,K. Chapman,Manchester United WFC,1103,0.69938,0.001723,-0.735828,-0.000667,-0.6971
WSL_2015,K. Harrop,Aston Villa WFC,1216,3.779593,0.00879,-0.303319,-0.000249,-0.272987
WSL_2015,K. Johnston,West Ham United WFC,464,0.760488,0.006234,-0.919476,-0.001982,-0.880349
WSL_2015,K. Linnett,Aston Villa WFC,546,0.104097,0.000699,-0.563504,-0.001032,-0.539526
WSL_2015,K. Longhurst,Arsenal WFC,768,1.142516,0.004232,0.121125,0.000158,0.112384
WSL_2015,K. McDougall,Yeovil Town WFC,13,0.044305,0.011076,-0.00276,-0.000212,-0.015523
WSL_2015,K. Radtke,West Ham United WFC,78,0.153618,0.005908,-0.091149,-0.001169,-0.098836
WSL_2015,K. Ramshaw,Yeovil Town WFC,129,0.463996,0.013257,-0.008925,-6.9e-05,-0.008545
WSL_2015,K. Smith,Liverpool FCW,58,0.10138,0.005069,0.068681,0.001184,0.085851
WSL_2015,K. Walsh,West Ham United WFC,414,0.855069,0.003817,0.09654,0.000233,0.092432
WSL_2015,K. Zelem,Arsenal WFC,495,0.773303,0.003828,0.055844,0.000113,0.053468
WSL_2015,K. Ómarsdottir,Arsenal WFC,474,0.512612,0.002684,0.063207,0.000133,0.061168
WSL_2015,L. Bassett,Notts County WFC,747,1.970292,0.008108,-0.385456,-0.000516,-0.369053
WSL_2015,L. Bronze,West Ham United WFC,1344,4.771004,0.008046,1.183404,0.000881,1.133047
WSL_2015,L. Coombs,Manchester United WFC,379,0.35724,0.002165,-0.10523,-0.000278,-0.099691
WSL_2015,L. Crichton,Notts County WFC,838,2.05776,0.006769,0.305555,0.000365,0.292553
WSL_2015,L. Dykes,Everton FC,1094,3.870567,0.010547,0.190982,0.000175,0.18093
WSL_2015,L. O'Neill,Notts County WFC,8,0.010816,0.005408,-0.014022,-0.001753,-0.074232
WSL_2015,L. Sanderson,Liverpool FCW,352,0.764395,0.00588,0.187139,0.000532,0.185082
WSL_2015,L. Smørsgård,Arsenal WFC,12,-0.231698,-0.077233,-0.022996,-0.001916,-0.147834
WSL_2015,L. Staniforth,Arsenal WFC,484,0.821473,0.003751,0.119171,0.000246,0.115327
WSL_2015,L. Townsend,Everton FC,237,0.388719,0.005634,-0.011299,-4.8e-05,-0.010705
WSL_2015,L. Williamson,Liverpool FCW,652,2.372992,0.00768,0.279517,0.000429,0.267623
WSL_2015,M. Bright,Manchester United WFC,685,0.596778,0.002802,-0.530499,-0.000774,-0.492216
WSL_2015,M. Brummel,Everton FC,391,1.046615,0.006977,-0.377666,-0.000966,-0.357789
WSL_2015,M. Earps,Everton FC,947,1.564254,0.004574,0.53812,0.000568,0.515221
WSL_2015,M. Farrow,Manchester United WFC,29,0.079543,0.006119,-0.012572,-0.000434,-0.047144
WSL_2015,M. Harris,Arsenal WFC,1354,3.733014,0.007926,0.367392,0.000271,0.333993
WSL_2015,M. Hourihan,Manchester United WFC,7,0.032133,0.008033,0.020784,0.002969,0.15588
WSL_2015,M. Lawley,Aston Villa WFC,946,-0.079987,-0.000323,0.030151,3.2e-05,0.02741
WSL_2015,M. Pacheco,Arsenal WFC,16,0.025895,0.006474,-0.001394,-8.7e-05,-0.015688
WSL_2015,M. Sargeant,Aston Villa WFC,559,1.682744,0.00833,0.195475,0.00035,0.175927
WSL_2015,Marta Corredera,Liverpool FCW,601,1.653277,0.008308,-0.062569,-0.000104,-0.06055
WSL_2015,N. Dowie,Arsenal WFC,767,-0.729184,-0.003226,-0.823647,-0.001074,-0.74877
WSL_2015,N. Fahey,Manchester United WFC,1060,2.923378,0.005954,-0.040353,-3.8e-05,-0.037831
WSL_2015,N. Flint,West Ham United WFC,193,0.009594,0.000196,-0.123191,-0.000638,-0.117949
WSL_2015,N. Gutteridge,Yeovil Town WFC,13,-0.03414,-0.01707,-0.00417,-0.000321,-0.041698
WSL_2015,N. Harding,West Ham United WFC,418,0.33438,0.003012,-0.453364,-0.001085,-0.412149
WSL_2015,N. Lawrence,Everton FC,259,0.117799,0.001571,-0.191575,-0.00074,-0.185395
WSL_2015,N. Parris,West Ham United WFC,685,0.183135,0.001006,-0.883705,-0.00129,-0.795335
WSL_2015,N. Rolser,Arsenal WFC,131,0.05481,0.001566,-0.050137,-0.000383,-0.045124
WSL_2015,N. Watts,Everton FC,357,0.530412,0.003844,0.077494,0.000217,0.07581
WSL_2015,Natalia Pablos,Liverpool FCW,664,1.113158,0.00513,-0.617566,-0.00093,-0.585063
WSL_2015,R. Allen,Aston Villa WFC,894,1.174263,0.00427,0.109624,0.000123,0.099658
WSL_2015,R. Easton,Arsenal WFC,553,1.48381,0.007851,0.095406,0.000173,0.086733
WSL_2015,R. Furness,Yeovil Town WFC,198,0.532543,0.010651,0.024076,0.000122,0.0233
WSL_2015,R. Laws,Yeovil Town WFC,388,1.560477,0.015762,0.154994,0.000399,0.148398
WSL_2015,R. Spencer,Aston Villa WFC,586,1.284443,0.006943,0.771392,0.001316,0.746508
WSL_2015,R. White,Arsenal WFC,665,0.631116,0.002768,0.04574,6.9e-05,0.043793
WSL_2015,R. Williams,Notts County WFC,909,-0.655087,-0.002663,-0.674183,-0.000742,-0.645494
WSL_2015,R. Yankey,Liverpool FCW,272,0.81627,0.009492,-0.149948,-0.000551,-0.145111
WSL_2015,S. Baggaley,Aston Villa WFC,201,0.738749,0.011915,0.417504,0.002077,0.412916
WSL_2015,S. Bannon,Yeovil Town WFC,75,0.160351,0.014577,-0.084036,-0.00112,-0.083113
WSL_2015,S. Chamberlain,Notts County WFC,108,0.272955,0.009098,0.211899,0.001962,0.235443
WSL_2015,S. Chamberlain,Liverpool FCW,68,0.111224,0.003271,0.044053,0.000648,0.045054
WSL_2015,S. Houghton,West Ham United WFC,971,4.244329,0.008388,0.989932,0.001019,0.947807
WSL_2015,S. Ingle,Everton FC,976,2.402457,0.006655,1.358067,0.001391,1.286589
WSL_2015,S. Murray,Arsenal WFC,655,1.244429,0.005761,-0.744034,-0.001136,-0.712373
WSL_2015,S. Passariello,Everton FC,18,0.025455,0.005091,-0.020783,-0.001155,-0.155873
WSL_2015,S. Robson,Yeovil Town WFC,152,0.380981,0.009071,0.135581,0.000892,0.131207
WSL_2015,S. Walton,Notts County WFC,1084,3.966732,0.0094,0.85137,0.000785,0.815141
WSL_2015,S. Williams,Yeovil Town WFC,15,0.047729,0.01591,0.013106,0.000874,0.043688
WSL_2015,S. Wiltshire,West Ham United WFC,33,0.204884,0.051221,-0.065167,-0.001975,-0.101121
WSL_2015,S. Zambra,Yeovil Town WFC,233,0.533294,0.010256,0.244012,0.001047,0.228762
WSL_2015,S. van Veenendaal,Liverpool FCW,267,0.500669,0.005007,0.298418,0.001118,0.288792
WSL_2015,T. Duggan,West Ham United WFC,766,0.522747,0.001988,-0.60369,-0.000788,-0.54881
WSL_2015,Tatiana Pinto,Everton FC,34,-0.014453,-0.001606,-0.091636,-0.002695,-0.1586
WSL_2015,V. Sampson,Liverpool FCW,11,0.007692,0.001538,-0.014961,-0.00136,-0.224408
WSL_2015,V. Williams,Yeovil Town WFC,957,1.599655,0.006176,-1.41544,-0.001479,-1.340944
WSL_2015,Vicky Losada,Liverpool FCW,1105,1.008927,0.002184,-0.415813,-0.000376,-0.393928
WSL_2016,A. Berger,Aston Villa WFC,410,0.734156,0.00532,0.624879,0.001524,0.598289
WSL_2016,A. Greenwood,Arsenal WFC,870,3.351649,0.012648,0.481962,0.000554,0.456595
WSL_2016,A. Gummer,Reading WFC,47,0.072639,0.006604,0.050192,0.001068,0.100385
WSL_2016,A. Hegerberg,Aston Villa WFC,597,1.187193,0.006745,-0.076938,-0.000129,-0.07213
WSL_2016,A. Hodson,Arsenal WFC,157,-0.471869,-0.01004,-0.355687,-0.002266,-0.320118
WSL_2016,A. Holmes,Yeovil Town WFC,68,0.109786,0.012198,-0.076918,-0.001131,-0.07957
WSL_2016,A. James-Turner,Notts County WFC,1787,2.906823,0.005944,-0.176576,-9.9e-05,-0.16554
WSL_2016,A. Luik,Notts County WFC,188,0.469688,0.008387,0.107201,0.00057,0.101558
WSL_2016,A. Mannion,Aston Villa WFC,1203,2.880198,0.006516,0.271085,0.000225,0.256817
WSL_2016,A. McManus,West Ham United WFC,830,2.459028,0.005911,0.061513,7.4e-05,0.057668
WSL_2016,A. Oshoala,Liverpool FCW,507,0.11045,0.001151,-0.837785,-0.001652,-0.793691
WSL_2016,A. Scott,Liverpool FCW,1239,3.218712,0.006028,0.727795,0.000587,0.704317
WSL_2016,A. Stobbs,Reading WFC,19,0.010976,0.005488,0.010424,0.000549,0.04079
WSL_2016,A. Stringer,Aston Villa WFC,1009,0.903545,0.002482,-0.049374,-4.9e-05,-0.046775
WSL_2016,A. Whelan,Notts County WFC,472,-0.092829,-0.000967,-0.320046,-0.000678,-0.300043
WSL_2016,A. Windell,Aston Villa WFC,462,0.916705,0.004561,0.094292,0.000204,0.089329
WSL_2016,Ana Borges,Manchester United WFC,88,0.195281,0.008137,-0.026565,-0.000302,-0.025435
WSL_2016,B. Chaplen,Yeovil Town WFC,727,0.832394,0.003683,0.610484,0.00084,0.584506
WSL_2016,B. England,Manchester United WFC,462,0.235956,0.00195,-0.608262,-0.001317,-0.547436
WSL_2016,B. Jane,Reading WFC,184,0.4361,0.008387,0.051773,0.000281,0.050103
WSL_2016,B. Mead,Yeovil Town WFC,54,-0.104645,-0.006156,-0.069119,-0.00128,-0.079753
WSL_2016,B. Rayner,Reading WFC,16,-0.001486,-0.000495,0.011634,0.000727,0.09519
WSL_2016,C. Haines,Aston Villa WFC,171,0.308662,0.007178,0.020215,0.000118,0.019151
WSL_2016,C. Harrison-Murray,Reading WFC,534,-0.16019,-0.001178,-0.39093,-0.000732,-0.378319
WSL_2016,C. Humphrey,Reading WFC,819,0.27564,0.001056,0.011424,1.4e-05,0.010938
WSL_2016,C. Kelly,Liverpool FCW,157,0.132718,0.002654,-0.242269,-0.001543,-0.234454
WSL_2016,C. Peplow,Aston Villa WFC,59,0.008552,0.00045,-0.050023,-0.000848,-0.063409
WSL_2016,C. Potts,Yeovil Town WFC,12,0.03626,0.01813,-0.002081,-0.000173,-0.011016
WSL_2016,C. Rafferty,Manchester United WFC,961,2.275138,0.007088,-0.195878,-0.000204,-0.187542
WSL_2016,C. Sansom,Reading WFC,1,0.0,,-0.010656,-0.010656,-0.959048
WSL_2016,C. Schröder,Aston Villa WFC,172,0.521953,0.011863,0.009345,5.4e-05,0.012553
WSL_2016,C. Stoney,Liverpool FCW,866,2.437165,0.006827,0.155565,0.00018,0.148946
WSL_2016,C. Sweetman-Kirk,Reading WFC,58,0.152672,0.010905,0.074564,0.001286,0.074564
WSL_2016,C. Telford,Notts County WFC,433,0.789776,0.010673,0.388404,0.000897,0.371876
WSL_2016,C. Weir,Arsenal WFC,1418,1.300843,0.002536,-1.479712,-0.001044,-1.358919
WSL_2016,C. Wellings,Aston Villa WFC,308,0.083114,0.000723,0.005343,1.7e-05,0.005115
WSL_2016,C. Weston,Notts County WFC,5,0.020844,0.020844,-0.033818,-0.006764,-1.01454
WSL_2016,D. Bowman,Notts County WFC,1711,6.395003,0.014148,1.426988,0.000834,1.297262
WSL_2016,D. Brown,Yeovil Town WFC,62,0.057111,0.002284,0.003515,5.7e-05,0.003515
WSL_2016,D. Carter,Liverpool FCW,827,0.298722,0.001234,-0.6573,-0.000795,-0.62933
WSL_2016,D. Corboz,West Ham United WFC,461,1.089558,0.005796,0.18171,0.000394,0.170353
WSL_2016,D. Janssen,Liverpool FCW,885,2.321101,0.006613,0.134997,0.000153,0.123977
WSL_2016,D. Spence,Manchester United WFC,426,0.468511,0.003166,0.383708,0.000901,0.363513
WSL_2016,D. Stokes,West Ham United WFC,1487,2.255212,0.00402,-0.120419,-8.1e-05,-0.109472
WSL_2016,D. van de Donk,Liverpool FCW,1088,0.282888,0.000752,-0.99764,-0.000917,-0.9162
WSL_2016,E. Aluko,Manchester United WFC,964,1.421049,0.004934,-0.522234,-0.000542,-0.47001
WSL_2016,E. Brazil,Aston Villa WFC,56,0.145231,0.016137,0.037558,0.000671,0.037558
WSL_2016,E. Byrne,Liverpool FCW,50,0.077298,0.004547,0.128547,0.002571,0.192821
WSL_2016,E. Follis,Reading WFC,134,0.060028,0.002144,0.034064,0.000254,0.034064
WSL_2016,E. Lundh,Arsenal WFC,495,0.33854,0.002436,-0.204146,-0.000412,-0.187481
WSL_2016,E. Mukandi,Liverpool FCW,1064,2.544681,0.006575,-0.06834,-6.4e-05,-0.064069
WSL_2016,E. Roebuck,West Ham United WFC,19,-0.000374,-6.2e-05,0.081029,0.004265,0.197097
WSL_2016,E. Simpkins,Reading WFC,1051,1.927841,0.006885,-0.432504,-0.000412,-0.418552
WSL_2016,E. Westwood,Aston Villa WFC,712,1.274351,0.005541,-0.235539,-0.000331,-0.225516
WSL_2016,E. White,Notts County WFC,648,0.0847,0.000557,-0.54095,-0.000835,-0.496791
WSL_2016,F. Ayisi,Aston Villa WFC,784,0.327973,0.001832,-0.623347,-0.000795,-0.596822
WSL_2016,F. Kirby,Manchester United WFC,321,0.195001,0.002074,-0.156693,-0.000488,-0.153287
WSL_2016,F. Whelan,Notts County WFC,706,1.332916,0.00709,-0.684022,-0.000969,-0.654914
WSL_2016,F. Williams,Liverpool FCW,1380,5.864415,0.009505,0.792668,0.000574,0.750948
WSL_2016,G. Bonner,Arsenal WFC,1429,3.605118,0.007654,0.796089,0.000557,0.709387
WSL_2016,G. Davison,Manchester United WFC,953,0.489511,0.00161,-0.42473,-0.000446,-0.382257
WSL_2016,G. Flaherty,Manchester United WFC,973,2.475981,0.005084,-0.175346,-0.00018,-0.156249
WSL_2016,G. Moloney,Reading WFC,101,0.296213,0.012879,0.364885,0.003613,0.349358
WSL_2016,G. Stanway,West Ham United WFC,388,-0.146784,-0.001147,-0.847324,-0.002184,-0.802728
WSL_2016,H. Blundell,Manchester United WFC,1266,2.893407,0.00479,0.881815,0.000697,0.844291
WSL_2016,H. Lindahl,Manchester United WFC,702,0.917078,0.003299,0.516101,0.000735,0.499453
WSL_2016,H. Scott,Reading WFC,92,0.07761,0.003234,-0.022312,-0.000243,-0.021827
WSL_2016,H. Sharp,Yeovil Town WFC,32,0.0274,0.00274,-0.008362,-0.000261,-0.00818
WSL_2016,H. Ward,Reading WFC,51,0.021391,0.004278,-0.030907,-0.000606,-0.039737
WSL_2016,I. Christiansen,West Ham United WFC,580,1.059621,0.004222,-0.169023,-0.000291,-0.158459
WSL_2016,I. Linden,Aston Villa WFC,128,-0.081019,-0.002614,-0.421783,-0.003295,-0.421783
WSL_2016,J. Bailey,Manchester United WFC,622,1.007268,0.003522,-0.031214,-5e-05,-0.028093
WSL_2016,J. Beattie,West Ham United WFC,1149,4.654935,0.008418,0.991067,0.000863,0.929125
WSL_2016,J. Carter,Aston Villa WFC,1701,4.487244,0.009176,0.288022,0.000169,0.272863
WSL_2016,J. Clarke,Notts County WFC,1130,0.165414,0.000667,-0.692779,-0.000613,-0.623501
WSL_2016,J. Henning,Liverpool FCW,814,1.651131,0.005753,-0.036041,-4.4e-05,-0.034507
WSL_2016,J. Moore,Notts County WFC,574,1.257982,0.006691,0.046529,8.1e-05,0.043172
WSL_2016,J. Moore,Aston Villa WFC,220,0.541672,0.013212,-0.048024,-0.000218,-0.045981
WSL_2016,J. Nobbs,Liverpool FCW,1208,2.142052,0.003494,0.376893,0.000312,0.360855
WSL_2016,J. Potter,Notts County WFC,857,4.493861,0.017152,0.326977,0.000382,0.297252
WSL_2016,J. Potter,Aston Villa WFC,680,1.858018,0.009337,0.424737,0.000625,0.406663
WSL_2016,J. Rose,Liverpool FCW,558,1.491585,0.007934,-0.260471,-0.000467,-0.239208
WSL_2016,J. Ross,West Ham United WFC,875,0.012407,4.8e-05,-1.788037,-0.002043,-1.676284
WSL_2016,J. Scott,West Ham United WFC,1452,1.429803,0.002643,-0.04445,-3.1e-05,-0.040005
WSL_2016,J. Sigsworth,Reading WFC,395,-0.043651,-0.000606,0.010803,2.7e-05,0.010343
WSL_2016,J. Taylor,Liverpool FCW,60,-0.014771,-0.000777,-0.12594,-0.002099,-0.130283
WSL_2016,Jade Boho,Reading WFC,29,-0.121437,-0.01104,-0.097516,-0.003363,-0.143876
WSL_2016,Ji So-Yun,Manchester United WFC,1366,4.237817,0.006187,0.888714,0.000651,0.83317
WSL_2016,K. Asllani,West Ham United WFC,643,1.662649,0.00819,-0.036502,-5.7e-05,-0.034949
WSL_2016,K. Bardsley,West Ham United WFC,736,1.887643,0.00607,1.254241,0.001704,1.11764
WSL_2016,K. Carney,Manchester United WFC,1278,4.271651,0.008826,-0.787214,-0.000616,-0.745781
WSL_2016,K. Chapman,Manchester United WFC,1188,1.512785,0.00394,-0.761113,-0.000641,-0.728726
WSL_2016,K. Harrop,Aston Villa WFC,1807,4.514149,0.008104,0.344229,0.00019,0.322715
WSL_2016,K. Hines,Reading WFC,868,1.519002,0.00787,-0.284867,-0.000328,-0.269874
WSL_2016,K. Johnston,Yeovil Town WFC,118,0.151712,0.006321,-0.043982,-0.000373,-0.043026
WSL_2016,K. Linnett,Aston Villa WFC,249,-0.361741,-0.005481,-0.530957,-0.002132,-0.508363
WSL_2016,K. Lipka,Reading WFC,81,0.214438,0.006307,0.024621,0.000304,0.024086
WSL_2016,K. Longhurst,Arsenal WFC,1171,2.101257,0.004956,-0.056337,-4.8e-05,-0.052272
WSL_2016,K. McCabe,Liverpool FCW,393,0.129481,0.001126,-0.850393,-0.002164,-0.780973
WSL_2016,K. McCarthy,Reading WFC,423,0.820552,0.005065,-0.32809,-0.000776,-0.314129
WSL_2016,K. Pearce,Reading WFC,172,0.397744,0.007799,-0.015764,-9.2e-05,-0.015421
WSL_2016,K. Sjoman,Yeovil Town WFC,124,0.3616,0.010958,0.019603,0.000158,0.019177
WSL_2016,K. Smith,Liverpool FCW,151,0.397787,0.006979,0.153158,0.001014,0.153158
WSL_2016,K. Walsh,West Ham United WFC,453,0.712683,0.00346,-0.108125,-0.000239,-0.101367
WSL_2016,K. Zelem,Arsenal WFC,990,0.631369,0.00164,-0.172252,-0.000174,-0.155027
WSL_2016,K. Ómarsdottir,Reading WFC,786,0.210006,0.000981,-0.096694,-0.000123,-0.09258
WSL_2016,L. Bassett,Notts County WFC,1025,2.750487,0.007619,0.367116,0.000358,0.344172
WSL_2016,L. Bronze,West Ham United WFC,2055,8.24999,0.010523,2.695534,0.001312,2.425981
WSL_2016,L. Bruton,Reading WFC,151,0.111949,0.003293,-0.089414,-0.000592,-0.08747
WSL_2016,L. Coombs,Arsenal WFC,940,3.231458,0.009339,0.346958,0.000369,0.318635
WSL_2016,L. Crichton,Notts County WFC,756,1.475653,0.006617,0.149031,0.000197,0.141187
WSL_2016,L. Little,Reading WFC,78,0.026135,0.001867,-0.105403,-0.001351,-0.102003
WSL_2016,L. Rafferty,Manchester United WFC,15,0.0341,0.011367,-0.032662,-0.002177,-0.209973
WSL_2016,L. Roche,Reading WFC,269,0.420706,0.004573,0.234077,0.00087,0.226526
WSL_2016,L. Staniforth,Yeovil Town WFC,953,1.721,0.005395,-0.131928,-0.000138,-0.123682
WSL_2016,L. Walkley,Reading WFC,18,0.019002,0.003167,0.009546,0.00053,0.045216
WSL_2016,L. Williamson,Liverpool FCW,876,3.311206,0.008973,1.210578,0.001382,1.159064
WSL_2016,M. Bartrip,Reading WFC,950,1.938852,0.006875,-0.543311,-0.000572,-0.509354
WSL_2016,M. Bright,Manchester United WFC,1434,3.792537,0.007436,-0.330308,-0.00023,-0.312924
WSL_2016,M. Campbell,West Ham United WFC,169,1.579792,0.022896,-0.096201,-0.000569,-0.086581
WSL_2016,M. Earps,Reading WFC,887,1.847596,0.006552,0.858739,0.000968,0.831038
WSL_2016,M. Fletcher,Reading WFC,40,-0.072664,-0.006055,-0.002627,-6.6e-05,-0.004925
WSL_2016,M. Green,Arsenal WFC,10,-0.005172,-0.001724,-0.03004,-0.003004,-0.207972
WSL_2016,M. Harris,Arsenal WFC,367,0.855618,0.00744,0.213165,0.000581,0.204094
WSL_2016,M. Hill,Yeovil Town WFC,45,0.023748,0.001979,-0.037177,-0.000826,-0.037177
WSL_2016,M. Lawley,Aston Villa WFC,1290,1.57483,0.004591,-0.416057,-0.000323,-0.39416
WSL_2016,M. Pacheco,Reading WFC,1051,1.189473,0.004218,-0.394381,-0.000375,-0.381659
WSL_2016,M. Sargeant,Aston Villa WFC,208,0.509431,0.006448,0.043912,0.000211,0.0416
WSL_2016,M. Walsh,Notts County WFC,745,1.428898,0.007481,1.160896,0.001558,1.034461
WSL_2016,M. van den Berg,Arsenal WFC,959,2.509688,0.006536,-0.20647,-0.000215,-0.185823
WSL_2016,Marta Corredera,Liverpool FCW,480,1.405357,0.008895,-0.053457,-0.000111,-0.050643
WSL_2016,N. Charles,Arsenal WFC,64,0.070367,0.004139,-0.03492,-0.000546,-0.033434
WSL_2016,N. Dowie,Reading WFC,184,-0.120223,-0.002147,0.00738,4e-05,0.007299
WSL_2016,N. Fahey,Manchester United WFC,999,3.446042,0.005881,1.019103,0.00102,0.975737
WSL_2016,N. Harding,Arsenal WFC,1020,0.337751,0.001149,-0.533843,-0.000523,-0.480459
WSL_2016,N. Jones,Reading WFC,31,-0.03442,-0.005737,-0.086445,-0.002789,-0.087417
WSL_2016,N. Parris,West Ham United WFC,1073,2.722591,0.011536,-1.499757,-0.001398,-1.435937
WSL_2016,Natalia Pablos,Liverpool FCW,428,0.273908,0.001863,-0.515586,-0.001205,-0.48845
WSL_2016,R. Allen,Aston Villa WFC,343,0.560357,0.006368,-0.048636,-0.000142,-0.046566
WSL_2016,R. Allen,Reading WFC,632,0.772465,0.00333,-0.188573,-0.000298,-0.18249
WSL_2016,R. Easton,Reading WFC,178,0.216071,0.004077,-0.02557,-0.000144,-0.024481
WSL_2016,R. Furness,Yeovil Town WFC,58,0.00814,0.000814,-0.080335,-0.001385,-0.096402
WSL_2016,R. Laws,Yeovil Town WFC,1032,3.186477,0.014821,0.90492,0.000877,0.839616
WSL_2016,R. Roberts,Reading WFC,1329,3.65296,0.010558,-0.093949,-7.1e-05,-0.089951
WSL_2016,R. Rowe,Reading WFC,1441,2.341189,0.006414,0.493593,0.000343,0.462744
WSL_2016,R. Spencer,Manchester United WFC,413,0.771851,0.004488,0.610772,0.001479,0.549695
WSL_2016,R. White,Arsenal WFC,817,0.642677,0.00254,-0.544129,-0.000666,-0.489716
WSL_2016,R. Williams,Notts County WFC,937,-0.474165,-0.002044,-0.821776,-0.000877,-0.770415
WSL_2016,R. Yankey,Notts County WFC,313,1.30609,0.019494,-0.201336,-0.000643,-0.192768
WSL_2016,S. Baggaley,Aston Villa WFC,596,0.572953,0.00382,0.621746,0.001043,0.595289
WSL_2016,S. Bannon,Yeovil Town WFC,70,0.105853,0.005571,-0.009307,-0.000133,-0.00974
WSL_2016,S. Barker,Reading WFC,1710,3.831069,0.006605,1.611597,0.000942,1.543018
WSL_2016,S. Bradley-Auckland,Notts County WFC,207,0.253207,0.005064,-0.221038,-0.001068,-0.213908
WSL_2016,S. Chamberlain,Arsenal WFC,1197,1.537424,0.004804,1.922147,0.001606,1.783435
WSL_2016,S. Houghton,West Ham United WFC,1468,4.967444,0.007538,1.667137,0.001136,1.515579
WSL_2016,S. Ingle,Arsenal WFC,1174,4.149888,0.008664,1.211243,0.001032,1.090119
WSL_2016,S. Murray,Arsenal WFC,1046,2.017287,0.005797,0.342753,0.000328,0.321331
WSL_2016,S. Perry-Campbell,Reading WFC,350,0.981155,0.010012,-0.05839,-0.000167,-0.055906
WSL_2016,S. Provan,Reading WFC,80,0.181452,0.011341,0.009248,0.000116,0.00895
WSL_2016,S. Smith,Reading WFC,28,-0.032799,-0.002982,0.00253,9e-05,0.008434
WSL_2016,S. Tierney,Reading WFC,33,-0.016604,-0.002076,-0.037817,-0.001146,-0.057686
WSL_2016,S. Zambra,Yeovil Town WFC,701,1.227204,0.008893,-0.158804,-0.000227,-0.152047
WSL_2016,S. van Veenendaal,Liverpool FCW,918,1.046869,0.002712,1.160668,0.001264,1.088126
WSL_2016,S. van de Sanden,Arsenal WFC,852,0.608804,0.004257,-1.432782,-0.001682,-1.343234
WSL_2016,T. Duggan,West Ham United WFC,1181,2.570627,0.007366,-2.069564,-0.001752,-1.881422
WSL_2016,T. Middag,West Ham United WFC,291,0.954025,0.006863,0.155308,0.000534,0.139777
WSL_2016,T. Oliver,Notts County WFC,157,0.452715,0.011914,-0.026823,-0.000171,-0.026528
WSL_2016,V. Williams,Yeovil Town WFC,1078,1.618113,0.005467,-0.730363,-0.000678,-0.691923
WSL_2016,Vicky Losada,Liverpool FCW,1164,1.859104,0.004077,0.107458,9.2e-05,0.098686
WSL_2017,A. Berger,Aston Villa WFC,391,0.778203,0.005639,0.701479,0.001794,0.68623
WSL_2017,A. Green,Reading WFC,527,0.718007,0.005021,-0.204155,-0.000387,-0.197569
WSL_2017,A. Greenwood,Arsenal WFC,891,3.803708,0.013441,0.850266,0.000954,0.814084
WSL_2017,A. Heatherson,Birmingham City WFC,569,0.602033,0.008027,-0.225774,-0.000397,-0.213891
WSL_2017,A. Hegerberg,Aston Villa WFC,450,0.391477,0.002559,-0.272985,-0.000607,-0.258617
WSL_2017,A. Hodson,Arsenal WFC,747,1.654559,0.006809,-0.120223,-0.000161,-0.113895
WSL_2017,A. Holmes,Yeovil Town WFC,816,1.269032,0.008813,-0.581367,-0.000712,-0.556628
WSL_2017,A. James-Turner,Birmingham City WFC,220,0.246527,0.007044,-0.07733,-0.000352,-0.07404
WSL_2017,A. Johnson,Arsenal WFC,90,0.375765,0.018788,-0.147677,-0.001641,-0.332274
WSL_2017,A. Joice,Yeovil Town WFC,351,-0.067414,-0.000581,-0.20949,-0.000597,-0.204936
WSL_2017,A. Lahmari,Reading WFC,201,0.085413,0.001314,-0.113279,-0.000564,-0.110817
WSL_2017,A. Mannion,Aston Villa WFC,803,2.014161,0.006122,0.42786,0.000533,0.405341
WSL_2017,A. McManus,West Ham United WFC,406,0.87563,0.004292,0.33036,0.000814,0.323178
WSL_2017,A. Moorhouse,Liverpool FCW,72,0.035613,0.001484,-0.09481,-0.001317,-0.093768
WSL_2017,A. Palmer,Everton FC,131,0.224133,0.004574,-0.050055,-0.000382,-0.04844
WSL_2017,A. Patten,Liverpool FCW,819,3.109572,0.0092,1.381853,0.001687,1.309124
WSL_2017,A. Preuß,Yeovil Town WFC,490,0.821552,0.007824,0.737176,0.001504,0.698377
WSL_2017,A. Rodgers,Arsenal WFC,21,-0.039568,-0.005653,-0.115719,-0.00551,-0.801132
WSL_2017,A. Scott,Liverpool FCW,532,0.932934,0.004146,0.279576,0.000526,0.267679
WSL_2017,A. Stringer,Aston Villa WFC,685,0.355589,0.00123,0.274114,0.0004,0.26245
WSL_2017,B. Chaplen,Reading WFC,149,0.179391,0.0039,-0.036053,-0.000242,-0.045701
WSL_2017,B. England,Manchester United WFC,480,1.062582,0.00718,0.047131,9.8e-05,0.04465
WSL_2017,B. Galloway,Yeovil Town WFC,21,0.0316,0.0158,-0.12175,-0.005798,-0.267257
WSL_2017,B. Jackson,Birmingham City WFC,144,0.259194,0.01728,0.11038,0.000767,0.105683
WSL_2017,B. Jane,Reading WFC,556,0.29282,0.002077,-0.281872,-0.000507,-0.269878
WSL_2017,B. Leon,Yeovil Town WFC,337,0.122121,0.001879,-0.030783,-9.1e-05,-0.029473
WSL_2017,B. Mead,Liverpool FCW,223,-0.07975,-0.001945,-0.418099,-0.001875,-0.396093
WSL_2017,C. Arthur,Everton FC,689,1.385016,0.007738,-0.060814,-8.8e-05,-0.058226
WSL_2017,C. Dunn,Manchester United WFC,582,1.229515,0.007275,-0.517296,-0.000889,-0.495283
WSL_2017,C. Emslie,Everton FC,616,0.197417,0.001274,-0.817606,-0.001327,-0.791232
WSL_2017,C. Estcourt,Reading WFC,149,0.131782,0.002745,-0.057347,-0.000385,-0.054906
WSL_2017,C. Haines,Aston Villa WFC,161,0.088532,0.001581,-0.38474,-0.00239,-0.372329
WSL_2017,C. Haynes,Birmingham City WFC,161,0.227934,0.018995,0.326905,0.00203,0.334334
WSL_2017,C. Humphrey,Liverpool FCW,53,0.262183,0.010487,0.026773,0.000505,0.080319
WSL_2017,C. Kelly,Liverpool FCW,249,0.429798,0.008427,-0.125889,-0.000506,-0.119263
WSL_2017,C. Leach,Everton FC,829,0.79931,0.003005,1.527123,0.001842,1.462139
WSL_2017,C. Lloyd,West Ham United WFC,303,0.292601,0.003612,-0.546901,-0.001805,-0.523628
WSL_2017,C. Peplow,Aston Villa WFC,263,0.710174,0.005774,0.124673,0.000474,0.120651
WSL_2017,C. Stoney,Arsenal WFC,426,1.128344,0.005877,0.405734,0.000952,0.392646
WSL_2017,C. Telford,Manchester United WFC,473,0.763736,0.004773,0.552782,0.001169,0.529259
WSL_2017,C. Weir,Arsenal WFC,702,0.720403,0.003146,-0.314763,-0.000448,-0.301369
WSL_2017,C. Wellings,Aston Villa WFC,174,-0.126251,-0.002476,-0.154226,-0.000886,-0.147663
WSL_2017,D. Brown,Yeovil Town WFC,120,0.145583,0.005392,-0.125295,-0.001044,-0.129615
WSL_2017,D. Bruinenberg,Yeovil Town WFC,533,0.791433,0.004301,0.081847,0.000154,0.078364
WSL_2017,D. Carter,Liverpool FCW,600,0.231477,0.001378,-0.952922,-0.001588,-0.902768
WSL_2017,D. Cooper,Manchester United WFC,683,2.205467,0.006161,0.344016,0.000504,0.32591
WSL_2017,D. Janssen,Liverpool FCW,834,2.164383,0.007362,0.448151,0.000537,0.424564
WSL_2017,D. Spence,Manchester United WFC,391,1.034927,0.008214,-0.075025,-0.000192,-0.071832
WSL_2017,D. Stokes,West Ham United WFC,649,0.829664,0.002561,0.382204,0.000589,0.369875
WSL_2017,D. van de Donk,Liverpool FCW,633,0.189017,0.000871,-0.658954,-0.001041,-0.630914
WSL_2017,E. Aluko,Manchester United WFC,49,0.184017,0.013144,-0.080037,-0.001633,-0.120055
WSL_2017,E. Brazil,Aston Villa WFC,332,-0.373887,-0.004505,-0.548447,-0.001652,-0.530756
WSL_2017,E. Curson,Birmingham City WFC,401,0.522145,0.006781,-0.167748,-0.000418,-0.16061
WSL_2017,E. Cuthbert,Manchester United WFC,242,0.016209,0.000198,-0.177114,-0.000732,-0.169577
WSL_2017,E. Fletcher,Arsenal WFC,100,0.134257,0.004331,-0.045414,-0.000454,-0.048658
WSL_2017,E. Pusey,Birmingham City WFC,82,-0.115261,-0.009605,-0.256645,-0.00313,-0.607843
WSL_2017,E. Roebuck,West Ham United WFC,113,0.112116,0.002002,0.19512,0.001727,0.188826
WSL_2017,E. Syme,Everton FC,22,0.056491,0.006277,0.027907,0.001269,0.156979
WSL_2017,E. Toone,West Ham United WFC,24,0.042941,0.005368,-0.049172,-0.002049,-0.245859
WSL_2017,E. Westwood,Aston Villa WFC,458,1.171583,0.007559,0.190411,0.000416,0.182308
WSL_2017,E. White,Aston Villa WFC,313,0.002067,2.2e-05,-0.159326,-0.000509,-0.152546
WSL_2017,E. Wilson,Everton FC,270,0.471919,0.006647,0.087579,0.000324,0.084754
WSL_2017,F. Allen,Everton FC,511,0.862547,0.00707,0.167856,0.000328,0.160713
WSL_2017,F. Ayisi,Aston Villa WFC,145,-0.121323,-0.003914,-0.167819,-0.001157,-0.160677
WSL_2017,F. Brown,Everton FC,396,0.750742,0.005687,-0.051876,-0.000131,-0.049668
WSL_2017,F. Kirby,Manchester United WFC,206,0.097288,0.001452,-0.524134,-0.002544,-0.518374
WSL_2017,F. Kitching,Manchester United WFC,34,0.059148,0.003286,-0.023285,-0.000685,-0.025556
WSL_2017,F. Williams,Liverpool FCW,423,0.941249,0.004852,0.354316,0.000838,0.335668
WSL_2017,G. Bonner,Arsenal WFC,788,2.00267,0.007336,0.098062,0.000124,0.091934
WSL_2017,G. Davison,Manchester United WFC,508,1.710275,0.01012,-0.053036,-0.000104,-0.050779
WSL_2017,G. Evans,Everton FC,379,0.81433,0.006169,0.000769,2e-06,0.000744
WSL_2017,G. Flaherty,Manchester United WFC,489,1.355683,0.005511,0.504329,0.001031,0.482868
WSL_2017,G. Stanway,West Ham United WFC,487,0.782582,0.004163,-0.469159,-0.000963,-0.444466
WSL_2017,H. Bleazard,Birmingham City WFC,731,2.135992,0.018737,0.770855,0.001055,0.738053
WSL_2017,H. Blundell,Manchester United WFC,502,0.419357,0.002173,0.093843,0.000187,0.090816
WSL_2017,H. Ladd,Everton FC,711,1.667341,0.006388,0.40224,0.000566,0.389264
WSL_2017,H. O'Reilly,Liverpool FCW,618,0.274171,0.001157,-0.307337,-0.000497,-0.291161
WSL_2017,H. Olsen,Yeovil Town WFC,160,0.186463,0.005827,0.231387,0.001446,0.231387
WSL_2017,H. Scott,Reading WFC,714,0.544157,0.003338,-0.473388,-0.000663,-0.453243
WSL_2017,H. Sharp,Yeovil Town WFC,751,2.115236,0.010629,0.93845,0.00125,0.898516
WSL_2017,H. Short,Birmingham City WFC,571,1.118246,0.01491,0.006007,1.1e-05,0.005751
WSL_2017,I. Christiansen,West Ham United WFC,402,0.497148,0.002644,-0.054665,-0.000136,-0.053476
WSL_2017,J. Beattie,West Ham United WFC,598,2.648038,0.007588,0.550484,0.000921,0.521511
WSL_2017,J. Brett,Everton FC,653,0.376468,0.001575,-0.235761,-0.000361,-0.225729
WSL_2017,J. Carter,Aston Villa WFC,688,0.629216,0.003243,-0.638874,-0.000929,-0.611688
WSL_2017,J. Clarke,Arsenal WFC,317,-0.027541,-0.000332,-0.434031,-0.001369,-0.415561
WSL_2017,J. Jones,Birmingham City WFC,102,0.098486,0.005471,-0.137388,-0.001347,-0.138932
WSL_2017,J. Matthews,Everton FC,187,0.493998,0.007841,0.042002,0.000225,0.040647
WSL_2017,J. Moore,Reading WFC,414,1.549068,0.010757,0.404801,0.000978,0.387576
WSL_2017,J. Nobbs,Liverpool FCW,1054,2.817906,0.005751,0.237748,0.000226,0.225235
WSL_2017,J. Potter,Reading WFC,308,1.262352,0.014026,-0.059775,-0.000194,-0.057846
WSL_2017,J. Ross,West Ham United WFC,177,-0.106963,-0.00191,-0.382937,-0.002163,-0.382937
WSL_2017,J. Scott,West Ham United WFC,507,0.635267,0.002982,0.190032,0.000375,0.183902
WSL_2017,J. Taylor,Liverpool FCW,207,-0.319365,-0.006026,-1.062076,-0.005131,-1.006177
WSL_2017,Ji So-Yun,Manchester United WFC,645,1.526031,0.004769,-0.103893,-0.000161,-0.100542
WSL_2017,K. Asllani,West Ham United WFC,301,0.311404,0.002857,-0.10375,-0.000345,-0.099335
WSL_2017,K. Bardsley,West Ham United WFC,107,0.11711,0.004337,0.220508,0.002061,0.222986
WSL_2017,K. Carney,Manchester United WFC,651,1.868832,0.00838,-0.173725,-0.000267,-0.166332
WSL_2017,K. Chapman,Manchester United WFC,469,0.4504,0.003217,-0.251707,-0.000537,-0.243588
WSL_2017,K. Harrop,Aston Villa WFC,652,2.068706,0.008375,0.460955,0.000707,0.436694
WSL_2017,K. Hines,Reading WFC,37,0.028244,0.004035,0.02543,0.000687,0.120458
WSL_2017,K. Linnett,Reading WFC,305,-0.008223,-0.000104,-0.439037,-0.001439,-0.420354
WSL_2017,K. Longhurst,Arsenal WFC,166,0.066273,0.001325,-0.102347,-0.000617,-0.099045
WSL_2017,K. McCabe,Liverpool FCW,84,-0.02447,-0.000906,-0.103166,-0.001228,-0.265285
WSL_2017,K. Ramshaw,Yeovil Town WFC,458,0.338574,0.002869,-0.552988,-0.001207,-0.535149
WSL_2017,K. Snook,Birmingham City WFC,78,-0.012099,-0.001512,-0.058671,-0.000752,-0.057396
WSL_2017,K. Walsh,West Ham United WFC,680,0.952909,0.00287,0.264466,0.000389,0.250546
WSL_2017,K. Zelem,Arsenal WFC,312,0.170494,0.001564,-0.345439,-0.001107,-0.330739
WSL_2017,L. Agg,Everton FC,56,-0.081942,-0.013657,-0.12734,-0.002274,-0.125941
WSL_2017,L. Bronze,West Ham United WFC,822,1.326569,0.00459,0.334619,0.000407,0.323825
WSL_2017,L. Bruton,Reading WFC,537,0.418752,0.002667,0.115673,0.000215,0.110751
WSL_2017,L. Burridge,Birmingham City WFC,2,0.0,,-0.001174,-0.000587,-0.105656
WSL_2017,L. Coombs,Arsenal WFC,652,1.951469,0.008635,0.246543,0.000378,0.236052
WSL_2017,L. Dykes,Everton FC,63,0.104666,0.013083,0.084831,0.001347,0.212078
WSL_2017,L. Hemp,Everton FC,203,0.268101,0.009575,-0.293998,-0.001448,-0.293998
WSL_2017,L. Quinn,Liverpool FCW,264,0.951359,0.009061,0.154909,0.000587,0.148318
WSL_2017,L. Quinn,Birmingham City WFC,440,0.37779,0.006996,-0.272165,-0.000619,-0.260583
WSL_2017,L. Staniforth,Yeovil Town WFC,678,0.544669,0.002055,0.142856,0.000211,0.136777
WSL_2017,L. Williamson,Liverpool FCW,724,2.1916,0.006723,0.333663,0.000461,0.316102
WSL_2017,L. Woodham,Everton FC,152,0.028535,0.000839,-0.261175,-0.001718,-0.255497
WSL_2017,L. Wubben-Moy,Liverpool FCW,620,1.845925,0.006688,0.332619,0.000536,0.318465
WSL_2017,M. Alexander,Everton FC,616,1.443182,0.007886,0.258867,0.00042,0.25324
WSL_2017,M. Barron-Clark,Birmingham City WFC,165,0.206937,0.008622,-0.069585,-0.000422,-0.070366
WSL_2017,M. Bartrip,Reading WFC,187,0.419504,0.005747,-0.045543,-0.000244,-0.045043
WSL_2017,M. Bright,Manchester United WFC,676,2.378644,0.008745,0.517389,0.000765,0.495372
WSL_2017,M. Campbell,West Ham United WFC,403,1.871981,0.011345,-0.216825,-0.000538,-0.205413
WSL_2017,M. Earps,Reading WFC,707,1.509067,0.00621,1.340308,0.001896,1.283273
WSL_2017,M. Ewers,Aston Villa WFC,171,0.027396,0.00036,-0.087288,-0.00051,-0.082694
WSL_2017,M. Fletcher,Reading WFC,254,-0.094353,-0.001522,-0.262007,-0.001032,-0.250858
WSL_2017,M. Hill,Yeovil Town WFC,511,0.277108,0.001835,-0.174256,-0.000341,-0.168635
WSL_2017,M. Hourihan,West Ham United WFC,176,0.032483,0.000401,0.308788,0.001754,0.302075
WSL_2017,M. Lambert,Yeovil Town WFC,222,0.042936,0.00116,-0.196899,-0.000887,-0.190548
WSL_2017,M. Lawley,West Ham United WFC,314,0.306483,0.00316,-0.263561,-0.000839,-0.257831
WSL_2017,M. Mjelde,Manchester United WFC,789,2.123284,0.006338,0.254895,0.000323,0.244048
WSL_2017,M. Sargeant,Aston Villa WFC,639,2.00585,0.007805,0.768523,0.001203,0.728075
WSL_2017,M. Turner,Everton FC,739,1.081843,0.00322,0.1449,0.000196,0.138734
WSL_2017,M. Walsh,Birmingham City WFC,524,0.970922,0.013121,1.153404,0.002201,1.092698
WSL_2017,M. van den Berg,Reading WFC,329,1.017078,0.008619,0.119033,0.000362,0.113968
WSL_2017,N. Charles,Arsenal WFC,554,0.48503,0.003647,0.054423,9.8e-05,0.052668
WSL_2017,N. Cousins,Birmingham City WFC,567,0.837502,0.009517,-0.287996,-0.000508,-0.287996
WSL_2017,N. Fahey,Manchester United WFC,131,0.627276,0.008477,0.133318,0.001018,0.131853
WSL_2017,N. Haigh,Birmingham City WFC,394,1.196618,0.018697,0.246183,0.000625,0.235707
WSL_2017,N. Harding,Arsenal WFC,427,0.272955,0.002084,-1.101755,-0.00258,-1.066215
WSL_2017,N. Jones,Birmingham City WFC,421,0.551546,0.006197,0.087997,0.000209,0.083366
WSL_2017,N. Lawrence,Birmingham City WFC,465,0.046831,0.000699,-0.639827,-0.001376,-0.619188
WSL_2017,N. Parris,West Ham United WFC,513,0.129888,0.001325,-0.934361,-0.001821,-0.894601
WSL_2017,O. Fergusson,Everton FC,348,0.329125,0.007155,-0.574932,-0.001652,-0.550467
WSL_2017,O. Watt,Yeovil Town WFC,29,0.066282,0.011047,-0.000257,-9e-06,-0.001651
WSL_2017,P. Pattinson,Yeovil Town WFC,18,-0.017452,-0.017452,-0.031366,-0.001743,-0.134424
WSL_2017,P. Sawyer,Everton FC,8,0.0,,0.012735,0.001592,0.573081
WSL_2017,P. Williams,Aston Villa WFC,685,1.43836,0.008036,0.012156,1.8e-05,0.011516
WSL_2017,P. Wilson,Everton FC,84,0.059671,0.002387,-0.127872,-0.001522,-0.149461
WSL_2017,R. Allen,Reading WFC,665,0.978861,0.00375,0.252593,0.00038,0.241844
WSL_2017,R. Bachmann,Manchester United WFC,433,1.265018,0.01063,-0.349852,-0.000808,-0.327986
WSL_2017,R. Furness,Reading WFC,678,1.201479,0.006357,-0.077546,-0.000114,-0.074246
WSL_2017,R. Rowe,Reading WFC,329,1.159412,0.012077,-0.085886,-0.000261,-0.083115
WSL_2017,R. Williams,Aston Villa WFC,314,0.14622,0.002565,-0.276581,-0.000881,-0.262025
WSL_2017,S. Baggaley,Aston Villa WFC,218,0.277367,0.005136,0.18814,0.000863,0.18405
WSL_2017,S. Bannon,Yeovil Town WFC,481,1.021537,0.008373,-0.030155,-6.3e-05,-0.0295
WSL_2017,S. Chamberlain,Arsenal WFC,584,1.095758,0.006156,1.087916,0.001863,1.019921
WSL_2017,S. Houghton,West Ham United WFC,752,3.229609,0.008897,1.024127,0.001362,0.970226
WSL_2017,S. Ingle,Arsenal WFC,598,2.330785,0.009876,0.524227,0.000877,0.496636
WSL_2017,S. Mayling,Aston Villa WFC,517,1.230145,0.008368,-0.359558,-0.000695,-0.344258
WSL_2017,S. Williams,Birmingham City WFC,26,0.02637,0.003767,0.006818,0.000262,0.034088
WSL_2017,S. Wiltshire,Birmingham City WFC,200,-0.124697,-0.003464,-0.426852,-0.002134,-0.408688
WSL_2017,S. Zambra,Yeovil Town WFC,450,0.646931,0.006469,-0.539394,-0.001199,-0.511005
WSL_2017,S. van Veenendaal,Liverpool FCW,433,0.547459,0.003298,0.378494,0.000874,0.362388
WSL_2017,S. van de Sanden,Arsenal WFC,399,0.593441,0.006668,-0.403895,-0.001012,-0.382637
WSL_2017,T. Duggan,West Ham United WFC,463,-0.065669,-0.000405,-0.699364,-0.001511,-0.669604
WSL_2017,T. Middag,West Ham United WFC,121,0.194824,0.003418,0.124188,0.001026,0.122823
WSL_2017,V. Williams,Yeovil Town WFC,844,1.840178,0.00742,0.573838,0.00068,0.543636
WSL_2017-2018,A. Asante,Manchester United WFC,277,0.648454,0.004294,0.092905,0.000335,0.089908
WSL_2017-2018,A. Berger,Aston Villa WFC,1101,1.857225,0.004319,1.968,0.001787,1.825979
WSL_2017-2018,A. Blanchard,Arsenal WFC,7,-0.007524,-0.007524,0.013338,0.001905,0.133377
WSL_2017-2018,A. Filbey,Liverpool FCW,15,0.036427,0.009107,-0.019993,-0.001333,-0.138415
WSL_2017-2018,A. Green,Reading WFC,337,1.190928,0.010447,-0.061426,-0.000182,-0.058194
WSL_2017-2018,A. Greenwood,Arsenal WFC,2229,7.983854,0.010702,1.187687,0.000533,1.137147
WSL_2017-2018,A. Heatherson,Birmingham City WFC,1005,0.973987,0.006126,-0.335695,-0.000334,-0.318027
WSL_2017-2018,A. Hegerberg,Aston Villa WFC,216,0.304086,0.005529,-0.060224,-0.000279,-0.059562
WSL_2017-2018,A. Hodson,Arsenal WFC,442,0.376825,0.002833,-0.467664,-0.001058,-0.452578
WSL_2017-2018,A. James-Turner,Leicester City FC,1158,1.472972,0.003907,-0.012524,-1.1e-05,-0.011865
WSL_2017-2018,A. James-Turner,Arsenal WFC,228,0.544339,0.009072,-0.054609,-0.00024,-0.052847
WSL_2017-2018,A. Johnson,Arsenal WFC,365,0.783422,0.008161,-0.285322,-0.000782,-0.276118
WSL_2017-2018,A. Joice,Yeovil Town WFC,734,0.205367,0.001032,-1.244223,-0.001695,-1.178737
WSL_2017-2018,A. Kuyken,Liverpool FCW,19,0.013969,0.002328,-0.056835,-0.002991,-0.639394
WSL_2017-2018,A. Mannion,Aston Villa WFC,1780,3.811807,0.004637,0.267826,0.00015,0.256429
WSL_2017-2018,A. McManus,West Ham United WFC,1984,5.606151,0.005545,0.726878,0.000366,0.681448
WSL_2017-2018,A. Moorhouse,Liverpool FCW,214,0.035434,0.000262,0.394282,0.001842,0.377504
WSL_2017-2018,A. Palmer,Everton FC,427,0.555552,0.005291,-0.03297,-7.7e-05,-0.031906
WSL_2017-2018,A. Preuß,Yeovil Town WFC,230,0.327718,0.005372,0.363387,0.00158,0.347924
WSL_2017-2018,A. Rodgers,Arsenal WFC,90,0.117047,0.005852,-0.085517,-0.00095,-0.084577
WSL_2017-2018,A. Scott,Liverpool FCW,125,0.292049,0.005035,-0.020016,-0.00016,-0.020016
WSL_2017-2018,A. Stringer,Aston Villa WFC,361,-0.082298,-0.000556,-0.228275,-0.000632,-0.20964
WSL_2017-2018,A. Young,Yeovil Town WFC,11,-0.00892,-0.00446,0.017113,0.001556,0.057043
WSL_2017-2018,B. Chaplen,Reading WFC,862,0.253637,0.001256,-1.509943,-0.001752,-1.44569
WSL_2017-2018,B. England,Arsenal WFC,1187,-0.608292,-0.001901,-2.272288,-0.001914,-2.175595
WSL_2017-2018,B. Flaherty,Arsenal WFC,162,0.106618,0.0026,0.087398,0.000539,0.087398
WSL_2017-2018,B. Galloway,Yeovil Town WFC,482,0.09407,0.001254,-0.944207,-0.001959,-0.885194
WSL_2017-2018,B. Jackson,Birmingham City WFC,966,1.886526,0.01233,0.202914,0.00021,0.190232
WSL_2017-2018,B. Jane,Reading WFC,270,0.314752,0.003384,0.046453,0.000172,0.044476
WSL_2017-2018,B. Mead,Liverpool FCW,1105,1.884321,0.005338,-0.971932,-0.00088,-0.930573
WSL_2017-2018,C. Arthur,Everton FC,1122,1.597821,0.005727,0.169208,0.000151,0.160303
WSL_2017-2018,C. Boye-Hlorkah,Leicester City FC,791,1.163819,0.00732,-0.228075,-0.000288,-0.216071
WSL_2017-2018,C. Buxton,Birmingham City WFC,247,-0.079556,-0.002486,-0.343551,-0.001391,-0.328931
WSL_2017-2018,C. Cochrane,Birmingham City WFC,11,-0.021827,-0.010914,0.012192,0.001108,0.073155
WSL_2017-2018,C. Dunn,Manchester United WFC,789,1.898663,0.006805,-0.036585,-4.6e-05,-0.035405
WSL_2017-2018,C. Emslie,West Ham United WFC,1231,3.770598,0.009794,-1.472657,-0.001196,-1.380616
WSL_2017-2018,C. Estcourt,Everton FC,633,0.516949,0.003096,-0.497743,-0.000786,-0.471546
WSL_2017-2018,C. Humphrey,Everton FC,586,0.878505,0.005857,-0.200905,-0.000343,-0.192356
WSL_2017-2018,C. Kelly,Leicester City FC,975,1.430218,0.007815,-1.38765,-0.001423,-1.328601
WSL_2017-2018,C. Leach,Everton FC,58,0.044938,0.002809,0.160622,0.002769,0.157131
WSL_2017-2018,C. Lloyd,Birmingham City WFC,358,0.807219,0.008969,0.2599,0.000726,0.251516
WSL_2017-2018,C. Melton,Birmingham City WFC,52,-0.018356,-0.001836,-0.020681,-0.000398,-0.056402
WSL_2017-2018,C. Pike,Arsenal WFC,15,-0.012619,-0.004206,-0.034909,-0.002327,-0.261821
WSL_2017-2018,C. Rafferty,Manchester United WFC,232,0.404904,0.004449,-0.251263,-0.001083,-0.243158
WSL_2017-2018,C. Stoney,Arsenal WFC,582,1.268258,0.005329,0.212267,0.000365,0.203235
WSL_2017-2018,C. Sweetman-Kirk,Leicester City FC,1006,-1.187485,-0.004585,-1.514704,-0.001506,-1.450248
WSL_2017-2018,C. Telford,Manchester United WFC,306,0.545935,0.003714,0.505319,0.001651,0.489018
WSL_2017-2018,C. Walker,Leicester City FC,277,-0.12093,-0.002282,-0.294396,-0.001063,-0.2849
WSL_2017-2018,C. Weir,Arsenal WFC,1645,2.006066,0.003289,0.551389,0.000335,0.533602
WSL_2017-2018,C. Wellings,Aston Villa WFC,1044,0.983283,0.003278,-0.716457,-0.000686,-0.657971
WSL_2017-2018,D. Brown,Yeovil Town WFC,184,-0.019203,-0.000447,-0.150869,-0.00082,-0.142928
WSL_2017-2018,D. Bruinenberg,Yeovil Town WFC,1066,1.169641,0.003773,-0.51647,-0.000484,-0.484191
WSL_2017-2018,D. Carter,Liverpool FCW,872,0.887245,0.003563,-1.737753,-0.001993,-1.663806
WSL_2017-2018,D. Cooper,Manchester United WFC,15,-0.012058,-0.006029,-0.070659,-0.004711,-0.635931
WSL_2017-2018,D. Janssen,Liverpool FCW,1418,3.854445,0.005353,0.850738,0.0006,0.814536
WSL_2017-2018,D. Kerkdijk,Everton FC,1282,2.923049,0.007419,0.245669,0.000192,0.232739
WSL_2017-2018,D. Spence,Manchester United WFC,544,0.258003,0.00138,-0.466156,-0.000857,-0.446319
WSL_2017-2018,D. Stokes,West Ham United WFC,1530,2.34393,0.003233,0.48817,0.000319,0.462476
WSL_2017-2018,D. Turner,Leicester City FC,1523,2.162077,0.005923,-0.10181,-6.7e-05,-0.096452
WSL_2017-2018,D. van de Donk,Liverpool FCW,1686,1.754605,0.002336,-0.209236,-0.000124,-0.200333
WSL_2017-2018,E. Aluko,Manchester United WFC,519,1.098609,0.007134,-0.425853,-0.000821,-0.407731
WSL_2017-2018,E. Curson,Birmingham City WFC,201,0.149427,0.004269,-0.161088,-0.000801,-0.155892
WSL_2017-2018,E. Cuthbert,Manchester United WFC,813,1.106572,0.00522,-0.579454,-0.000713,-0.560762
WSL_2017-2018,E. Doyle,Leicester City FC,5,-0.016101,-0.016101,0.001843,0.000369,0.082917
WSL_2017-2018,E. Follis,Aston Villa WFC,693,0.289737,0.001305,-0.238283,-0.000344,-0.225742
WSL_2017-2018,E. Gane,Reading WFC,14,-0.0046,-0.0046,-0.043934,-0.003138,-0.359461
WSL_2017-2018,E. Hughes,Leicester City FC,81,0.007661,0.000638,-0.092502,-0.001142,-0.287077
WSL_2017-2018,E. Morgan,West Ham United WFC,722,2.55525,0.007936,0.472781,0.000655,0.452663
WSL_2017-2018,E. Mukandi,Liverpool FCW,1595,4.28388,0.005852,0.678249,0.000425,0.65637
WSL_2017-2018,E. Pusey,Birmingham City WFC,826,-0.680759,-0.004336,-1.26293,-0.001529,-1.183997
WSL_2017-2018,E. Roebuck,West Ham United WFC,561,0.105154,0.000332,0.828101,0.001476,0.776345
WSL_2017-2018,E. Stewart,Yeovil Town WFC,1066,2.211515,0.00899,0.162637,0.000153,0.1509
WSL_2017-2018,E. Toone,West Ham United WFC,64,-0.029593,-0.001558,-0.072926,-0.001139,-0.19889
WSL_2017-2018,E. Westwood,Aston Villa WFC,244,0.400679,0.004218,0.087367,0.000358,0.08365
WSL_2017-2018,E. White,Aston Villa WFC,753,0.11456,0.000556,-1.483815,-0.001971,-1.40572
WSL_2017-2018,E. Wilson,Everton FC,2,0.0,,-0.000462,-0.000231,-0.041538
WSL_2017-2018,F. Allen,Everton FC,972,2.165537,0.009375,-0.420061,-0.000432,-0.397952
WSL_2017-2018,F. Ayisi,Aston Villa WFC,175,0.288793,0.006563,-0.190856,-0.001091,-0.175276
WSL_2017-2018,F. Brown,Everton FC,904,2.847373,0.012273,0.583091,0.000645,0.552402
WSL_2017-2018,F. Bryson,Leicester City FC,1090,3.02455,0.009393,0.530147,0.000486,0.502245
WSL_2017-2018,F. Kirby,Manchester United WFC,932,0.529477,0.001753,-0.483896,-0.000519,-0.463304
WSL_2017-2018,F. Stenson,Aston Villa WFC,32,0.041299,0.0059,-0.01414,-0.000442,-0.025971
WSL_2017-2018,F. Williams,Reading WFC,1697,1.859482,0.003437,-1.270891,-0.000749,-1.19146
WSL_2017-2018,G. Bonner,Arsenal WFC,982,2.782111,0.007881,0.028106,2.9e-05,0.027199
WSL_2017-2018,G. Brougham,Leicester City FC,849,2.015357,0.005491,0.631607,0.000744,0.60473
WSL_2017-2018,G. Davison,Manchester United WFC,825,0.813905,0.00313,-0.447792,-0.000543,-0.433348
WSL_2017-2018,G. Evans,Birmingham City WFC,2232,2.501765,0.007067,0.245428,0.00011,0.230089
WSL_2017-2018,G. Flaherty,Manchester United WFC,868,2.45288,0.005121,0.57729,0.000665,0.558667
WSL_2017-2018,G. George,Leicester City FC,1498,3.887938,0.007807,0.374308,0.00025,0.354608
WSL_2017-2018,G. Moloney,Reading WFC,248,0.429437,0.004772,0.356315,0.001437,0.330601
WSL_2017-2018,G. Stanway,West Ham United WFC,992,0.417105,0.001086,-0.757063,-0.000763,-0.702429
WSL_2017-2018,H. Bleazard,Birmingham City WFC,110,0.128846,0.011713,0.076409,0.000695,0.076409
WSL_2017-2018,H. Blundell,Manchester United WFC,1039,0.371247,0.000811,0.161575,0.000156,0.154699
WSL_2017-2018,H. Hampton,Aston Villa WFC,157,0.418636,0.010466,0.197147,0.001256,0.186771
WSL_2017-2018,H. Ladd,Aston Villa WFC,1443,2.518866,0.00478,0.261277,0.000181,0.244947
WSL_2017-2018,H. Lambe,Birmingham City WFC,8,0.006785,0.006785,-0.024351,-0.003044,-0.156542
WSL_2017-2018,H. Lindahl,Manchester United WFC,757,0.985053,0.003117,0.826819,0.001092,0.791636
WSL_2017-2018,H. Miles,Birmingham City WFC,660,1.346833,0.0091,0.252522,0.000383,0.244376
WSL_2017-2018,H. O'Reilly,Liverpool FCW,910,2.234443,0.005849,0.085947,9.4e-05,0.08229
WSL_2017-2018,H. Scott,Reading WFC,643,0.895294,0.004813,0.161832,0.000252,0.151717
WSL_2017-2018,H. Sharp,Yeovil Town WFC,1726,3.457471,0.007056,0.656179,0.00038,0.615168
WSL_2017-2018,I. Christiansen,West Ham United WFC,1376,1.189706,0.001797,-0.294106,-0.000214,-0.272882
WSL_2017-2018,I. Linden,Aston Villa WFC,5,-0.001774,-0.001774,0.021467,0.004293,0.241505
WSL_2017-2018,J. Andersson,Manchester United WFC,925,1.879036,0.005249,0.229203,0.000248,0.22181
WSL_2017-2018,J. Beattie,West Ham United WFC,1889,7.356688,0.006652,1.395229,0.000739,1.308027
WSL_2017-2018,J. Biesmans,Everton FC,890,0.614537,0.001982,0.320224,0.00036,0.30337
WSL_2017-2018,J. Brett,Leicester City FC,900,1.420836,0.004674,-0.037091,-4.1e-05,-0.035513
WSL_2017-2018,J. Carter,Aston Villa WFC,2205,3.399699,0.004809,0.880142,0.000399,0.842689
WSL_2017-2018,J. Clarke,Arsenal WFC,667,0.45985,0.002737,-0.829196,-0.001243,-0.793911
WSL_2017-2018,J. Henning,Liverpool FCW,232,0.937751,0.008525,0.219999,0.000948,0.215216
WSL_2017-2018,J. Jones,Birmingham City WFC,568,0.727802,0.007661,-0.147558,-0.00026,-0.138336
WSL_2017-2018,J. Matthews,Everton FC,1237,2.436104,0.006901,0.115348,9.3e-05,0.107024
WSL_2017-2018,J. Moore,Reading WFC,1065,1.765003,0.004958,0.891705,0.000837,0.835973
WSL_2017-2018,J. Naz,Liverpool FCW,25,-0.11149,-0.006968,-0.020759,-0.00083,-0.1099
WSL_2017-2018,J. Nobbs,Liverpool FCW,1827,7.308158,0.008333,0.158598,8.7e-05,0.151849
WSL_2017-2018,J. Potter,Reading WFC,1764,8.111281,0.011722,0.964174,0.000547,0.903914
WSL_2017-2018,J. Rose,Liverpool FCW,405,1.439789,0.007911,0.000622,2e-06,0.000602
WSL_2017-2018,J. Ross,West Ham United WFC,470,-0.732869,-0.004496,-0.872895,-0.001857,-0.835751
WSL_2017-2018,J. Scott,West Ham United WFC,1389,2.183954,0.004176,0.55329,0.000398,0.51871
WSL_2017-2018,J. Spetsmark,West Ham United WFC,82,0.110616,0.004425,-0.017822,-0.000217,-0.017435
WSL_2017-2018,J. Taylor,Liverpool FCW,75,-0.181879,-0.006995,-0.236021,-0.003147,-0.23089
WSL_2017-2018,J. Wik,Liverpool FCW,256,0.348911,0.002884,0.144285,0.000564,0.139631
WSL_2017-2018,J. Woolley,Everton FC,52,-0.000392,-7.8e-05,-0.082167,-0.00158,-0.217502
WSL_2017-2018,Ji So-Yun,Manchester United WFC,1128,0.847521,0.001522,0.036975,3.3e-05,0.035402
WSL_2017-2018,K. Aldridge,Birmingham City WFC,547,0.090584,0.000906,-0.504664,-0.000923,-0.488385
WSL_2017-2018,K. Bardsley,West Ham United WFC,300,0.283716,0.001807,0.377413,0.001258,0.365238
WSL_2017-2018,K. Barker,Yeovil Town WFC,9,-0.000439,-0.000439,-0.024302,-0.0027,-0.15623
WSL_2017-2018,K. Barton,Birmingham City WFC,1086,0.278459,0.001538,-0.600272,-0.000553,-0.574728
WSL_2017-2018,K. Carney,Manchester United WFC,755,2.447395,0.00927,-0.715469,-0.000948,-0.692389
WSL_2017-2018,K. Chapman,Manchester United WFC,1176,0.938203,0.002202,-0.391611,-0.000333,-0.374947
WSL_2017-2018,K. Harrop,Aston Villa WFC,1649,4.137327,0.006269,0.366005,0.000222,0.346742
WSL_2017-2018,K. Levell,Leicester City FC,586,0.897897,0.004853,1.070701,0.001827,1.014348
WSL_2017-2018,K. Linnett,Reading WFC,315,-0.114109,-0.001934,-0.317554,-0.001008,-0.300841
WSL_2017-2018,K. Lipka,Yeovil Town WFC,1515,1.903022,0.00314,1.082999,0.000715,1.015312
WSL_2017-2018,K. Little,Liverpool FCW,740,0.972067,0.002271,-0.051395,-6.9e-05,-0.049737
WSL_2017-2018,K. Longhurst,Arsenal WFC,872,1.337056,0.004532,-0.238636,-0.000274,-0.230938
WSL_2017-2018,K. McCabe,Liverpool FCW,684,2.07538,0.006695,-0.044534,-6.5e-05,-0.042191
WSL_2017-2018,K. Ramshaw,Yeovil Town WFC,935,0.392085,0.001858,-0.898172,-0.000961,-0.842036
WSL_2017-2018,K. Sjoman,Yeovil Town WFC,1203,2.016516,0.005862,0.026137,2.2e-05,0.024761
WSL_2017-2018,K. Walsh,West Ham United WFC,1909,3.799206,0.003667,1.508555,0.00079,1.41427
WSL_2017-2018,L. Bruton,Reading WFC,1170,1.097984,0.003307,-0.233755,-0.0002,-0.221452
WSL_2017-2018,L. Burridge,Birmingham City WFC,757,1.04181,0.008014,-0.027767,-3.7e-05,-0.026032
WSL_2017-2018,L. Coombs,Arsenal WFC,1306,2.357254,0.004406,0.255961,0.000196,0.247704
WSL_2017-2018,L. Durack,Leicester City FC,822,0.886643,0.00359,1.359939,0.001654,1.274943
WSL_2017-2018,L. Dykes,Everton FC,1031,2.105855,0.007828,-0.054832,-5.3e-05,-0.051946
WSL_2017-2018,L. Evans,Liverpool FCW,1533,5.634512,0.008026,0.196471,0.000128,0.188111
WSL_2017-2018,L. Griffiths,Yeovil Town WFC,22,0.021704,0.010852,0.022083,0.001004,0.090339
WSL_2017-2018,L. Hemp,Everton FC,1513,0.847799,0.003489,-1.525022,-0.001008,-1.460128
WSL_2017-2018,L. James,Liverpool FCW,99,-0.114408,-0.003092,-0.105393,-0.001065,-0.193578
WSL_2017-2018,L. Piggott,Birmingham City WFC,97,-0.01482,-0.000706,-0.077114,-0.000795,-0.077114
WSL_2017-2018,L. Quinn,Aston Villa WFC,614,0.2467,0.001827,-0.437379,-0.000712,-0.418767
WSL_2017-2018,L. Quinn,Liverpool FCW,1132,3.030548,0.005009,-0.085613,-7.6e-05,-0.08197
WSL_2017-2018,L. Roberts,Arsenal WFC,6,-0.00391,-0.00391,0.002455,0.000409,0.036823
WSL_2017-2018,L. Staniforth,Yeovil Town WFC,1674,1.784538,0.003534,-0.402443,-0.00024,-0.37729
WSL_2017-2018,L. Van de Putte,Everton FC,75,0.190238,0.008647,0.028422,0.000379,0.041934
WSL_2017-2018,L. Williamson,Liverpool FCW,1436,5.167751,0.006827,1.618802,0.001127,1.549917
WSL_2017-2018,L. Woodham,Everton FC,18,-0.011442,-0.005721,0.012289,0.000683,0.092169
WSL_2017-2018,M. Bartrip,Reading WFC,491,0.547617,0.002711,0.228429,0.000465,0.22106
WSL_2017-2018,M. Bright,Manchester United WFC,1644,5.5232,0.007484,1.400765,0.000852,1.32704
WSL_2017-2018,M. Campbell,West Ham United WFC,145,1.180454,0.014396,0.071709,0.000495,0.07015
WSL_2017-2018,M. Earps,Reading WFC,1031,1.165556,0.002899,1.383613,0.001342,1.297137
WSL_2017-2018,M. Eriksson,Manchester United WFC,1455,5.694556,0.009185,0.218325,0.00015,0.209034
WSL_2017-2018,M. Ewers,Aston Villa WFC,807,0.550999,0.001795,-0.433492,-0.000537,-0.419509
WSL_2017-2018,M. Farrow,Everton FC,265,-0.227992,-0.004302,-0.486252,-0.001835,-0.491716
WSL_2017-2018,M. Finnigan,Leicester City FC,1229,2.017206,0.004849,0.10176,8.3e-05,0.09743
WSL_2017-2018,M. Fletcher,Reading WFC,35,-0.044237,-0.004915,-0.086906,-0.002483,-0.488845
WSL_2017-2018,M. Green,Leicester City FC,550,0.080393,0.000447,-0.155801,-0.000283,-0.147601
WSL_2017-2018,M. Harris,Arsenal WFC,1183,3.011105,0.00853,-0.151442,-0.000128,-0.144998
WSL_2017-2018,M. Hourihan,West Ham United WFC,41,-0.02098,-0.000749,0.055804,0.001361,0.061248
WSL_2017-2018,M. Lambert,Yeovil Town WFC,487,0.462227,0.003852,-0.241073,-0.000495,-0.228384
WSL_2017-2018,M. Lawley,West Ham United WFC,714,0.026289,0.000146,-1.609748,-0.002255,-1.541248
WSL_2017-2018,M. Leth Jans,West Ham United WFC,277,0.479589,0.002997,0.156371,0.000565,0.151327
WSL_2017-2018,M. Mjelde,Manchester United WFC,1249,1.775414,0.003014,0.501545,0.000402,0.480203
WSL_2017-2018,M. Munsterman,Leicester City FC,408,0.440533,0.002937,0.042147,0.000103,0.040787
WSL_2017-2018,M. Robinson,Birmingham City WFC,43,0.183007,0.020334,0.0234,0.000544,0.05265
WSL_2017-2018,M. Sargeant,Aston Villa WFC,956,2.160322,0.005455,0.332093,0.000347,0.317962
WSL_2017-2018,M. Turner,Everton FC,1478,2.382102,0.004157,0.635976,0.00043,0.602504
WSL_2017-2018,M. Walsh,Birmingham City WFC,1824,4.303821,0.017079,3.375782,0.001851,3.164796
WSL_2017-2018,M. van den Berg,Reading WFC,108,0.304344,0.005636,-0.079101,-0.000732,-0.07655
WSL_2017-2018,M. Þórisdóttir,Manchester United WFC,795,2.011686,0.005831,0.200111,0.000252,0.191596
WSL_2017-2018,N. Charles,Arsenal WFC,605,0.755788,0.00536,0.035284,5.8e-05,0.034146
WSL_2017-2018,N. Cousins,Birmingham City WFC,1242,1.073295,0.007015,-0.41635,-0.000335,-0.390328
WSL_2017-2018,N. Harding,Reading WFC,931,1.402061,0.004451,0.023242,2.5e-05,0.022019
WSL_2017-2018,N. Harding,Arsenal WFC,310,0.194982,0.002671,-0.657918,-0.002122,-0.636695
WSL_2017-2018,N. Lawrence,Birmingham City WFC,264,0.155758,0.00354,-0.18942,-0.000717,-0.18942
WSL_2017-2018,N. Nadim,West Ham United WFC,488,-0.601602,-0.004237,-0.68356,-0.001401,-0.647583
WSL_2017-2018,N. Parris,West Ham United WFC,1345,0.825057,0.002224,-2.061271,-0.001533,-1.952783
WSL_2017-2018,O. Babajide,Arsenal WFC,91,0.253291,0.011513,-0.163786,-0.0018,-0.398398
WSL_2017-2018,O. Chance,Leicester City FC,470,0.228592,0.001633,0.015958,3.4e-05,0.015443
WSL_2017-2018,O. Fergusson,Everton FC,216,0.147345,0.006698,-0.451032,-0.002088,-0.431839
WSL_2017-2018,P. Bremer,West Ham United WFC,26,0.045449,0.00909,-0.035102,-0.00135,-0.0359
WSL_2017-2018,P. Sawyer,Birmingham City WFC,49,0.05859,0.005326,-0.015267,-0.000312,-0.014935
WSL_2017-2018,P. Williams,Aston Villa WFC,1199,3.689666,0.009534,0.004964,4e-06,0.004653
WSL_2017-2018,P. Wilson,Everton FC,123,-0.03233,-0.000851,0.131691,0.001071,0.12476
WSL_2017-2018,R. Allen,Reading WFC,1544,1.967983,0.003692,-0.575256,-0.000373,-0.539302
WSL_2017-2018,R. Bachmann,Manchester United WFC,641,0.836146,0.004059,-0.690611,-0.001077,-0.675597
WSL_2017-2018,R. Furness,Reading WFC,1412,1.836083,0.00394,-0.165652,-0.000117,-0.155298
WSL_2017-2018,R. Hignett,Birmingham City WFC,130,0.202696,0.009652,0.020143,0.000155,0.019705
WSL_2017-2018,R. Laws,Yeovil Town WFC,1181,2.553277,0.010132,2.391969,0.002025,2.266076
WSL_2017-2018,R. Pitman,Yeovil Town WFC,988,1.047561,0.003968,0.217294,0.00022,0.203713
WSL_2017-2018,R. Rowe,Reading WFC,1929,2.928757,0.004238,0.599067,0.000311,0.561626
WSL_2017-2018,R. Spencer,Manchester United WFC,104,0.1835,0.00278,0.10516,0.001011,0.102874
WSL_2017-2018,R. Williams,Aston Villa WFC,1171,0.278965,0.000754,0.051053,4.4e-05,0.04888
WSL_2017-2018,S. Baggaley,Everton FC,1455,1.78841,0.004299,3.043033,0.002091,2.882874
WSL_2017-2018,S. Chamberlain,Arsenal WFC,953,1.4242,0.004795,1.450316,0.001522,1.403532
WSL_2017-2018,S. Cooke,Liverpool FCW,28,0.107816,0.007188,0.05005,0.001787,0.281529
WSL_2017-2018,S. Houghton,West Ham United WFC,1477,5.780303,0.008039,1.530932,0.001037,1.435248
WSL_2017-2018,S. Ingle,Arsenal WFC,1456,4.949334,0.008208,1.488475,0.001022,1.425135
WSL_2017-2018,S. Koren,Yeovil Town WFC,108,-0.051117,-0.001704,-0.328773,-0.003044,-0.314783
WSL_2017-2018,S. Magill,Leicester City FC,298,0.215518,0.002293,-0.158267,-0.000531,-0.154826
WSL_2017-2018,S. Mayling,Aston Villa WFC,496,0.086066,0.000538,-0.317547,-0.00064,-0.300834
WSL_2017-2018,S. Murray,Arsenal WFC,1042,1.718,0.005009,0.168229,0.000161,0.162802
WSL_2017-2018,S. Worm,Leicester City FC,1148,2.590144,0.006834,0.171946,0.00015,0.164629
WSL_2017-2018,S. van Veenendaal,Liverpool FCW,812,0.272523,0.000814,0.799086,0.000984,0.765082
WSL_2017-2018,T. Gauvain,Birmingham City WFC,523,0.941677,0.010348,-0.07368,-0.000141,-0.069802
WSL_2017-2018,T. Hinds,Leicester City FC,502,0.475081,0.003393,-0.035226,-7e-05,-0.034461
WSL_2017-2018,T. Middag,West Ham United WFC,23,0.016067,0.001339,-0.022991,-0.001,-0.066747
WSL_2017-2018,V. Miedema,Liverpool FCW,631,-0.225757,-0.001101,-1.305818,-0.002069,-1.277431
WSL_2017-2018,V. Williams,Yeovil Town WFC,1569,2.74906,0.00632,-0.002492,-2e-06,-0.002336
WSL_2017-2018,Y. Daniëls,Everton FC,1255,0.745573,0.002868,-1.407583,-0.001122,-1.333499
WSL_2017-2018,Z. Wyne,Yeovil Town WFC,1436,1.520457,0.003161,0.085125,5.9e-05,0.079805
WSL_2018-2019,A. Asante,Manchester United WFC,188,0.438424,0.003177,0.173139,0.000921,0.165771
WSL_2018-2019,A. Berger,Aston Villa WFC,550,0.661045,0.002666,0.392167,0.000713,0.367656
WSL_2018-2019,A. Berger,Manchester United WFC,59,0.089078,0.001782,0.079447,0.001347,0.079447
WSL_2018-2019,A. Blanchard,Arsenal WFC,9,-0.013552,-0.006776,-0.00943,-0.001048,-0.121237
WSL_2018-2019,A. Engman,Manchester United WFC,352,0.241153,0.002486,-0.42366,-0.001204,-0.397182
WSL_2018-2019,A. Gaylor,Birmingham City WFC,643,0.651168,0.006086,-0.321949,-0.000501,-0.301827
WSL_2018-2019,A. Goddard,Birmingham City WFC,675,1.096563,0.007777,-0.141109,-0.000209,-0.133682
WSL_2018-2019,A. Harrison,Everton FC,513,0.089271,0.000875,-0.300141,-0.000585,-0.290459
WSL_2018-2019,A. Hazard,Liverpool FCW,30,-0.118704,-0.016958,-0.024913,-0.00083,-0.140133
WSL_2018-2019,A. Heatherson,Birmingham City WFC,1063,0.625998,0.00313,-0.246117,-0.000232,-0.233163
WSL_2018-2019,A. Hodson,Arsenal WFC,62,0.272626,0.024784,-0.011578,-0.000187,-0.034733
WSL_2018-2019,A. James-Turner,Leicester City FC,1369,1.777876,0.003472,0.41921,0.000306,0.39301
WSL_2018-2019,A. Johnson,Everton FC,90,0.065365,0.007263,-0.170491,-0.001894,-0.174366
WSL_2018-2019,A. Kuyken,Liverpool FCW,79,-0.035087,-0.001002,-0.034008,-0.00043,-0.032561
WSL_2018-2019,A. Lehmann,Manchester City WFC,1052,0.830229,0.003321,-0.877291,-0.000834,-0.805676
WSL_2018-2019,A. Leon,Manchester City WFC,282,0.364619,0.005064,-0.148956,-0.000528,-0.139647
WSL_2018-2019,A. Mannion,Aston Villa WFC,2118,5.809025,0.004636,1.291379,0.00061,1.223412
WSL_2018-2019,A. McManus,West Ham United WFC,1073,2.981796,0.004978,0.33818,0.000315,0.317044
WSL_2018-2019,A. Moorhouse,Manchester City WFC,677,1.03021,0.003746,0.784471,0.001159,0.743183
WSL_2018-2019,A. Nildén,Tottenham Hotspur FCW,91,0.132852,0.00511,-0.043756,-0.000481,-0.044247
WSL_2018-2019,A. Preuß,Arsenal WFC,596,1.088424,0.005469,0.778382,0.001306,0.72221
WSL_2018-2019,A. Riley,Manchester United WFC,374,0.950655,0.005252,-0.202083,-0.00054,-0.195564
WSL_2018-2019,A. Rodgers,Arsenal WFC,618,0.770059,0.004162,-0.010045,-1.6e-05,-0.009417
WSL_2018-2019,A. Stringer,Leicester City FC,1086,0.185644,0.000451,-0.240612,-0.000222,-0.225573
WSL_2018-2019,A. Whelan,Tottenham Hotspur FCW,1223,1.483392,0.005279,-0.601733,-0.000492,-0.576127
WSL_2018-2019,B. Chaplen,Reading WFC,742,-0.039886,-0.000224,-0.888061,-0.001197,-0.841321
WSL_2018-2019,B. England,Manchester United WFC,780,-0.362022,-0.0017,-1.053449,-0.001351,-0.987608
WSL_2018-2019,B. Hendrix,Manchester City WFC,970,2.011228,0.005321,-0.590457,-0.000609,-0.547847
WSL_2018-2019,B. Horwood,Birmingham City WFC,1010,0.640705,0.001873,0.06879,6.8e-05,0.064491
WSL_2018-2019,B. Jane,Reading WFC,334,0.94155,0.006194,0.052759,0.000158,0.050514
WSL_2018-2019,B. Mead,Liverpool FCW,1326,3.171625,0.00757,-1.903599,-0.001436,-1.822594
WSL_2018-2019,B. Roe,Tottenham Hotspur FCW,161,0.906265,0.016478,0.163,0.001012,0.156064
WSL_2018-2019,B. Visalli,Manchester City WFC,999,1.004376,0.003188,-0.302056,-0.000302,-0.277399
WSL_2018-2019,C. Arthur,Aston Villa WFC,1274,1.521683,0.002943,0.003892,3e-06,0.003687
WSL_2018-2019,C. Boye-Hlorkah,Leicester City FC,889,1.093378,0.00632,-0.139143,-0.000157,-0.130447
WSL_2018-2019,C. Buxton,Birmingham City WFC,361,0.691468,0.007435,-0.16154,-0.000447,-0.156329
WSL_2018-2019,C. Emslie,West Ham United WFC,599,2.310464,0.010361,-1.240326,-0.002071,-1.162806
WSL_2018-2019,C. Estcourt,Reading WFC,233,0.17539,0.001906,0.037365,0.00016,0.035775
WSL_2018-2019,C. Harrison-Murray,Arsenal WFC,999,2.417737,0.00828,0.401032,0.000401,0.375968
WSL_2018-2019,C. Humphrey,Everton FC,1103,1.165718,0.003389,0.024977,2.3e-05,0.023663
WSL_2018-2019,C. Kelly,Leicester City FC,693,1.923746,0.01394,-0.740636,-0.001069,-0.70912
WSL_2018-2019,C. Peplow,Tottenham Hotspur FCW,918,1.552207,0.004218,-0.125316,-0.000137,-0.118721
WSL_2018-2019,C. Rafferty,Manchester City WFC,1037,3.921147,0.009611,0.155304,0.00015,0.142626
WSL_2018-2019,C. Scofield,Aston Villa WFC,299,0.071797,0.000517,-0.242049,-0.00081,-0.22931
WSL_2018-2019,C. Sweetman-Kirk,Arsenal WFC,981,-0.240087,-0.000916,-0.865774,-0.000883,-0.828933
WSL_2018-2019,C. Taylor,Birmingham City WFC,5,-0.008883,-0.002961,0.022222,0.004444,0.249998
WSL_2018-2019,C. Telford,Manchester United WFC,477,0.835549,0.002942,0.577344,0.00121,0.552776
WSL_2018-2019,C. Walker,Aston Villa WFC,245,0.097898,0.001579,-0.281717,-0.00115,-0.26689
WSL_2018-2019,C. Walker,Leicester City FC,264,-0.312109,-0.005573,-0.335328,-0.00127,-0.321058
WSL_2018-2019,C. Weir,West Ham United WFC,1476,3.420098,0.004679,-0.427268,-0.000289,-0.400563
WSL_2018-2019,C. Wellings,Aston Villa WFC,1004,0.638719,0.001764,-0.267538,-0.000266,-0.253457
WSL_2018-2019,Cho So-Hyun,Manchester City WFC,513,1.334807,0.007254,0.37164,0.000724,0.35208
WSL_2018-2019,D. Bowman,Tottenham Hotspur FCW,1171,3.628696,0.009117,0.711022,0.000607,0.673599
WSL_2018-2019,D. Bruinenberg,Leicester City FC,546,0.861405,0.004534,-0.007755,-1.4e-05,-0.007271
WSL_2018-2019,D. Carter,Liverpool FCW,117,0.187366,0.006692,-0.235774,-0.002015,-0.731713
WSL_2018-2019,D. Cooper,Manchester United WFC,309,1.014962,0.004471,0.267833,0.000867,0.256436
WSL_2018-2019,D. Janssen,Liverpool FCW,1600,4.864274,0.00563,0.787255,0.000492,0.74582
WSL_2018-2019,D. Kerkdijk,Everton FC,989,2.225936,0.00747,-0.156998,-0.000159,-0.150317
WSL_2018-2019,D. Spence,Manchester United WFC,901,0.98447,0.002584,-0.283173,-0.000314,-0.268269
WSL_2018-2019,D. Stokes,West Ham United WFC,896,1.267501,0.002433,0.103759,0.000116,0.098298
WSL_2018-2019,D. Turner,Leicester City FC,1047,3.119853,0.008965,0.810718,0.000774,0.760049
WSL_2018-2019,D. van de Donk,Liverpool FCW,1527,3.647411,0.005762,-0.09807,-6.4e-05,-0.092909
WSL_2018-2019,E. Bloomfield,Birmingham City WFC,225,-0.069464,-0.001654,-0.232499,-0.001033,-0.222605
WSL_2018-2019,E. Brazil,Tottenham Hotspur FCW,1031,0.833585,0.003269,-0.162405,-0.000158,-0.153857
WSL_2018-2019,E. Brownlie,Leicester City FC,368,0.436576,0.003549,-0.269248,-0.000732,-0.257791
WSL_2018-2019,E. Cuthbert,Manchester United WFC,1334,0.800044,0.001843,-1.123047,-0.000842,-1.06394
WSL_2018-2019,E. Donovan,Birmingham City WFC,489,0.14569,0.001194,-0.031558,-6.5e-05,-0.029586
WSL_2018-2019,E. Follis,Aston Villa WFC,866,0.388043,0.001224,-0.619376,-0.000715,-0.59302
WSL_2018-2019,E. Hack,Tottenham Hotspur FCW,47,0.09651,0.004387,0.004013,8.5e-05,0.004152
WSL_2018-2019,E. Hughes,Leicester City FC,298,-0.146058,-0.002029,-0.24426,-0.00082,-0.23895
WSL_2018-2019,E. Mason,Birmingham City WFC,1184,1.217621,0.00493,-0.62065,-0.000524,-0.569985
WSL_2018-2019,E. Morgan,West Ham United WFC,570,1.018776,0.003362,-0.117428,-0.000206,-0.11364
WSL_2018-2019,E. Mukandi,Liverpool FCW,940,3.155288,0.006413,0.079203,8.4e-05,0.075833
WSL_2018-2019,E. Roebuck,West Ham United WFC,744,0.795069,0.00188,0.953568,0.001282,0.90338
WSL_2018-2019,E. Rutherford,Everton FC,1121,1.208507,0.00664,-0.218177,-0.000195,-0.206694
WSL_2018-2019,E. Simon,Manchester City WFC,1303,3.793202,0.007482,-0.229754,-0.000176,-0.210999
WSL_2018-2019,E. Simpkins,Tottenham Hotspur FCW,169,0.285764,0.005292,0.036204,0.000214,0.034299
WSL_2018-2019,E. Syme,Birmingham City WFC,383,-0.019824,-0.000191,0.007863,2.1e-05,0.007449
WSL_2018-2019,E. White,Aston Villa WFC,369,-0.281826,-0.002847,-0.550417,-0.001492,-0.521448
WSL_2018-2019,E. de Graaf,Manchester City WFC,499,0.750478,0.00514,0.030262,6.1e-05,0.028078
WSL_2018-2019,F. Allen,Everton FC,159,0.37715,0.006503,-0.000882,-6e-06,-0.000882
WSL_2018-2019,F. Brown,Everton FC,983,1.661727,0.005502,0.081944,8.3e-05,0.077631
WSL_2018-2019,F. Bryson,Leicester City FC,533,1.325809,0.008898,0.018948,3.6e-05,0.017763
WSL_2018-2019,F. Gibbons,Tottenham Hotspur FCW,1442,4.026409,0.008988,0.047948,3.3e-05,0.045425
WSL_2018-2019,F. Kirby,Manchester United WFC,630,0.013641,5.2e-05,-0.299043,-0.000475,-0.280352
WSL_2018-2019,F. Kitching,Arsenal WFC,266,0.484765,0.006551,0.339316,0.001276,0.32837
WSL_2018-2019,F. Whelan,Tottenham Hotspur FCW,363,0.771472,0.007418,-0.187044,-0.000515,-0.179084
WSL_2018-2019,F. Williams,Reading WFC,1472,2.973429,0.005416,-0.613704,-0.000417,-0.575347
WSL_2018-2019,G. Bonner,West Ham United WFC,1434,2.682115,0.003391,0.08495,5.9e-05,0.081335
WSL_2018-2019,G. Brougham,Leicester City FC,1186,2.164827,0.004009,-0.385984,-0.000325,-0.36186
WSL_2018-2019,G. Davison,Reading WFC,581,1.419225,0.00855,-0.080494,-0.000139,-0.076258
WSL_2018-2019,G. Evans,Everton FC,1159,2.089599,0.00651,-0.592949,-0.000512,-0.567717
WSL_2018-2019,G. Evans,Birmingham City WFC,846,0.289965,0.001124,-0.423427,-0.000501,-0.388862
WSL_2018-2019,G. Flaherty,Manchester City WFC,1482,3.195522,0.004871,-0.114005,-7.7e-05,-0.104698
WSL_2018-2019,G. George,Leicester City FC,1322,3.097698,0.005845,0.150123,0.000114,0.140741
WSL_2018-2019,G. Moloney,Reading WFC,1086,1.556958,0.002831,1.164531,0.001072,1.10324
WSL_2018-2019,G. Stanway,West Ham United WFC,1263,2.062485,0.004455,-0.697009,-0.000552,-0.653446
WSL_2018-2019,H. Blundell,Manchester United WFC,1318,1.00109,0.001328,0.049077,3.7e-05,0.046009
WSL_2018-2019,H. Cain,Leicester City FC,349,0.131249,0.00162,-0.421017,-0.001206,-0.394704
WSL_2018-2019,H. Hampton,Aston Villa WFC,767,0.516828,0.001289,0.676429,0.000882,0.62121
WSL_2018-2019,H. Ladd,Aston Villa WFC,1396,2.249161,0.003367,0.642516,0.00046,0.608699
WSL_2018-2019,H. Lindahl,Manchester United WFC,492,0.786813,0.002925,0.335613,0.000682,0.317949
WSL_2018-2019,H. Payne,Everton FC,200,-0.179074,-0.005116,-0.28108,-0.001405,-0.27497
WSL_2018-2019,H. Scott,Aston Villa WFC,1178,0.765567,0.001362,-0.367854,-0.000312,-0.344863
WSL_2018-2019,H. Short,Birmingham City WFC,1018,3.388834,0.016694,-0.055391,-5.4e-05,-0.05087
WSL_2018-2019,I. Kaagman,Leicester City FC,1036,1.231479,0.003383,-0.298584,-0.000288,-0.279923
WSL_2018-2019,I. Umotong,Tottenham Hotspur FCW,824,-0.122006,-0.000689,-0.726558,-0.000882,-0.69564
WSL_2018-2019,J. Andersson,Manchester United WFC,1686,4.636684,0.005613,0.001361,1e-06,0.001276
WSL_2018-2019,J. Arnth,Liverpool FCW,277,0.36327,0.002112,-0.238867,-0.000862,-0.231162
WSL_2018-2019,J. Bailey,Reading WFC,278,0.397314,0.00323,-0.034335,-0.000124,-0.032874
WSL_2018-2019,J. Bailey,Manchester United WFC,31,0.211523,0.011133,0.074694,0.002409,0.203711
WSL_2018-2019,J. Beattie,West Ham United WFC,1744,6.744499,0.006126,0.641726,0.000368,0.601618
WSL_2018-2019,J. Biesmans,Everton FC,1034,1.077254,0.003141,-0.033036,-3.2e-05,-0.031297
WSL_2018-2019,J. Brett,Tottenham Hotspur FCW,368,0.383165,0.003065,-0.082576,-0.000224,-0.079062
WSL_2018-2019,J. Carter,Manchester United WFC,848,0.637488,0.001547,-0.328057,-0.000387,-0.310791
WSL_2018-2019,J. Clarke,Arsenal WFC,666,1.037822,0.006527,-0.275911,-0.000414,-0.256
WSL_2018-2019,J. Kemppi,Everton FC,377,-0.279267,-0.002765,-0.064981,-0.000172,-0.062215
WSL_2018-2019,J. Legg,Tottenham Hotspur FCW,61,0.119309,0.007018,-0.051032,-0.000837,-0.050471
WSL_2018-2019,J. Matthews,Arsenal WFC,669,1.739121,0.007464,0.048947,7.3e-05,0.044951
WSL_2018-2019,J. Moore,Reading WFC,866,1.301404,0.004948,-0.125895,-0.000145,-0.119269
WSL_2018-2019,J. Nobbs,Liverpool FCW,620,1.970184,0.006481,-0.077795,-0.000125,-0.074484
WSL_2018-2019,J. Park,West Ham United WFC,17,0.004801,0.0008,-0.005897,-0.000347,-0.014343
WSL_2018-2019,J. Potter,Reading WFC,1597,8.091607,0.010964,1.464277,0.000917,1.38721
WSL_2018-2019,J. Purfield,Arsenal WFC,441,1.184425,0.010211,-0.073264,-0.000166,-0.069408
WSL_2018-2019,J. Ross,Manchester City WFC,1116,0.388799,0.00112,0.075047,6.7e-05,0.068921
WSL_2018-2019,J. Scott,West Ham United WFC,1580,1.113734,0.001607,-0.420762,-0.000266,-0.398616
WSL_2018-2019,J. Sonis,West Ham United WFC,266,-0.234903,-0.002796,-0.160766,-0.000604,-0.15558
WSL_2018-2019,J. Wik,Liverpool FCW,204,0.085776,0.000686,-0.062424,-0.000306,-0.061067
WSL_2018-2019,J. Woolley,Everton FC,69,-0.027405,-0.002741,-0.059318,-0.00086,-0.056793
WSL_2018-2019,J. Šimić,Manchester City WFC,752,1.858727,0.005719,0.451742,0.000601,0.419142
WSL_2018-2019,Ji So-Yun,Manchester United WFC,1476,1.956199,0.002451,0.680667,0.000461,0.644842
WSL_2018-2019,K. Bardsley,West Ham United WFC,284,0.488066,0.003813,0.216168,0.000761,0.202658
WSL_2018-2019,K. Barton,Tottenham Hotspur FCW,2659,4.11279,0.00452,-0.272771,-0.000103,-0.258414
WSL_2018-2019,K. Carney,Manchester United WFC,851,3.540108,0.010505,-0.157929,-0.000186,-0.151209
WSL_2018-2019,K. Harrop,Aston Villa WFC,1851,2.845942,0.002835,-0.120562,-6.5e-05,-0.114217
WSL_2018-2019,K. Levell,Leicester City FC,1201,1.605409,0.00316,1.404353,0.001169,1.303008
WSL_2018-2019,K. Linnett,Arsenal WFC,503,-0.274837,-0.00229,-0.321948,-0.00064,-0.305003
WSL_2018-2019,K. Little,Liverpool FCW,1225,3.233799,0.00496,0.480828,0.000393,0.455521
WSL_2018-2019,K. Longhurst,Manchester City WFC,1286,1.214745,0.002552,0.033208,2.6e-05,0.030497
WSL_2018-2019,K. McCabe,Liverpool FCW,1372,0.424859,0.000691,-1.158685,-0.000845,-1.109379
WSL_2018-2019,K. Natkiel,Tottenham Hotspur FCW,434,0.248227,0.001561,0.170508,0.000393,0.165008
WSL_2018-2019,K. Pearce,Reading WFC,1602,4.922275,0.006598,0.839667,0.000524,0.795474
WSL_2018-2019,K. Robinson,Everton FC,86,0.019976,0.001248,0.040221,0.000468,0.08227
WSL_2018-2019,K. Rood,Everton FC,72,0.063228,0.003952,0.085915,0.001193,0.082259
WSL_2018-2019,K. Veje,Liverpool FCW,659,1.720305,0.004819,-0.116136,-0.000176,-0.11239
WSL_2018-2019,K. Walsh,West Ham United WFC,1825,6.082043,0.005951,1.316777,0.000722,1.247473
WSL_2018-2019,L. Bruton,Reading WFC,966,0.904329,0.003086,-0.064826,-6.7e-05,-0.061414
WSL_2018-2019,L. Burridge,Birmingham City WFC,33,0.010861,0.002715,-0.018689,-0.000566,-0.088528
WSL_2018-2019,L. Coombs,Arsenal WFC,1450,3.205702,0.006213,0.766493,0.000529,0.718587
WSL_2018-2019,L. Dykes,Everton FC,1350,4.141738,0.009722,0.387728,0.000287,0.367321
WSL_2018-2019,L. Evans,Liverpool FCW,1421,3.087317,0.004052,0.324778,0.000229,0.307684
WSL_2018-2019,L. Gillett,Tottenham Hotspur FCW,149,0.227425,0.003249,0.187501,0.001258,0.183425
WSL_2018-2019,L. Hartley,Tottenham Hotspur FCW,65,0.013096,0.000437,0.032303,0.000497,0.031948
WSL_2018-2019,L. Hemp,West Ham United WFC,449,-0.459237,-0.003506,-0.810933,-0.001806,-0.776425
WSL_2018-2019,L. Hope,Everton FC,1337,1.069098,0.003362,-0.98168,-0.000734,-0.939906
WSL_2018-2019,L. Kiernan,Manchester City WFC,712,-0.019567,-0.000135,-0.956531,-0.001343,-0.878447
WSL_2018-2019,L. Little,Arsenal WFC,357,0.486429,0.005465,-0.235677,-0.00066,-0.225648
WSL_2018-2019,L. Piggott,Birmingham City WFC,4,0.0,,-0.003546,-0.000886,-0.063824
WSL_2018-2019,L. Quinn,Aston Villa WFC,444,0.218799,0.00167,-0.439898,-0.000991,-0.416746
WSL_2018-2019,L. Quinn,Liverpool FCW,1591,5.208039,0.005187,0.260474,0.000164,0.252071
WSL_2018-2019,L. Rafferty,Tottenham Hotspur FCW,879,1.898414,0.005455,0.130957,0.000149,0.125384
WSL_2018-2019,L. Reichardt,Manchester City WFC,488,0.528488,0.002724,-0.067901,-0.000139,-0.063001
WSL_2018-2019,L. Robe,Arsenal WFC,1655,3.656194,0.007633,-0.110001,-6.6e-05,-0.101021
WSL_2018-2019,L. Staniforth,Aston Villa WFC,1588,3.999225,0.005864,-0.13521,-8.5e-05,-0.128093
WSL_2018-2019,L. Thomas,Arsenal WFC,11,-0.045592,-0.009118,0.005223,0.000475,0.018079
WSL_2018-2019,L. Williamson,Liverpool FCW,1849,7.175942,0.006518,2.253593,0.001219,2.180897
WSL_2018-2019,L. Woodham,Reading WFC,148,0.063676,0.000816,0.007914,5.3e-05,0.007659
WSL_2018-2019,L. Wälti,Liverpool FCW,1113,3.109671,0.005065,0.62759,0.000564,0.600884
WSL_2018-2019,M. Alexander,Birmingham City WFC,1213,4.012173,0.010288,0.053424,4.4e-05,0.049569
WSL_2018-2019,M. Bartrip,Reading WFC,713,1.373025,0.004304,-0.000481,-1e-06,-0.000461
WSL_2018-2019,M. Bright,Manchester United WFC,1694,5.52203,0.006653,0.491678,0.00029,0.460948
WSL_2018-2019,M. Campbell,West Ham United WFC,215,0.791052,0.006761,-0.102843,-0.000478,-0.09743
WSL_2018-2019,M. Connolly,Tottenham Hotspur FCW,371,1.247831,0.012604,0.062565,0.000169,0.059272
WSL_2018-2019,M. Eriksson,Manchester United WFC,2011,8.164931,0.00729,1.111564,0.000553,1.042091
WSL_2018-2019,M. Ewers,Aston Villa WFC,461,0.085381,0.000392,-0.1855,-0.000402,-0.175737
WSL_2018-2019,M. Farrow,Reading WFC,78,-0.036724,-0.001749,-0.036561,-0.000469,-0.036972
WSL_2018-2019,M. Filis,Liverpool FCW,3,0.006845,0.006845,-0.009439,-0.003146,-0.849469
WSL_2018-2019,M. Finnigan,Leicester City FC,1502,2.882806,0.00513,0.128944,8.6e-05,0.120885
WSL_2018-2019,M. Fischer,Birmingham City WFC,78,-0.091604,-0.004164,-0.013178,-0.000169,-0.013178
WSL_2018-2019,M. Hourihan,Tottenham Hotspur FCW,770,1.097605,0.003647,0.710358,0.000923,0.66596
WSL_2018-2019,M. Kearns,Arsenal WFC,16,0.025017,0.008339,0.033758,0.00211,0.379774
WSL_2018-2019,M. Lawley,West Ham United WFC,143,-0.182692,-0.004808,-0.172764,-0.001208,-0.178721
WSL_2018-2019,M. Le Tissier,Tottenham Hotspur FCW,87,0.079684,0.003065,0.031455,0.000362,0.03044
WSL_2018-2019,M. Mjelde,Manchester United WFC,575,1.575887,0.004515,0.162638,0.000283,0.152473
WSL_2018-2019,M. Pacheco,Reading WFC,1267,1.867225,0.003598,-0.102399,-8.1e-05,-0.09701
WSL_2018-2019,M. Sargeant,Aston Villa WFC,1607,3.816719,0.004318,0.557566,0.000347,0.53384
WSL_2018-2019,M. Walsh,Birmingham City WFC,1453,6.184442,0.018798,3.061565,0.002107,2.811641
WSL_2018-2019,M. Þórisdóttir,Manchester United WFC,274,0.506688,0.003672,0.030546,0.000111,0.029561
WSL_2018-2019,N. Charles,Arsenal WFC,492,0.48023,0.005336,-0.069274,-0.000141,-0.066326
WSL_2018-2019,N. Cousins,Birmingham City WFC,974,1.905718,0.009674,-0.160665,-0.000165,-0.14755
WSL_2018-2019,N. Fahey,Arsenal WFC,1029,1.291519,0.003142,-0.300797,-0.000292,-0.27909
WSL_2018-2019,N. Harding,Reading WFC,1553,2.16255,0.003477,-0.82287,-0.00053,-0.779561
WSL_2018-2019,N. Nadim,West Ham United WFC,116,-0.225621,-0.006446,-0.321374,-0.00277,-0.307698
WSL_2018-2019,N. Parris,West Ham United WFC,1118,0.241529,0.000641,-0.947612,-0.000848,-0.897737
WSL_2018-2019,O. Babajide,Arsenal WFC,817,0.326125,0.00249,-0.223838,-0.000274,-0.207685
WSL_2018-2019,O. Chance,Leicester City FC,6,-0.005383,-0.005383,-0.015525,-0.002587,-0.174654
WSL_2018-2019,O. Fergusson,Birmingham City WFC,674,-0.032422,-0.00023,-0.342386,-0.000508,-0.324365
WSL_2018-2019,P. Bailey-Gayle,Liverpool FCW,61,0.114776,0.009565,-0.11216,-0.001839,-0.114709
WSL_2018-2019,P. Bremer,West Ham United WFC,85,-0.122665,-0.003717,0.000388,5e-06,0.000383
WSL_2018-2019,P. Pattinson,Everton FC,1517,3.845208,0.008451,-0.156688,-0.000103,-0.148441
WSL_2018-2019,P. Peyraud-Magnin,Liverpool FCW,668,0.843734,0.002482,0.758965,0.001136,0.726669
WSL_2018-2019,P. Williams,Aston Villa WFC,1209,2.617383,0.004874,0.109913,9.1e-05,0.104128
WSL_2018-2019,P. Wilson,Everton FC,6,0.005057,0.005057,0.013239,0.002207,0.132392
WSL_2018-2019,R. Allen,Reading WFC,1372,1.189448,0.002215,0.191155,0.000139,0.181094
WSL_2018-2019,R. Ayane,Everton FC,518,0.415202,0.003194,-0.014809,-2.9e-05,-0.01403
WSL_2018-2019,R. Bachmann,Manchester United WFC,775,1.3854,0.005131,-0.622403,-0.000803,-0.595918
WSL_2018-2019,R. Furness,Reading WFC,1618,2.416452,0.004315,-0.36629,-0.000226,-0.347012
WSL_2018-2019,R. Grant,Liverpool FCW,12,-0.003135,-0.000784,-0.015642,-0.001303,-0.108288
WSL_2018-2019,R. Hönnudóttir,Reading WFC,177,-0.004646,-7.3e-05,-0.007105,-4e-05,-0.00695
WSL_2018-2019,R. Kmita,Manchester City WFC,227,0.463929,0.007732,-0.103504,-0.000456,-0.095055
WSL_2018-2019,R. McLauchlan,Birmingham City WFC,539,0.706656,0.006795,-0.089539,-0.000166,-0.084827
WSL_2018-2019,R. Percival,Manchester City WFC,1532,4.849262,0.00795,0.669135,0.000437,0.620847
WSL_2018-2019,R. Roberts,Arsenal WFC,434,0.558255,0.004854,0.027717,6.4e-05,0.025717
WSL_2018-2019,R. Rowe,Reading WFC,84,-0.201713,-0.006113,-0.106838,-0.001272,-0.139354
WSL_2018-2019,R. Spencer,Manchester City WFC,842,2.010924,0.006057,1.220603,0.00145,1.144315
WSL_2018-2019,S. Albuery,Birmingham City WFC,147,-0.020253,-0.000614,-0.122415,-0.000833,-0.117206
WSL_2018-2019,S. Baggaley,Everton FC,1506,3.557586,0.008178,2.652285,0.001761,2.512691
WSL_2018-2019,S. Bradley-Auckland,Arsenal WFC,1477,4.668386,0.00919,0.264675,0.000179,0.243069
WSL_2018-2019,S. Harris,Tottenham Hotspur FCW,176,0.351605,0.006279,0.263379,0.001496,0.252171
WSL_2018-2019,S. Hayles,Aston Villa WFC,32,-0.071316,-0.008915,0.03683,0.001151,0.236767
WSL_2018-2019,S. Houghton,West Ham United WFC,2158,9.878532,0.008379,2.169888,0.001006,2.055683
WSL_2018-2019,S. Howard,Reading WFC,467,0.874594,0.004579,-0.096651,-0.000207,-0.093533
WSL_2018-2019,S. Ingle,Manchester United WFC,1279,3.693874,0.005736,0.946337,0.00074,0.906068
WSL_2018-2019,S. Jhamat,Arsenal WFC,40,0.033212,0.011071,-0.079993,-0.002,-0.211747
WSL_2018-2019,S. Magill,Leicester City FC,1039,-0.54404,-0.002061,-0.001923,-2e-06,-0.001784
WSL_2018-2019,S. Mayling,Aston Villa WFC,708,1.148512,0.003398,-0.091703,-0.00013,-0.086877
WSL_2018-2019,S. Murray,Arsenal WFC,1134,1.543787,0.003415,0.567679,0.000501,0.526713
WSL_2018-2019,S. Perry-Campbell,Tottenham Hotspur FCW,293,0.7888,0.009504,-0.239439,-0.000817,-0.22925
WSL_2018-2019,S. Worm,Leicester City FC,930,3.325538,0.00894,0.372677,0.000401,0.356819
WSL_2018-2019,S. van Veenendaal,Liverpool FCW,305,0.228993,0.001205,0.301414,0.000988,0.291691
WSL_2018-2019,T. Hinds,Leicester City FC,823,1.843467,0.007063,0.132578,0.000161,0.126936
WSL_2018-2019,T. Kemme,Liverpool FCW,13,0.014741,0.00737,-0.041056,-0.003158,-0.615843
WSL_2018-2019,T. Wullaert,West Ham United WFC,1170,2.24459,0.004157,-0.080467,-6.9e-05,-0.076232
WSL_2018-2019,V. Miedema,Liverpool FCW,1200,0.95649,0.002272,-1.361877,-0.001135,-1.2902
WSL_2018-2019,V. Sampson,Manchester City WFC,336,0.686592,0.003731,0.021448,6.4e-05,0.020108
WSL_2018-2019,V. Schnaderbeck,Liverpool FCW,87,0.064622,0.001154,0.015693,0.00018,0.015693
WSL_2018-2019,V. Williams,Tottenham Hotspur FCW,1429,4.111199,0.007699,0.310675,0.000217,0.294324
WSL_2018-2019,Y. Daniëls,Arsenal WFC,537,0.262133,0.00232,-0.297946,-0.000555,-0.282264
WSL_2019-2020,A. Addison,Brighton & Hove Albion WFC,160,0.065529,0.002979,-0.228189,-0.001426,-0.207444
WSL_2019-2020,A. Berger,Manchester United WFC,677,1.127163,0.002776,0.921195,0.001361,0.820867
WSL_2019-2020,A. Eikeland,Reading WFC,787,-0.01002,-5.9e-05,-0.443806,-0.000564,-0.395471
WSL_2019-2020,A. Engman,Manchester United WFC,45,-0.078268,-0.004892,-0.127071,-0.002824,-0.132981
WSL_2019-2020,A. Filbey,Brighton & Hove Albion WFC,942,2.175531,0.005466,0.205514,0.000218,0.183131
WSL_2019-2020,A. Grant,Aston Villa WFC,726,0.018931,8.1e-05,-0.768903,-0.001059,-0.736183
WSL_2019-2020,A. Harrison,Everton FC,201,-0.09441,-0.001927,-0.019737,-9.8e-05,-0.01952
WSL_2019-2020,A. Hodson,Arsenal WFC,124,0.217321,0.007494,-0.093077,-0.000751,-0.089116
WSL_2019-2020,A. James-Turner,Chelsea FC Women,923,2.629307,0.007011,0.616365,0.000668,0.583925
WSL_2019-2020,A. James-Turner,Reading WFC,959,1.718003,0.005023,0.318496,0.000332,0.301733
WSL_2019-2020,A. Jordan,Aston Villa WFC,1193,1.698138,0.003692,-0.186635,-0.000156,-0.171399
WSL_2019-2020,A. Lehmann,Manchester City WFC,555,1.027302,0.007842,-0.354589,-0.000639,-0.335926
WSL_2019-2020,A. Leon,Manchester City WFC,426,0.227174,0.001893,-0.37616,-0.000883,-0.349014
WSL_2019-2020,A. Mannion,West Ham United WFC,418,0.365889,0.001641,-0.092747,-0.000222,-0.089755
WSL_2019-2020,A. McManus,Chelsea FC Women,951,2.862209,0.005736,0.726365,0.000764,0.673947
WSL_2019-2020,A. Moorhouse,Manchester City WFC,296,0.465243,0.004191,0.344832,0.001165,0.330158
WSL_2019-2020,A. Neville,Brighton & Hove Albion WFC,1225,1.782159,0.004433,-0.255603,-0.000209,-0.230043
WSL_2019-2020,A. Nildén,Tottenham Hotspur FCW,252,0.143985,0.002322,-0.106359,-0.000422,-0.100761
WSL_2019-2020,A. Preuß,Arsenal WFC,535,0.648505,0.003431,0.609679,0.00114,0.57759
WSL_2019-2020,A. Rodgers,Arsenal WFC,147,0.111932,0.002487,-0.025603,-0.000174,-0.027109
WSL_2019-2020,A. Stringer,Leicester City FC,449,0.34598,0.002149,-0.242847,-0.000541,-0.232513
WSL_2019-2020,A. Whelan,Tottenham Hotspur FCW,993,1.155477,0.004814,0.176526,0.000178,0.167236
WSL_2019-2020,B. Chaplen,Reading WFC,599,-0.312416,-0.002083,-0.417062,-0.000696,-0.383016
WSL_2019-2020,B. England,Manchester United WFC,824,0.415622,0.001636,-0.745484,-0.000905,-0.670935
WSL_2019-2020,B. Hendrix,Manchester City WFC,264,0.452891,0.005266,-0.146511,-0.000555,-0.1388
WSL_2019-2020,B. Jane,Arsenal WFC,1279,2.939535,0.00523,0.546024,0.000427,0.511897
WSL_2019-2020,B. Mead,Liverpool FCW,984,0.354815,0.000994,-1.519602,-0.001544,-1.424627
WSL_2019-2020,B. Visalli,Aston Villa WFC,494,0.165444,0.00119,-0.245748,-0.000497,-0.23529
WSL_2019-2020,C. Arthur,Aston Villa WFC,963,1.288751,0.003409,0.442353,0.000459,0.42353
WSL_2019-2020,C. Berryhill,Everton FC,49,0.106279,0.008175,0.046815,0.000955,0.047879
WSL_2019-2020,C. Boye-Hlorkah,Leicester City FC,542,0.797037,0.008133,-0.150493,-0.000278,-0.142572
WSL_2019-2020,C. Brosnan,Manchester City WFC,630,1.266205,0.005168,1.057397,0.001678,0.96127
WSL_2019-2020,C. Haines,Brighton & Hove Albion WFC,70,0.144282,0.008016,-0.111004,-0.001586,-0.105162
WSL_2019-2020,C. Harrison-Murray,Arsenal WFC,93,0.406106,0.015619,0.045613,0.00049,0.120739
WSL_2019-2020,C. Humphrey,Everton FC,479,0.702986,0.005021,0.012333,2.6e-05,0.011935
WSL_2019-2020,C. Kelly,Leicester City FC,868,1.525572,0.009717,-0.531973,-0.000613,-0.498725
WSL_2019-2020,C. Morgan,Brighton & Hove Albion WFC,100,-0.048513,-0.001617,0.043764,0.000438,0.038998
WSL_2019-2020,C. Peplow,Brighton & Hove Albion WFC,717,0.684638,0.00226,0.181583,0.000253,0.173856
WSL_2019-2020,C. Redisch Kvamme,Manchester City WFC,876,3.133265,0.008311,0.39679,0.000453,0.360718
WSL_2019-2020,C. Scofield,Aston Villa WFC,277,0.078668,0.000803,-0.16948,-0.000612,-0.15725
WSL_2019-2020,C. Sweetman-Kirk,Arsenal WFC,294,-0.307278,-0.003304,-0.256208,-0.000871,-0.242724
WSL_2019-2020,C. Telford,Manchester United WFC,111,0.213239,0.002921,0.113433,0.001022,0.110967
WSL_2019-2020,C. Walker,Aston Villa WFC,587,-0.033466,-0.000259,-0.591469,-0.001008,-0.548786
WSL_2019-2020,C. Weir,West Ham United WFC,1707,4.989648,0.005644,-0.089116,-5.2e-05,-0.07941
WSL_2019-2020,C. Wellings,Everton FC,640,0.222948,0.001457,-0.305042,-0.000477,-0.295202
WSL_2019-2020,Cho So-Hyun,Manchester City WFC,372,0.90143,0.005778,0.003642,1e-05,0.00338
WSL_2019-2020,D. Bowman,Tottenham Hotspur FCW,888,1.409446,0.004391,0.40514,0.000456,0.375903
WSL_2019-2020,D. Cooper,Manchester United WFC,31,-0.028329,-0.001771,-0.005016,-0.000162,-0.014106
WSL_2019-2020,D. Kerkdijk,Tottenham Hotspur FCW,765,2.012729,0.006369,0.591378,0.000773,0.560253
WSL_2019-2020,D. Spence,Manchester United WFC,536,0.71925,0.003127,0.12344,0.00023,0.111096
WSL_2019-2020,D. Stokes,West Ham United WFC,1127,1.53484,0.002398,-0.186551,-0.000166,-0.173088
WSL_2019-2020,D. Turner,Leicester City FC,1446,2.733349,0.005034,0.519341,0.000359,0.492008
WSL_2019-2020,D. van de Donk,Liverpool FCW,1122,1.203322,0.002436,-0.408212,-0.000364,-0.382699
WSL_2019-2020,E. Brazil,Tottenham Hotspur FCW,287,0.4028,0.0053,0.003319,1.2e-05,0.003247
WSL_2019-2020,E. Cuthbert,Manchester United WFC,1026,2.366767,0.006724,-0.483185,-0.000471,-0.430561
WSL_2019-2020,E. Hughes,Leicester City FC,58,0.007202,0.0009,-0.091971,-0.001586,-0.089971
WSL_2019-2020,E. Hughes,Everton FC,113,-0.068814,-0.003823,-0.1673,-0.001481,-0.155227
WSL_2019-2020,E. Kelly,Aston Villa WFC,98,-0.021561,-0.000799,-0.246359,-0.002514,-0.238412
WSL_2019-2020,E. Morgan,Leicester City FC,846,2.583761,0.008151,0.454683,0.000537,0.440016
WSL_2019-2020,E. Mukandi,Liverpool FCW,56,0.210938,0.005273,-0.022268,-0.000398,-0.087134
WSL_2019-2020,E. Mukandi,Brighton & Hove Albion WFC,290,0.592436,0.005337,0.066002,0.000228,0.060001
WSL_2019-2020,E. Murphy,Manchester United WFC,25,-0.093922,-0.018784,-0.046313,-0.001853,-0.277878
WSL_2019-2020,E. Roebuck,West Ham United WFC,834,1.179904,0.002177,1.248788,0.001497,1.135262
WSL_2019-2020,E. Salmon,Everton FC,400,0.320131,0.00464,-0.081934,-0.000205,-0.078448
WSL_2019-2020,E. Simon,Manchester City WFC,111,0.353744,0.007861,0.085057,0.000766,0.109358
WSL_2019-2020,E. Simpkins,Tottenham Hotspur FCW,311,0.142706,0.001502,-0.239724,-0.000771,-0.229523
WSL_2019-2020,E. Toone,Chelsea FC Women,387,0.449184,0.002936,0.178107,0.00046,0.170528
WSL_2019-2020,E. White,West Ham United WFC,444,-0.54929,-0.005039,-0.951338,-0.002143,-0.882685
WSL_2019-2020,E. de Graaf,Manchester City WFC,24,0.021257,0.003037,-0.020197,-0.000842,-0.050493
WSL_2019-2020,F. Allen,Everton FC,193,0.181459,0.002975,-0.076661,-0.000397,-0.073398
WSL_2019-2020,F. Brown,Everton FC,673,0.935648,0.004678,-0.066335,-9.9e-05,-0.064196
WSL_2019-2020,F. Bryson,Everton FC,220,0.419203,0.005306,0.065226,0.000296,0.061793
WSL_2019-2020,F. Gibbons,Tottenham Hotspur FCW,1233,2.471736,0.005567,-0.254734,-0.000207,-0.241327
WSL_2019-2020,F. Gregory,Aston Villa WFC,48,0.015773,0.003155,-0.092729,-0.001932,-0.089737
WSL_2019-2020,F. Kirby,Manchester United WFC,172,0.326984,0.005542,-0.058739,-0.000342,-0.05624
WSL_2019-2020,F. Kitching,Arsenal WFC,184,0.37519,0.006469,0.248866,0.001353,0.235767
WSL_2019-2020,F. Wallén,Manchester City WFC,63,0.079498,0.007227,-0.033841,-0.000537,-0.062157
WSL_2019-2020,F. Whelan,Tottenham Hotspur FCW,164,0.668186,0.007861,0.175504,0.00107,0.169843
WSL_2019-2020,F. Williams,Reading WFC,1021,3.19528,0.010176,-1.034677,-0.001013,-0.92199
WSL_2019-2020,G. Bonner,West Ham United WFC,1480,4.437876,0.004515,0.093894,6.3e-05,0.083668
WSL_2019-2020,G. Brougham,Aston Villa WFC,206,0.486689,0.003989,0.090852,0.000441,0.091873
WSL_2019-2020,G. Davison,Brighton & Hove Albion WFC,568,0.865199,0.004916,-0.028937,-5.1e-05,-0.026043
WSL_2019-2020,G. Evans,Everton FC,804,1.682265,0.006811,0.00996,1.2e-05,0.009241
WSL_2019-2020,G. Fisk,Manchester City WFC,390,0.817123,0.005306,-0.074274,-0.00019,-0.068914
WSL_2019-2020,G. Flaherty,Manchester City WFC,967,2.908049,0.00655,0.241991,0.00025,0.219991
WSL_2019-2020,G. George,Leicester City FC,1068,2.187647,0.004567,0.553879,0.000519,0.513908
WSL_2019-2020,G. Moloney,Reading WFC,516,0.727993,0.003072,0.683111,0.001324,0.608713
WSL_2019-2020,G. Reiten,Manchester United WFC,943,4.216999,0.013056,-0.606312,-0.000643,-0.580511
WSL_2019-2020,G. Stanway,West Ham United WFC,722,0.542084,0.001986,-0.627871,-0.00087,-0.565084
WSL_2019-2020,G. Wilson,Everton FC,183,0.047395,0.001156,-0.024154,-0.000132,-0.023375
WSL_2019-2020,H. Blundell,Manchester United WFC,460,0.338434,0.001387,-0.076846,-0.000167,-0.073576
WSL_2019-2020,H. Cain,Leicester City FC,334,-0.039398,-0.000518,-0.368703,-0.001104,-0.345659
WSL_2019-2020,H. Godfrey,Brighton & Hove Albion WFC,1161,2.860807,0.005367,0.339509,0.000292,0.311794
WSL_2019-2020,H. Hampton,Aston Villa WFC,891,1.027306,0.002362,1.275369,0.001431,1.183332
WSL_2019-2020,H. Ladd,Chelsea FC Women,920,1.741673,0.004962,0.388855,0.000423,0.360793
WSL_2019-2020,H. Scott,Aston Villa WFC,736,1.5004,0.004968,0.020526,2.8e-05,0.019652
WSL_2019-2020,I. Kaagman,Leicester City FC,686,1.037592,0.00476,-0.655702,-0.000956,-0.634551
WSL_2019-2020,I. Umotong,Tottenham Hotspur FCW,384,-0.053127,-0.000681,-0.323258,-0.000842,-0.306244
WSL_2019-2020,J. Andersson,Manchester United WFC,1347,3.659277,0.005553,-0.224764,-0.000167,-0.198321
WSL_2019-2020,J. Bailey,Arsenal WFC,941,1.352491,0.003356,-0.045147,-4.8e-05,-0.04369
WSL_2019-2020,J. Beattie,Liverpool FCW,1082,5.253501,0.006832,1.35841,0.001255,1.300605
WSL_2019-2020,J. Carter,Manchester United WFC,204,0.943396,0.008655,0.151792,0.000744,0.145333
WSL_2019-2020,J. Clarke,Arsenal WFC,246,0.484533,0.008354,-0.32375,-0.001316,-0.306711
WSL_2019-2020,J. Galabadaarachchi,Manchester City WFC,350,-0.087414,-0.001135,-0.347199,-0.000992,-0.315635
WSL_2019-2020,J. Green,Brighton & Hove Albion WFC,817,0.599594,0.002104,0.0372,4.6e-05,0.03348
WSL_2019-2020,J. Groenen,Chelsea FC Women,744,1.364593,0.005372,-0.07347,-9.9e-05,-0.068168
WSL_2019-2020,J. Matthews,Everton FC,1013,1.97919,0.005671,-0.121258,-0.00012,-0.114876
WSL_2019-2020,J. Moore,Reading WFC,1072,2.750802,0.007882,0.550301,0.000513,0.495271
WSL_2019-2020,J. Napier,Manchester United WFC,23,-0.034631,-0.008658,-0.041995,-0.001826,-0.222325
WSL_2019-2020,J. Nobbs,Liverpool FCW,948,0.368107,0.000671,-0.5016,-0.000529,-0.480255
WSL_2019-2020,J. Park,West Ham United WFC,20,-0.083417,-0.011917,-0.02834,-0.001417,-0.196201
WSL_2019-2020,J. Potter,Reading WFC,753,2.818503,0.010324,0.464192,0.000616,0.43518
WSL_2019-2020,J. Purfield,Arsenal WFC,111,0.221409,0.0054,0.113227,0.00102,0.108409
WSL_2019-2020,J. Roord,Liverpool FCW,831,-0.134299,-0.000308,-0.506176,-0.000609,-0.47454
WSL_2019-2020,J. Ross,Chelsea FC Women,375,-0.245235,-0.002358,-0.402125,-0.001072,-0.38096
WSL_2019-2020,J. Schillaci,Brighton & Hove Albion WFC,231,0.415102,0.003243,0.043769,0.000189,0.041906
WSL_2019-2020,J. Scott,West Ham United WFC,1102,1.233018,0.002815,-0.297249,-0.00027,-0.267524
WSL_2019-2020,J. Sigsworth,Chelsea FC Women,510,0.363152,0.003863,-0.641172,-0.001257,-0.594902
WSL_2019-2020,J. Sonis,West Ham United WFC,1237,2.444192,0.004122,-0.362844,-0.000293,-0.320156
WSL_2019-2020,J. Šimić,Manchester City WFC,172,0.423819,0.006055,0.076862,0.000447,0.069874
WSL_2019-2020,Jeon Ga-Eul,Everton FC,65,0.019688,0.001158,0.008914,0.000137,0.01099
WSL_2019-2020,Ji So-Yun,Manchester United WFC,1156,1.63763,0.00268,0.376257,0.000325,0.360246
WSL_2019-2020,K. Barton,Tottenham Hotspur FCW,1792,2.548088,0.004348,-0.076825,-4.3e-05,-0.071281
WSL_2019-2020,K. Baunach,Manchester City WFC,1001,2.235456,0.004839,0.186079,0.000186,0.172651
WSL_2019-2020,K. Benameur,West Ham United WFC,5,0.004048,0.002024,-0.00527,-0.001054,-0.237133
WSL_2019-2020,K. Dali,Manchester City WFC,1016,1.653454,0.004113,0.198354,0.000195,0.180322
WSL_2019-2020,K. Graham,Brighton & Hove Albion WFC,766,0.45592,0.00278,-0.307886,-0.000402,-0.274354
WSL_2019-2020,K. Hanson,Chelsea FC Women,415,0.216026,0.003375,-0.762216,-0.001837,-0.722099
WSL_2019-2020,K. Harrop,Aston Villa WFC,641,1.862468,0.005748,0.20499,0.00032,0.190197
WSL_2019-2020,K. Leine,Reading WFC,1001,2.963407,0.006689,0.315671,0.000315,0.281291
WSL_2019-2020,K. Linnett,Arsenal WFC,491,0.00574,3.9e-05,-0.187426,-0.000382,-0.18138
WSL_2019-2020,K. Little,Liverpool FCW,1135,1.985665,0.003107,0.345889,0.000305,0.327684
WSL_2019-2020,K. Longhurst,Manchester City WFC,732,0.883996,0.003778,0.011843,1.6e-05,0.010988
WSL_2019-2020,K. McCabe,Liverpool FCW,1325,1.117504,0.001514,-0.27718,-0.000209,-0.259856
WSL_2019-2020,K. Natkiel,Tottenham Hotspur FCW,233,-0.037367,-0.000575,-0.006883,-3e-05,-0.006521
WSL_2019-2020,K. Reilly,Everton FC,16,0.0,,-0.017397,-0.001087,-0.313146
WSL_2019-2020,K. Robinson,Everton FC,160,0.144823,0.004389,-0.148274,-0.000927,-0.141965
WSL_2019-2020,K. Smith,Chelsea FC Women,624,1.478088,0.005774,0.02137,3.4e-05,0.020035
WSL_2019-2020,K. Walsh,West Ham United WFC,1279,4.30414,0.005511,1.438564,0.001125,1.294707
WSL_2019-2020,K. Zelem,Chelsea FC Women,1135,3.242643,0.006631,0.364222,0.000321,0.345053
WSL_2019-2020,K. van Es,Leicester City FC,587,1.242432,0.005265,0.158819,0.000271,0.15046
WSL_2019-2020,L. Arnot,Chelsea FC Women,57,0.078721,0.00492,-0.037625,-0.00066,-0.067725
WSL_2019-2020,L. Blindkilde Brown,Aston Villa WFC,1,0.0,,-0.001342,-0.001342,-0.120785
WSL_2019-2020,L. Coombs,West Ham United WFC,86,0.020965,0.000749,-0.088212,-0.001026,-0.085367
WSL_2019-2020,L. Dykes,Everton FC,538,1.002194,0.006383,-0.38513,-0.000716,-0.368742
WSL_2019-2020,L. Evans,Liverpool FCW,1244,2.599856,0.003892,0.121022,9.7e-05,0.113459
WSL_2019-2020,L. Galton,Chelsea FC Women,783,1.230095,0.005914,-0.652287,-0.000833,-0.611519
WSL_2019-2020,L. Hemp,West Ham United WFC,950,0.021187,7.4e-05,-0.727236,-0.000766,-0.648032
WSL_2019-2020,L. Hope,Leicester City FC,1040,0.967311,0.002914,-0.367423,-0.000353,-0.340908
WSL_2019-2020,L. James,Chelsea FC Women,555,0.230093,0.001886,-0.157071,-0.000283,-0.150387
WSL_2019-2020,L. Karlseng Utland,Reading WFC,255,0.121209,0.00202,-0.134194,-0.000526,-0.128484
WSL_2019-2020,L. Kiernan,Manchester City WFC,309,-0.119477,-0.001493,-0.253077,-0.000819,-0.234814
WSL_2019-2020,L. Le Garrec,Tottenham Hotspur FCW,1043,2.180974,0.008138,-0.613753,-0.000588,-0.58145
WSL_2019-2020,L. León,Brighton & Hove Albion WFC,135,0.109256,0.004966,-0.247725,-0.001835,-0.245002
WSL_2019-2020,L. Le贸n,Brighton & Hove Albion WFC,4,0.0,,-0.003384,-0.000846,-0.021757
WSL_2019-2020,L. Maier,Liverpool FCW,868,0.358865,0.000837,-0.62303,-0.000718,-0.58409
WSL_2019-2020,L. Quinn,Liverpool FCW,333,0.915453,0.004298,0.168519,0.000506,0.163083
WSL_2019-2020,L. Quinn,Brighton & Hove Albion WFC,405,0.587097,0.005991,0.040122,9.9e-05,0.038011
WSL_2019-2020,L. Robe,Arsenal WFC,1163,2.649343,0.00643,-0.015247,-1.3e-05,-0.014444
WSL_2019-2020,L. Simkin,Aston Villa WFC,367,0.443864,0.003963,-0.236178,-0.000644,-0.226128
WSL_2019-2020,L. Staniforth,Aston Villa WFC,866,2.167827,0.005796,0.321115,0.000371,0.310757
WSL_2019-2020,L. Vetterlein,Manchester City WFC,1098,1.971814,0.004343,-0.124515,-0.000113,-0.113195
WSL_2019-2020,L. Whipp,Aston Villa WFC,643,0.009975,3.9e-05,0.222384,0.000346,0.208485
WSL_2019-2020,L. Williamson,Liverpool FCW,1595,4.742858,0.004552,1.469369,0.000921,1.377534
WSL_2019-2020,L. Wälti,Liverpool FCW,864,1.303895,0.002762,0.300723,0.000348,0.287926
WSL_2019-2020,L. Ökvist,Chelsea FC Women,199,0.611089,0.008856,-0.059307,-0.000298,-0.057393
WSL_2019-2020,Lee Geum-Min,West Ham United WFC,70,-0.130994,-0.00655,-0.135345,-0.001934,-0.553686
WSL_2019-2020,M. Bartrip,Reading WFC,225,0.480025,0.005218,-0.132652,-0.00059,-0.128373
WSL_2019-2020,M. Bright,Manchester United WFC,1490,6.077691,0.007664,1.542629,0.001035,1.37462
WSL_2019-2020,M. Campbell,West Ham United WFC,360,0.806887,0.004611,-0.219511,-0.00061,-0.207957
WSL_2019-2020,M. Clémaron,Leicester City FC,905,1.835079,0.005901,0.32141,0.000355,0.307733
WSL_2019-2020,M. Collis,Everton FC,18,-0.029038,-0.00363,0.008342,0.000463,0.021451
WSL_2019-2020,M. Connolly,Tottenham Hotspur FCW,483,1.038586,0.007581,0.022045,4.6e-05,0.020885
WSL_2019-2020,M. Earps,Chelsea FC Women,711,1.253483,0.003612,0.952144,0.001339,0.883432
WSL_2019-2020,M. Eriksson,Manchester United WFC,1293,4.296673,0.006086,-0.114088,-8.8e-05,-0.101663
WSL_2019-2020,M. Farrow,Reading WFC,186,0.192812,0.005356,-0.274942,-0.001478,-0.268965
WSL_2019-2020,M. Filis,Liverpool FCW,11,0.001949,0.000974,-0.035878,-0.003262,-0.538174
WSL_2019-2020,M. Finnigan,Leicester City FC,761,1.843838,0.005298,0.135879,0.000179,0.126073
WSL_2019-2020,M. Harris,Chelsea FC Women,836,1.698821,0.00526,-0.110684,-0.000132,-0.103766
WSL_2019-2020,M. Lawley,Arsenal WFC,934,0.766064,0.002642,-0.033144,-3.5e-05,-0.0314
WSL_2019-2020,M. Le Tissier,Tottenham Hotspur FCW,575,1.085439,0.004659,-0.022636,-3.9e-05,-0.021221
WSL_2019-2020,M. Lundorf,Tottenham Hotspur FCW,559,0.930868,0.00523,-0.094858,-0.00017,-0.088013
WSL_2019-2020,M. Mjelde,Manchester United WFC,1241,2.163545,0.003205,-0.23123,-0.000186,-0.206046
WSL_2019-2020,M. Pacheco,Reading WFC,647,0.992416,0.004018,-0.381765,-0.00059,-0.347059
WSL_2019-2020,M. Pike,Leicester City FC,345,0.40649,0.004957,-0.063556,-0.000184,-0.060211
WSL_2019-2020,M. Sargeant,Everton FC,782,1.447262,0.005132,0.072653,9.3e-05,0.069562
WSL_2019-2020,M. Thomas,Manchester City WFC,614,0.186257,0.001422,-0.735083,-0.001197,-0.668257
WSL_2019-2020,M. Turner,Chelsea FC Women,1111,2.464314,0.00422,-0.153687,-0.000138,-0.145599
WSL_2019-2020,M. Walsh,Tottenham Hotspur FCW,873,1.186507,0.003106,0.951349,0.00109,0.891889
WSL_2019-2020,M. Wynne,Brighton & Hove Albion WFC,26,0.054876,0.007839,-0.01128,-0.000434,-0.072515
WSL_2019-2020,M. Wynne,Everton FC,72,0.00257,0.000234,-0.06848,-0.000951,-0.093382
WSL_2019-2020,M. Zinsberger,Liverpool FCW,732,0.702745,0.001616,0.537953,0.000735,0.50433
WSL_2019-2020,M. Þórisdóttir,Manchester United WFC,85,0.083322,0.002688,-0.045926,-0.00054,-0.108773
WSL_2019-2020,Matilde Fidalgo,West Ham United WFC,67,0.041458,0.001382,-0.03571,-0.000533,-0.034934
WSL_2019-2020,N. Charles,Arsenal WFC,820,0.296406,0.001446,0.141151,0.000172,0.136598
WSL_2019-2020,N. Fahey,Arsenal WFC,906,1.909229,0.005091,-0.038661,-4.3e-05,-0.036626
WSL_2019-2020,N. Harding,Reading WFC,501,0.748368,0.004828,-0.060151,-0.00012,-0.057591
WSL_2019-2020,O. Babajide,Arsenal WFC,595,0.606908,0.00714,-0.444459,-0.000747,-0.421066
WSL_2019-2020,O. Chance,Everton FC,554,0.552591,0.002382,0.200224,0.000361,0.189686
WSL_2019-2020,P. Bremer,West Ham United WFC,380,-0.222191,-0.00202,-0.571616,-0.001504,-0.514454
WSL_2019-2020,P. Pattinson,Everton FC,431,0.518907,0.003629,-0.099901,-0.000232,-0.094643
WSL_2019-2020,P. Peyraud-Magnin,Liverpool FCW,187,0.237086,0.002044,0.111219,0.000595,0.108801
WSL_2019-2020,R. Allen,Reading WFC,863,1.126515,0.003832,0.710342,0.000823,0.652355
WSL_2019-2020,R. Ayane,Brighton & Hove Albion WFC,417,0.308468,0.003672,-0.503594,-0.001208,-0.477089
WSL_2019-2020,R. Bachmann,Manchester United WFC,480,0.030564,0.00019,-0.236839,-0.000493,-0.234237
WSL_2019-2020,R. Dean,Brighton & Hove Albion WFC,562,-0.672678,-0.004639,-0.268411,-0.000478,-0.24157
WSL_2019-2020,R. Furness,Brighton & Hove Albion WFC,697,0.919093,0.005406,-0.040036,-5.7e-05,-0.038745
WSL_2019-2020,R. Furness,Arsenal WFC,336,0.476308,0.007682,-0.17601,-0.000524,-0.166746
WSL_2019-2020,R. Holloway,Aston Villa WFC,841,1.669643,0.004112,-0.147273,-0.000175,-0.141006
WSL_2019-2020,R. Hönnudóttir,Reading WFC,48,-0.047568,-0.005285,-0.121057,-0.002522,-0.453965
WSL_2019-2020,R. Laws,Reading WFC,357,0.333815,0.002286,0.374825,0.00105,0.358875
WSL_2019-2020,R. Littlejohn,Manchester City WFC,38,-0.007772,-0.001554,0.083149,0.002188,0.356352
WSL_2019-2020,R. May,Chelsea FC Women,4,0.0,,-0.010004,-0.002501,-0.225101
WSL_2019-2020,R. Percival,Brighton & Hove Albion WFC,929,1.339468,0.004071,-0.134542,-0.000145,-0.121088
WSL_2019-2020,R. Roberts,Arsenal WFC,686,1.516462,0.006651,0.043859,6.4e-05,0.041551
WSL_2019-2020,R. Rowe,Reading WFC,950,1.681614,0.005239,-0.011174,-1.2e-05,-0.010262
WSL_2019-2020,R. Spencer,Brighton & Hove Albion WFC,826,0.599502,0.001329,1.225543,0.001484,1.161041
WSL_2019-2020,R. Williams,Aston Villa WFC,546,0.158249,0.000977,0.077105,0.000141,0.074618
WSL_2019-2020,S. Baggaley,Everton FC,1109,1.34257,0.003382,1.541715,0.00139,1.430457
WSL_2019-2020,S. Bradley-Auckland,Arsenal WFC,967,2.628331,0.006604,0.08843,9.1e-05,0.084667
WSL_2019-2020,S. Harris,Tottenham Hotspur FCW,72,0.004119,0.000137,-0.030839,-0.000428,-0.0305
WSL_2019-2020,S. Houghton,West Ham United WFC,1618,7.796937,0.007964,2.159269,0.001335,1.924101
WSL_2019-2020,S. Howard,Reading WFC,833,2.295863,0.006597,-0.09463,-0.000114,-0.090603
WSL_2019-2020,S. Ingle,Manchester United WFC,1083,2.779382,0.005026,0.361715,0.000334,0.350047
WSL_2019-2020,S. Kerr,Manchester United WFC,155,0.453085,0.011051,-0.244147,-0.001575,-0.244147
WSL_2019-2020,S. MacIver,Leicester City FC,165,0.03374,0.000411,0.24524,0.001486,0.229912
WSL_2019-2020,S. Magill,Leicester City FC,602,0.398414,0.002639,-0.081113,-0.000135,-0.076043
WSL_2019-2020,S. Mayling,Aston Villa WFC,681,1.602952,0.005121,0.255176,0.000375,0.236761
WSL_2019-2020,S. Worm,Brighton & Hove Albion WFC,761,2.191462,0.006722,0.179596,0.000236,0.177623
WSL_2019-2020,T. Hinds,Leicester City FC,226,0.175438,0.001809,0.019166,8.5e-05,0.018157
WSL_2019-2020,T. Korpela,Leicester City FC,737,0.052111,0.000128,0.364561,0.000495,0.349048
WSL_2019-2020,T. Middag,Manchester City WFC,533,0.931731,0.004395,-0.008983,-1.7e-05,-0.008167
WSL_2019-2020,T. Toland,West Ham United WFC,13,0.039731,0.009933,0.003129,0.000241,0.017602
WSL_2019-2020,T. Wullaert,West Ham United WFC,673,1.772538,0.005928,-0.151578,-0.000225,-0.1436
WSL_2019-2020,V. Miedema,Liverpool FCW,738,1.921389,0.00709,-0.762184,-0.001033,-0.714548
WSL_2019-2020,V. Schnaderbeck,Liverpool FCW,989,2.458426,0.003697,0.521761,0.000528,0.489151
WSL_2019-2020,V. Williams,Tottenham Hotspur FCW,804,1.732336,0.006322,-0.293241,-0.000365,-0.272079
WSL_2019-2020,V. van der Linden,Everton FC,23,-0.002336,-0.000334,-0.025092,-0.001091,-0.049093
WSL_2019-2020,W. Kiszkis,Manchester City WFC,4,0.023642,0.011821,2.8e-05,7e-06,0.002558
WSL_2019-2020,Y. Daniëls,Everton FC,922,0.276886,0.001391,-0.136943,-0.000149,-0.12706
WSL_2020-2021,A. Addison,Brighton & Hove Albion WFC,691,0.192294,0.001131,-0.013115,-1.9e-05,-0.012169
WSL_2020-2021,A. Ale,London City Lionesses LFC,1490,3.21344,0.006376,0.478052,0.000321,0.439028
WSL_2020-2021,A. Asante,London City Lionesses LFC,1072,1.913579,0.004882,-0.056413,-5.3e-05,-0.052888
WSL_2020-2021,A. Beever-Jones,Manchester United WFC,14,-0.050839,-0.007263,0.024709,0.001765,0.105896
WSL_2020-2021,A. Berger,Manchester United WFC,889,1.59641,0.003106,1.068654,0.001202,1.012409
WSL_2020-2021,A. Dahlkemper,West Ham United WFC,733,3.874222,0.007296,1.198916,0.001636,1.135815
WSL_2020-2021,A. Denton,Liverpool FCW,2,-0.014508,-0.014508,-0.011562,-0.005781,-0.208111
WSL_2020-2021,A. Denton,Manchester City WFC,60,0.062943,0.005245,0.052706,0.000878,0.050463
WSL_2020-2021,A. Eikeland,Reading WFC,1003,-0.131593,-0.000533,-0.99624,-0.000993,-0.914914
WSL_2020-2021,A. Filbey,Brighton & Hove Albion WFC,132,0.284809,0.005584,-0.049243,-0.000373,-0.046651
WSL_2020-2021,A. Grant,Aston Villa WFC,35,-0.042999,-0.007166,-0.115913,-0.003312,-0.347739
WSL_2020-2021,A. Greenwood,West Ham United WFC,2301,11.019851,0.007905,0.530055,0.00023,0.486785
WSL_2020-2021,A. Harrison,Everton FC,525,-0.277555,-0.002071,-0.310505,-0.000591,-0.291099
WSL_2020-2021,A. James-Turner,Chelsea FC Women,1452,4.54152,0.006281,0.54372,0.000374,0.504483
WSL_2020-2021,A. James-Turner,Reading WFC,1661,3.567915,0.005286,0.826507,0.000498,0.759037
WSL_2020-2021,A. Kennedy,Brighton & Hove Albion WFC,1222,0.91314,0.00196,-0.066724,-5.5e-05,-0.060658
WSL_2020-2021,A. Lehmann,Leicester City FC,264,0.07226,0.00099,-0.281226,-0.001065,-0.272154
WSL_2020-2021,A. Lehmann,Manchester City WFC,235,-0.060291,-0.001159,-0.30399,-0.001294,-0.284991
WSL_2020-2021,A. Leon,Manchester City WFC,582,0.174206,0.001075,-0.341857,-0.000587,-0.320491
WSL_2020-2021,A. Mannion,West Ham United WFC,180,0.47987,0.003808,0.042264,0.000235,0.040465
WSL_2020-2021,A. McManus,Brighton & Hove Albion WFC,889,3.094001,0.007048,0.75889,0.000854,0.711459
WSL_2020-2021,A. McManus,Chelsea FC Women,391,1.429365,0.007076,0.169711,0.000434,0.159104
WSL_2020-2021,A. Mikalsen,Brighton & Hove Albion WFC,256,0.387336,0.003003,0.360847,0.00141,0.33139
WSL_2020-2021,A. Morgan,Brighton & Hove Albion WFC,135,0.344167,0.010429,-0.022238,-0.000165,-0.021754
WSL_2020-2021,A. Neville,Brighton & Hove Albion WFC,1055,2.375049,0.006217,0.246782,0.000234,0.228973
WSL_2020-2021,A. Palmer,Everton FC,573,0.732969,0.004415,-0.011618,-2e-05,-0.011124
WSL_2020-2021,A. Patten,Liverpool FCW,210,0.008824,8.3e-05,-0.060592,-0.000289,-0.058637
WSL_2020-2021,A. Russo,Chelsea FC Women,199,0.157418,0.004498,-0.148957,-0.000749,-0.142618
WSL_2020-2021,A. Stringer,Leicester City FC,609,0.380135,0.001339,0.111265,0.000183,0.105409
WSL_2020-2021,A. West,London City Lionesses LFC,123,0.178891,0.004587,0.060517,0.000492,0.056735
WSL_2020-2021,A. Whelan,Tottenham Hotspur FCW,1326,1.464902,0.003949,-0.293683,-0.000221,-0.275328
WSL_2020-2021,A. Window,West Ham United WFC,8,-0.010484,-0.005242,-0.01674,-0.002092,-0.215228
WSL_2020-2021,B. Chaplen,Reading WFC,276,0.469958,0.00534,-0.125523,-0.000455,-0.120182
WSL_2020-2021,B. England,Manchester United WFC,722,-0.281421,-0.001251,-1.198987,-0.001661,-1.12405
WSL_2020-2021,B. Håland,Everton FC,50,-0.067075,-0.002313,0.047644,0.000953,0.053599
WSL_2020-2021,B. Mead,Liverpool FCW,1409,1.052085,0.001956,-1.383011,-0.000982,-1.270112
WSL_2020-2021,B. Roberts,Reading WFC,277,-0.028208,-0.00022,-0.295599,-0.001067,-0.286063
WSL_2020-2021,B. Roe,Tottenham Hotspur FCW,205,0.609114,0.008015,-0.148377,-0.000724,-0.139104
WSL_2020-2021,C. Arthur,London City Lionesses LFC,954,0.683227,0.002559,-0.090192,-9.5e-05,-0.085445
WSL_2020-2021,C. Berryhill,Everton FC,305,0.176538,0.002127,-0.000426,-1e-06,-0.000376
WSL_2020-2021,C. Boye-Hlorkah,Leicester City FC,101,0.221681,0.00821,0.058474,0.000579,0.10319
WSL_2020-2021,C. Brosnan,Manchester City WFC,365,1.406079,0.013141,0.698909,0.001915,0.655228
WSL_2020-2021,C. Emslie,Leicester City FC,876,1.20596,0.004729,-0.769106,-0.000878,-0.736378
WSL_2020-2021,C. Fiskerstrand,Tottenham Hotspur FCW,456,0.569317,0.00289,0.5001,0.001097,0.468844
WSL_2020-2021,C. Foord,Liverpool FCW,783,0.357143,0.001276,-0.510156,-0.000652,-0.468511
WSL_2020-2021,C. Harrison-Murray,Aston Villa WFC,994,1.523358,0.005326,0.282811,0.000285,0.257101
WSL_2020-2021,C. Humphrey,Everton FC,821,0.765325,0.002676,0.377955,0.00046,0.343595
WSL_2020-2021,C. Jones,Chelsea FC Women,15,0.044793,0.011198,0.036356,0.002424,0.363564
WSL_2020-2021,C. Kelly,West Ham United WFC,1375,0.482127,0.001039,-2.214508,-0.001611,-2.097955
WSL_2020-2021,C. McCarron,Aston Villa WFC,169,0.10995,0.002618,0.011469,6.8e-05,0.010642
WSL_2020-2021,C. Peplow,Brighton & Hove Albion WFC,134,0.294286,0.004145,0.162214,0.001211,0.153677
WSL_2020-2021,C. Press,Chelsea FC Women,560,0.330656,0.002204,-0.445965,-0.000796,-0.426987
WSL_2020-2021,C. Redisch Kvamme,Manchester City WFC,1190,2.248752,0.006013,-0.048839,-4.1e-05,-0.046268
WSL_2020-2021,C. Scofield,Aston Villa WFC,364,-0.089565,-0.000786,-0.212405,-0.000584,-0.203366
WSL_2020-2021,C. Siems,London City Lionesses LFC,852,1.623658,0.004679,0.344042,0.000404,0.322539
WSL_2020-2021,C. Telford,Manchester United WFC,116,0.089468,0.001118,0.110165,0.00095,0.106612
WSL_2020-2021,C. Walker,Aston Villa WFC,960,-0.799255,-0.004016,-0.857004,-0.000893,-0.811898
WSL_2020-2021,C. Weir,West Ham United WFC,1266,0.512069,0.000778,-0.167377,-0.000132,-0.156916
WSL_2020-2021,C. Wellings,Everton FC,746,-0.14676,-0.000673,-0.126873,-0.00017,-0.111947
WSL_2020-2021,Cho So-Hyun,Brighton & Hove Albion WFC,292,0.029442,0.000258,-0.140093,-0.00048,-0.127357
WSL_2020-2021,Cho So-Hyun,Manchester City WFC,468,0.776852,0.003923,0.184029,0.000393,0.174343
WSL_2020-2021,D. Bowman,Tottenham Hotspur FCW,741,1.711303,0.006026,0.086937,0.000117,0.082362
WSL_2020-2021,D. Brynjarsdóttir,Manchester City WFC,546,0.674007,0.004993,-0.46184,-0.000846,-0.437532
WSL_2020-2021,D. Carter,Reading WFC,840,-0.599595,-0.00263,-1.095725,-0.001304,-0.996114
WSL_2020-2021,D. Cooper,Reading WFC,1479,4.021351,0.005656,0.225312,0.000152,0.204829
WSL_2020-2021,D. Egurrola,Leicester City FC,440,0.7387,0.003808,0.072647,0.000165,0.068107
WSL_2020-2021,D. Kerkdijk,Tottenham Hotspur FCW,1016,3.774652,0.008579,0.806791,0.000794,0.764329
WSL_2020-2021,D. O'Sullivan,Tottenham Hotspur FCW,550,0.654644,0.003241,0.230724,0.000419,0.220906
WSL_2020-2021,D. Spence,Manchester United WFC,233,0.295886,0.002259,0.035971,0.000154,0.035189
WSL_2020-2021,D. Stokes,West Ham United WFC,833,1.685106,0.003593,0.397735,0.000477,0.384905
WSL_2020-2021,D. Toussaint,Aston Villa WFC,66,0.017288,0.002881,-0.013925,-0.000211,-0.013476
WSL_2020-2021,D. Turner,Leicester City FC,1132,2.998774,0.005492,0.098938,8.7e-05,0.092755
WSL_2020-2021,D. van de Donk,Liverpool FCW,967,1.351022,0.003022,-0.358442,-0.000371,-0.336039
WSL_2020-2021,Diana Silva,London City Lionesses LFC,389,-0.15968,-0.001794,-0.431393,-0.001109,-0.404431
WSL_2020-2021,E. Bissell,Everton FC,358,0.023342,0.000354,-0.112184,-0.000313,-0.104088
WSL_2020-2021,E. Brazil,Tottenham Hotspur FCW,868,0.225155,0.00101,-0.513816,-0.000592,-0.481703
WSL_2020-2021,E. Cuthbert,Manchester United WFC,1057,2.808447,0.006969,-0.148163,-0.00014,-0.138903
WSL_2020-2021,E. Follis,London City Lionesses LFC,504,0.336985,0.00234,-0.266253,-0.000528,-0.247039
WSL_2020-2021,E. Franklin-Fraiture,London City Lionesses LFC,790,1.663655,0.005899,0.320246,0.000405,0.300231
WSL_2020-2021,E. Harries,Reading WFC,272,0.192495,0.0035,0.017327,6.4e-05,0.016415
WSL_2020-2021,E. Jones,Everton FC,60,0.005026,0.000718,-0.103413,-0.001724,-0.09695
WSL_2020-2021,E. Kelly,Aston Villa WFC,488,0.622418,0.005557,-0.234517,-0.000481,-0.215372
WSL_2020-2021,E. Koivisto,Tottenham Hotspur FCW,758,2.008815,0.006522,0.480484,0.000634,0.455195
WSL_2020-2021,E. Mastrantonio,Everton FC,620,0.954001,0.003756,0.187968,0.000303,0.17997
WSL_2020-2021,E. Morgan,West Ham United WFC,1224,2.733803,0.003358,0.224268,0.000183,0.208083
WSL_2020-2021,E. Morgan,Brighton & Hove Albion WFC,614,0.808097,0.00341,-0.370085,-0.000603,-0.350607
WSL_2020-2021,E. Mukandi,Reading WFC,1310,5.010806,0.009472,0.969723,0.00074,0.899743
WSL_2020-2021,E. Murphy,Aston Villa WFC,419,0.146956,0.002826,-0.240787,-0.000575,-0.233019
WSL_2020-2021,E. N'Dow,London City Lionesses LFC,1107,3.154961,0.008988,0.05923,5.4e-05,0.053307
WSL_2020-2021,E. Roebuck,West Ham United WFC,1041,0.355737,0.000479,0.80795,0.000776,0.765426
WSL_2020-2021,E. Salmon,Everton FC,768,-0.284592,-0.002033,-0.187573,-0.000244,-0.167145
WSL_2020-2021,E. Simpkins,Tottenham Hotspur FCW,362,0.098766,0.000851,-0.116611,-0.000322,-0.110474
WSL_2020-2021,E. Sulola,Brighton & Hove Albion WFC,16,-0.005911,-0.002956,-0.078907,-0.004932,-0.221927
WSL_2020-2021,E. Syme,London City Lionesses LFC,183,0.2824,0.004786,0.218121,0.001192,0.204489
WSL_2020-2021,E. Toone,Chelsea FC Women,1381,3.316471,0.006074,-0.80585,-0.000584,-0.755485
WSL_2020-2021,E. White,West Ham United WFC,772,-1.219521,-0.004234,-0.878116,-0.001137,-0.831899
WSL_2020-2021,E. van Egmond,Manchester City WFC,1297,1.927013,0.004074,0.329343,0.000254,0.305576
WSL_2020-2021,F. Allen,Everton FC,742,2.139848,0.009907,0.243119,0.000328,0.230324
WSL_2020-2021,F. Bryson,Everton FC,749,1.266923,0.006961,-0.05974,-8e-05,-0.057198
WSL_2020-2021,F. Gibbons,Tottenham Hotspur FCW,977,2.324221,0.00635,-0.310164,-0.000317,-0.29384
WSL_2020-2021,F. Gregory,London City Lionesses LFC,257,0.173686,0.003947,-0.33995,-0.001323,-0.312199
WSL_2020-2021,F. Kirby,Manchester United WFC,1168,0.150502,0.000315,-0.416401,-0.000357,-0.398682
WSL_2020-2021,F. Williams,Reading WFC,825,2.58204,0.006813,0.34388,0.000417,0.319064
WSL_2020-2021,G. Bonner,West Ham United WFC,568,1.475232,0.003966,-0.015815,-2.8e-05,-0.015142
WSL_2020-2021,G. Brougham,Aston Villa WFC,1075,2.659693,0.005963,0.366031,0.00034,0.326167
WSL_2020-2021,G. Clinton,Leicester City FC,151,0.052687,0.001054,-0.121369,-0.000804,-0.118731
WSL_2020-2021,G. Davison,Brighton & Hove Albion WFC,540,0.533962,0.002855,-0.412318,-0.000764,-0.394773
WSL_2020-2021,G. Evans,Everton FC,1258,2.081706,0.005881,-1.337866,-0.001063,-1.192157
WSL_2020-2021,G. Fisk,Manchester City WFC,1509,4.464195,0.006847,0.620212,0.000411,0.575454
WSL_2020-2021,G. Flaherty,Manchester City WFC,1347,4.476828,0.007994,0.64716,0.00048,0.600457
WSL_2020-2021,G. George,Leicester City FC,389,0.81129,0.003958,0.103284,0.000266,0.096829
WSL_2020-2021,G. Lawley,Aston Villa WFC,99,0.179397,0.006407,-0.079729,-0.000805,-0.077157
WSL_2020-2021,G. Moloney,Reading WFC,1372,1.973981,0.002853,1.624232,0.001184,1.538746
WSL_2020-2021,G. Reiten,Manchester United WFC,722,2.055872,0.008426,-0.63967,-0.000886,-0.61245
WSL_2020-2021,G. Stanway,West Ham United WFC,1439,-0.972284,-0.001449,-1.417386,-0.000985,-1.301681
WSL_2020-2021,G. Wilson,Everton FC,12,0.007892,0.007892,-0.005765,-0.00048,-0.027309
WSL_2020-2021,H. Blundell,Manchester United WFC,571,0.720224,0.002052,-0.106626,-0.000187,-0.102089
WSL_2020-2021,H. Cissoko,Manchester City WFC,512,1.11642,0.009461,-0.62758,-0.001226,-0.58229
WSL_2020-2021,H. Godfrey,Brighton & Hove Albion WFC,464,0.736321,0.00291,0.08661,0.000187,0.081197
WSL_2020-2021,H. Hampton,Aston Villa WFC,1363,2.995034,0.006612,2.675785,0.001963,2.384363
WSL_2020-2021,H. Ladd,Chelsea FC Women,852,1.32992,0.003715,-0.27619,-0.000324,-0.256259
WSL_2020-2021,H. Raso,Leicester City FC,1150,0.15107,0.000478,-0.931671,-0.00081,-0.873442
WSL_2020-2021,H. Scott,Aston Villa WFC,1330,3.246478,0.007918,0.157304,0.000118,0.141574
WSL_2020-2021,I. Christiansen,Leicester City FC,1825,5.82673,0.006562,0.387698,0.000212,0.363467
WSL_2020-2021,I. Kaagman,Tottenham Hotspur FCW,1284,1.712822,0.004137,-0.71227,-0.000555,-0.667753
WSL_2020-2021,I. Wold,Leicester City FC,1640,4.292665,0.005147,1.102402,0.000672,1.033502
WSL_2020-2021,Ivana Fuso,Chelsea FC Women,66,0.000228,1.1e-05,-0.134662,-0.00204,-0.30299
WSL_2020-2021,J. Andersson,Manchester United WFC,1634,2.896891,0.003733,-0.845515,-0.000517,-0.801014
WSL_2020-2021,J. Beattie,Liverpool FCW,707,2.984417,0.006005,0.571178,0.000808,0.519253
WSL_2020-2021,J. Carter,Manchester United WFC,363,-0.002207,-1.5e-05,-0.64913,-0.001788,-0.614965
WSL_2020-2021,J. Fishlock,Reading WFC,1346,3.435706,0.006803,0.824982,0.000613,0.765447
WSL_2020-2021,J. Fleming,Manchester United WFC,448,0.165084,0.000734,-0.516242,-0.001152,-0.483977
WSL_2020-2021,J. Fox,Manchester United WFC,12,-0.015095,-0.001887,0.026144,0.002179,0.261441
WSL_2020-2021,J. Green,Brighton & Hove Albion WFC,626,0.373396,0.001549,-0.092602,-0.000148,-0.086815
WSL_2020-2021,J. Groenen,Chelsea FC Women,1209,2.285854,0.004354,0.704015,0.000582,0.660014
WSL_2020-2021,J. Hutton,London City Lionesses LFC,822,1.454408,0.009264,-0.38459,-0.000468,-0.360553
WSL_2020-2021,J. Matthews,Everton FC,575,0.912172,0.004702,0.09832,0.000171,0.088488
WSL_2020-2021,J. Napier,Aston Villa WFC,711,0.020401,0.000141,-0.542842,-0.000763,-0.514271
WSL_2020-2021,J. Naz,Brighton & Hove Albion WFC,320,-0.24876,-0.002201,-0.17939,-0.000561,-0.168178
WSL_2020-2021,J. Nobbs,Liverpool FCW,930,-0.07346,-0.000133,-0.494818,-0.000532,-0.468775
WSL_2020-2021,J. Park,West Ham United WFC,124,-0.184951,-0.004203,-0.095965,-0.000774,-0.097043
WSL_2020-2021,J. Purfield,Everton FC,1729,4.737625,0.009974,-0.521836,-0.000302,-0.465003
WSL_2020-2021,J. Roord,Liverpool FCW,1007,-0.002745,-5e-06,-0.802731,-0.000797,-0.744802
WSL_2020-2021,J. Ross,Chelsea FC Women,186,-0.102261,-0.001763,-0.270226,-0.001453,-0.250726
WSL_2020-2021,J. Scott,West Ham United WFC,240,0.054904,0.000469,-0.12442,-0.000518,-0.119126
WSL_2020-2021,J. Scott,Leicester City FC,909,0.552779,0.001451,-0.100744,-0.000111,-0.096457
WSL_2020-2021,J. Sigsworth,Chelsea FC Women,356,-0.536989,-0.005536,-0.202446,-0.000569,-0.187837
WSL_2020-2021,J. Sonis,West Ham United WFC,621,-1.327946,-0.004992,-0.812099,-0.001308,-0.753494
WSL_2020-2021,J. Woolley,Everton FC,2,0.0,,-0.009276,-0.004638,-0.278272
WSL_2020-2021,Jeon Ga-Eul,Reading WFC,73,0.202978,0.008119,0.031615,0.000433,0.029951
WSL_2020-2021,Ji So-Yun,Manchester United WFC,1485,3.53971,0.004322,0.777543,0.000524,0.744456
WSL_2020-2021,K. Bardsley,West Ham United WFC,32,0.031943,0.001229,0.020016,0.000625,0.023703
WSL_2020-2021,K. Barton,Tottenham Hotspur FCW,936,0.39197,0.001613,-1.07114,-0.001144,-1.004194
WSL_2020-2021,K. Benameur,West Ham United WFC,42,-0.010478,-0.000374,-0.0099,-0.000236,-0.009479
WSL_2020-2021,K. Dali,Manchester City WFC,1102,2.835985,0.007366,0.061613,5.6e-05,0.057762
WSL_2020-2021,K. Graham,Brighton & Hove Albion WFC,879,1.735327,0.005823,0.240942,0.000274,0.219038
WSL_2020-2021,K. Hanson,Chelsea FC Women,876,-0.06999,-0.000353,-0.842577,-0.000962,-0.789916
WSL_2020-2021,K. Harrop,Brighton & Hove Albion WFC,1160,2.063912,0.004031,-0.245447,-0.000212,-0.225411
WSL_2020-2021,K. Leine,Reading WFC,1073,2.516019,0.005542,0.189737,0.000177,0.177878
WSL_2020-2021,K. Little,Liverpool FCW,1037,0.275771,0.000475,-0.238467,-0.00023,-0.219
WSL_2020-2021,K. Longhurst,Manchester City WFC,890,1.278146,0.00415,0.019842,2.2e-05,0.018223
WSL_2020-2021,K. McCabe,Liverpool FCW,2156,4.814246,0.004385,-0.615846,-0.000286,-0.55986
WSL_2020-2021,K. Robinson,Tottenham Hotspur FCW,39,0.021882,0.002431,-0.103885,-0.002664,-0.146089
WSL_2020-2021,K. Skeels,Everton FC,530,1.324416,0.008278,0.213684,0.000403,0.202438
WSL_2020-2021,K. Smith,Chelsea FC Women,980,2.339449,0.005281,0.381212,0.000389,0.361148
WSL_2020-2021,K. Svitková,Manchester City WFC,817,2.095149,0.008622,-0.298331,-0.000365,-0.279685
WSL_2020-2021,K. Walsh,West Ham United WFC,1854,4.013223,0.003439,1.411741,0.000761,1.296497
WSL_2020-2021,K. Zelem,Chelsea FC Women,1415,4.273485,0.006257,0.559479,0.000395,0.524511
WSL_2020-2021,L. Bance,Tottenham Hotspur FCW,130,0.132628,0.004573,-0.056989,-0.000438,-0.054564
WSL_2020-2021,L. Bronze,West Ham United WFC,2124,6.31853,0.005547,1.106568,0.000521,1.005971
WSL_2020-2021,L. Bruton,Reading WFC,453,0.275287,0.002526,-0.589863,-0.001302,-0.558818
WSL_2020-2021,L. Coombs,West Ham United WFC,588,-0.293786,-0.000769,-0.130739,-0.000222,-0.125176
WSL_2020-2021,L. Evans,Liverpool FCW,433,1.610672,0.007527,0.301157,0.000696,0.279424
WSL_2020-2021,L. Galton,Chelsea FC Women,1022,1.606766,0.005465,-0.764674,-0.000748,-0.716882
WSL_2020-2021,L. Hemp,West Ham United WFC,892,1.225509,0.003915,-1.088359,-0.00122,-1.042045
WSL_2020-2021,L. Hope,Leicester City FC,898,0.573804,0.001894,-0.276827,-0.000308,-0.262257
WSL_2020-2021,L. James,Chelsea FC Women,322,0.465517,0.005351,-0.256302,-0.000796,-0.240283
WSL_2020-2021,L. Joel,Manchester City WFC,233,0.219727,0.002969,-0.168714,-0.000724,-0.161535
WSL_2020-2021,L. Kiernan,Manchester City WFC,136,0.001831,6.3e-05,0.03489,0.000257,0.033054
WSL_2020-2021,L. León,Brighton & Hove Albion WFC,150,0.283383,0.008097,0.041255,0.000275,0.038677
WSL_2020-2021,L. Le贸n,Brighton & Hove Albion WFC,4,0.0,,-0.004346,-0.001087,-0.035559
WSL_2020-2021,L. Maier,Liverpool FCW,563,1.372685,0.004973,-0.025862,-4.6e-05,-0.024501
WSL_2020-2021,L. Quinn,Brighton & Hove Albion WFC,466,0.249597,0.002046,-0.579329,-0.001243,-0.526663
WSL_2020-2021,L. Rafferty,Everton FC,354,0.749931,0.006944,0.228053,0.000644,0.203216
WSL_2020-2021,L. Staniforth,Chelsea FC Women,614,2.116915,0.008302,-0.04304,-7e-05,-0.04035
WSL_2020-2021,L. Vetterlein,Manchester City WFC,1146,3.283029,0.009829,-0.340529,-0.000297,-0.322607
WSL_2020-2021,L. Weiß,London City Lionesses LFC,1217,1.666127,0.004272,1.254358,0.001031,1.117745
WSL_2020-2021,L. Whipp,Aston Villa WFC,816,0.457816,0.001892,-0.131493,-0.000161,-0.116023
WSL_2020-2021,L. Williams,Liverpool FCW,484,0.492527,0.00144,0.456329,0.000943,0.441609
WSL_2020-2021,L. Williamson,Liverpool FCW,2293,9.100527,0.006533,2.60203,0.001135,2.365482
WSL_2020-2021,L. Woodham,Reading WFC,832,1.428037,0.004891,-0.448454,-0.000539,-0.416091
WSL_2020-2021,L. Wubben-Moy,Liverpool FCW,1428,4.786328,0.005565,0.580053,0.000406,0.549524
WSL_2020-2021,L. Wälti,Liverpool FCW,1759,4.793045,0.00453,1.235811,0.000703,1.123465
WSL_2020-2021,L. Ökvist,Chelsea FC Women,121,0.259529,0.007865,-0.101994,-0.000843,-0.101994
WSL_2020-2021,Lee Geum-Min,Tottenham Hotspur FCW,677,-0.088062,-0.000351,-0.558726,-0.000825,-0.529319
WSL_2020-2021,M. Arnold,Manchester City WFC,1301,2.622795,0.004769,1.317725,0.001013,1.222631
WSL_2020-2021,M. Barker,Manchester City WFC,35,-0.010536,-0.005268,-0.001934,-5.5e-05,-0.001832
WSL_2020-2021,M. Bartrip,Reading WFC,1596,5.4403,0.006878,0.745387,0.000467,0.691597
WSL_2020-2021,M. Bright,Manchester United WFC,2120,8.471545,0.006502,2.330839,0.001099,2.185162
WSL_2020-2021,M. Clémaron,Leicester City FC,444,0.72217,0.003506,0.188887,0.000425,0.178946
WSL_2020-2021,M. Connolly,Tottenham Hotspur FCW,887,1.861721,0.006697,0.10589,0.000119,0.102474
WSL_2020-2021,M. Davies,West Ham United WFC,60,-0.115429,-0.003724,-0.075278,-0.001255,-0.356578
WSL_2020-2021,M. Earps,Chelsea FC Women,1132,1.378568,0.002279,1.168557,0.001032,1.073165
WSL_2020-2021,M. Eriksson,Manchester United WFC,2069,8.829907,0.006904,1.290962,0.000624,1.210277
WSL_2020-2021,M. Ewers,London City Lionesses LFC,867,1.333066,0.004328,-0.006859,-8e-06,-0.006299
WSL_2020-2021,M. Finnigan,Leicester City FC,1805,4.381579,0.004201,0.80593,0.000446,0.75556
WSL_2020-2021,M. Green,Aston Villa WFC,504,0.293949,0.001661,0.054763,0.000109,0.052433
WSL_2020-2021,M. Gut,Liverpool FCW,618,0.969887,0.002665,-0.096409,-0.000156,-0.090384
WSL_2020-2021,M. Harris,Chelsea FC Women,378,-0.037469,-0.000198,-0.263483,-0.000697,-0.249615
WSL_2020-2021,M. Iwabuchi,London City Lionesses LFC,730,0.609042,0.003365,0.256393,0.000351,0.240369
WSL_2020-2021,M. Le Tissier,Tottenham Hotspur FCW,1771,6.833025,0.010138,0.563601,0.000318,0.528376
WSL_2020-2021,M. Leupolz,Manchester United WFC,1311,1.28429,0.001946,-0.181529,-0.000138,-0.170184
WSL_2020-2021,M. Mjelde,Manchester United WFC,1393,1.683035,0.002073,-0.037612,-2.7e-05,-0.035261
WSL_2020-2021,M. Pacheco,Manchester City WFC,969,1.93995,0.005843,0.108633,0.000112,0.099765
WSL_2020-2021,M. Pike,Leicester City FC,61,0.073194,0.003852,-0.067672,-0.001109,-0.253769
WSL_2020-2021,M. Pike,Everton FC,559,1.045006,0.008294,0.016199,2.9e-05,0.015346
WSL_2020-2021,M. Sargeant,Everton FC,156,0.329101,0.007836,-0.153621,-0.000985,-0.148665
WSL_2020-2021,M. Symonds,Tottenham Hotspur FCW,10,0.030112,0.030112,-0.015614,-0.001561,-0.063877
WSL_2020-2021,M. Thomas,Manchester City WFC,781,0.015139,8.9e-05,-0.973473,-0.001246,-0.912631
WSL_2020-2021,M. Turner,Chelsea FC Women,1869,5.805509,0.005336,0.088724,4.7e-05,0.083179
WSL_2020-2021,M. Walsh,Tottenham Hotspur FCW,909,1.853219,0.005009,1.134323,0.001248,1.063428
WSL_2020-2021,M. Zinsberger,Liverpool FCW,859,0.726785,0.001271,0.706388,0.000822,0.648724
WSL_2020-2021,M. Þórisdóttir,Chelsea FC Women,424,1.398647,0.006924,0.055228,0.00013,0.050719
WSL_2020-2021,M. Þórisdóttir,Manchester United WFC,74,-0.065181,-0.001516,-0.203003,-0.002743,-0.196454
WSL_2020-2021,N. Charles,Manchester United WFC,726,0.837133,0.002448,-0.081079,-0.000112,-0.077629
WSL_2020-2021,N. Haigh,London City Lionesses LFC,990,2.837809,0.007971,-0.158527,-0.00016,-0.148619
WSL_2020-2021,N. Hanssen,London City Lionesses LFC,502,0.386032,0.002475,-0.29075,-0.000579,-0.281371
WSL_2020-2021,N. Harding,Reading WFC,1195,1.075967,0.00271,-1.153031,-0.000965,-1.04821
WSL_2020-2021,N. Heroum,Tottenham Hotspur FCW,239,0.3983,0.004283,-0.14778,-0.000618,-0.141492
WSL_2020-2021,N. Layzell,Everton FC,157,0.215692,0.004402,-0.038091,-0.000243,-0.037263
WSL_2020-2021,N. Maritz,Liverpool FCW,891,0.549681,0.001051,-0.032465,-3.6e-05,-0.031083
WSL_2020-2021,N. Sørensen,Leicester City FC,977,1.103824,0.003504,-0.947442,-0.00097,-0.897577
WSL_2020-2021,Nor Mustafa,Manchester City WFC,78,-0.062828,-0.004189,-0.130967,-0.001679,-0.471483
WSL_2020-2021,O. McLoughlin,London City Lionesses LFC,420,0.571896,0.005152,-0.026531,-6.3e-05,-0.024873
WSL_2020-2021,Ona Batlle,Chelsea FC Women,1933,4.827303,0.005253,1.267723,0.000656,1.18849
WSL_2020-2021,P. Harder,Manchester United WFC,1033,2.884489,0.008171,0.023874,2.3e-05,0.022382
WSL_2020-2021,P. Pattinson,Leicester City FC,688,0.828221,0.002572,0.004235,6e-06,0.004012
WSL_2020-2021,R. Ayane,Brighton & Hove Albion WFC,630,0.494529,0.002763,-0.483695,-0.000768,-0.444209
WSL_2020-2021,R. Corsie,Aston Villa WFC,497,1.111944,0.00492,0.204859,0.000412,0.182548
WSL_2020-2021,R. Daly,Manchester City WFC,694,2.139246,0.007779,0.078318,0.000113,0.073423
WSL_2020-2021,R. Dean,Brighton & Hove Albion WFC,431,-0.008293,-6.1e-05,-0.40603,-0.000942,-0.38466
WSL_2020-2021,R. Grant,Manchester City WFC,143,0.030818,0.000593,-0.069272,-0.000484,-0.064943
WSL_2020-2021,R. Holloway,Aston Villa WFC,1493,3.224794,0.008164,-0.908689,-0.000609,-0.809723
WSL_2020-2021,R. Jarrett,Tottenham Hotspur FCW,411,-0.148522,-0.001188,0.036664,8.9e-05,0.034372
WSL_2020-2021,R. Lavelle,West Ham United WFC,527,0.200194,0.000931,-0.387476,-0.000735,-0.355846
WSL_2020-2021,R. Littlejohn,Aston Villa WFC,508,-0.133018,-0.001177,-0.117038,-0.00023,-0.112058
WSL_2020-2021,R. Mace,Aston Villa WFC,609,1.120544,0.005688,-0.166105,-0.000273,-0.155723
WSL_2020-2021,R. Mace,Liverpool FCW,36,0.026752,0.001163,0.00186,5.2e-05,0.0093
WSL_2020-2021,R. Percival,Brighton & Hove Albion WFC,1169,1.915731,0.004594,0.237403,0.000203,0.218023
WSL_2020-2021,R. Petzelberger,London City Lionesses LFC,565,0.189718,0.000925,0.118115,0.000209,0.110733
WSL_2020-2021,R. Rowe,Reading WFC,1023,1.234676,0.003664,-0.708853,-0.000693,-0.644412
WSL_2020-2021,R. Sevecke,Leicester City FC,1792,5.270479,0.005213,0.714068,0.000398,0.676486
WSL_2020-2021,R. Spencer,Brighton & Hove Albion WFC,944,0.621879,0.001298,1.068507,0.001132,0.991398
WSL_2020-2021,R. Stott,Tottenham Hotspur FCW,358,1.483758,0.009047,0.440878,0.001232,0.417674
WSL_2020-2021,R. Williams,Brighton & Hove Albion WFC,392,-0.17252,-0.001513,0.146725,0.000374,0.139002
WSL_2020-2021,S. Baggaley,Everton FC,1393,3.357219,0.008208,2.404517,0.001726,2.142639
WSL_2020-2021,S. Catley,Liverpool FCW,218,0.684614,0.005851,0.124009,0.000569,0.120009
WSL_2020-2021,S. Hayles,London City Lionesses LFC,411,0.234488,0.002212,0.024966,6.1e-05,0.023903
WSL_2020-2021,S. Haywood,London City Lionesses LFC,272,-0.057688,-0.000874,-0.330479,-0.001215,-0.300436
WSL_2020-2021,S. Houghton,West Ham United WFC,1686,7.608134,0.006616,2.396496,0.001421,2.294517
WSL_2020-2021,S. Ingle,Manchester United WFC,1105,4.879037,0.007998,1.477066,0.001337,1.399326
WSL_2020-2021,S. Kerr,Manchester United WFC,1012,0.990961,0.002941,-1.735948,-0.001715,-1.627451
WSL_2020-2021,S. MacIver,Leicester City FC,1151,1.258414,0.001969,1.342632,0.001166,1.271967
WSL_2020-2021,S. Magill,Leicester City FC,442,-0.343533,-0.002961,-0.418333,-0.000946,-0.392187
WSL_2020-2021,S. Mayling,Aston Villa WFC,1322,3.916407,0.010172,0.218361,0.000165,0.194579
WSL_2020-2021,S. Mewis,West Ham United WFC,953,1.706494,0.004701,-0.294401,-0.000309,-0.273156
WSL_2020-2021,S. Rogers,London City Lionesses LFC,77,0.101943,0.003288,0.060852,0.00079,0.060184
WSL_2020-2021,S. Sandbech,London City Lionesses LFC,1023,-0.555749,-0.002765,-0.468108,-0.000458,-0.438852
WSL_2020-2021,S. Worm,Brighton & Hove Albion WFC,1006,3.175613,0.007939,-0.246637,-0.000245,-0.231222
WSL_2020-2021,S. Zadorsky,Brighton & Hove Albion WFC,1454,4.211099,0.005563,0.416156,0.000286,0.370832
WSL_2020-2021,T. Bourne,Chelsea FC Women,1,0.0,,-0.000316,-0.000316,-0.028407
WSL_2020-2021,T. Heath,Chelsea FC Women,449,1.230956,0.00746,-0.027527,-6.1e-05,-0.026078
WSL_2020-2021,T. Korpela,Leicester City FC,308,0.097562,0.00045,0.126012,0.000409,0.12065
WSL_2020-2021,V. Gauvin,Leicester City FC,416,0.13746,0.001478,-0.891286,-0.002143,-0.853359
WSL_2020-2021,V. Miedema,Liverpool FCW,1231,0.580542,0.001262,-1.47645,-0.001199,-1.342228
WSL_2020-2021,V. Sarri,Aston Villa WFC,29,0.069875,0.023292,-0.067539,-0.002329,-0.159962
WSL_2020-2021,V. Schnaderbeck,Liverpool FCW,467,1.01942,0.003353,0.061792,0.000132,0.059799
WSL_2020-2021,V. Williams,Tottenham Hotspur FCW,1030,2.573265,0.006666,-0.020204,-2e-05,-0.019141
WSL_2020-2021,W. Kiszkis,Manchester City WFC,4,0.025499,0.025499,-0.006961,-0.00174,-0.208826
WSL_2020-2021,Y. Daniëls,Everton FC,1281,1.577173,0.005863,-0.402264,-0.000314,-0.358453
WSL_2020-2021,Z. Mušović,Manchester United WFC,89,0.13495,0.004089,0.059619,0.00067,0.058323
WSL_2021-2022,A. Addison,Brighton & Hove Albion WFC,281,0.126241,0.001661,-0.281773,-0.001003,-0.264162
WSL_2021-2022,A. Ale,Brighton & Hove Albion WFC,961,2.77177,0.006553,0.301019,0.000313,0.276446
WSL_2021-2022,A. Anvegård,Leicester City FC,602,-0.149786,-0.000936,-0.664169,-0.001103,-0.635906
WSL_2021-2022,A. Asante,London City Lionesses LFC,1196,2.904469,0.004948,-0.341037,-0.000285,-0.316426
WSL_2021-2022,A. Baker,Everton FC,33,0.014705,0.003676,0.058304,0.001767,0.218642
WSL_2021-2022,A. Berger,Manchester United WFC,707,1.359372,0.003486,0.684228,0.000968,0.641464
WSL_2021-2022,A. Cowie,Aston Villa WFC,229,0.313729,0.005317,0.017526,7.7e-05,0.017526
WSL_2021-2022,A. Eikeland,Reading WFC,812,-0.1564,-0.000644,-0.64063,-0.000789,-0.613369
WSL_2021-2022,A. Galli,Leicester City FC,1050,1.127956,0.002283,0.448069,0.000427,0.433615
WSL_2021-2022,A. Goncharenko,Manchester United WFC,69,-0.077427,-0.004302,-0.181158,-0.002625,-0.70888
WSL_2021-2022,A. Grant,Everton FC,24,-0.109776,-0.012197,-0.024467,-0.001019,-0.05121
WSL_2021-2022,A. Greenwood,West Ham United WFC,2600,14.346877,0.008514,2.993551,0.001151,2.749179
WSL_2021-2022,A. Hennessy,Liverpool FCW,9,-0.00392,-0.00392,-0.056244,-0.006249,-0.297764
WSL_2021-2022,A. Kennedy,West Ham United WFC,1383,5.098643,0.005339,1.221317,0.000883,1.144984
WSL_2021-2022,A. Leat,Manchester City WFC,295,0.426477,0.004101,0.284569,0.000965,0.275389
WSL_2021-2022,A. Lehmann,London City Lionesses LFC,1099,0.18209,0.000756,-0.852873,-0.000776,-0.799568
WSL_2021-2022,A. Leon,Manchester City WFC,575,1.425959,0.009141,-0.257174,-0.000447,-0.243638
WSL_2021-2022,A. Mannion,Chelsea FC Women,1041,4.268038,0.006088,1.442504,0.001386,1.366582
WSL_2021-2022,A. McManus,Everton FC,1145,2.910868,0.006014,0.490436,0.000428,0.4504
WSL_2021-2022,A. Neville,Brighton & Hove Albion WFC,2047,5.47352,0.007876,0.285577,0.00014,0.262265
WSL_2021-2022,A. Nouwen,Manchester United WFC,993,3.710553,0.005966,0.479064,0.000482,0.449123
WSL_2021-2022,A. Patten,Liverpool FCW,131,-0.127335,-0.001819,-0.119767,-0.000914,-0.112281
WSL_2021-2022,A. Patten,London City Lionesses LFC,450,1.723804,0.007871,0.206358,0.000459,0.195497
WSL_2021-2022,A. Plumptre,Everton FC,1304,3.285797,0.006888,-0.121189,-9.3e-05,-0.112443
WSL_2021-2022,A. Russo,Chelsea FC Women,1056,0.914323,0.003424,-1.375261,-0.001302,-1.289307
WSL_2021-2022,A. Stringer,Manchester City WFC,839,1.411311,0.004115,0.267618,0.000319,0.250892
WSL_2021-2022,A. Suttie,Aston Villa WFC,4,0.0,,-0.02317,-0.005792,-0.260661
WSL_2021-2022,A. Whelan,Tottenham Hotspur FCW,1013,0.678644,0.001996,-0.283834,-0.00028,-0.266094
WSL_2021-2022,B. Cairns,Manchester City WFC,3,0.0,,-0.018041,-0.006014,-0.811863
WSL_2021-2022,B. Chaplen,Reading WFC,347,0.17342,0.001562,-0.145178,-0.000418,-0.140495
WSL_2021-2022,B. England,Manchester United WFC,579,0.20439,0.001142,-0.72393,-0.00125,-0.678685
WSL_2021-2022,B. Mead,Liverpool FCW,1465,1.573701,0.002742,-2.002208,-0.001367,-1.87707
WSL_2021-2022,B. Roberts,Reading WFC,53,0.113902,0.008136,0.006023,0.000114,0.010842
WSL_2021-2022,C. Arthur,London City Lionesses LFC,605,0.197977,0.001047,-0.250692,-0.000414,-0.232601
WSL_2021-2022,C. Bott,Everton FC,41,-0.001259,-0.000114,-0.062743,-0.00153,-0.171119
WSL_2021-2022,C. Boye-Hlorkah,London City Lionesses LFC,654,-0.106177,-0.000748,-0.661148,-0.001011,-0.626351
WSL_2021-2022,C. Brosnan,Leicester City FC,248,0.050545,0.000358,0.202974,0.000818,0.188327
WSL_2021-2022,C. Devlin,Everton FC,175,0.507694,0.010802,0.079904,0.000457,0.143828
WSL_2021-2022,C. Emslie,Leicester City FC,730,0.329022,0.001306,-0.81625,-0.001118,-0.757345
WSL_2021-2022,C. Foord,Liverpool FCW,520,-0.220479,-0.001102,-0.704369,-0.001355,-0.660345
WSL_2021-2022,C. Harrison-Murray,Aston Villa WFC,882,1.179443,0.005435,0.370252,0.00042,0.350765
WSL_2021-2022,C. Jones,Chelsea FC Women,17,-0.038305,-0.009576,0.012571,0.000739,0.07071
WSL_2021-2022,C. Kelly,West Ham United WFC,186,0.337695,0.004221,-0.541872,-0.002913,-0.547961
WSL_2021-2022,C. Peplow,Reading WFC,561,0.60185,0.002839,0.390181,0.000696,0.373577
WSL_2021-2022,C. Sandvej,Aston Villa WFC,192,0.457632,0.006538,-0.111772,-0.000582,-0.107016
WSL_2021-2022,C. Scofield,Everton FC,12,0.011,0.011,-0.003309,-0.000276,-0.011029
WSL_2021-2022,C. Ubogagu,Brighton & Hove Albion WFC,371,0.10113,0.001087,-0.217813,-0.000587,-0.200032
WSL_2021-2022,C. Walker,Manchester City WFC,644,-0.033082,-0.000189,-0.676387,-0.00105,-0.634113
WSL_2021-2022,C. Weir,West Ham United WFC,1169,1.021113,0.001629,-0.260379,-0.000223,-0.244106
WSL_2021-2022,Cho So-Hyun,Brighton & Hove Albion WFC,409,0.396225,0.00281,-0.201883,-0.000494,-0.193293
WSL_2021-2022,D. Bowman,Tottenham Hotspur FCW,50,0.110805,0.006925,0.03307,0.000661,0.062006
WSL_2021-2022,D. Brynjarsdóttir,Manchester City WFC,1027,0.76233,0.002782,-0.307841,-0.0003,-0.288601
WSL_2021-2022,D. Caldwell,Chelsea FC Women,245,0.579967,0.005178,0.001144,5e-06,0.001073
WSL_2021-2022,D. Carter,Tottenham Hotspur FCW,843,-0.160262,-0.000646,0.031385,3.7e-05,0.03005
WSL_2021-2022,D. Cooper,Reading WFC,1162,3.334939,0.006364,0.893946,0.000769,0.855906
WSL_2021-2022,D. Kerkdijk,Tottenham Hotspur FCW,965,3.108975,0.006788,0.523834,0.000543,0.496263
WSL_2021-2022,D. Lambourne,Everton FC,880,1.428813,0.004669,0.915226,0.00104,0.867056
WSL_2021-2022,D. Rose,Reading WFC,869,0.437908,0.002654,-0.497243,-0.000572,-0.466165
WSL_2021-2022,D. Spence,Manchester United WFC,413,0.118139,0.000565,0.00786,1.9e-05,0.007526
WSL_2021-2022,D. Stokes,West Ham United WFC,1514,1.213213,0.001416,0.194967,0.000129,0.184705
WSL_2021-2022,D. Turner,Leicester City FC,1777,2.22743,0.003002,-0.522368,-0.000294,-0.470132
WSL_2021-2022,E. Boddy,Everton FC,12,0.043571,0.014524,0.007542,0.000629,0.042424
WSL_2021-2022,E. Brazil,Tottenham Hotspur FCW,647,0.414305,0.002328,-0.374584,-0.000579,-0.351172
WSL_2021-2022,E. Cuthbert,Manchester United WFC,1493,1.528705,0.002411,-0.251271,-0.000168,-0.235566
WSL_2021-2022,E. Gielnik,London City Lionesses LFC,491,-0.150562,-0.001141,-0.572495,-0.001166,-0.542364
WSL_2021-2022,E. Harries,Reading WFC,534,0.550262,0.004827,-0.170766,-0.00032,-0.1635
WSL_2021-2022,E. Koivisto,Tottenham Hotspur FCW,1516,1.846661,0.003376,0.241047,0.000159,0.228361
WSL_2021-2022,E. Kullberg,Tottenham Hotspur FCW,860,2.699174,0.007986,0.304739,0.000354,0.291772
WSL_2021-2022,E. Morgan,Everton FC,24,0.061677,0.006853,0.035442,0.001477,0.109992
WSL_2021-2022,E. Morgan,West Ham United WFC,106,0.247107,0.005372,-0.038746,-0.000366,-0.037098
WSL_2021-2022,E. N'Dow,London City Lionesses LFC,249,0.265854,0.004834,-0.328109,-0.001318,-0.301325
WSL_2021-2022,E. Ramsey,Aston Villa WFC,865,1.480984,0.005808,1.173641,0.001357,1.045819
WSL_2021-2022,E. Roebuck,West Ham United WFC,465,0.686346,0.001928,0.334378,0.000719,0.323592
WSL_2021-2022,E. Ryan-Doyle,Aston Villa WFC,162,-0.059965,-0.001363,0.060445,0.000373,0.057264
WSL_2021-2022,E. Simpkins,Tottenham Hotspur FCW,336,-0.066303,-0.000464,-0.13776,-0.00041,-0.130509
WSL_2021-2022,E. Snerle,Manchester City WFC,272,0.392966,0.003891,-0.178774,-0.000657,-0.171166
WSL_2021-2022,E. Summanen,Brighton & Hove Albion WFC,612,0.607218,0.0024,0.153883,0.000251,0.144265
WSL_2021-2022,E. Toone,Chelsea FC Women,1486,2.673424,0.004434,-0.760214,-0.000512,-0.720203
WSL_2021-2022,E. Whelan,Aston Villa WFC,284,-0.041231,-0.000896,-0.180044,-0.000634,-0.160435
WSL_2021-2022,E. White,West Ham United WFC,589,-1.439612,-0.005852,-0.967041,-0.001642,-0.906601
WSL_2021-2022,E. de Graaf,Everton FC,1288,1.089718,0.003027,-0.543371,-0.000422,-0.50941
WSL_2021-2022,F. Angeldahl,West Ham United WFC,565,0.694831,0.002324,-0.21193,-0.000375,-0.205094
WSL_2021-2022,F. Bryson,Reading WFC,1587,3.706443,0.007533,-0.447666,-0.000282,-0.419687
WSL_2021-2022,F. Gibbons,Tottenham Hotspur FCW,875,1.719006,0.005339,-0.456454,-0.000522,-0.43243
WSL_2021-2022,F. Gregory,Everton FC,352,0.080092,0.001001,-0.486279,-0.001381,-0.465587
WSL_2021-2022,F. Gregory,London City Lionesses LFC,63,0.076956,0.00592,-0.06846,-0.001087,-0.067707
WSL_2021-2022,F. Kirby,Manchester United WFC,688,0.933481,0.002863,0.006755,1e-05,0.0064
WSL_2021-2022,F. Maanum,Liverpool FCW,764,1.063838,0.002891,-0.058049,-7.6e-05,-0.05386
WSL_2021-2022,G. Brougham,Everton FC,395,0.799052,0.006053,-0.14362,-0.000364,-0.133255
WSL_2021-2022,G. Clinton,Leicester City FC,175,0.168542,0.003064,-0.025422,-0.000145,-0.024602
WSL_2021-2022,G. Davison,London City Lionesses LFC,39,0.139635,0.008727,0.090699,0.002326,0.214813
WSL_2021-2022,G. Evans,Reading WFC,1605,4.331523,0.00702,0.25108,0.000156,0.235388
WSL_2021-2022,G. Fisk,Manchester City WFC,1297,3.529842,0.006383,0.390203,0.000301,0.365815
WSL_2021-2022,G. Flaherty,Manchester City WFC,1222,3.898633,0.0076,0.31893,0.000261,0.302144
WSL_2021-2022,G. Garrad,Manchester City WFC,6,0.016721,0.008361,0.004258,0.00071,0.047897
WSL_2021-2022,G. George,Leicester City FC,1950,4.64282,0.004561,0.125049,6.4e-05,0.112544
WSL_2021-2022,G. Lawley,Aston Villa WFC,891,1.680021,0.007336,-0.551211,-0.000619,-0.491178
WSL_2021-2022,G. Moloney,Reading WFC,1155,2.454548,0.00452,1.635506,0.001416,1.549427
WSL_2021-2022,G. Reiten,Manchester United WFC,1225,3.524335,0.007612,-0.864422,-0.000706,-0.836538
WSL_2021-2022,G. Stanway,West Ham United WFC,1691,1.930779,0.002106,-0.31743,-0.000188,-0.291518
WSL_2021-2022,H. Bennison,Leicester City FC,769,1.281315,0.004229,0.036942,4.8e-05,0.033247
WSL_2021-2022,H. Blundell,Chelsea FC Women,1675,3.322642,0.003828,0.482101,0.000288,0.44731
WSL_2021-2022,H. Cain,Everton FC,208,0.460157,0.007799,-0.156939,-0.000755,-0.151877
WSL_2021-2022,H. Cissoko,Manchester City WFC,1090,1.908576,0.00447,-0.9561,-0.000877,-0.905779
WSL_2021-2022,H. Hampton,London City Lionesses LFC,1371,3.405671,0.008266,2.613404,0.001906,2.475856
WSL_2021-2022,H. Houssein,Liverpool FCW,2,-0.006528,-0.006528,-0.015966,-0.007983,-0.205279
WSL_2021-2022,H. Houssein,Manchester City WFC,33,-0.035025,-0.004378,-0.026578,-0.000805,-0.217453
WSL_2021-2022,H. Ladd,Chelsea FC Women,903,2.065416,0.0045,0.261055,0.000289,0.244739
WSL_2021-2022,H. Raso,West Ham United WFC,408,0.478633,0.003799,-0.703363,-0.001724,-0.673432
WSL_2021-2022,H. Scott,Aston Villa WFC,1144,1.910965,0.006682,-0.351932,-0.000308,-0.333409
WSL_2021-2022,I. Christiansen,Leicester City FC,1458,2.013409,0.002952,0.411143,0.000282,0.366365
WSL_2021-2022,I. Kaagman,Tottenham Hotspur FCW,947,1.445148,0.004447,-0.82374,-0.00087,-0.788687
WSL_2021-2022,I. Lane,Brighton & Hove Albion WFC,18,0.003291,0.001645,-0.014846,-0.000825,-0.046074
WSL_2021-2022,Ivana Fuso,Chelsea FC Women,59,-0.02068,-0.001379,0.016414,0.000278,0.059091
WSL_2021-2022,J. Andersson,Manchester United WFC,960,1.235076,0.002769,-0.984386,-0.001025,-0.922862
WSL_2021-2022,J. Beattie,Liverpool FCW,547,2.900037,0.00843,0.603294,0.001103,0.571541
WSL_2021-2022,J. Blakstad,West Ham United WFC,380,-0.119693,-0.000623,-0.23575,-0.00062,-0.225718
WSL_2021-2022,J. Carter,Manchester United WFC,1719,3.238163,0.003427,-0.238772,-0.000139,-0.223849
WSL_2021-2022,J. Finn,Aston Villa WFC,988,2.200224,0.007943,0.338781,0.000343,0.301884
WSL_2021-2022,J. Fleming,Manchester United WFC,771,1.473195,0.004221,-0.377098,-0.000489,-0.346315
WSL_2021-2022,J. Fox,Manchester United WFC,14,0.009433,0.003144,-0.032801,-0.002343,-0.421721
WSL_2021-2022,J. Green,Brighton & Hove Albion WFC,378,-0.168376,-0.001066,-0.09977,-0.000264,-0.095524
WSL_2021-2022,J. Groenen,Chelsea FC Women,832,1.259045,0.003322,-0.032911,-4e-05,-0.030854
WSL_2021-2022,J. Hutton,London City Lionesses LFC,69,0.180257,0.012017,-0.018384,-0.000266,-0.017417
WSL_2021-2022,J. Moore,Chelsea FC Women,32,-0.000718,-0.000103,-0.002127,-6.6e-05,-0.006836
WSL_2021-2022,J. Naz,Brighton & Hove Albion WFC,839,0.170353,0.000633,-0.405008,-0.000483,-0.371946
WSL_2021-2022,J. Nobbs,Liverpool FCW,528,0.280641,0.000939,-0.234138,-0.000443,-0.217242
WSL_2021-2022,J. Park,West Ham United WFC,421,0.287385,0.00201,-0.41321,-0.000981,-0.383391
WSL_2021-2022,J. Pennock,Aston Villa WFC,780,-0.259613,-0.001492,-0.146638,-0.000188,-0.13892
WSL_2021-2022,J. Purfield,Everton FC,1421,5.461842,0.012643,0.476065,0.000335,0.44171
WSL_2021-2022,J. Scott,West Ham United WFC,509,1.225604,0.00383,-0.088356,-0.000174,-0.083706
WSL_2021-2022,J. Scott,London City Lionesses LFC,496,-0.110638,-0.000605,-0.138786,-0.00028,-0.130112
WSL_2021-2022,J. Sigsworth,Everton FC,577,-0.101723,-0.00096,-0.224037,-0.000388,-0.205748
WSL_2021-2022,J. Sonis,West Ham United WFC,444,0.226887,0.001268,-0.596309,-0.001343,-0.570934
WSL_2021-2022,J. Vanhaevermaet,Reading WFC,1231,1.785298,0.003807,0.211166,0.000172,0.197968
WSL_2021-2022,J. Zigiotti Olme,Tottenham Hotspur FCW,346,0.488664,0.003702,-0.099511,-0.000288,-0.095276
WSL_2021-2022,Jeon Ga-Eul,Reading WFC,19,-0.027154,-0.009051,-0.065874,-0.003467,-0.247026
WSL_2021-2022,Ji So-Yun,Manchester United WFC,680,1.362448,0.003323,0.522296,0.000768,0.484604
WSL_2021-2022,K. Barton,Tottenham Hotspur FCW,602,-0.393434,-0.002342,-0.814653,-0.001353,-0.763737
WSL_2021-2022,K. Benameur,West Ham United WFC,465,0.379692,0.001194,0.429591,0.000924,0.402741
WSL_2021-2022,K. Dali,Leicester City FC,1105,0.414828,0.00089,0.122333,0.000111,0.109009
WSL_2021-2022,K. Graham,Brighton & Hove Albion WFC,444,0.937442,0.006744,-0.04274,-9.6e-05,-0.039656
WSL_2021-2022,K. Hanson,Chelsea FC Women,558,0.423408,0.00263,-0.0218,-3.9e-05,-0.020438
WSL_2021-2022,K. Harrop,Brighton & Hove Albion WFC,1343,3.13973,0.00508,0.012251,9e-06,0.011251
WSL_2021-2022,K. Keating,West Ham United WFC,80,0.033736,0.000767,0.064706,0.000809,0.060037
WSL_2021-2022,K. Levell,Everton FC,467,0.887774,0.005102,0.62421,0.001337,0.579164
WSL_2021-2022,K. Little,Liverpool FCW,1464,0.533288,0.000654,-0.050179,-3.4e-05,-0.046558
WSL_2021-2022,K. Longhurst,Manchester City WFC,1614,4.386664,0.007251,0.093505,5.8e-05,0.087661
WSL_2021-2022,K. McCabe,Liverpool FCW,1362,2.501809,0.003909,-0.832752,-0.000611,-0.764772
WSL_2021-2022,K. Robinson,Tottenham Hotspur FCW,96,-0.09381,-0.004264,-0.141979,-0.001479,-0.137399
WSL_2021-2022,K. Shaw,West Ham United WFC,434,0.02807,0.000195,-0.882367,-0.002033,-0.810337
WSL_2021-2022,K. Simon,Brighton & Hove Albion WFC,558,0.093236,0.000478,-0.530831,-0.000951,-0.513708
WSL_2021-2022,K. Smith,Chelsea FC Women,179,0.055601,0.000647,-0.169924,-0.000949,-0.242749
WSL_2021-2022,K. Startup,Tottenham Hotspur FCW,129,0.276735,0.005221,0.105601,0.000819,0.102195
WSL_2021-2022,K. Svitková,Manchester City WFC,1536,3.64413,0.008134,-0.594391,-0.000387,-0.563108
WSL_2021-2022,K. Walsh,West Ham United WFC,1368,2.198973,0.002449,1.146743,0.000838,1.075072
WSL_2021-2022,K. Zelem,Chelsea FC Women,1907,3.672072,0.004182,-1.36187,-0.000714,-1.276753
WSL_2021-2022,L. Bance,Tottenham Hotspur FCW,55,0.000823,3.4e-05,0.020704,0.000376,0.021667
WSL_2021-2022,L. Blindkilde Brown,London City Lionesses LFC,395,-0.277964,-0.001544,-0.250793,-0.000635,-0.240121
WSL_2021-2022,L. Bronze,West Ham United WFC,1415,2.917955,0.003844,0.070864,5e-05,0.066435
WSL_2021-2022,L. Coombs,West Ham United WFC,536,0.996286,0.003224,0.095689,0.000179,0.087877
WSL_2021-2022,L. Evans,Manchester City WFC,590,0.663206,0.002961,-0.291934,-0.000495,-0.282517
WSL_2021-2022,L. Galton,Chelsea FC Women,1051,0.058775,0.000151,-0.820006,-0.00078,-0.768756
WSL_2021-2022,L. Hemp,West Ham United WFC,1282,0.944679,0.002152,-1.694382,-0.001322,-1.588483
WSL_2021-2022,L. Hope,Leicester City FC,728,1.068456,0.003972,-0.050556,-6.9e-05,-0.047396
WSL_2021-2022,L. James,Manchester United WFC,150,0.058531,0.001104,-0.151863,-0.001012,-0.440893
WSL_2021-2022,L. Joel,Manchester City WFC,106,-0.118267,-0.007884,-0.167226,-0.001578,-0.396061
WSL_2021-2022,L. Jones,Aston Villa WFC,39,0.060433,0.007554,0.032153,0.000824,0.044519
WSL_2021-2022,L. Maier,Leicester City FC,932,1.506234,0.003296,0.788505,0.000846,0.739223
WSL_2021-2022,L. Parker,Manchester City WFC,743,1.813967,0.006924,0.155503,0.000209,0.147319
WSL_2021-2022,L. Paul,Everton FC,51,0.013854,0.001539,-0.045572,-0.000894,-0.044581
WSL_2021-2022,L. Quinn,Aston Villa WFC,2021,2.903862,0.005831,-0.071919,-3.6e-05,-0.064086
WSL_2021-2022,L. Robertson,Aston Villa WFC,831,1.252958,0.006082,0.014876,1.8e-05,0.013256
WSL_2021-2022,L. Smith,Aston Villa WFC,585,0.462277,0.003255,-0.246346,-0.000421,-0.226236
WSL_2021-2022,L. Staniforth,Chelsea FC Women,457,0.61615,0.003128,0.023978,5.2e-05,0.02248
WSL_2021-2022,L. Whipp,Aston Villa WFC,240,0.340051,0.005232,0.137429,0.000573,0.127512
WSL_2021-2022,L. Wienroither,Liverpool FCW,330,0.200086,0.00117,-0.125187,-0.000379,-0.116153
WSL_2021-2022,L. Williams,Liverpool FCW,102,0.189067,0.002251,0.046612,0.000457,0.045108
WSL_2021-2022,L. Williamson,Liverpool FCW,1555,8.866352,0.008779,3.314169,0.002131,3.107033
WSL_2021-2022,L. Woodham,Reading WFC,1566,3.417912,0.006158,-0.597447,-0.000382,-0.560107
WSL_2021-2022,L. Worsey,Aston Villa WFC,17,-0.036851,-0.009213,-0.0029,-0.000171,-0.016313
WSL_2021-2022,L. Wubben-Moy,Liverpool FCW,1418,8.08118,0.008017,1.936453,0.001366,1.815424
WSL_2021-2022,L. Wälti,Liverpool FCW,1527,3.414905,0.003854,0.65386,0.000428,0.600484
WSL_2021-2022,Lee Geum-Min,Tottenham Hotspur FCW,680,0.235842,0.000873,0.041659,6.1e-05,0.039886
WSL_2021-2022,M. Arnold,Manchester City WFC,1229,2.167222,0.004275,1.473945,0.001199,1.381824
WSL_2021-2022,M. Bartrip,Brighton & Hove Albion WFC,1637,5.284503,0.005865,0.856587,0.000523,0.794771
WSL_2021-2022,M. Bright,Manchester United WFC,2281,10.074628,0.007714,2.477906,0.001086,2.299088
WSL_2021-2022,M. Clémaron,Brighton & Hove Albion WFC,1520,2.764983,0.004133,0.147901,9.7e-05,0.135828
WSL_2021-2022,M. Connolly,Tottenham Hotspur FCW,926,2.468426,0.006582,-0.076403,-8.3e-05,-0.072382
WSL_2021-2022,M. Earps,Chelsea FC Women,1107,1.930741,0.00297,1.436155,0.001297,1.332515
WSL_2021-2022,M. Eriksson,Manchester United WFC,1393,4.914236,0.006,0.759904,0.000546,0.719909
WSL_2021-2022,M. Ewers,London City Lionesses LFC,116,0.238259,0.006109,0.03179,0.000274,0.030764
WSL_2021-2022,M. Filis,Manchester City WFC,217,0.03686,0.00055,-0.249616,-0.00115,-0.236479
WSL_2021-2022,M. Finnigan,Leicester City FC,844,2.170415,0.004812,0.336683,0.000399,0.322356
WSL_2021-2022,M. Goodwin,Everton FC,164,0.36145,0.008406,0.004904,3e-05,0.004696
WSL_2021-2022,M. Harris,Chelsea FC Women,21,0.217098,0.019736,0.074376,0.003542,0.478128
WSL_2021-2022,M. Hourihan,Aston Villa WFC,420,0.821085,0.006958,0.52175,0.001242,0.49429
WSL_2021-2022,M. Iwabuchi,Liverpool FCW,413,0.010937,5.6e-05,-0.273246,-0.000662,-0.258864
WSL_2021-2022,M. Le Tissier,Tottenham Hotspur FCW,1867,6.874102,0.009129,1.011386,0.000542,0.958155
WSL_2021-2022,M. Leupolz,Manchester United WFC,334,0.387408,0.002334,0.220266,0.000659,0.21316
WSL_2021-2022,M. Mjelde,Manchester United WFC,82,0.240984,0.003887,0.045401,0.000554,0.127691
WSL_2021-2022,M. Pacheco,London City Lionesses LFC,1975,5.931357,0.007451,0.414003,0.00021,0.392214
WSL_2021-2022,M. Pike,Everton FC,822,1.446692,0.00643,0.040873,5e-05,0.037924
WSL_2021-2022,M. Robinson,Everton FC,4,0.013809,0.013809,0.003696,0.000924,0.022177
WSL_2021-2022,M. Sargeant,London City Lionesses LFC,469,1.177751,0.00658,0.148548,0.000317,0.140729
WSL_2021-2022,M. Smith,Everton FC,51,0.021732,0.002173,-0.05368,-0.001053,-0.102791
WSL_2021-2022,M. Symonds,Tottenham Hotspur FCW,360,0.165575,0.001368,-0.015008,-4.2e-05,-0.01407
WSL_2021-2022,M. Thomas,Chelsea FC Women,557,0.271244,0.001897,-0.192188,-0.000345,-0.180176
WSL_2021-2022,M. Turner,Chelsea FC Women,344,0.908354,0.004002,0.028583,8.3e-05,0.027367
WSL_2021-2022,M. Walsh,Tottenham Hotspur FCW,1344,2.757672,0.004763,1.675463,0.001247,1.570747
WSL_2021-2022,M. Zinsberger,Liverpool FCW,1014,1.60477,0.00236,1.054871,0.00104,0.968759
WSL_2021-2022,M. Þórisdóttir,Chelsea FC Women,1377,4.678537,0.005907,0.747287,0.000543,0.707956
WSL_2021-2022,N. Björn,Leicester City FC,1167,3.164686,0.005163,0.667821,0.000572,0.589254
WSL_2021-2022,N. Charles,Manchester United WFC,1004,0.655753,0.001487,-0.645598,-0.000643,-0.599008
WSL_2021-2022,N. Dowie,Reading WFC,517,-0.177411,-0.001207,-0.696094,-0.001346,-0.659458
WSL_2021-2022,N. Flint,Everton FC,784,-0.764056,-0.004,-0.252651,-0.000322,-0.23686
WSL_2021-2022,N. Haigh,London City Lionesses LFC,2,0.0,,-0.007623,-0.003812,-0.137216
WSL_2021-2022,N. Harding,Reading WFC,1151,2.502982,0.006289,0.032576,2.8e-05,0.03054
WSL_2021-2022,N. Maritz,Liverpool FCW,1431,0.747837,0.000895,-0.610558,-0.000427,-0.578424
WSL_2021-2022,N. Parris,Liverpool FCW,370,-0.546321,-0.005304,-0.579401,-0.001566,-0.537589
WSL_2021-2022,N. Sørensen,Leicester City FC,73,0.069212,0.002662,-0.055748,-0.000764,-0.054537
WSL_2021-2022,O. Babajide,Tottenham Hotspur FCW,71,-0.073589,-0.004088,-0.082851,-0.001167,-0.080179
WSL_2021-2022,O. McLoughlin,London City Lionesses LFC,258,0.166144,0.002077,-0.156219,-0.000606,-0.144945
WSL_2021-2022,Ona Batlle,Chelsea FC Women,2050,3.565256,0.003558,0.688134,0.000336,0.645126
WSL_2021-2022,P. Bailey-Gayle,Everton FC,206,0.106236,0.002043,-0.066481,-0.000323,-0.062982
WSL_2021-2022,P. Harder,Manchester United WFC,801,1.829458,0.007289,-0.297439,-0.000371,-0.275974
WSL_2021-2022,P. Pattinson,Leicester City FC,762,1.579769,0.005808,0.030505,4e-05,0.027183
WSL_2021-2022,R. Allen,London City Lionesses LFC,982,0.250832,0.000642,0.179536,0.000183,0.16658
WSL_2021-2022,R. Ayane,Brighton & Hove Albion WFC,526,-0.206841,-0.001361,-0.471499,-0.000896,-0.437473
WSL_2021-2022,R. Corsie,London City Lionesses LFC,399,1.259062,0.006024,0.212053,0.000531,0.200892
WSL_2021-2022,R. Holloway,Aston Villa WFC,1272,4.038891,0.012701,0.062037,4.9e-05,0.054738
WSL_2021-2022,R. Littlejohn,London City Lionesses LFC,695,0.472957,0.001546,0.016691,2.4e-05,0.015648
WSL_2021-2022,R. Mace,West Ham United WFC,323,0.572628,0.002807,0.125852,0.00039,0.121793
WSL_2021-2022,R. Percival,Brighton & Hove Albion WFC,1194,2.560105,0.006081,-0.139992,-0.000117,-0.131243
WSL_2021-2022,R. Petzelberger,London City Lionesses LFC,1042,-0.185996,-0.000467,-0.839066,-0.000805,-0.803361
WSL_2021-2022,R. Rowe,Reading WFC,644,0.701135,0.003577,0.030153,4.7e-05,0.028268
WSL_2021-2022,R. Sevecke,Leicester City FC,967,2.444142,0.005302,0.330122,0.000341,0.300111
WSL_2021-2022,R. Spencer,Brighton & Hove Albion WFC,569,1.146069,0.003627,1.105111,0.001942,1.004646
WSL_2021-2022,R. Stewart,Reading WFC,124,0.132747,0.002107,0.10723,0.000865,0.104899
WSL_2021-2022,R. Williams,Brighton & Hove Albion WFC,1169,-0.319309,-0.000773,-1.040294,-0.00089,-0.955372
WSL_2021-2022,Rafaelle,Liverpool FCW,456,1.433379,0.005175,0.141197,0.00031,0.132372
WSL_2021-2022,S. Barker,Everton FC,362,0.294309,0.001863,-0.183998,-0.000508,-0.172498
WSL_2021-2022,S. Blackstenius,Liverpool FCW,266,-0.382731,-0.003827,-0.629489,-0.002367,-0.584062
WSL_2021-2022,S. Boye,Liverpool FCW,194,0.670868,0.005201,0.13431,0.000692,0.127241
WSL_2021-2022,S. Bruun,Chelsea FC Women,102,0.072472,0.002265,0.047329,0.000464,0.044838
WSL_2021-2022,S. Catley,Liverpool FCW,1352,2.987903,0.00389,-0.176536,-0.000131,-0.163797
WSL_2021-2022,S. Ewens,Aston Villa WFC,168,-0.123298,-0.004567,-0.364289,-0.002168,-0.352538
WSL_2021-2022,S. Harris,Everton FC,53,0.096178,0.004372,0.042733,0.000806,0.042733
WSL_2021-2022,S. Hayles,London City Lionesses LFC,223,-0.001302,-3e-05,-0.28761,-0.00129,-0.275371
WSL_2021-2022,S. Houghton,West Ham United WFC,439,2.161836,0.007304,0.771597,0.001758,0.708609
WSL_2021-2022,S. Howard,Everton FC,1214,2.508853,0.006256,-0.14757,-0.000122,-0.13692
WSL_2021-2022,S. Ingle,Manchester United WFC,1147,3.616315,0.005871,0.991738,0.000865,0.929755
WSL_2021-2022,S. Kerr,Manchester United WFC,998,-0.307555,-0.000952,-1.405075,-0.001408,-1.290375
WSL_2021-2022,S. MacIver,Leicester City FC,1071,0.704238,0.001299,0.758718,0.000708,0.682847
WSL_2021-2022,S. Magill,Leicester City FC,328,-0.211089,-0.002154,-0.266108,-0.000811,-0.252103
WSL_2021-2022,S. Mayling,London City Lionesses LFC,2011,6.523694,0.008114,1.154432,0.000574,1.071122
WSL_2021-2022,S. O’Brien,Everton FC,887,0.114086,0.000687,-0.596213,-0.000672,-0.564834
WSL_2021-2022,S. Rogers,London City Lionesses LFC,172,0.282091,0.005877,0.090234,0.000525,0.084595
WSL_2021-2022,S. Tierney,Everton FC,1078,1.997225,0.004871,0.651076,0.000604,0.604091
WSL_2021-2022,S. Troelsgaard,Reading WFC,522,0.28682,0.001648,0.203686,0.00039,0.199258
WSL_2021-2022,S. Zadorsky,Brighton & Hove Albion WFC,1322,4.118114,0.006365,0.2488,0.000188,0.23325
WSL_2021-2022,T. Duggan,Leicester City FC,968,0.098329,0.000269,-1.008028,-0.001041,-0.935283
WSL_2021-2022,T. Goldie,Liverpool FCW,9,0.025453,0.003636,0.003421,0.00038,0.038491
WSL_2021-2022,T. Heath,Liverpool FCW,271,0.1157,0.001157,-0.366658,-0.001353,-0.34736
WSL_2021-2022,T. Korpela,Brighton & Hove Albion WFC,588,0.705073,0.002319,0.953037,0.001621,0.902877
WSL_2021-2022,T. Primmer,Reading WFC,155,-0.113215,-0.002573,-0.136047,-0.000878,-0.128887
WSL_2021-2022,T. Yallop,Manchester City WFC,731,0.595853,0.002083,-0.094283,-0.000129,-0.08839
WSL_2021-2022,Tang Jiali,Brighton & Hove Albion WFC,174,-0.034224,-0.000552,-0.182154,-0.001047,-0.172567
WSL_2021-2022,V. Bøe Risa,Chelsea FC Women,499,0.243008,0.001227,-0.047043,-9.4e-05,-0.044567
WSL_2021-2022,V. Gauvin,Leicester City FC,157,-0.07822,-0.002058,-0.486879,-0.003101,-0.433853
WSL_2021-2022,V. Miedema,Liverpool FCW,1234,2.289221,0.005361,-0.726671,-0.000589,-0.688425
WSL_2021-2022,V. Sarri,Aston Villa WFC,1256,1.239231,0.004394,-0.351317,-0.00028,-0.32936
WSL_2021-2022,V. Schnaderbeck,Liverpool FCW,47,0.133636,0.00405,0.036666,0.00078,0.099997
WSL_2021-2022,V. Schnaderbeck,Brighton & Hove Albion WFC,174,0.422618,0.004402,0.017312,9.9e-05,0.016936
WSL_2021-2022,V. Williams,Tottenham Hotspur FCW,1317,3.242802,0.005659,-0.245973,-0.000187,-0.233027
WSL_2021-2022,Vicky Losada,West Ham United WFC,506,0.389064,0.001356,-0.054481,-0.000108,-0.051613
WSL_2021-2022,Y. Hasegawa,Manchester City WFC,1121,3.608716,0.007879,1.038182,0.000926,0.994004
WSL_2021-2022,Z. Mušović,Manchester United WFC,388,0.552112,0.0024,0.337176,0.000869,0.316102
WSL_2021-2022,Z. Wyne,Manchester City WFC,824,1.87532,0.006251,0.117116,0.000142,0.109797
WSL_2022-2023,A. Ale,Brighton & Hove Albion WFC,813,1.421052,0.003663,0.099735,0.000123,0.091593
WSL_2022-2023,A. Baker,Everton FC,102,-0.010893,-0.000545,-0.036182,-0.000355,-0.033571
WSL_2022-2023,A. Beever-Jones,Leicester City FC,554,0.108125,0.000716,-0.544035,-0.000982,-0.494577
WSL_2022-2023,A. Berger,Manchester United WFC,712,0.809838,0.001792,1.035256,0.001454,0.960547
WSL_2022-2023,A. Clarke,Leicester City FC,9,0.006845,0.006845,-0.005882,-0.000654,-0.058816
WSL_2022-2023,A. Claypole,Manchester United WFC,1,0.0,,-0.00417,-0.00417,-0.375298
WSL_2022-2023,A. Denton,Manchester City WFC,231,0.23344,0.003072,-0.101025,-0.000437,-0.096726
WSL_2022-2023,A. Eikeland,Reading WFC,1247,1.331496,0.003337,-0.081629,-6.5e-05,-0.071326
WSL_2022-2023,A. Galli,Leicester City FC,784,0.004886,1.2e-05,-0.138366,-0.000176,-0.124529
WSL_2022-2023,A. Goncharenko,Manchester United WFC,137,0.50609,0.008033,-0.034464,-0.000252,-0.06462
WSL_2022-2023,A. Greenwood,West Ham United WFC,2380,10.450462,0.007129,1.852016,0.000778,1.683651
WSL_2022-2023,A. James-Turner,Brighton & Hove Albion WFC,2497,3.92509,0.003225,0.398971,0.00016,0.366402
WSL_2022-2023,A. Keitley,London City Lionesses LFC,1,0.0,,-0.003186,-0.003186,-0.286736
WSL_2022-2023,A. Kennedy,West Ham United WFC,211,0.964854,0.006892,0.258101,0.001223,0.25249
WSL_2022-2023,A. Leat,London City Lionesses LFC,358,0.168645,0.000819,0.347554,0.000971,0.315958
WSL_2022-2023,A. Lehmann,London City Lionesses LFC,971,-0.44715,-0.001466,-1.099007,-0.001132,-0.989106
WSL_2022-2023,A. Leon,Chelsea FC Women,55,-0.086979,-0.007248,-0.09408,-0.001711,-0.282239
WSL_2022-2023,A. Mannion,Chelsea FC Women,243,0.844891,0.005248,0.097335,0.000401,0.091252
WSL_2022-2023,A. McManus,Everton FC,133,0.142791,0.002231,0.118513,0.000891,0.112275
WSL_2022-2023,A. Neville,Brighton & Hove Albion WFC,1664,3.843092,0.006321,0.654857,0.000394,0.613929
WSL_2022-2023,A. Nouwen,Manchester United WFC,170,0.608161,0.005243,0.099178,0.000583,0.094957
WSL_2022-2023,A. Patten,London City Lionesses LFC,1406,5.502317,0.006466,0.930804,0.000662,0.863633
WSL_2022-2023,A. Plumptre,Everton FC,1580,3.976452,0.006282,0.003816,2e-06,0.003334
WSL_2022-2023,A. Russo,Chelsea FC Women,1015,-0.477266,-0.001705,-1.560038,-0.001537,-1.418216
WSL_2022-2023,A. Stringer,Manchester City WFC,615,0.271847,0.001133,0.014927,2.4e-05,0.01357
WSL_2022-2023,A. Thestrup,Manchester City WFC,217,-0.039051,-0.000976,-0.17399,-0.000802,-0.166587
WSL_2022-2023,A. Tounkara,Chelsea FC Women,12,0.01097,0.001219,-0.000877,-7.3e-05,-0.013153
WSL_2022-2023,A. Tysiak,Manchester City WFC,158,0.092933,0.00163,-0.083094,-0.000526,-0.079558
WSL_2022-2023,A. Whelan,Everton FC,1083,-0.048271,-0.00014,-0.540625,-0.000499,-0.467849
WSL_2022-2023,B. England,Brighton & Hove Albion WFC,546,-0.188662,-0.001054,-0.501388,-0.000918,-0.465205
WSL_2022-2023,B. England,Manchester United WFC,176,-0.311876,-0.00405,-0.135446,-0.00077,-0.125672
WSL_2022-2023,B. Hendrix,Reading WFC,144,0.299006,0.011074,0.090411,0.000628,0.083887
WSL_2022-2023,B. Jane,Reading WFC,4,0.0,,-0.007669,-0.001917,-0.172557
WSL_2022-2023,B. Mead,Liverpool FCW,530,-0.096582,-0.00054,-0.47522,-0.000897,-0.432018
WSL_2022-2023,B. Visalli,Tottenham Hotspur FCW,127,-0.10681,-0.003052,-0.162033,-0.001276,-0.153505
WSL_2022-2023,C. Bizet,Brighton & Hove Albion WFC,1015,0.142502,0.000418,-0.471235,-0.000464,-0.441783
WSL_2022-2023,C. Bott,Everton FC,1284,2.087785,0.005381,-0.312378,-0.000243,-0.272951
WSL_2022-2023,C. Boye-Hlorkah,London City Lionesses LFC,41,-0.062756,-0.006276,-0.060154,-0.001467,-0.132046
WSL_2022-2023,C. Brosnan,Leicester City FC,786,-0.031118,-7.1e-05,0.627186,0.000798,0.570169
WSL_2022-2023,C. Ferguson,Tottenham Hotspur FCW,11,-0.011344,-0.003781,-0.009064,-0.000824,-0.03708
WSL_2022-2023,C. Foord,Liverpool FCW,961,1.713522,0.005848,-0.380366,-0.000396,-0.356593
WSL_2022-2023,C. Holland,Arsenal WFC,1172,1.957281,0.005757,-0.310453,-0.000265,-0.279408
WSL_2022-2023,C. Humphrey,Arsenal WFC,49,0.11283,0.006268,0.008766,0.000179,0.008575
WSL_2022-2023,C. Jones,Everton FC,766,0.736142,0.003539,0.195351,0.000255,0.172369
WSL_2022-2023,C. Kelly,West Ham United WFC,1425,3.822932,0.007585,-2.948888,-0.002069,-2.680807
WSL_2022-2023,C. Nevin,Everton FC,892,3.027721,0.008031,0.392543,0.00044,0.349791
WSL_2022-2023,C. Scofield,Everton FC,8,-0.005013,-0.002506,0.018146,0.002268,0.148469
WSL_2022-2023,C. Ubogagu,Brighton & Hove Albion WFC,170,0.207043,0.003834,0.07125,0.000419,0.0675
WSL_2022-2023,C. Walker,Manchester City WFC,162,-0.161526,-0.005048,-0.26472,-0.001634,-0.245617
WSL_2022-2023,C. Wardlaw,Arsenal WFC,88,0.157808,0.004641,-0.134263,-0.001526,-0.127197
WSL_2022-2023,C. Wellings,Reading WFC,637,-0.431812,-0.00254,-0.475328,-0.000746,-0.44562
WSL_2022-2023,C. Wheeler,Leicester City FC,1079,0.514118,0.000931,0.10351,9.6e-05,0.0941
WSL_2022-2023,Cho So-Hyun,Brighton & Hove Albion WFC,250,0.149439,0.001698,-0.122694,-0.000491,-0.116236
WSL_2022-2023,D. Brynjarsdóttir,Manchester City WFC,1253,0.912077,0.002886,-0.584634,-0.000467,-0.526171
WSL_2022-2023,D. Caldwell,Reading WFC,552,1.529074,0.006677,0.299887,0.000543,0.275406
WSL_2022-2023,D. Carter,Tottenham Hotspur FCW,535,0.112299,0.000685,0.041669,7.8e-05,0.038267
WSL_2022-2023,D. Castellanos,West Ham United WFC,817,0.957511,0.002638,-0.148076,-0.000181,-0.134614
WSL_2022-2023,D. Cooper,Reading WFC,949,2.753247,0.006666,0.692846,0.00073,0.636287
WSL_2022-2023,D. Lambourne,Everton FC,110,0.24332,0.004771,0.157097,0.001428,0.148829
WSL_2022-2023,D. Rose,Reading WFC,63,0.080028,0.008003,0.050322,0.000799,0.047177
WSL_2022-2023,D. Spence,Brighton & Hove Albion WFC,1181,2.411101,0.005253,0.363901,0.000308,0.33764
WSL_2022-2023,D. Stefanović,Tottenham Hotspur FCW,108,0.048425,0.001181,-0.016634,-0.000154,-0.015122
WSL_2022-2023,D. Stokes,West Ham United WFC,144,-0.039681,-0.000397,-0.076011,-0.000528,-0.069806
WSL_2022-2023,D. Turner,London City Lionesses LFC,1652,3.817071,0.003821,-1.000944,-0.000606,-0.909949
WSL_2022-2023,D. Vance,Everton FC,89,-0.021588,-0.000554,-0.054573,-0.000613,-0.055813
WSL_2022-2023,E. Brazil,Brighton & Hove Albion WFC,87,0.010929,0.000364,-0.019517,-0.000224,-0.018887
WSL_2022-2023,E. Cascarino,Chelsea FC Women,16,0.010304,0.00103,0.003383,0.000211,0.013238
WSL_2022-2023,E. Cumings Budd,Arsenal WFC,149,0.091235,0.001216,0.182163,0.001223,0.170777
WSL_2022-2023,E. Cuthbert,Manchester United WFC,1377,0.910075,0.001404,-0.041374,-3e-05,-0.038788
WSL_2022-2023,E. Gielnik,London City Lionesses LFC,126,-0.295595,-0.008211,-0.406131,-0.003223,-0.937225
WSL_2022-2023,E. Harries,Reading WFC,457,0.31795,0.003278,-0.480182,-0.001051,-0.44553
WSL_2022-2023,E. Koivisto,Arsenal WFC,1419,2.239551,0.004599,-0.186072,-0.000131,-0.172644
WSL_2022-2023,E. Kullberg,Tottenham Hotspur FCW,1147,2.476219,0.00536,-0.083116,-7.2e-05,-0.077118
WSL_2022-2023,E. Mayi Kith,Reading WFC,393,0.500752,0.004393,-0.291007,-0.00074,-0.281619
WSL_2022-2023,E. Morgan,West Ham United WFC,1362,3.873908,0.004319,0.725335,0.000533,0.659395
WSL_2022-2023,E. Mukandi,Reading WFC,1567,4.540819,0.008109,-0.413979,-0.000264,-0.361729
WSL_2022-2023,E. Rabjohn,London City Lionesses LFC,79,0.05047,0.001484,-0.037375,-0.000473,-0.035784
WSL_2022-2023,E. Ramsey,Leicester City FC,486,-0.163719,-0.000632,0.262954,0.000541,0.236658
WSL_2022-2023,E. Roebuck,West Ham United WFC,895,0.715888,0.001172,0.937765,0.001048,0.852513
WSL_2022-2023,E. Simon,Everton FC,463,0.294744,0.001877,-0.051471,-0.000111,-0.047757
WSL_2022-2023,E. Snerle,Manchester City WFC,533,0.324642,0.002029,-0.271558,-0.000509,-0.257265
WSL_2022-2023,E. Stenevik,Leicester City FC,734,1.215285,0.003786,-0.509239,-0.000694,-0.462944
WSL_2022-2023,E. Summanen,Brighton & Hove Albion WFC,1244,1.486155,0.002984,-0.418358,-0.000336,-0.380326
WSL_2022-2023,E. Terland,Tottenham Hotspur FCW,663,0.079378,0.000481,-0.13371,-0.000202,-0.121555
WSL_2022-2023,E. Toone,Chelsea FC Women,1418,2.607402,0.003652,0.075224,5.3e-05,0.068386
WSL_2022-2023,F. Angeldahl,West Ham United WFC,970,1.097645,0.002204,0.514411,0.00053,0.477288
WSL_2022-2023,F. Bryson,Reading WFC,904,2.767483,0.010768,0.212218,0.000235,0.185433
WSL_2022-2023,F. Godfrey,Liverpool FCW,16,-0.029897,-0.004983,-0.012696,-0.000794,-0.103877
WSL_2022-2023,F. Gregory,London City Lionesses LFC,144,-0.076088,-0.001951,-0.287177,-0.001994,-0.274956
WSL_2022-2023,F. Kirby,Arsenal WFC,176,0.324213,0.003643,0.284583,0.001617,0.256124
WSL_2022-2023,F. Kirby,Manchester United WFC,423,0.560883,0.002549,0.053033,0.000125,0.050776
WSL_2022-2023,F. Maanum,Liverpool FCW,1423,2.285157,0.003783,0.053972,3.8e-05,0.049065
WSL_2022-2023,F. Nagano,Arsenal WFC,679,0.9395,0.002891,0.679461,0.001001,0.611515
WSL_2022-2023,G. Bergsvand,Tottenham Hotspur FCW,579,1.266609,0.005026,-0.150325,-0.00026,-0.14093
WSL_2022-2023,G. Bonner,Arsenal WFC,671,1.046397,0.004714,-0.484409,-0.000722,-0.449451
WSL_2022-2023,G. Brougham,Everton FC,59,0.118972,0.004759,0.045663,0.000774,0.045663
WSL_2022-2023,G. Eaton-Collins,Everton FC,208,0.632216,0.008319,-0.055577,-0.000267,-0.050524
WSL_2022-2023,G. Evans,Reading WFC,1153,2.631925,0.005914,-0.127198,-0.00011,-0.110075
WSL_2022-2023,G. Fisk,Manchester City WFC,1415,2.993514,0.004875,-0.006781,-5e-06,-0.006165
WSL_2022-2023,G. Flaherty,Arsenal WFC,546,1.230717,0.004443,0.092216,0.000169,0.086452
WSL_2022-2023,G. George,Leicester City FC,1251,1.712501,0.002893,-0.549951,-0.00044,-0.515579
WSL_2022-2023,G. Moloney,Reading WFC,684,1.293239,0.003979,1.013635,0.001482,0.877184
WSL_2022-2023,G. Mullett,London City Lionesses LFC,9,-0.007565,-0.003782,0.014218,0.00158,0.098434
WSL_2022-2023,G. Pearse,Brighton & Hove Albion WFC,23,-0.152008,-0.009501,-0.025218,-0.001096,-0.103163
WSL_2022-2023,G. Reiten,Manchester United WFC,1105,3.052674,0.007338,-1.085439,-0.000982,-1.007108
WSL_2022-2023,Gio Garbelini,Liverpool FCW,182,-0.211622,-0.005162,-0.261584,-0.001437,-0.27375
WSL_2022-2023,Gio Garbelini,Leicester City FC,92,-0.225692,-0.007053,0.012556,0.000136,0.034244
WSL_2022-2023,H. Bennison,Leicester City FC,757,0.838999,0.00249,0.078162,0.000103,0.071781
WSL_2022-2023,H. Blundell,Chelsea FC Women,2092,4.57688,0.003556,0.968083,0.000463,0.898221
WSL_2022-2023,H. Cain,Everton FC,602,1.275196,0.009962,-1.057382,-0.001756,-0.961257
WSL_2022-2023,H. Cissoko,Manchester City WFC,930,2.069901,0.005897,-0.409435,-0.00044,-0.376012
WSL_2022-2023,H. Hampton,London City Lionesses LFC,994,2.952804,0.00533,1.978012,0.00199,1.816542
WSL_2022-2023,H. Hayashi,Manchester City WFC,887,0.810807,0.002278,0.568681,0.000641,0.516982
WSL_2022-2023,H. Houssein,Manchester City WFC,63,0.025241,0.001097,0.004683,7.4e-05,0.015052
WSL_2022-2023,H. Ladd,Chelsea FC Women,1249,1.640727,0.002685,-0.116343,-9.3e-05,-0.107947
WSL_2022-2023,H. Raso,West Ham United WFC,291,-0.304372,-0.002515,-0.334307,-0.001149,-0.310182
WSL_2022-2023,H. Silcock,Arsenal WFC,23,0.001649,0.000137,0.003155,0.000137,0.006311
WSL_2022-2023,I. Atkinson,Manchester City WFC,277,0.125376,0.002458,-0.197031,-0.000711,-0.179119
WSL_2022-2023,I. Christiansen,Leicester City FC,537,0.395452,0.001641,-0.201116,-0.000375,-0.182832
WSL_2022-2023,I. Goodwin,London City Lionesses LFC,18,-0.032563,-0.008141,0.007799,0.000433,0.058493
WSL_2022-2023,J. Beattie,Liverpool FCW,640,2.168836,0.005277,0.021167,3.3e-05,0.019243
WSL_2022-2023,J. Blakstad,West Ham United WFC,223,-0.188218,-0.002295,-0.275782,-0.001237,-0.266886
WSL_2022-2023,J. Burns,Reading WFC,565,1.436655,0.006219,0.863527,0.001528,0.801211
WSL_2022-2023,J. Carter,Manchester United WFC,1112,1.523251,0.002613,0.039606,3.6e-05,0.036748
WSL_2022-2023,J. Dahou,West Ham United WFC,5,0.088981,0.04449,0.006789,0.001358,0.061105
WSL_2022-2023,J. Fleming,Manchester United WFC,961,1.359774,0.002943,-0.10761,-0.000112,-0.100884
WSL_2022-2023,J. Fox,Tottenham Hotspur FCW,1070,2.537511,0.005999,0.220403,0.000206,0.204498
WSL_2022-2023,J. Green,Everton FC,602,0.2656,0.001213,0.266058,0.000442,0.232478
WSL_2022-2023,J. Leitzig,Everton FC,751,0.965637,0.002743,1.008278,0.001343,0.889657
WSL_2022-2023,J. Matthews,Arsenal WFC,1136,2.28683,0.004502,0.052194,4.6e-05,0.047449
WSL_2022-2023,J. Moore,Chelsea FC Women,43,0.099733,0.004749,0.045992,0.00107,0.159204
WSL_2022-2023,J. Moore,Reading WFC,462,1.143298,0.009942,0.04138,9e-05,0.036157
WSL_2022-2023,J. Naz,Brighton & Hove Albion WFC,458,-0.083004,-0.000543,-0.304375,-0.000665,-0.282409
WSL_2022-2023,J. Nobbs,Liverpool FCW,261,0.124784,0.000885,-0.1719,-0.000659,-0.162853
WSL_2022-2023,J. Nobbs,London City Lionesses LFC,596,0.306916,0.001037,0.008918,1.5e-05,0.008449
WSL_2022-2023,J. Park,Leicester City FC,870,0.272849,0.000866,-0.235571,-0.000271,-0.218571
WSL_2022-2023,J. Purfield,Everton FC,806,2.778223,0.010564,-0.239424,-0.000297,-0.215481
WSL_2022-2023,J. Reavill,Everton FC,31,0.087716,0.021929,-0.052216,-0.001684,-0.109289
WSL_2022-2023,J. Riviere,Chelsea FC Women,13,-0.009776,-0.002444,-0.040471,-0.003113,-0.520346
WSL_2022-2023,J. Rytting Kaneryd,Manchester United WFC,659,-0.480447,-0.002062,-0.661509,-0.001004,-0.63336
WSL_2022-2023,J. Sigsworth,Everton FC,8,0.032378,0.032378,-0.034433,-0.004304,-0.140861
WSL_2022-2023,J. Taylor,Liverpool FCW,166,0.222079,0.006002,-0.270732,-0.001631,-0.24612
WSL_2022-2023,J. Vanhaevermaet,Reading WFC,1140,0.620177,0.001531,-0.241362,-0.000212,-0.208871
WSL_2022-2023,J. Zigiotti Olme,Tottenham Hotspur FCW,1314,2.029851,0.004645,0.034315,2.6e-05,0.031196
WSL_2022-2023,J. Ziu,Manchester City WFC,125,0.119524,0.003065,0.026406,0.000211,0.025282
WSL_2022-2023,J. Čanković,Manchester United WFC,645,1.526628,0.004877,0.128194,0.000199,0.118943
WSL_2022-2023,K. Barton,Tottenham Hotspur FCW,923,1.309355,0.004197,-0.740097,-0.000802,-0.693841
WSL_2022-2023,K. Buchanan,Manchester United WFC,1404,3.59477,0.004113,0.323849,0.000231,0.303608
WSL_2022-2023,K. Casparij,West Ham United WFC,1278,1.8216,0.002573,-0.462942,-0.000362,-0.429534
WSL_2022-2023,K. Dali,London City Lionesses LFC,1824,5.225273,0.00625,0.420242,0.00023,0.378218
WSL_2022-2023,K. Flannery,Manchester City WFC,32,0.074666,0.005744,-0.009,-0.000281,-0.045001
WSL_2022-2023,K. Graham,Brighton & Hove Albion WFC,220,0.040131,0.000582,-0.072896,-0.000331,-0.066945
WSL_2022-2023,K. Hanson,London City Lionesses LFC,1334,1.655093,0.005238,-0.585915,-0.000439,-0.53265
WSL_2022-2023,K. Harrop,Brighton & Hove Albion WFC,1125,2.981098,0.006343,0.11494,0.000102,0.105557
WSL_2022-2023,K. Holmgaard,Leicester City FC,1141,2.197638,0.003789,0.098357,8.6e-05,0.089415
WSL_2022-2023,K. Keating,West Ham United WFC,185,0.516697,0.005066,0.082407,0.000445,0.080615
WSL_2022-2023,K. Kühl,Liverpool FCW,335,-0.01767,-0.000147,-0.393803,-0.001176,-0.354422
WSL_2022-2023,K. Lampson,Arsenal WFC,1168,-0.625064,-0.001611,0.033541,2.9e-05,0.030492
WSL_2022-2023,K. Levell,Everton FC,348,1.13634,0.006804,0.647002,0.001859,0.606564
WSL_2022-2023,K. Little,Liverpool FCW,865,0.104859,0.000227,-0.271276,-0.000314,-0.256999
WSL_2022-2023,K. Longhurst,Manchester City WFC,988,1.454698,0.004204,-0.020588,-2.1e-05,-0.018717
WSL_2022-2023,K. McCabe,Liverpool FCW,1532,3.124308,0.004233,-0.629114,-0.000411,-0.571922
WSL_2022-2023,K. Robinson,Tottenham Hotspur FCW,1169,1.44263,0.004654,-0.278143,-0.000238,-0.258071
WSL_2022-2023,K. Shaw,West Ham United WFC,1264,-0.106956,-0.000331,-1.823713,-0.001443,-1.657921
WSL_2022-2023,K. Simon,Brighton & Hove Albion WFC,60,-0.08487,-0.004041,-0.049094,-0.000818,-0.047005
WSL_2022-2023,K. Smith,Manchester City WFC,1330,3.375622,0.008655,-0.41923,-0.000315,-0.377307
WSL_2022-2023,K. Snoeijs,Leicester City FC,804,-0.695687,-0.00223,0.487716,0.000607,0.443379
WSL_2022-2023,K. Svitková,Manchester United WFC,80,0.14724,0.004908,-0.103902,-0.001299,-0.106263
WSL_2022-2023,K. Veje,Leicester City FC,1150,1.480877,0.002307,0.115279,0.0001,0.10696
WSL_2022-2023,K. Weir,Leicester City FC,3,0.0,,-0.00709,-0.002363,-0.079763
WSL_2022-2023,K. Zelem,Chelsea FC Women,2114,5.876905,0.005602,-0.133468,-6.3e-05,-0.123836
WSL_2022-2023,L. Bance,Tottenham Hotspur FCW,463,0.38067,0.002163,-0.05461,-0.000118,-0.050669
WSL_2022-2023,L. Blindkilde Brown,London City Lionesses LFC,846,0.116038,0.000319,-0.313626,-0.000371,-0.282264
WSL_2022-2023,L. Coombs,West Ham United WFC,1151,0.776933,0.001301,-0.024765,-2.2e-05,-0.022289
WSL_2022-2023,L. Evans,Manchester City WFC,855,1.372268,0.004668,-0.08576,-0.0001,-0.077184
WSL_2022-2023,L. Galton,Chelsea FC Women,1065,0.414688,0.001063,-1.107982,-0.00104,-1.017534
WSL_2022-2023,L. Gunning-Williams,Brighton & Hove Albion WFC,5,-0.007571,-0.007571,0.018344,0.003669,0.825474
WSL_2022-2023,L. Hemp,West Ham United WFC,1384,2.4218,0.005142,-1.303399,-0.000942,-1.209339
WSL_2022-2023,L. Hope,Leicester City FC,1531,1.417309,0.002535,-0.550081,-0.000359,-0.500074
WSL_2022-2023,L. Hurtig,Liverpool FCW,179,-0.335589,-0.004416,-0.178684,-0.000998,-0.16928
WSL_2022-2023,L. James,Manchester United WFC,962,-0.058537,-0.000155,-0.488271,-0.000508,-0.467493
WSL_2022-2023,L. Jarvis,Tottenham Hotspur FCW,7,0.003615,0.001807,-0.021055,-0.003008,-0.378997
WSL_2022-2023,L. Kiernan,Arsenal WFC,49,-0.052722,-0.00659,0.0022,4.5e-05,0.0022
WSL_2022-2023,L. Maier,Leicester City FC,116,0.232726,0.006649,-0.030265,-0.000261,-0.087865
WSL_2022-2023,L. Naalsund,Chelsea FC Women,8,0.055974,0.027987,0.01133,0.001416,0.169945
WSL_2022-2023,L. Parker,Manchester City WFC,869,1.961257,0.007158,0.229549,0.000264,0.208681
WSL_2022-2023,L. Robe,Arsenal WFC,371,0.560751,0.003618,-0.174113,-0.000469,-0.1599
WSL_2022-2023,L. Staniforth,London City Lionesses LFC,1059,2.561348,0.004649,0.414671,0.000392,0.392846
WSL_2022-2023,L. Staniforth,Chelsea FC Women,129,0.057778,0.000932,-0.011741,-9.1e-05,-0.011241
WSL_2022-2023,L. Wade,Reading WFC,270,0.082776,0.001048,-0.18636,-0.00069,-0.162838
WSL_2022-2023,L. Wienroither,Liverpool FCW,845,1.372509,0.003389,-0.142299,-0.000168,-0.13203
WSL_2022-2023,L. Williams,Tottenham Hotspur FCW,354,0.142916,0.000715,0.200728,0.000567,0.186243
WSL_2022-2023,L. Williamson,Liverpool FCW,969,3.822297,0.006765,0.794159,0.00082,0.736848
WSL_2022-2023,L. Woodham,Reading WFC,1057,2.461085,0.006913,-0.128683,-0.000122,-0.112442
WSL_2022-2023,L. Wubben-Moy,Liverpool FCW,1895,7.194953,0.005821,2.209459,0.001166,1.988513
WSL_2022-2023,L. Wälti,Liverpool FCW,1254,1.747502,0.002551,0.215912,0.000172,0.198287
WSL_2022-2023,Laia Aleixandri,West Ham United WFC,1400,4.604655,0.005055,1.23367,0.000881,1.132962
WSL_2022-2023,Lee Geum-Min,Tottenham Hotspur FCW,1111,1.883707,0.004186,0.616735,0.000555,0.578189
WSL_2022-2023,Leila Ouahabi,West Ham United WFC,940,1.386593,0.002416,-0.130085,-0.000138,-0.117076
WSL_2022-2023,Lucía García,Chelsea FC Women,552,-0.225686,-0.00136,-0.579196,-0.001049,-0.531915
WSL_2022-2023,M. Agyemang,Liverpool FCW,12,-0.009381,-0.003127,0.006942,0.000578,0.026032
WSL_2022-2023,M. Arnold,Manchester City WFC,1298,2.75118,0.005491,1.815734,0.001399,1.634161
WSL_2022-2023,M. Bartrip,Brighton & Hove Albion WFC,1541,4.321476,0.005169,0.220834,0.000143,0.204898
WSL_2022-2023,M. Bright,Manchester United WFC,1408,4.971598,0.00563,0.876427,0.000622,0.8303
WSL_2022-2023,M. Campbell,Arsenal WFC,1064,4.469835,0.010902,-0.045546,-4.3e-05,-0.042259
WSL_2022-2023,M. Connolly,Tottenham Hotspur FCW,681,1.976641,0.007487,0.150965,0.000222,0.137241
WSL_2022-2023,M. Earps,Chelsea FC Women,1198,1.797243,0.002322,1.366712,0.001141,1.268084
WSL_2022-2023,M. Eriksson,Manchester United WFC,1613,4.805007,0.005327,0.167615,0.000104,0.155519
WSL_2022-2023,M. Filis,Manchester City WFC,225,0.204586,0.00259,0.007579,3.4e-05,0.006821
WSL_2022-2023,M. Finnigan,Leicester City FC,1213,3.479767,0.005087,0.782312,0.000645,0.725857
WSL_2022-2023,M. Fowler,West Ham United WFC,152,0.411741,0.006433,0.201089,0.001323,0.348038
WSL_2022-2023,M. Goodwin,Everton FC,582,-0.064894,-0.000492,-0.110343,-0.00019,-0.097361
WSL_2022-2023,M. Iwabuchi,Liverpool FCW,26,0.218465,0.016805,0.049091,0.001888,0.169931
WSL_2022-2023,M. Iwabuchi,Brighton & Hove Albion WFC,301,0.07062,0.00066,-0.059659,-0.000198,-0.055931
WSL_2022-2023,M. Kearns,Arsenal WFC,1085,2.315747,0.00631,-0.188387,-0.000174,-0.17126
WSL_2022-2023,M. Lawley,Arsenal WFC,608,0.452419,0.002446,-0.281191,-0.000462,-0.255629
WSL_2022-2023,M. Le Tissier,Chelsea FC Women,2160,7.848897,0.005643,2.013442,0.000932,1.868142
WSL_2022-2023,M. Leupolz,Manchester United WFC,386,0.196288,0.001061,-0.145395,-0.000377,-0.137742
WSL_2022-2023,M. Mjelde,Manchester United WFC,504,0.953832,0.003127,-0.296768,-0.000589,-0.28414
WSL_2022-2023,M. Pacheco,London City Lionesses LFC,1945,4.599813,0.004665,-0.2541,-0.000131,-0.22869
WSL_2022-2023,M. Perry,Reading WFC,45,0.086687,0.005779,0.029206,0.000649,0.04107
WSL_2022-2023,M. Pike,Everton FC,455,0.827466,0.007388,0.03793,8.3e-05,0.035192
WSL_2022-2023,M. Robinson,Everton FC,60,0.033472,0.001594,0.046801,0.00078,0.127638
WSL_2022-2023,M. Smith,Everton FC,50,0.007137,0.000595,-0.086311,-0.001726,-0.155359
WSL_2022-2023,M. Symonds,Tottenham Hotspur FCW,119,0.121596,0.004677,-0.080157,-0.000674,-0.078415
WSL_2022-2023,M. Taylor,Arsenal WFC,160,0.042603,0.000775,-0.071806,-0.000449,-0.065278
WSL_2022-2023,M. Thomas,Chelsea FC Women,336,-0.118884,-0.000983,-0.435452,-0.001296,-0.404027
WSL_2022-2023,M. Turner,Chelsea FC Women,1825,4.419982,0.003437,0.021636,1.2e-05,0.01987
WSL_2022-2023,M. Walsh,Tottenham Hotspur FCW,947,1.064286,0.002419,1.103791,0.001166,1.013685
WSL_2022-2023,M. Zinsberger,Liverpool FCW,1120,1.486875,0.001906,0.924398,0.000825,0.840362
WSL_2022-2023,M. Þórisdóttir,Chelsea FC Women,386,0.71136,0.003887,0.019165,5e-05,0.018547
WSL_2022-2023,N. Björn,Leicester City FC,1618,2.693076,0.002779,0.36778,0.000227,0.334346
WSL_2022-2023,N. Charles,Manchester United WFC,1592,2.964839,0.004017,0.171747,0.000108,0.159353
WSL_2022-2023,N. Dowie,Reading WFC,269,-0.335179,-0.004788,0.012422,4.6e-05,0.011645
WSL_2022-2023,N. Dowie,Arsenal WFC,222,-0.316144,-0.004106,0.132453,0.000597,0.125482
WSL_2022-2023,N. Fahey,Arsenal WFC,679,1.118627,0.003574,-0.178285,-0.000263,-0.165419
WSL_2022-2023,N. Flint,Everton FC,242,-0.285848,-0.004398,-0.109099,-0.000451,-0.105579
WSL_2022-2023,N. Harding,London City Lionesses LFC,50,0.152282,0.008958,0.017372,0.000347,0.033989
WSL_2022-2023,N. Karczewska,Brighton & Hove Albion WFC,341,-0.335205,-0.003104,-0.260923,-0.000765,-0.242094
WSL_2022-2023,N. Maritz,Liverpool FCW,1124,0.681012,0.001174,-0.186714,-0.000166,-0.168043
WSL_2022-2023,N. Parris,Chelsea FC Women,922,0.635942,0.002279,-1.130797,-0.001226,-1.071282
WSL_2022-2023,N. Sørensen,Leicester City FC,735,1.719825,0.006323,-0.109761,-0.000149,-0.098785
WSL_2022-2023,O. McLoughlin,London City Lionesses LFC,61,-0.092691,-0.003862,-0.080936,-0.001327,-0.074329
WSL_2022-2023,Ona Batlle,Chelsea FC Women,2039,5.354682,0.005179,1.157167,0.000568,1.084844
WSL_2022-2023,P. Ademiluyi,Manchester City WFC,7,-0.033112,-0.011037,-0.008607,-0.00123,-0.040772
WSL_2022-2023,P. Harder,Manchester United WFC,433,1.162467,0.008129,-0.265161,-0.000612,-0.243515
WSL_2022-2023,P. Pattinson,Tottenham Hotspur FCW,1368,4.239681,0.008582,-0.251754,-0.000184,-0.228867
WSL_2022-2023,Park Ye-Eun,Tottenham Hotspur FCW,31,0.069721,0.004648,-0.034646,-0.001118,-0.107523
WSL_2022-2023,R. Allen,London City Lionesses LFC,106,-0.234292,-0.004985,-0.199389,-0.001881,-0.188895
WSL_2022-2023,R. Ayane,Brighton & Hove Albion WFC,748,0.183569,0.000765,-0.927583,-0.00124,-0.878763
WSL_2022-2023,R. Corsie,London City Lionesses LFC,867,2.329564,0.004228,0.904345,0.001043,0.81391
WSL_2022-2023,R. Daly,London City Lionesses LFC,1223,0.143778,0.000305,-0.546276,-0.000447,-0.491649
WSL_2022-2023,R. Furness,Arsenal WFC,284,-0.019632,-0.000207,-0.033274,-0.000117,-0.031194
WSL_2022-2023,R. Laws,Arsenal WFC,1159,2.407668,0.004621,1.846925,0.001594,1.696156
WSL_2022-2023,R. Littlejohn,London City Lionesses LFC,131,0.109527,0.001956,-0.071652,-0.000547,-0.06934
WSL_2022-2023,R. Mace,Everton FC,813,0.205197,0.000598,-0.23774,-0.000292,-0.213966
WSL_2022-2023,R. Mace,West Ham United WFC,14,0.027065,0.003866,-0.028556,-0.00204,-0.128501
WSL_2022-2023,R. Percival,Brighton & Hove Albion WFC,42,0.026262,0.001751,-0.028297,-0.000674,-0.067018
WSL_2022-2023,R. Petzelberger,Brighton & Hove Albion WFC,31,-0.058154,-0.009692,-0.036708,-0.001184,-0.122359
WSL_2022-2023,R. Roberts,Arsenal WFC,477,1.506154,0.010533,0.180288,0.000378,0.162259
WSL_2022-2023,R. Rowe,Reading WFC,1076,1.794361,0.006478,-0.135248,-0.000126,-0.120518
WSL_2022-2023,R. Sevecke,Leicester City FC,1790,4.109991,0.003845,0.541646,0.000303,0.492406
WSL_2022-2023,R. Shimizu,Manchester City WFC,1569,4.664607,0.007511,0.534196,0.00034,0.485633
WSL_2022-2023,R. Siemsen,Everton FC,235,0.268014,0.003829,0.078617,0.000335,0.072199
WSL_2022-2023,R. Spencer,Brighton & Hove Albion WFC,576,0.885604,0.002923,0.936266,0.001625,0.886989
WSL_2022-2023,R. Stott,Tottenham Hotspur FCW,277,0.442842,0.003954,-0.186008,-0.000672,-0.174382
WSL_2022-2023,R. Williams,Chelsea FC Women,270,0.270052,0.003553,-0.149552,-0.000554,-0.354202
WSL_2022-2023,Rafaelle,Liverpool FCW,1322,3.392142,0.004203,0.245216,0.000185,0.225198
WSL_2022-2023,S. Blackstenius,Liverpool FCW,859,-0.903719,-0.003674,-1.296948,-0.00151,-1.215888
WSL_2022-2023,S. Catley,Liverpool FCW,1191,3.4192,0.004934,0.379365,0.000319,0.344877
WSL_2022-2023,S. Cooke,Manchester City WFC,8,0.005543,0.005543,-0.010462,-0.001308,-0.072428
WSL_2022-2023,S. D'Angelo,Liverpool FCW,231,0.304678,0.002073,0.161561,0.000699,0.148372
WSL_2022-2023,S. Hillyerd,Manchester City WFC,115,0.33234,0.013848,0.187841,0.001633,0.174285
WSL_2022-2023,S. Holmgaard,Leicester City FC,199,0.378998,0.003867,-0.062792,-0.000316,-0.057667
WSL_2022-2023,S. Houghton,West Ham United WFC,1284,5.874904,0.007208,1.395035,0.001086,1.255531
WSL_2022-2023,S. Howard,Everton FC,1540,3.83882,0.005979,0.243339,0.000158,0.212627
WSL_2022-2023,S. Ingle,Manchester United WFC,1252,3.199178,0.004413,1.456804,0.001164,1.351674
WSL_2022-2023,S. Kerr,Manchester United WFC,890,0.494943,0.001861,-1.242785,-0.001396,-1.141333
WSL_2022-2023,S. Lundgaard,Arsenal WFC,172,0.01774,0.000323,0.040518,0.000236,0.041439
WSL_2022-2023,S. MacIver,West Ham United WFC,146,0.10409,0.001239,-0.056115,-0.000384,-0.056115
WSL_2022-2023,S. Magill,London City Lionesses LFC,63,-0.040328,-0.001833,0.015365,0.000244,0.018687
WSL_2022-2023,S. Mayling,London City Lionesses LFC,1803,3.984222,0.004698,0.266123,0.000148,0.23951
WSL_2022-2023,S. O’Brien,Everton FC,287,-0.012213,-0.00023,-0.188777,-0.000658,-0.173366
WSL_2022-2023,S. Tierney,Everton FC,1190,1.573448,0.003327,0.288386,0.000242,0.256978
WSL_2022-2023,S. Troelsgaard,Reading WFC,699,0.026691,0.000147,-0.186065,-0.000266,-0.1658
WSL_2022-2023,S. Zadorsky,Brighton & Hove Albion WFC,834,2.362687,0.005639,0.198377,0.000238,0.187936
WSL_2022-2023,S. van de Sanden,Arsenal WFC,371,0.483062,0.005964,-0.428557,-0.001155,-0.397631
WSL_2022-2023,T. Alexander,Reading WFC,6,-0.022174,-0.011087,-0.004599,-0.000767,-0.019711
WSL_2022-2023,T. Goldie,Liverpool FCW,14,0.042846,0.006121,0.006153,0.000439,0.061527
WSL_2022-2023,T. Hinds,Arsenal WFC,1508,2.028703,0.003799,-0.4415,-0.000293,-0.401363
WSL_2022-2023,T. Korpela,Brighton & Hove Albion WFC,676,0.52264,0.001524,0.669225,0.00099,0.614594
WSL_2022-2023,T. Kyvåg,Manchester City WFC,166,0.07869,0.002713,-0.14999,-0.000904,-0.142096
WSL_2022-2023,T. Primmer,Reading WFC,482,0.074693,0.000549,-0.164846,-0.000342,-0.154544
WSL_2022-2023,V. Asseyi,Manchester City WFC,1047,0.061184,0.00023,-0.293074,-0.00028,-0.263766
WSL_2022-2023,V. Bøe Risa,Chelsea FC Women,398,0.552871,0.002835,-0.026685,-6.7e-05,-0.025018
WSL_2022-2023,V. Miedema,Liverpool FCW,327,0.837431,0.006492,-0.104169,-0.000319,-0.095665
WSL_2022-2023,V. Pelova,Liverpool FCW,687,0.653138,0.00217,0.159393,0.000232,0.143454
WSL_2022-2023,V. Sarri,Tottenham Hotspur FCW,1000,0.675403,0.002598,-0.420617,-0.000421,-0.394328
WSL_2022-2023,V. Williams,Tottenham Hotspur FCW,661,1.299694,0.004692,0.229644,0.000347,0.213072
WSL_2022-2023,Vicky Losada,West Ham United WFC,16,0.039243,0.004905,0.015913,0.000995,0.11017
WSL_2022-2023,Y. Daniëls,Arsenal WFC,424,0.154864,0.001312,-0.189473,-0.000447,-0.174005
WSL_2022-2023,Y. Hasegawa,West Ham United WFC,1651,1.915662,0.001893,0.896713,0.000543,0.807042
WSL_2022-2023,Z. Morse,Tottenham Hotspur FCW,968,2.585096,0.005984,0.3456,0.000357,0.32066
WSL_2022-2023,Z. Mušović,Manchester United WFC,331,0.496403,0.00252,0.445341,0.001345,0.413203
WSL_2022-2023,È. Périsset,Manchester United WFC,1226,1.426558,0.00196,0.290219,0.000237,0.266528
WSL_2023-2024,A. Aherne,Leicester City FC,3,0.0,,-0.023788,-0.007929,-1.070448
WSL_2023-2024,A. Ale,Everton FC,283,0.583444,0.004387,0.111587,0.000394,0.103534
WSL_2023-2024,A. Ale,Brighton & Hove Albion WFC,121,0.148394,0.003157,-0.16712,-0.001381,-0.15506
WSL_2023-2024,A. Baker,Everton FC,90,0.102244,0.004647,-0.078097,-0.000868,-0.180224
WSL_2023-2024,A. Beever-Jones,Manchester United WFC,590,0.00022,1e-06,-0.848311,-0.001438,-0.771192
WSL_2023-2024,A. Berger,Manchester United WFC,273,0.518373,0.003676,0.253825,0.00093,0.243024
WSL_2023-2024,A. Denton,Manchester City WFC,823,1.815097,0.005467,-0.050498,-6.1e-05,-0.046854
WSL_2023-2024,A. Galli,Leicester City FC,1225,1.412838,0.002428,0.468399,0.000382,0.413293
WSL_2023-2024,A. Greenwood,West Ham United WFC,2635,10.134637,0.005828,2.738661,0.001039,2.515097
WSL_2023-2024,A. Harrison,Everton FC,506,0.26877,0.00215,-0.424865,-0.00084,-0.390182
WSL_2023-2024,A. Ilestedt,Liverpool FCW,887,2.642822,0.005044,0.416297,0.000469,0.353459
WSL_2023-2024,A. James-Turner,Brighton & Hove Albion WFC,1877,3.526221,0.003384,0.319612,0.00017,0.287651
WSL_2023-2024,A. Kennedy,West Ham United WFC,1385,4.665979,0.005555,1.203712,0.000869,1.012468
WSL_2023-2024,A. Lawrence,Manchester United WFC,980,2.410318,0.004717,0.123883,0.000126,0.113771
WSL_2023-2024,A. Leat,London City Lionesses LFC,444,0.289809,0.001098,0.435765,0.000981,0.40853
WSL_2023-2024,A. Lehmann,London City Lionesses LFC,423,-0.144674,-0.001167,-0.735145,-0.001738,-0.648657
WSL_2023-2024,A. Leon,London City Lionesses LFC,800,0.310053,0.001314,-0.856094,-0.00107,-0.748043
WSL_2023-2024,A. Mannion,Chelsea FC Women,235,0.343746,0.002528,0.151655,0.000645,0.140711
WSL_2023-2024,A. Neville,Brighton & Hove Albion WFC,1740,3.474951,0.004578,0.14094,8.1e-05,0.12559
WSL_2023-2024,A. Nildén,Brighton & Hove Albion WFC,854,1.970785,0.005298,0.10982,0.000129,0.101895
WSL_2023-2024,A. Nouwen,Manchester United WFC,14,0.014168,0.003542,0.006137,0.000438,0.050214
WSL_2023-2024,A. Palmer,Everton FC,312,0.91822,0.006204,-0.057052,-0.000183,-0.051347
WSL_2023-2024,A. Patten,London City Lionesses LFC,1943,5.749801,0.00512,1.205524,0.00062,1.05337
WSL_2023-2024,A. Rodgers,Everton FC,1419,1.211807,0.002453,0.772352,0.000544,0.681487
WSL_2023-2024,A. Russo,Liverpool FCW,1273,-0.129071,-0.000295,-1.310694,-0.00103,-1.156495
WSL_2023-2024,A. Stringer,Manchester City WFC,434,0.212512,0.001032,-0.039275,-9e-05,-0.03644
WSL_2023-2024,A. Thestrup,Everton FC,785,-0.674602,-0.003123,-0.427123,-0.000544,-0.380605
WSL_2023-2024,A. Tysiak,Manchester City WFC,999,1.181664,0.002397,-0.702785,-0.000703,-0.620104
WSL_2023-2024,A. Whelan,Everton FC,694,0.032333,0.000144,-0.673958,-0.000971,-0.600557
WSL_2023-2024,A. Wilding,Leicester City FC,8,0.038176,0.007635,0.014248,0.001781,0.128233
WSL_2023-2024,B. Aspin,Everton FC,836,1.251422,0.00405,-0.145206,-0.000174,-0.129391
WSL_2023-2024,B. England,Brighton & Hove Albion WFC,654,-0.219856,-0.001057,-0.629416,-0.000962,-0.583995
WSL_2023-2024,B. Håland,Everton FC,5,0.004273,0.002136,-0.000848,-0.00017,-0.008484
WSL_2023-2024,B. Mead,Liverpool FCW,1356,3.224827,0.006373,-2.310591,-0.001704,-1.943488
WSL_2023-2024,B. Votíková,Brighton & Hove Albion WFC,305,0.050123,0.000319,0.290382,0.000952,0.258756
WSL_2023-2024,C. Bizet,Brighton & Hove Albion WFC,1203,0.121625,0.000332,-1.16082,-0.000965,-1.066059
WSL_2023-2024,C. Bott,Everton FC,1506,2.6791,0.004314,0.478726,0.000318,0.414282
WSL_2023-2024,C. Brosnan,Leicester City FC,1396,1.331716,0.001748,1.21603,0.000871,1.072967
WSL_2023-2024,C. Foord,Liverpool FCW,1347,0.463018,0.001027,-2.133262,-0.001584,-1.900926
WSL_2023-2024,C. Grant,Brighton & Hove Albion WFC,399,0.424054,0.002292,0.064927,0.000163,0.060242
WSL_2023-2024,C. Holland,Arsenal WFC,1250,1.995162,0.005407,-0.456056,-0.000365,-0.41045
WSL_2023-2024,C. Jones,Everton FC,957,0.512348,0.002009,-0.130517,-0.000136,-0.118652
WSL_2023-2024,C. Kelly,West Ham United WFC,1421,0.910456,0.001695,-2.487197,-0.00175,-2.284161
WSL_2023-2024,C. Lacasse,Liverpool FCW,591,-0.303439,-0.001502,-0.481532,-0.000815,-0.424881
WSL_2023-2024,C. Macário,Manchester United WFC,358,1.395747,0.009829,-0.152714,-0.000427,-0.13883
WSL_2023-2024,C. Mustaki,Everton FC,331,0.583996,0.004391,-0.175265,-0.00053,-0.160957
WSL_2023-2024,C. Nevin,Everton FC,948,2.362532,0.005892,-0.04173,-4.4e-05,-0.036463
WSL_2023-2024,C. Rule,Tottenham Hotspur FCW,383,0.839454,0.005088,0.321698,0.00084,0.281095
WSL_2023-2024,C. Wheeler,Leicester City FC,1641,1.305911,0.001955,-0.036159,-2.2e-05,-0.031905
WSL_2023-2024,D. Castellanos,West Ham United WFC,143,0.075037,0.001103,-0.0016,-1.1e-05,-0.001346
WSL_2023-2024,D. Draper,Everton FC,28,0.021635,0.010817,-0.087912,-0.00314,-0.439559
WSL_2023-2024,D. Rose,Everton FC,412,0.393527,0.004523,-0.410803,-0.000997,-0.358954
WSL_2023-2024,D. Spence,Brighton & Hove Albion WFC,571,0.895307,0.002926,0.17198,0.000301,0.157941
WSL_2023-2024,D. Stefanović,Tottenham Hotspur FCW,27,0.130344,0.010862,0.052956,0.001961,0.207219
WSL_2023-2024,D. Stokes,West Ham United WFC,41,-0.102888,-0.005144,-0.093039,-0.002269,-0.348897
WSL_2023-2024,D. Turner,London City Lionesses LFC,1450,3.481545,0.004336,-0.306316,-0.000211,-0.272955
WSL_2023-2024,D. van Domselaar,London City Lionesses LFC,980,1.303481,0.002307,1.282963,0.001309,1.110257
WSL_2023-2024,E. Bissell,Leicester City FC,565,-0.58119,-0.003824,-0.749744,-0.001327,-0.655116
WSL_2023-2024,E. Brazil,Brighton & Hove Albion WFC,45,-0.011639,-0.001164,0.001083,2.4e-05,0.004061
WSL_2023-2024,E. Cuthbert,Manchester United WFC,1690,1.373278,0.00179,-0.325895,-0.000193,-0.296269
WSL_2023-2024,E. Dale,Leicester City FC,62,0.002522,0.000194,0.00702,0.000113,0.016626
WSL_2023-2024,E. Fox,Liverpool FCW,946,2.477072,0.004512,0.362948,0.000384,0.329953
WSL_2023-2024,E. Harries,Manchester City WFC,401,0.214141,0.00212,-0.308707,-0.00077,-0.286429
WSL_2023-2024,E. Koivisto,Arsenal WFC,1319,1.258642,0.002393,0.206085,0.000156,0.18184
WSL_2023-2024,E. Kullberg,Tottenham Hotspur FCW,1146,2.837871,0.006,0.069391,6.1e-05,0.062452
WSL_2023-2024,E. Morgan,West Ham United WFC,594,1.933019,0.005267,0.613261,0.001032,0.551935
WSL_2023-2024,E. Pelgander,Everton FC,127,0.159673,0.003013,-0.067937,-0.000535,-0.059362
WSL_2023-2024,E. Powell,Everton FC,1281,2.640822,0.00779,0.122232,9.5e-05,0.106805
WSL_2023-2024,E. Ramsey,Leicester City FC,113,0.259841,0.004331,0.160175,0.001417,0.1471
WSL_2023-2024,E. Salmon,London City Lionesses LFC,331,0.325994,0.004405,-0.521859,-0.001577,-0.465023
WSL_2023-2024,E. Snerle,Manchester City WFC,355,0.398757,0.003379,-0.345374,-0.000973,-0.301783
WSL_2023-2024,E. Stenevik,Leicester City FC,837,2.040927,0.005115,-0.047285,-5.6e-05,-0.041722
WSL_2023-2024,E. Summanen,Brighton & Hove Albion WFC,1713,4.147751,0.004352,0.600442,0.000351,0.551426
WSL_2023-2024,E. Syme,Everton FC,598,0.137943,0.000597,0.207912,0.000348,0.183452
WSL_2023-2024,E. Terland,Tottenham Hotspur FCW,817,-0.05132,-0.000227,0.032571,4e-05,0.028739
WSL_2023-2024,E. Toone,Chelsea FC Women,1365,2.620335,0.003787,0.347178,0.000254,0.322124
WSL_2023-2024,F. Angeldahl,West Ham United WFC,607,0.764175,0.002895,-0.350486,-0.000577,-0.318624
WSL_2023-2024,F. Bentley,Everton FC,319,0.356039,0.002618,0.360293,0.001129,0.34133
WSL_2023-2024,F. Gregory,London City Lionesses LFC,60,-0.024337,-0.001432,-0.025883,-0.000431,-0.080327
WSL_2023-2024,F. Kirby,Manchester United WFC,791,1.351692,0.003413,0.440052,0.000556,0.396047
WSL_2023-2024,F. Maanum,Liverpool FCW,576,0.276352,0.00125,-0.985773,-0.001711,-0.829155
WSL_2023-2024,F. Morgan,Everton FC,1041,1.642118,0.006568,-0.599902,-0.000576,-0.529325
WSL_2023-2024,F. Nagano,Arsenal WFC,1411,1.752927,0.002684,0.988556,0.000701,0.889701
WSL_2023-2024,F. Slocombe,Everton FC,12,-0.003703,-0.003703,0.015911,0.001326,0.204566
WSL_2023-2024,G. Bergsvand,Tottenham Hotspur FCW,1839,4.71961,0.005204,0.780049,0.000424,0.681596
WSL_2023-2024,G. Bonner,Arsenal WFC,1441,2.908931,0.004654,-0.173079,-0.00012,-0.154229
WSL_2023-2024,G. Clinton,Brighton & Hove Albion WFC,1673,1.428979,0.002327,0.26578,0.000159,0.239202
WSL_2023-2024,G. Evans,Chelsea FC Women,476,0.699058,0.002889,-0.34791,-0.000731,-0.313119
WSL_2023-2024,G. Fisk,Arsenal WFC,1822,4.483797,0.004479,-0.049252,-2.7e-05,-0.043888
WSL_2023-2024,G. George,Chelsea FC Women,192,0.105881,0.001217,-0.10736,-0.000559,-0.0976
WSL_2023-2024,G. McEwen,Tottenham Hotspur FCW,4,0.0,,-0.025571,-0.006393,-0.230136
WSL_2023-2024,G. Mullett,London City Lionesses LFC,43,-0.012846,-0.001427,-0.061705,-0.001435,-0.146144
WSL_2023-2024,G. Reiten,Manchester United WFC,813,3.071656,0.011251,-1.47017,-0.001808,-1.323153
WSL_2023-2024,Geyse,Chelsea FC Women,1016,0.108378,0.000661,-0.297988,-0.000293,-0.262931
WSL_2023-2024,H. Bennison,Leicester City FC,869,1.35774,0.00374,0.031925,3.7e-05,0.029621
WSL_2023-2024,H. Blundell,Chelsea FC Women,2298,3.773521,0.002693,0.716251,0.000312,0.619832
WSL_2023-2024,H. Cain,Everton FC,262,0.551182,0.009843,-0.166083,-0.000634,-0.149475
WSL_2023-2024,H. Cissoko,Manchester City WFC,1274,2.863784,0.005105,-0.005951,-5e-06,-0.005522
WSL_2023-2024,H. Hampton,Manchester United WFC,625,1.723338,0.00467,0.974845,0.00156,0.886223
WSL_2023-2024,H. Hayashi,Manchester City WFC,1085,2.04165,0.004027,0.704665,0.000649,0.615727
WSL_2023-2024,H. Ladd,Chelsea FC Women,523,0.068586,0.000319,0.000319,1e-06,0.00029
WSL_2023-2024,H. Miyazawa,Chelsea FC Women,419,0.242974,0.001197,-0.262119,-0.000626,-0.235907
WSL_2023-2024,H. Payne,Leicester City FC,1198,0.750773,0.001915,-0.363301,-0.000303,-0.333644
WSL_2023-2024,I. Atkinson,Manchester City WFC,169,-0.127795,-0.004122,-0.32222,-0.001907,-0.302081
WSL_2023-2024,I. Hobson,Leicester City FC,21,0.012757,0.003189,-0.049519,-0.002358,-0.278547
WSL_2023-2024,Irene Guerrero,Chelsea FC Women,29,0.090334,0.008212,-0.004821,-0.000166,-0.025521
WSL_2023-2024,J. Beattie,Liverpool FCW,131,0.478791,0.005633,0.138435,0.001057,0.122149
WSL_2023-2024,J. Blakstad,West Ham United WFC,153,0.309037,0.004545,-0.024881,-0.000163,-0.020928
WSL_2023-2024,J. Bull,Everton FC,213,0.345076,0.004727,-0.139473,-0.000655,-0.128088
WSL_2023-2024,J. Carabalí,Tottenham Hotspur FCW,939,1.587334,0.004302,-0.573701,-0.000611,-0.516331
WSL_2023-2024,J. Carter,Manchester United WFC,1982,5.398878,0.004372,0.64211,0.000324,0.566567
WSL_2023-2024,J. Cayman,Everton FC,1413,3.83142,0.00618,0.298375,0.000211,0.260716
WSL_2023-2024,J. Clark,Arsenal WFC,1454,2.238532,0.003487,-0.683047,-0.00047,-0.602689
WSL_2023-2024,J. Fleming,Manchester United WFC,370,0.405241,0.002239,0.157318,0.000425,0.145965
WSL_2023-2024,J. Green,Everton FC,976,2.617316,0.00532,0.244517,0.000251,0.220065
WSL_2023-2024,J. Leitzig,Everton FC,972,1.518369,0.002697,1.250247,0.001286,1.114081
WSL_2023-2024,J. Matthews,Arsenal WFC,667,1.06648,0.004134,-0.177709,-0.000266,-0.161554
WSL_2023-2024,J. Napier,Everton FC,1229,1.564089,0.004495,-0.326088,-0.000265,-0.302556
WSL_2023-2024,J. Naz,Brighton & Hove Albion WFC,662,-0.004962,-2.4e-05,0.146815,0.000222,0.129543
WSL_2023-2024,J. Nobbs,London City Lionesses LFC,1239,1.282928,0.001865,-0.072858,-5.9e-05,-0.066235
WSL_2023-2024,J. Park,West Ham United WFC,885,-0.185944,-0.000427,0.324552,0.000367,0.275563
WSL_2023-2024,J. Rantala,Everton FC,1399,3.340478,0.007123,-0.541763,-0.000387,-0.468833
WSL_2023-2024,J. Riviere,Chelsea FC Women,1156,1.051138,0.001925,-0.576051,-0.000498,-0.50828
WSL_2023-2024,J. Roord,West Ham United WFC,766,-0.208015,-0.000543,-0.018484,-2.4e-05,-0.015694
WSL_2023-2024,J. Rytting Kaneryd,Manchester United WFC,968,1.497532,0.004137,0.164431,0.00017,0.149483
WSL_2023-2024,J. Simpson,Everton FC,7,0.0,,-0.003143,-0.000449,-0.025715
WSL_2023-2024,J. Stapleton,Manchester City WFC,2,0.0,,-0.003641,-0.00182,-0.327679
WSL_2023-2024,J. Thibaud,Everton FC,1637,3.38161,0.004216,0.187556,0.000115,0.162308
WSL_2023-2024,J. Vanhaevermaet,Leicester City FC,1429,2.249197,0.003269,-0.034648,-2.4e-05,-0.031498
WSL_2023-2024,J. Woolley,Everton FC,5,0.02294,0.01147,0.013761,0.002752,0.112587
WSL_2023-2024,J. Zigiotti Olme,Tottenham Hotspur FCW,1450,1.901432,0.00293,0.460423,0.000318,0.410278
WSL_2023-2024,J. Ziu,Manchester City WFC,616,0.594878,0.003035,-0.141397,-0.00023,-0.131193
WSL_2023-2024,J. Čanković,Manchester United WFC,411,0.504167,0.002136,-0.17571,-0.000428,-0.158139
WSL_2023-2024,K. Buchanan,Manchester United WFC,551,1.336582,0.00399,0.04641,8.4e-05,0.043061
WSL_2023-2024,K. Casparij,West Ham United WFC,1166,0.755827,0.001147,0.10105,8.7e-05,0.084996
WSL_2023-2024,K. Cooney-Cross,Liverpool FCW,563,0.471077,0.001406,0.123759,0.00022,0.111383
WSL_2023-2024,K. Dali,London City Lionesses LFC,1451,3.320446,0.004657,0.136918,9.4e-05,0.125741
WSL_2023-2024,K. Flannery,Manchester City WFC,37,-0.003058,-0.000306,-0.01568,-0.000424,-0.064146
WSL_2023-2024,K. Gorry,Manchester City WFC,629,0.821098,0.003767,0.135188,0.000215,0.118126
WSL_2023-2024,K. Graham,Brighton & Hove Albion WFC,607,0.818617,0.003843,0.259018,0.000427,0.228545
WSL_2023-2024,K. Hanson,London City Lionesses LFC,1009,0.523251,0.001938,-0.798781,-0.000792,-0.718903
WSL_2023-2024,K. Holmgaard,Leicester City FC,451,0.624178,0.002824,0.027804,6.2e-05,0.025534
WSL_2023-2024,K. Keating,West Ham United WFC,1341,2.979164,0.003884,1.791332,0.001336,1.506728
WSL_2023-2024,K. Kühl,Liverpool FCW,23,0.048269,0.004388,0.067621,0.00294,0.405727
WSL_2023-2024,K. Kühl,Leicester City FC,620,0.310884,0.001169,-0.099295,-0.00016,-0.093089
WSL_2023-2024,K. Little,Liverpool FCW,1183,1.342635,0.001894,0.984771,0.000832,0.836126
WSL_2023-2024,K. Marckese,Everton FC,199,0.052594,0.000531,0.288459,0.00145,0.267643
WSL_2023-2024,K. McCabe,Liverpool FCW,1903,6.17119,0.006422,0.201762,0.000106,0.172939
WSL_2023-2024,K. Mewis,Manchester City WFC,78,0.214734,0.007953,0.048945,0.000627,0.080091
WSL_2023-2024,K. Olesen,Leicester City FC,366,0.489972,0.00392,-0.163162,-0.000446,-0.151387
WSL_2023-2024,K. Reid,Liverpool FCW,20,0.077262,0.005943,0.022037,0.001102,0.28333
WSL_2023-2024,K. Robinson,Tottenham Hotspur FCW,901,0.231109,0.000831,-0.526205,-0.000584,-0.473584
WSL_2023-2024,K. Shaw,West Ham United WFC,932,-0.126954,-0.00054,-0.844779,-0.000906,-0.710562
WSL_2023-2024,K. Smith,Manchester City WFC,1609,3.341775,0.005222,0.205781,0.000128,0.179809
WSL_2023-2024,K. Snoeijs,Leicester City FC,740,0.407421,0.001476,0.182948,0.000247,0.166316
WSL_2023-2024,K. Veje,Leicester City FC,910,2.443994,0.004476,0.179734,0.000198,0.165062
WSL_2023-2024,K. Zelem,Chelsea FC Women,2287,6.68983,0.005693,0.150455,6.6e-05,0.131465
WSL_2023-2024,L. Blindkilde Brown,West Ham United WFC,195,0.051565,0.000678,-0.195649,-0.001003,-0.209624
WSL_2023-2024,L. Blindkilde Brown,London City Lionesses LFC,477,-0.443683,-0.002398,-0.443125,-0.000929,-0.394864
WSL_2023-2024,L. Bühler,Brighton & Hove Albion WFC,1200,2.953554,0.003762,0.374787,0.000312,0.340716
WSL_2023-2024,L. Coombs,West Ham United WFC,719,-1.07679,-0.003344,-0.497125,-0.000691,-0.447412
WSL_2023-2024,L. Dent,Tottenham Hotspur FCW,18,-0.016705,-0.004176,0.009815,0.000545,0.044166
WSL_2023-2024,L. Evans,Everton FC,186,0.162937,0.002037,-0.044839,-0.000241,-0.040763
WSL_2023-2024,L. Evans,Manchester City WFC,597,0.759899,0.003064,-0.540585,-0.000906,-0.472356
WSL_2023-2024,L. Galton,Chelsea FC Women,974,0.311846,0.000909,-0.610498,-0.000627,-0.528316
WSL_2023-2024,L. Hemp,West Ham United WFC,1411,1.287694,0.002472,-1.857747,-0.001317,-1.706094
WSL_2023-2024,L. Hope,Leicester City FC,761,0.332698,0.001113,-0.512328,-0.000673,-0.475355
WSL_2023-2024,L. Hurtig,Liverpool FCW,52,0.255831,0.019679,0.079311,0.001525,0.187842
WSL_2023-2024,L. James,Manchester United WFC,976,0.619395,0.001626,-0.856929,-0.000878,-0.771236
WSL_2023-2024,L. Kiernan,Arsenal WFC,365,0.334831,0.003986,-0.325216,-0.000891,-0.286955
WSL_2023-2024,L. Kop,Everton FC,601,1.173937,0.002987,0.798241,0.001328,0.733078
WSL_2023-2024,L. Naalsund,Chelsea FC Women,803,0.997111,0.002825,0.216194,0.000269,0.194575
WSL_2023-2024,L. Parker,London City Lionesses LFC,443,0.422206,0.002932,-0.055657,-0.000126,-0.049595
WSL_2023-2024,L. Parry,Arsenal WFC,278,0.789585,0.007976,0.073571,0.000265,0.068262
WSL_2023-2024,L. Petermann,Everton FC,1097,-0.531653,-0.001646,-0.672882,-0.000613,-0.599597
WSL_2023-2024,L. Staniforth,London City Lionesses LFC,797,1.648773,0.004432,0.307883,0.000386,0.271661
WSL_2023-2024,L. Wienroither,Liverpool FCW,75,-0.163758,-0.003899,-0.11762,-0.001568,-0.341476
WSL_2023-2024,L. Williamson,Liverpool FCW,931,4.779237,0.007308,1.713573,0.001841,1.557794
WSL_2023-2024,L. Wubben-Moy,Liverpool FCW,2014,8.866418,0.006981,1.887914,0.000937,1.587965
WSL_2023-2024,L. Wälti,Liverpool FCW,1247,2.287837,0.003355,0.631703,0.000507,0.54146
WSL_2023-2024,Laia Aleixandri,West Ham United WFC,2261,5.529344,0.003744,0.927398,0.00041,0.780054
WSL_2023-2024,Laia Codina,Liverpool FCW,509,1.621712,0.005198,0.189539,0.000372,0.172308
WSL_2023-2024,Lee Geum-Min,Tottenham Hotspur FCW,645,0.600002,0.002353,0.03785,5.9e-05,0.034065
WSL_2023-2024,Leila Ouahabi,West Ham United WFC,1545,0.60691,0.000646,-1.071691,-0.000694,-0.984206
WSL_2023-2024,Li Mengwen,Tottenham Hotspur FCW,420,0.528796,0.003244,-0.095155,-0.000227,-0.086505
WSL_2023-2024,Lucía García,Chelsea FC Women,958,-0.42613,-0.00192,-1.112665,-0.001161,-1.001399
WSL_2023-2024,M. Agyemang,Liverpool FCW,8,-0.03292,-0.010973,-0.018432,-0.002304,-0.207365
WSL_2023-2024,M. Arnold,Manchester City WFC,1424,2.560823,0.003518,1.95564,0.001373,1.708812
WSL_2023-2024,M. Bartrip,Brighton & Hove Albion WFC,1412,3.970259,0.004344,0.634028,0.000449,0.570625
WSL_2023-2024,M. Bergman-Lundin,Manchester City WFC,118,-0.03365,-0.001294,-0.160871,-0.001363,-0.18327
WSL_2023-2024,M. Bright,Manchester United WFC,1043,4.653618,0.007446,0.785442,0.000753,0.72876
WSL_2023-2024,M. Campbell,Leicester City FC,89,0.406829,0.018492,0.030356,0.000341,0.073838
WSL_2023-2024,M. Connolly,Everton FC,1382,3.753218,0.006824,0.367303,0.000266,0.324091
WSL_2023-2024,M. Earps,Chelsea FC Women,1194,1.611663,0.002251,1.396924,0.00117,1.220613
WSL_2023-2024,M. Enderby,Arsenal WFC,311,0.264119,0.004554,-0.23435,-0.000754,-0.21522
WSL_2023-2024,M. Filis,Manchester City WFC,252,0.598964,0.005495,0.23075,0.000916,0.207675
WSL_2023-2024,M. Finnigan,Leicester City FC,1627,4.767473,0.004811,1.107613,0.000681,1.027682
WSL_2023-2024,M. Fishel,Manchester United WFC,234,-0.029455,-0.00044,-0.373495,-0.001596,-0.346542
WSL_2023-2024,M. Fowler,West Ham United WFC,1088,1.171081,0.002352,-0.907165,-0.000834,-0.770234
WSL_2023-2024,M. Goodwin,Everton FC,441,-0.118039,-0.000901,-0.36016,-0.000817,-0.314703
WSL_2023-2024,M. Haley,Tottenham Hotspur FCW,394,-0.188757,-0.001586,-0.29432,-0.000747,-0.267564
WSL_2023-2024,M. Hamano,Manchester United WFC,352,-0.150532,-0.001024,-0.273764,-0.000778,-0.254007
WSL_2023-2024,M. Höbinger,Arsenal WFC,1354,4.916104,0.009311,-0.125253,-9.3e-05,-0.112728
WSL_2023-2024,M. Kearns,Arsenal WFC,803,0.375014,0.001531,-0.827085,-0.00103,-0.751896
WSL_2023-2024,M. Kendall,Everton FC,1,0.0,,-0.000664,-0.000664,-0.059788
WSL_2023-2024,M. Lawley,Arsenal WFC,447,0.278422,0.00221,-0.027677,-6.2e-05,-0.024663
WSL_2023-2024,M. Le Tissier,Chelsea FC Women,2263,9.246155,0.00672,2.147932,0.000949,1.895234
WSL_2023-2024,M. Leath,Arsenal WFC,7,0.0,0.0,-0.020797,-0.002971,-0.467943
WSL_2023-2024,M. Leupolz,Manchester United WFC,876,1.966519,0.004762,0.170456,0.000195,0.156541
WSL_2023-2024,M. Loeck,Tottenham Hotspur FCW,97,-0.051543,-0.00092,0.038124,0.000393,0.036118
WSL_2023-2024,M. Malard,Chelsea FC Women,580,0.105099,0.000574,-0.329573,-0.000568,-0.308975
WSL_2023-2024,M. Mjelde,Manchester United WFC,517,0.772313,0.002285,-0.276248,-0.000534,-0.256313
WSL_2023-2024,M. Pacheco,London City Lionesses LFC,1200,1.929516,0.00301,0.295595,0.000246,0.263401
WSL_2023-2024,M. Piemonte,Leicester City FC,619,0.109186,0.000709,-0.260082,-0.00042,-0.236438
WSL_2023-2024,M. Ramírez,Manchester United WFC,297,0.288491,0.003847,0.075888,0.000256,0.068989
WSL_2023-2024,M. Settle,Leicester City FC,1,0.0,,-0.002017,-0.002017,-0.181557
WSL_2023-2024,M. Symonds,Tottenham Hotspur FCW,845,1.692367,0.004863,0.119982,0.000142,0.111324
WSL_2023-2024,M. Taylor,London City Lionesses LFC,255,0.021781,0.000188,0.010949,4.3e-05,0.009954
WSL_2023-2024,M. Taylor,Arsenal WFC,58,-0.015352,-0.000959,-0.054584,-0.000941,-0.050128
WSL_2023-2024,M. Thomas,Brighton & Hove Albion WFC,810,0.267651,0.001054,-0.842174,-0.00104,-0.781398
WSL_2023-2024,M. Turner,Chelsea FC Women,2180,4.81116,0.003417,0.173602,8e-05,0.153178
WSL_2023-2024,M. Vinberg,Brighton & Hove Albion WFC,290,0.430412,0.005186,-0.324961,-0.001121,-0.298433
WSL_2023-2024,M. Walsh,Manchester City WFC,188,0.256519,0.003054,0.206278,0.001097,0.180243
WSL_2023-2024,M. Ward,Everton FC,364,0.3616,0.003767,-0.055924,-0.000154,-0.051889
WSL_2023-2024,M. Zinsberger,Liverpool FCW,801,1.78857,0.00344,0.976468,0.001219,0.836972
WSL_2023-2024,M. Þórisdóttir,Tottenham Hotspur FCW,1254,3.74239,0.005662,0.14539,0.000116,0.128285
WSL_2023-2024,N. Björn,Leicester City FC,542,1.553228,0.004664,0.238245,0.00044,0.218797
WSL_2023-2024,N. Björn,Manchester United WFC,770,2.520541,0.005186,0.394071,0.000512,0.358247
WSL_2023-2024,N. Charles,Manchester United WFC,2366,5.712308,0.004821,0.268697,0.000114,0.237086
WSL_2023-2024,N. Evrard,Tottenham Hotspur FCW,61,0.098343,0.002399,0.082417,0.001351,0.083343
WSL_2023-2024,N. Fahey,Arsenal WFC,480,0.913947,0.003598,-0.017039,-3.5e-05,-0.01549
WSL_2023-2024,N. Flint,Arsenal WFC,167,-0.410476,-0.00821,-0.111859,-0.00067,-0.098699
WSL_2023-2024,N. Layzell,Everton FC,1080,2.416075,0.008081,0.042095,3.9e-05,0.038658
WSL_2023-2024,N. Maritz,Liverpool FCW,403,0.382247,0.001829,0.045047,0.000112,0.038247
WSL_2023-2024,N. Maritz,London City Lionesses LFC,1064,2.28787,0.003891,-0.064668,-6.1e-05,-0.059389
WSL_2023-2024,N. Parris,Chelsea FC Women,803,-0.194453,-0.000778,-0.802834,-0.001,-0.708383
WSL_2023-2024,N. Sørensen,Leicester City FC,361,-0.219003,-0.001781,-0.300097,-0.000831,-0.27844
WSL_2023-2024,O. Ahtinen,Brighton & Hove Albion WFC,1004,1.92512,0.003612,0.088681,8.8e-05,0.081442
WSL_2023-2024,O. Clark,Everton FC,316,0.394118,0.003718,0.233878,0.00074,0.212617
WSL_2023-2024,O. Johnson,Tottenham Hotspur FCW,2,-0.013963,-0.013963,0.003482,0.001741,0.078338
WSL_2023-2024,O. McLoughlin,London City Lionesses LFC,44,0.048161,0.004013,0.061089,0.001388,0.148595
WSL_2023-2024,P. Ademiluyi,Manchester City WFC,105,-0.087509,-0.003646,-0.213302,-0.002031,-0.492235
WSL_2023-2024,P. Bremer,Tottenham Hotspur FCW,968,0.524153,0.001789,-0.733496,-0.000758,-0.65361
WSL_2023-2024,P. Pattinson,Tottenham Hotspur FCW,1091,3.095518,0.006879,-0.440064,-0.000403,-0.396058
WSL_2023-2024,R. Ayane,Brighton & Hove Albion WFC,211,-0.074678,-0.001556,-0.263157,-0.001247,-0.415511
WSL_2023-2024,R. Corsie,London City Lionesses LFC,1352,3.96423,0.00487,0.73069,0.00054,0.638467
WSL_2023-2024,R. Daly,London City Lionesses LFC,1267,0.796073,0.001985,-0.307895,-0.000243,-0.274362
WSL_2023-2024,R. Furness,Everton FC,435,0.462348,0.004867,-0.087343,-0.000201,-0.081884
WSL_2023-2024,R. Laws,Arsenal WFC,1078,3.95477,0.007075,2.35286,0.002183,2.076053
WSL_2023-2024,R. Mace,West Ham United WFC,103,-0.224155,-0.004003,-0.101921,-0.00099,-0.295898
WSL_2023-2024,R. Madsen,Leicester City FC,170,0.091363,0.001692,-0.151823,-0.000893,-0.142334
WSL_2023-2024,R. Percival,Brighton & Hove Albion WFC,166,0.041963,0.000599,-0.280142,-0.001688,-0.252128
WSL_2023-2024,R. Petzelberger,Brighton & Hove Albion WFC,290,-0.088431,-0.000804,-0.210313,-0.000725,-0.189282
WSL_2023-2024,R. Shimizu,Manchester City WFC,1550,4.871951,0.006479,1.254976,0.00081,1.096581
WSL_2023-2024,R. Siemsen,Everton FC,63,0.115048,0.005752,-0.146267,-0.002322,-0.239345
WSL_2023-2024,R. Spencer,Brighton & Hove Albion WFC,849,0.262106,0.000508,0.876348,0.001032,0.79668
WSL_2023-2024,R. Ueki,Manchester City WFC,1279,-0.211398,-0.000552,-1.073157,-0.000839,-0.975597
WSL_2023-2024,R. Williams,Chelsea FC Women,442,-0.283246,-0.00275,-0.413948,-0.000937,-0.368864
WSL_2023-2024,S. Baggaley,Tottenham Hotspur FCW,1064,1.7037,0.00327,1.415452,0.00133,1.273907
WSL_2023-2024,S. Blackstenius,Liverpool FCW,421,-0.334849,-0.002887,-0.679767,-0.001615,-0.571767
WSL_2023-2024,S. Catley,Liverpool FCW,1652,4.927188,0.005106,0.527904,0.00032,0.465798
WSL_2023-2024,S. Cooke,Manchester City WFC,811,2.297766,0.006942,0.194886,0.00024,0.168652
WSL_2023-2024,S. D'Angelo,Liverpool FCW,206,0.373121,0.003109,0.13813,0.000671,0.126854
WSL_2023-2024,S. Haug,Arsenal WFC,1174,0.293314,0.000934,-0.688078,-0.000586,-0.607128
WSL_2023-2024,S. Hayles,Everton FC,198,-0.175234,-0.003651,-0.047064,-0.000238,-0.041527
WSL_2023-2024,S. Holmgaard,Leicester City FC,748,0.901754,0.002676,-0.220005,-0.000294,-0.200005
WSL_2023-2024,S. Houghton,West Ham United WFC,105,0.374565,0.005508,0.110933,0.001057,0.311998
WSL_2023-2024,S. Howard,Everton FC,1795,3.465951,0.004073,-0.548017,-0.000305,-0.483544
WSL_2023-2024,S. Ingle,Manchester United WFC,879,2.454746,0.004757,0.735898,0.000837,0.675824
WSL_2023-2024,S. Kerr,Manchester United WFC,373,-0.174918,-0.001136,-0.458948,-0.00123,-0.413053
WSL_2023-2024,S. Lundgaard,Arsenal WFC,197,0.178121,0.003299,-0.047742,-0.000242,-0.042968
WSL_2023-2024,S. Magill,London City Lionesses LFC,371,-0.412726,-0.004211,-0.455642,-0.001228,-0.406017
WSL_2023-2024,S. Mayling,London City Lionesses LFC,1731,1.933235,0.002146,0.608774,0.000352,0.553431
WSL_2023-2024,S. Murray,Everton FC,116,0.068296,0.002203,-0.045537,-0.000393,-0.044068
WSL_2023-2024,S. Nüsken,Manchester United WFC,1077,1.171384,0.002541,-0.838029,-0.000778,-0.777553
WSL_2023-2024,S. O’Brien,Everton FC,413,0.165502,0.001672,-0.569949,-0.00138,-0.534327
WSL_2023-2024,S. Poor,London City Lionesses LFC,116,0.154226,0.002856,0.049705,0.000428,0.047089
WSL_2023-2024,S. Stratigakis,Everton FC,125,0.087717,0.001949,0.026612,0.000213,0.024691
WSL_2023-2024,S. Struck,Everton FC,441,0.757764,0.004009,0.030281,6.9e-05,0.026719
WSL_2023-2024,S. Takarada,Everton FC,764,1.89211,0.005142,0.561238,0.000735,0.510217
WSL_2023-2024,S. Tierney,Everton FC,1522,1.359638,0.002063,0.410183,0.00027,0.354966
WSL_2023-2024,S. Yáñez,Everton FC,421,0.457202,0.002419,0.4307,0.001023,0.380029
WSL_2023-2024,S. Zadorsky,Brighton & Hove Albion WFC,124,0.170505,0.004872,0.02594,0.000209,0.024068
WSL_2023-2024,S. Zadorsky,Manchester City WFC,574,1.690511,0.005829,0.107566,0.000187,0.094911
WSL_2023-2024,S. van de Sanden,Arsenal WFC,357,0.023669,0.000338,-0.56095,-0.001571,-0.494956
WSL_2023-2024,T. Duggan,Leicester City FC,173,-0.247499,-0.003694,-0.261264,-0.00151,-0.244935
WSL_2023-2024,T. Hinds,Arsenal WFC,1352,1.597467,0.002708,0.154905,0.000115,0.136681
WSL_2023-2024,T. Micah,Arsenal WFC,543,1.725452,0.005426,1.068924,0.001969,0.962031
WSL_2023-2024,T. Teisar,Everton FC,4,0.028423,0.028423,-0.001294,-0.000323,-0.007276
WSL_2023-2024,Tatiana Pinto,Tottenham Hotspur FCW,654,0.101763,0.000428,-0.117022,-0.000179,-0.104277
WSL_2023-2024,V. Asseyi,Manchester City WFC,1182,0.545132,0.001764,-0.727901,-0.000616,-0.629914
WSL_2023-2024,V. Miedema,Liverpool FCW,277,0.312117,0.002812,-0.184518,-0.000666,-0.16281
WSL_2023-2024,V. Pelova,Liverpool FCW,1395,2.710851,0.004132,0.349611,0.000251,0.317828
WSL_2023-2024,V. Sarri,Tottenham Hotspur FCW,620,0.871656,0.004953,-0.398426,-0.000643,-0.365902
WSL_2023-2024,Vicky Losada,Tottenham Hotspur FCW,1352,1.006864,0.001606,-0.01065,-8e-06,-0.00949
WSL_2023-2024,Wang Shuang,Brighton & Hove Albion WFC,146,0.255657,0.004565,-0.063014,-0.000432,-0.13503
WSL_2023-2024,Y. Daniëls,Arsenal WFC,271,0.444548,0.005421,0.062961,0.000232,0.057238
WSL_2023-2024,Y. Hasegawa,West Ham United WFC,1976,2.167224,0.001734,1.170131,0.000592,0.984222
WSL_2023-2024,Y. Momiki,Everton FC,697,2.019529,0.006964,0.424134,0.000609,0.370603
WSL_2023-2024,Z. Mušović,Manchester United WFC,295,0.367199,0.002369,0.201529,0.000683,0.188934
WSL_2023-2024,Z. Shaw,Arsenal WFC,5,0.023257,0.011628,0.003085,0.000617,0.013882
WSL_2023-2024,Zhang Linyan,Brighton & Hove Albion WFC,41,0.05768,0.005768,-0.035756,-0.000872,-0.034234
WSL_2023-2024,È. Périsset,Manchester United WFC,1146,3.456773,0.005054,1.124017,0.000981,1.011615
WSL_2024-2025,A. Ale,Everton FC,1329,2.518926,0.004762,0.555364,0.000418,0.504876
WSL_2024-2025,A. Beever-Jones,Manchester United WFC,874,-0.446877,-0.00152,-0.702421,-0.000804,-0.64508
WSL_2024-2025,A. Blanchard,Crystal Palace Women FC,653,1.402506,0.007305,-0.209364,-0.000321,-0.188427
WSL_2024-2025,A. Csiki,Brighton & Hove Albion WFC,287,0.407309,0.003737,0.028427,9.9e-05,0.025331
WSL_2024-2025,A. Denton,Manchester City WFC,1465,1.696105,0.002929,-0.341241,-0.000233,-0.313384
WSL_2024-2025,A. Everett,Crystal Palace Women FC,820,1.7424,0.003933,0.335252,0.000409,0.314298
WSL_2024-2025,A. Fujino,West Ham United WFC,903,0.155738,0.000396,-0.868895,-0.000962,-0.797965
WSL_2024-2025,A. Galli,Leicester City FC,78,0.116283,0.00401,0.016317,0.000209,0.016137
WSL_2024-2025,A. Greenwood,West Ham United WFC,1514,5.746375,0.005457,1.294799,0.000855,1.189101
WSL_2024-2025,A. Ilestedt,Liverpool FCW,23,0.10923,0.008402,0.036375,0.001582,0.218248
WSL_2024-2025,A. James-Turner,Brighton & Hove Albion WFC,32,0.00953,0.001906,-0.034889,-0.00109,-0.064083
WSL_2024-2025,A. Kennedy,West Ham United WFC,667,1.970977,0.003733,0.786017,0.001178,0.736891
WSL_2024-2025,A. Larkin,Crystal Palace Women FC,564,0.628549,0.005663,-0.242036,-0.000429,-0.217832
WSL_2024-2025,A. Lawrence,Manchester United WFC,1110,1.439051,0.002379,-0.020644,-1.9e-05,-0.019154
WSL_2024-2025,A. Leon,London City Lionesses LFC,327,-0.254956,-0.002276,-0.122261,-0.000374,-0.110035
WSL_2024-2025,A. Mannion,Chelsea FC Women,398,1.602137,0.008852,0.317936,0.000799,0.277808
WSL_2024-2025,A. Masaka,Tottenham Hotspur FCW,5,0.014731,0.014731,0.028735,0.005747,0.258617
WSL_2024-2025,A. Neville,Brighton & Hove Albion WFC,1968,3.842087,0.005192,0.009553,5e-06,0.008429
WSL_2024-2025,A. Nildén,Brighton & Hove Albion WFC,1325,2.945106,0.004766,-0.187365,-0.000141,-0.166959
WSL_2024-2025,A. Nouwen,Crystal Palace Women FC,332,0.951851,0.006388,0.151393,0.000456,0.144951
WSL_2024-2025,A. Oyama,West Ham United WFC,22,-0.002508,-0.000179,-0.0036,-0.000164,-0.021598
WSL_2024-2025,A. Patten,London City Lionesses LFC,1871,6.379672,0.005826,1.832443,0.000979,1.616861
WSL_2024-2025,A. Russo,Liverpool FCW,1163,-0.979694,-0.002355,-1.329572,-0.001143,-1.233623
WSL_2024-2025,A. Sandberg,Chelsea FC Women,546,0.428865,0.001915,-0.421605,-0.000772,-0.39118
WSL_2024-2025,A. Swaby,Crystal Palace Women FC,542,1.169847,0.004661,-0.039346,-7.3e-05,-0.035411
WSL_2024-2025,A. Tysiak,Manchester City WFC,1328,2.206508,0.003772,-0.012687,-1e-05,-0.011651
WSL_2024-2025,A. Weerden,Crystal Palace Women FC,682,1.009324,0.007009,-0.514805,-0.000755,-0.47278
WSL_2024-2025,A. Yamashita,West Ham United WFC,767,1.270603,0.002344,1.024465,0.001336,0.970546
WSL_2024-2025,Alejandra Bernabé,Arsenal WFC,139,0.099514,0.002163,-0.179165,-0.001289,-0.17154
WSL_2024-2025,Alejandra Bernabé,Manchester United WFC,29,0.136225,0.015136,-0.0972,-0.003352,-0.153473
WSL_2024-2025,B. Aspin,Crystal Palace Women FC,153,0.380275,0.004695,0.085992,0.000562,0.083218
WSL_2024-2025,B. England,Brighton & Hove Albion WFC,887,0.066275,0.00026,-0.713951,-0.000805,-0.649047
WSL_2024-2025,B. Mead,Liverpool FCW,1180,-0.85591,-0.001675,-1.680545,-0.001424,-1.527768
WSL_2024-2025,B. Rayner,Tottenham Hotspur FCW,62,0.078435,0.004128,-0.04509,-0.000727,-0.202907
WSL_2024-2025,Bruna Vilamala,Tottenham Hotspur FCW,446,0.025901,0.000184,-0.217364,-0.000487,-0.186312
WSL_2024-2025,C. Arthur,Crystal Palace Women FC,186,0.149309,0.002333,0.053887,0.00029,0.051594
WSL_2024-2025,C. Bizet,Chelsea FC Women,1294,1.021149,0.002716,-1.129949,-0.000873,-1.027226
WSL_2024-2025,C. Bott,Everton FC,1316,2.406568,0.005336,0.150407,0.000114,0.136734
WSL_2024-2025,C. Brosnan,Leicester City FC,1314,0.344277,0.000469,1.045491,0.000796,0.970043
WSL_2024-2025,C. Foord,Liverpool FCW,1021,0.581758,0.001779,-1.824903,-0.001787,-1.693209
WSL_2024-2025,C. Grant,London City Lionesses LFC,1238,0.562838,0.001279,-0.948487,-0.000766,-0.853639
WSL_2024-2025,C. Grant,Brighton & Hove Albion WFC,301,0.331406,0.003642,-0.270327,-0.000898,-0.250819
WSL_2024-2025,C. Hayes,Tottenham Hotspur FCW,409,0.890623,0.005004,-0.128455,-0.000314,-0.117969
WSL_2024-2025,C. Holland,Arsenal WFC,1281,1.693496,0.004244,-0.646287,-0.000505,-0.587534
WSL_2024-2025,C. Hunt,Brighton & Hove Albion WFC,1327,3.378269,0.004422,0.086485,6.5e-05,0.076311
WSL_2024-2025,C. Kapocs,Arsenal WFC,563,0.387109,0.002826,-0.412744,-0.000733,-0.379051
WSL_2024-2025,C. Kelly,West Ham United WFC,157,-0.07509,-0.001138,-0.549202,-0.003498,-0.520297
WSL_2024-2025,C. Kelly,Liverpool FCW,535,-0.313837,-0.001383,-0.986661,-0.001844,-0.906117
WSL_2024-2025,C. Laris­ey,Crystal Palace Women FC,220,-0.22719,-0.006491,-0.214463,-0.000975,-0.198986
WSL_2024-2025,C. Macário,Manchester United WFC,814,2.371587,0.007275,-0.129754,-0.000159,-0.116779
WSL_2024-2025,C. Nevin,Everton FC,608,2.132801,0.009076,-0.158866,-0.000261,-0.142979
WSL_2024-2025,C. Rule,Tottenham Hotspur FCW,32,0.189642,0.015804,0.009427,0.000295,0.044653
WSL_2024-2025,C. Swaby,Everton FC,359,0.596266,0.004622,-0.159169,-0.000443,-0.144699
WSL_2024-2025,C. Sáez,Manchester City WFC,452,1.439454,0.005875,0.161418,0.000357,0.15133
WSL_2024-2025,C. Thomas,West Ham United WFC,24,-0.072761,-0.006615,-0.119219,-0.004967,-0.536484
WSL_2024-2025,C. Wheeler,Leicester City FC,1439,1.553466,0.002466,0.309096,0.000215,0.286791
WSL_2024-2025,D. Brynjarsdóttir,Manchester City WFC,389,0.092972,0.001045,-0.353482,-0.000909,-0.331389
WSL_2024-2025,D. Janssen,Chelsea FC Women,1377,1.885765,0.003076,0.071694,5.2e-05,0.064524
WSL_2024-2025,D. Rose,Everton FC,266,0.06866,0.00156,0.127979,0.000481,0.117532
WSL_2024-2025,D. Spence,Brighton & Hove Albion WFC,1188,0.8806,0.001713,0.301108,0.000253,0.270997
WSL_2024-2025,D. Stefanović,Tottenham Hotspur FCW,161,0.407249,0.007145,-0.072622,-0.000451,-0.121036
WSL_2024-2025,D. Turner,London City Lionesses LFC,1123,2.828122,0.00424,0.228223,0.000203,0.199418
WSL_2024-2025,D. van Domselaar,Liverpool FCW,671,1.071137,0.002284,0.790752,0.001178,0.74133
WSL_2024-2025,E. Bissell,Leicester City FC,182,0.067432,0.001568,0.035592,0.000196,0.033023
WSL_2024-2025,E. Cuthbert,Manchester United WFC,1106,0.847913,0.001745,-0.34016,-0.000308,-0.3189
WSL_2024-2025,E. Fox,Liverpool FCW,1923,2.917573,0.002535,0.46079,0.00024,0.423175
WSL_2024-2025,E. Harries,Manchester City WFC,194,0.112417,0.002007,-0.045815,-0.000236,-0.042952
WSL_2024-2025,E. Heeps,Brighton & Hove Albion WFC,108,0.064328,0.00117,0.091984,0.000852,0.083622
WSL_2024-2025,E. Hughes,Crystal Palace Women FC,67,-0.09604,-0.004573,-0.096324,-0.001438,-0.240811
WSL_2024-2025,E. Morris,Brighton & Hove Albion WFC,905,1.241693,0.004031,-0.265438,-0.000293,-0.241307
WSL_2024-2025,E. Nyström,Manchester City WFC,453,1.317709,0.007084,0.088512,0.000195,0.081286
WSL_2024-2025,E. O'Carroll,West Ham United WFC,20,-0.019061,-0.001271,-0.013054,-0.000653,-0.061837
WSL_2024-2025,E. Pelgander,Everton FC,55,0.025298,0.001331,-0.001171,-2.1e-05,-0.004215
WSL_2024-2025,E. Ramsey,Leicester City FC,72,-0.011816,-0.000303,-0.002555,-3.5e-05,-0.002446
WSL_2024-2025,E. Salmon,London City Lionesses LFC,612,0.831033,0.005615,-0.492362,-0.000805,-0.456831
WSL_2024-2025,E. Stenevik,Leicester City FC,903,2.09472,0.004495,0.182949,0.000203,0.169746
WSL_2024-2025,E. Summanen,Brighton & Hove Albion WFC,1361,2.127321,0.003303,-0.234563,-0.000172,-0.209016
WSL_2024-2025,E. Terland,Chelsea FC Women,789,0.16081,0.001051,-1.012453,-0.001283,-0.93939
WSL_2024-2025,E. Toone,Chelsea FC Women,1199,0.766413,0.001324,-0.204705,-0.000171,-0.191911
WSL_2024-2025,E. Watson,Leicester City FC,103,0.182475,0.006517,-0.149516,-0.001452,-0.263851
WSL_2024-2025,E. Watson,Chelsea FC Women,5,-0.017917,-0.005972,-0.002914,-0.000583,-0.021856
WSL_2024-2025,F. Gibbons,Crystal Palace Women FC,301,0.377067,0.003279,-0.201925,-0.000671,-0.189305
WSL_2024-2025,F. Kirby,Tottenham Hotspur FCW,977,0.631024,0.00134,0.211026,0.000216,0.189923
WSL_2024-2025,F. Maanum,Liverpool FCW,1016,1.165776,0.002756,-0.825816,-0.000813,-0.782352
WSL_2024-2025,F. Nagano,Arsenal WFC,1114,1.960603,0.003637,0.810511,0.000728,0.736828
WSL_2024-2025,G. Bergsvand,Tottenham Hotspur FCW,1996,5.257278,0.00413,1.563879,0.000784,1.393556
WSL_2024-2025,G. Bonner,Arsenal WFC,1381,3.783139,0.005359,0.611191,0.000443,0.561298
WSL_2024-2025,G. Clinton,Chelsea FC Women,1634,0.65757,0.001347,-0.36807,-0.000225,-0.345066
WSL_2024-2025,G. Evans,Arsenal WFC,734,1.51397,0.004338,-0.40101,-0.000546,-0.357335
WSL_2024-2025,G. Fisk,Arsenal WFC,1324,3.365889,0.004768,0.891814,0.000674,0.786894
WSL_2024-2025,G. George,Chelsea FC Women,1344,3.323646,0.006416,0.135032,0.0001,0.122756
WSL_2024-2025,G. Prior,West Ham United WFC,776,1.160983,0.002404,-0.061268,-7.9e-05,-0.056847
WSL_2024-2025,G. Reiten,Manchester United WFC,740,2.49314,0.009933,-0.636331,-0.00086,-0.59656
WSL_2024-2025,Gabi Nunes,London City Lionesses LFC,399,-0.303175,-0.002781,-0.420706,-0.001054,-0.386363
WSL_2024-2025,Geyse,Chelsea FC Women,506,0.608077,0.009076,-0.500793,-0.00099,-0.437586
WSL_2024-2025,H. Cain,Everton FC,608,1.143947,0.007944,-0.211495,-0.000348,-0.194231
WSL_2024-2025,H. Eiríksdóttir,Everton FC,169,-0.051732,-0.00115,-0.193669,-0.001146,-0.181565
WSL_2024-2025,H. Hampton,Manchester United WFC,1288,2.135211,0.002591,1.424118,0.001106,1.281707
WSL_2024-2025,H. Hayashi,Leicester City FC,1104,0.928774,0.00179,0.19715,0.000179,0.182923
WSL_2024-2025,H. Ladd,Leicester City FC,460,0.327745,0.001753,-0.10412,-0.000226,-0.102976
WSL_2024-2025,H. Ladd,Chelsea FC Women,21,-0.010488,-0.001748,0.009341,0.000445,0.084068
WSL_2024-2025,H. Miyazawa,Chelsea FC Women,992,1.073737,0.002446,0.753503,0.00076,0.706409
WSL_2024-2025,H. Nolan,Crystal Palace Women FC,698,1.563566,0.004599,0.214775,0.000308,0.193297
WSL_2024-2025,H. Payne,Leicester City FC,1010,0.70204,0.001929,-0.593375,-0.000587,-0.550554
WSL_2024-2025,H. Raso,Brighton & Hove Albion WFC,605,0.158559,0.000973,-0.598712,-0.00099,-0.549837
WSL_2024-2025,H. Silcock,Arsenal WFC,160,0.119905,0.001763,-0.080829,-0.000505,-0.076574
WSL_2024-2025,I. Atkinson,Crystal Palace Women FC,20,0.242298,0.080766,5e-06,0.0,2.8e-05
WSL_2024-2025,I. Hobson,Leicester City FC,164,0.041157,0.001004,-0.247639,-0.00151,-0.232162
WSL_2024-2025,I. Riley,Crystal Palace Women FC,550,0.360881,0.003111,-0.148901,-0.000271,-0.139595
WSL_2024-2025,Inma Gabarro,Leicester City FC,63,0.053852,0.003366,0.059554,0.000945,0.095712
WSL_2024-2025,J. Baijings,London City Lionesses LFC,674,-0.252325,-0.000847,-0.365889,-0.000543,-0.339485
WSL_2024-2025,J. Carabalí,Tottenham Hotspur FCW,1153,2.376082,0.003672,-0.061301,-5.3e-05,-0.054625
WSL_2024-2025,J. Cayman,Everton FC,1013,1.723139,0.005687,-0.042055,-4.2e-05,-0.038622
WSL_2024-2025,J. Clark,Arsenal WFC,1195,1.409837,0.002531,-0.047135,-3.9e-05,-0.042002
WSL_2024-2025,J. Green,Crystal Palace Women FC,1030,1.13306,0.002812,-0.111572,-0.000108,-0.104599
WSL_2024-2025,J. Leitzig,Everton FC,956,-0.142315,-0.000298,0.842099,0.000881,0.757889
WSL_2024-2025,J. Matthews,Arsenal WFC,885,1.456824,0.003553,0.202262,0.000229,0.189621
WSL_2024-2025,J. Naz,Brighton & Hove Albion WFC,1010,-0.071845,-0.000211,0.290865,0.000288,0.256646
WSL_2024-2025,J. Nighswonger,Liverpool FCW,179,0.067732,0.000645,0.000866,5e-06,0.000821
WSL_2024-2025,J. Nobbs,London City Lionesses LFC,1413,2.02156,0.002412,0.243952,0.000173,0.217383
WSL_2024-2025,J. Park,West Ham United WFC,1264,-0.259074,-0.000407,-0.813034,-0.000643,-0.746664
WSL_2024-2025,J. Rantala,Everton FC,192,0.457145,0.008312,-0.080778,-0.000421,-0.079891
WSL_2024-2025,J. Riviere,Chelsea FC Women,1351,4.314041,0.008155,0.43849,0.000325,0.406847
WSL_2024-2025,J. Roord,West Ham United WFC,1157,0.109093,0.000173,-0.251191,-0.000217,-0.228356
WSL_2024-2025,J. Rybrink,Brighton & Hove Albion WFC,401,0.578526,0.002504,0.078607,0.000196,0.071461
WSL_2024-2025,J. Rytting Kaneryd,Manchester United WFC,1298,0.068649,0.000153,-0.849356,-0.000654,-0.788063
WSL_2024-2025,J. Thibaud,Everton FC,1358,3.200421,0.006427,0.310439,0.000229,0.279395
WSL_2024-2025,J. Vanhaevermaet,Leicester City FC,1366,2.243692,0.003567,0.529764,0.000388,0.486518
WSL_2024-2025,J. Čanković,Tottenham Hotspur FCW,865,1.58441,0.003585,0.47645,0.000551,0.42456
WSL_2024-2025,Júlia Bartel,Arsenal WFC,132,0.011577,0.000196,0.04782,0.000362,0.100089
WSL_2024-2025,K. Buchanan,Manchester United WFC,476,0.987798,0.00343,0.004617,1e-05,0.004421
WSL_2024-2025,K. Casparij,West Ham United WFC,1941,0.698542,0.000628,-1.043681,-0.000538,-0.978451
WSL_2024-2025,K. Cooney-Cross,Liverpool FCW,1024,1.147844,0.001873,0.208082,0.000203,0.178356
WSL_2024-2025,K. Dali,London City Lionesses LFC,375,0.803829,0.004673,-0.020304,-5.4e-05,-0.017915
WSL_2024-2025,K. Gago,Leicester City FC,510,-0.295895,-0.002242,-0.330744,-0.000649,-0.310073
WSL_2024-2025,K. Gorry,Manchester City WFC,1648,3.492578,0.006553,0.573232,0.000348,0.526438
WSL_2024-2025,K. Hanson,London City Lionesses LFC,937,1.435632,0.00674,-0.766551,-0.000818,-0.696865
WSL_2024-2025,K. Holmgaard,Leicester City FC,320,0.078625,0.00069,-0.21243,-0.000664,-0.20125
WSL_2024-2025,K. Keating,West Ham United WFC,897,1.521591,0.002665,0.74856,0.000835,0.680509
WSL_2024-2025,K. Kühl,Liverpool FCW,14,0.017219,0.001565,-0.009824,-0.000702,-0.098236
WSL_2024-2025,K. Lampson,Crystal Palace Women FC,1249,0.77909,0.002072,0.05222,4.2e-05,0.046532
WSL_2024-2025,K. Little,Liverpool FCW,1238,0.30241,0.000395,-0.00628,-5e-06,-0.005827
WSL_2024-2025,K. McCabe,Liverpool FCW,1989,7.34851,0.007005,0.205328,0.000103,0.188566
WSL_2024-2025,K. Mewis,Manchester City WFC,42,0.069358,0.00365,0.018012,0.000429,0.034491
WSL_2024-2025,K. Olesen,Leicester City FC,647,0.314217,0.001172,0.09232,0.000143,0.084784
WSL_2024-2025,K. Reid,Liverpool FCW,182,0.46662,0.00453,0.129795,0.000713,0.120428
WSL_2024-2025,K. Rendell,Chelsea FC Women,1,0.0,,-0.006811,-0.006811,-0.612977
WSL_2024-2025,K. Robinson,London City Lionesses LFC,424,-0.084673,-0.000641,-0.414683,-0.000978,-0.362345
WSL_2024-2025,K. Seike,Tottenham Hotspur FCW,938,0.851926,0.003477,-0.451104,-0.000481,-0.405993
WSL_2024-2025,K. Shaw,West Ham United WFC,571,0.156061,0.001107,-1.134567,-0.001987,-1.041949
WSL_2024-2025,K. Smith,Manchester City WFC,525,1.308001,0.006606,0.238357,0.000454,0.216688
WSL_2024-2025,K. Snoeijs,Leicester City FC,813,0.415016,0.001736,-0.280887,-0.000345,-0.263332
WSL_2024-2025,K. Szemik,Manchester City WFC,1184,0.52039,0.000862,1.014013,0.000856,0.931236
WSL_2024-2025,K. Talbert,London City Lionesses LFC,15,0.006337,0.000792,0.008135,0.000542,0.019788
WSL_2024-2025,K. Torres,Everton FC,27,-0.033411,-0.006682,0.040899,0.001515,0.184047
WSL_2024-2025,K. Veje,Crystal Palace Women FC,1208,3.189371,0.004862,0.519027,0.00043,0.467124
WSL_2024-2025,K. Walsh,Manchester United WFC,358,0.783763,0.003515,0.241921,0.000676,0.224463
WSL_2024-2025,Kerolin,West Ham United WFC,501,0.251591,0.001534,0.033051,6.6e-05,0.030353
WSL_2024-2025,L. Blindkilde Brown,West Ham United WFC,317,0.110312,0.000634,-0.176837,-0.000558,-0.169312
WSL_2024-2025,L. Bronze,Manchester United WFC,1883,6.767245,0.00723,1.224598,0.00065,1.124631
WSL_2024-2025,L. Brown,Manchester United WFC,18,-0.003669,-0.001223,0.022177,0.001232,0.105051
WSL_2024-2025,L. Bühler,Brighton & Hove Albion WFC,353,0.178959,0.001047,-0.115623,-0.000328,-0.108397
WSL_2024-2025,L. Coombs,West Ham United WFC,400,-0.489084,-0.002827,0.031899,8e-05,0.029295
WSL_2024-2025,L. Galton,Chelsea FC Women,1002,0.005573,1.5e-05,-0.954963,-0.000953,-0.895278
WSL_2024-2025,L. Gunning-Williams,Brighton & Hove Albion WFC,138,0.26285,0.012517,-0.14768,-0.00107,-0.324175
WSL_2024-2025,L. Hemp,West Ham United WFC,723,2.349766,0.008245,-0.443514,-0.000613,-0.403194
WSL_2024-2025,L. Hope,Leicester City FC,909,1.438477,0.003776,0.162508,0.000179,0.149242
WSL_2024-2025,L. Hurtig,Liverpool FCW,63,-0.052868,-0.002937,-0.051153,-0.000812,-0.184151
WSL_2024-2025,L. James,Manchester United WFC,532,1.310207,0.006391,-0.202588,-0.000381,-0.184171
WSL_2024-2025,L. Kiernan,Arsenal WFC,545,-0.506472,-0.004604,-0.865159,-0.001587,-0.794534
WSL_2024-2025,L. Kop,Everton FC,90,-0.011366,-0.000214,0.14038,0.00156,0.141957
WSL_2024-2025,L. Kop,Brighton & Hove Albion WFC,752,0.725561,0.00168,0.81038,0.001078,0.744226
WSL_2024-2025,L. Murphy,West Ham United WFC,271,-0.125409,-0.002162,-0.782453,-0.002887,-0.73355
WSL_2024-2025,L. Naalsund,Chelsea FC Women,332,0.701173,0.005156,0.041329,0.000124,0.038746
WSL_2024-2025,L. Parker,London City Lionesses LFC,1248,3.788363,0.005506,0.925367,0.000741,0.824585
WSL_2024-2025,L. Parry,Arsenal WFC,586,0.894969,0.003841,0.091282,0.000156,0.083831
WSL_2024-2025,L. Potter,Crystal Palace Women FC,1369,1.493729,0.002352,0.333526,0.000244,0.300173
WSL_2024-2025,L. Ribadeira,Leicester City FC,40,0.015362,0.001397,0.004726,0.000118,0.019333
WSL_2024-2025,L. Sallaway,London City Lionesses LFC,19,0.040984,0.005123,-0.003343,-0.000176,-0.015042
WSL_2024-2025,L. Staniforth,London City Lionesses LFC,760,1.595963,0.004349,0.292977,0.000385,0.263679
WSL_2024-2025,L. Thomas,Leicester City FC,1,0.0,,-0.00166,-0.00166,-0.149422
WSL_2024-2025,L. Wienroither,West Ham United WFC,253,0.639409,0.005813,0.013151,5.2e-05,0.012078
WSL_2024-2025,L. Wienroither,Liverpool FCW,20,-0.023524,-0.002139,-0.018916,-0.000946,-0.08512
WSL_2024-2025,L. Williamson,Liverpool FCW,1974,9.151361,0.007111,2.833325,0.001435,2.602033
WSL_2024-2025,L. Woodham,Crystal Palace Women FC,1552,3.338039,0.005867,-0.110179,-7.1e-05,-0.100163
WSL_2024-2025,L. Wubben-Moy,Liverpool FCW,668,2.63885,0.006359,0.483349,0.000724,0.448468
WSL_2024-2025,L. Wälti,Liverpool FCW,1139,1.688551,0.002532,0.256613,0.000225,0.219954
WSL_2024-2025,Laia Aleixandri,West Ham United WFC,2143,7.071597,0.00482,2.263311,0.001056,2.121854
WSL_2024-2025,Laia Codina,Liverpool FCW,456,1.683083,0.005211,0.419711,0.00092,0.359752
WSL_2024-2025,Leila Ouahabi,West Ham United WFC,1748,1.916162,0.001808,-0.554039,-0.000317,-0.508811
WSL_2024-2025,Li Mengwen,Manchester City WFC,558,1.145453,0.005588,0.22568,0.000404,0.213802
WSL_2024-2025,M. Agyemang,Tottenham Hotspur FCW,514,-0.042168,-0.000364,-0.419204,-0.000816,-0.373548
WSL_2024-2025,M. Auée,Tottenham Hotspur FCW,557,1.239451,0.004557,0.29676,0.000533,0.269782
WSL_2024-2025,M. Bartrip,Brighton & Hove Albion WFC,1778,5.36128,0.00454,1.536732,0.000864,1.369365
WSL_2024-2025,M. Bergman-Lundin,Manchester City WFC,12,-0.001527,-0.000254,0.002053,0.000171,0.004198
WSL_2024-2025,M. Bright,Manchester United WFC,2157,8.087207,0.006071,1.262885,0.000585,1.159793
WSL_2024-2025,M. Cato,Crystal Palace Women FC,916,1.091489,0.004231,0.125815,0.000137,0.113233
WSL_2024-2025,M. Duffy,Arsenal WFC,1,0.0,,0.000638,0.000638,0.057415
WSL_2024-2025,M. Enderby,Arsenal WFC,372,-0.228253,-0.003261,-0.268764,-0.000722,-0.249369
WSL_2024-2025,M. Finnigan,Leicester City FC,958,2.871183,0.004959,0.597674,0.000624,0.554543
WSL_2024-2025,M. Fishel,Manchester United WFC,107,0.273286,0.010931,-0.094965,-0.000888,-0.091902
WSL_2024-2025,M. Fowler,West Ham United WFC,972,1.553972,0.003885,-1.076984,-0.001108,-0.999264
WSL_2024-2025,M. Gejl,Crystal Palace Women FC,975,0.429594,0.001418,-0.564952,-0.000579,-0.529642
WSL_2024-2025,M. Goodwin,Everton FC,877,0.280407,0.001612,-0.47533,-0.000542,-0.432119
WSL_2024-2025,M. Haley,Tottenham Hotspur FCW,684,-0.268281,-0.001231,-0.541463,-0.000792,-0.487317
WSL_2024-2025,M. Hamano,Manchester United WFC,845,1.523939,0.004549,-0.022046,-2.6e-05,-0.020668
WSL_2024-2025,M. Höbinger,Arsenal WFC,1484,5.759365,0.009488,0.034306,2.3e-05,0.031187
WSL_2024-2025,M. Kearns,London City Lionesses LFC,804,0.697118,0.002178,-0.110305,-0.000137,-0.101301
WSL_2024-2025,M. Lawley,Leicester City FC,377,0.227525,0.002917,-0.300111,-0.000796,-0.281354
WSL_2024-2025,M. Le Tissier,Chelsea FC Women,2145,10.274255,0.009215,2.870941,0.001338,2.533183
WSL_2024-2025,M. Loeck,Tottenham Hotspur FCW,443,0.1592,0.000639,0.20705,0.000467,0.188227
WSL_2024-2025,M. Majasaari,Crystal Palace Women FC,177,0.439498,0.008139,0.204228,0.001154,0.18949
WSL_2024-2025,M. Malard,Chelsea FC Women,500,0.118879,0.000974,-0.510635,-0.001021,-0.483759
WSL_2024-2025,M. Mjelde,Leicester City FC,411,0.734616,0.003515,0.072489,0.000176,0.069405
WSL_2024-2025,M. Mpome,Manchester United WFC,261,0.553073,0.002942,0.046668,0.000179,0.044682
WSL_2024-2025,M. Olislagers,Tottenham Hotspur FCW,1157,1.948036,0.003568,-0.703149,-0.000608,-0.602699
WSL_2024-2025,M. Pacheco,London City Lionesses LFC,445,0.627376,0.003873,-0.286571,-0.000644,-0.271489
WSL_2024-2025,M. Paví,Manchester City WFC,578,0.027066,0.000217,-0.114694,-0.000198,-0.105332
WSL_2024-2025,M. Ramírez,Manchester United WFC,722,0.050787,0.000339,-0.278368,-0.000386,-0.26097
WSL_2024-2025,M. Sharpe,Crystal Palace Women FC,653,1.510237,0.00938,-0.329566,-0.000505,-0.29661
WSL_2024-2025,M. Symonds,Tottenham Hotspur FCW,1088,2.286065,0.004379,-0.050815,-4.7e-05,-0.046196
WSL_2024-2025,M. Taylor,London City Lionesses LFC,684,0.807368,0.002613,-0.044394,-6.5e-05,-0.039954
WSL_2024-2025,M. Thomas,Brighton & Hove Albion WFC,831,-0.025082,-9.4e-05,-0.525764,-0.000633,-0.463909
WSL_2024-2025,M. Turner,Chelsea FC Women,1660,4.292879,0.004656,0.016237,1e-05,0.014327
WSL_2024-2025,M. Vinberg,Brighton & Hove Albion WFC,623,0.576645,0.003333,-0.589772,-0.000947,-0.541628
WSL_2024-2025,M. Zinsberger,Liverpool FCW,348,0.620401,0.002757,0.271238,0.000779,0.254285
WSL_2024-2025,M. Þórisdóttir,Tottenham Hotspur FCW,1022,2.233787,0.003975,0.631493,0.000618,0.568344
WSL_2024-2025,Maite Oroz,Brighton & Hove Albion WFC,1034,1.442404,0.002604,0.320455,0.00031,0.294296
WSL_2024-2025,Mariona Caldentey,Liverpool FCW,2235,5.402292,0.00448,1.053811,0.000472,0.967785
WSL_2024-2025,Martina Fernández,Leicester City FC,971,2.644215,0.004307,0.573543,0.000591,0.537697
WSL_2024-2025,N. Björn,Manchester United WFC,1085,2.810886,0.00424,0.440444,0.000406,0.3964
WSL_2024-2025,N. Charles,Manchester United WFC,1050,2.199437,0.004238,0.15761,0.00015,0.14776
WSL_2024-2025,N. Fahey,Arsenal WFC,79,0.231942,0.007998,-0.024041,-0.000304,-0.094072
WSL_2024-2025,N. Girma,Manchester United WFC,318,0.59924,0.003011,-0.03115,-9.8e-05,-0.02951
WSL_2024-2025,N. Las,Everton FC,200,0.097734,0.005144,-0.213182,-0.001066,-0.208548
WSL_2024-2025,N. Layzell,West Ham United WFC,509,0.519075,0.001874,0.02645,5.2e-05,0.02429
WSL_2024-2025,N. Maritz,London City Lionesses LFC,1515,1.878579,0.002421,-0.115438,-7.6e-05,-0.102866
WSL_2024-2025,N. Mouchon,Everton FC,149,0.135698,0.005654,-0.339868,-0.002281,-0.328904
WSL_2024-2025,N. Noordam,Tottenham Hotspur FCW,428,0.622228,0.003889,0.003546,8e-06,0.003191
WSL_2024-2025,N. Parris,Tottenham Hotspur FCW,1136,0.616449,0.001717,-0.314884,-0.000277,-0.283395
WSL_2024-2025,O. Ahtinen,Brighton & Hove Albion WFC,461,0.408835,0.001884,-0.241642,-0.000524,-0.224204
WSL_2024-2025,O. Holdt,Brighton & Hove Albion WFC,380,0.655184,0.004818,0.204844,0.000539,0.192041
WSL_2024-2025,O. Jean-François,Manchester United WFC,533,0.288864,0.001066,-0.196786,-0.000369,-0.178897
WSL_2024-2025,O. Siren,Manchester City WFC,1034,0.207691,0.000476,0.40335,0.00039,0.366682
WSL_2024-2025,O. Smith,Arsenal WFC,1087,-0.083279,-0.000353,-0.495893,-0.000456,-0.450812
WSL_2024-2025,P. Ademiluyi,Manchester City WFC,58,-0.090879,-0.008262,-0.042227,-0.000728,-0.090486
WSL_2024-2025,P. Bremer,Tottenham Hotspur FCW,488,-0.788724,-0.005715,-0.679429,-0.001392,-0.611486
WSL_2024-2025,P. Pattinson,Tottenham Hotspur FCW,1653,3.566874,0.004162,0.416091,0.000252,0.356649
WSL_2024-2025,P. Pritchard,Crystal Palace Women FC,16,-0.069415,-0.013883,0.000605,3.8e-05,0.003401
WSL_2024-2025,P. Tullis-Joyce,Chelsea FC Women,887,1.059234,0.002855,1.019974,0.00115,0.899977
WSL_2024-2025,Paula Tomás,London City Lionesses LFC,855,1.276851,0.00336,-0.23031,-0.000269,-0.203215
WSL_2024-2025,R. Ayane,Brighton & Hove Albion WFC,65,0.16274,0.012518,0.103078,0.001586,0.244131
WSL_2024-2025,R. Corsie,London City Lionesses LFC,25,0.06159,0.004738,0.002863,0.000115,0.018405
WSL_2024-2025,R. Daly,London City Lionesses LFC,1191,0.614755,0.001492,-0.928254,-0.000779,-0.835429
WSL_2024-2025,R. Kafaji,Liverpool FCW,176,0.100316,0.003459,-0.129372,-0.000735,-0.242572
WSL_2024-2025,R. Knaak,West Ham United WFC,914,2.908116,0.004896,0.405545,0.000444,0.380198
WSL_2024-2025,R. Laws,Arsenal WFC,908,2.522861,0.005159,1.751688,0.001929,1.56091
WSL_2024-2025,R. Mace,Everton FC,1084,0.124984,0.00035,-0.436147,-0.000402,-0.400543
WSL_2024-2025,R. Madsen,Leicester City FC,78,0.018274,0.001827,-0.148662,-0.001906,-0.142336
WSL_2024-2025,R. Maltby,London City Lionesses LFC,42,0.028909,0.003614,-0.009548,-0.000227,-0.030689
WSL_2024-2025,R. McLauchlan,Tottenham Hotspur FCW,1083,0.700548,0.0015,0.002344,2e-06,0.002009
WSL_2024-2025,R. Spencer,Brighton & Hove Albion WFC,414,0.209344,0.00093,0.406751,0.000982,0.373547
WSL_2024-2025,R. Ueki,Manchester City WFC,1263,-0.085202,-0.000245,-0.86044,-0.000681,-0.7902
WSL_2024-2025,R. Williams,Chelsea FC Women,263,0.037829,0.000582,-0.070042,-0.000266,-0.062413
WSL_2024-2025,R. Öling,Crystal Palace Women FC,148,0.302481,0.0055,-0.141249,-0.000954,-0.139696
WSL_2024-2025,S. Awujo,Chelsea FC Women,314,0.431891,0.004499,-0.051605,-0.000164,-0.04838
WSL_2024-2025,S. Baggaley,Tottenham Hotspur FCW,809,0.467805,0.001135,0.705198,0.000872,0.634678
WSL_2024-2025,S. Baltimore,Manchester United WFC,1096,0.720387,0.001396,-0.230221,-0.00021,-0.207198
WSL_2024-2025,S. Blackstenius,Liverpool FCW,430,-0.382756,-0.002856,-0.369371,-0.000859,-0.339218
WSL_2024-2025,S. Catley,Liverpool FCW,1651,5.752264,0.00515,0.459841,0.000279,0.422303
WSL_2024-2025,S. Chossenotte,Everton FC,689,0.079716,0.000648,-0.867602,-0.001259,-0.788729
WSL_2024-2025,S. Cooke,Manchester City WFC,309,1.320878,0.010827,0.270476,0.000875,0.25624
WSL_2024-2025,S. D'Angelo,London City Lionesses LFC,1363,2.726547,0.003602,1.815603,0.001332,1.634043
WSL_2024-2025,S. Haug,Arsenal WFC,762,0.13374,0.000731,-0.659418,-0.000865,-0.605588
WSL_2024-2025,S. Holmgaard,Leicester City FC,1760,3.989983,0.005991,-0.412364,-0.000234,-0.382606
WSL_2024-2025,S. Hopcroft,Crystal Palace Women FC,56,0.125696,0.011427,-0.015836,-0.000283,-0.015492
WSL_2024-2025,S. Howard,Everton FC,1465,3.077067,0.004705,0.614058,0.000419,0.558234
WSL_2024-2025,S. Kaczmar,Everton FC,4,0.0,,-0.066734,-0.016683,-2.002011
WSL_2024-2025,S. Kees,Everton FC,471,1.09884,0.00495,0.249322,0.000529,0.231329
WSL_2024-2025,S. Kerr,Arsenal WFC,583,0.257022,0.001004,-0.144281,-0.000247,-0.131164
WSL_2024-2025,S. Lundgaard,Arsenal WFC,42,0.003775,0.00029,-0.020458,-0.000487,-0.020013
WSL_2024-2025,S. Martinez,Manchester City WFC,698,0.248005,0.002084,-0.660884,-0.000947,-0.613191
WSL_2024-2025,S. Mayling,London City Lionesses LFC,717,1.086957,0.003114,0.336792,0.00047,0.303113
WSL_2024-2025,S. Nüsken,Manchester United WFC,1465,2.385397,0.003854,-0.413408,-0.000282,-0.38757
WSL_2024-2025,S. O’Brien,Everton FC,422,0.412441,0.004084,-0.373518,-0.000885,-0.339562
WSL_2024-2025,S. Piubel,Manchester City WFC,872,0.093097,0.000383,-0.551912,-0.000633,-0.506858
WSL_2024-2025,S. Sherwood,Everton FC,29,0.008377,0.002792,-0.018481,-0.000637,-0.097838
WSL_2024-2025,S. Takarada,Everton FC,571,0.450078,0.002228,-0.012926,-2.3e-05,-0.011633
WSL_2024-2025,S. Tierney,Everton FC,838,1.510347,0.005453,0.289556,0.000346,0.263233
WSL_2024-2025,S. Yáñez,Crystal Palace Women FC,1245,1.692526,0.003319,1.231214,0.000989,1.119285
WSL_2024-2025,S. Zadorsky,Manchester City WFC,1343,4.156218,0.006714,0.556513,0.000414,0.511083
WSL_2024-2025,T. Hinds,Arsenal WFC,1845,1.883734,0.002726,-0.614138,-0.000333,-0.564005
WSL_2024-2025,T. Micah,Arsenal WFC,424,0.694556,0.002724,0.578369,0.001364,0.536631
WSL_2024-2025,T. Payne,Leicester City FC,718,0.31568,0.001496,-0.377104,-0.000525,-0.34989
WSL_2024-2025,V. Asseyi,Manchester City WFC,1377,3.072294,0.008237,-0.282807,-0.000205,-0.265132
WSL_2024-2025,V. Hanshaw,Manchester City WFC,916,3.105509,0.009766,0.075405,8.2e-05,0.071436
WSL_2024-2025,V. Miedema,West Ham United WFC,563,0.062747,0.000284,-0.387507,-0.000688,-0.352279
WSL_2024-2025,V. Pelova,Liverpool FCW,111,0.308621,0.005611,0.095316,0.000859,0.087535
WSL_2024-2025,V. Sarri,Leicester City FC,683,0.813854,0.004651,-0.384343,-0.000563,-0.360322
WSL_2024-2025,Vicky Losada,Tottenham Hotspur FCW,1249,1.440701,0.00223,-0.492473,-0.000394,-0.434535
WSL_2024-2025,W. Kaptein,Manchester United WFC,770,-0.147884,-0.000439,-0.159879,-0.000208,-0.148341
WSL_2024-2025,Y. Daniëls,Arsenal WFC,180,0.353708,0.006802,0.118977,0.000661,0.110391
WSL_2024-2025,Y. Hasegawa,West Ham United WFC,2025,4.383284,0.003693,2.029119,0.001002,1.882687
WSL_2024-2025,Y. Momiki,Everton FC,1218,2.038721,0.004843,0.635049,0.000521,0.577317
WSL_2024-2025,Z. Shaw,Arsenal WFC,97,0.048523,0.001617,0.008906,9.2e-05,0.008438
WSL_2024-2025,È. Périsset,Manchester United WFC,56,0.047245,0.001312,-0.00674,-0.00012,-0.019566
WSL_2025-2026,A. Ale,Everton FC,1437,2.295449,0.004364,0.472303,0.000329,0.433748
WSL_2025-2026,A. Beever-Jones,Manchester United WFC,637,-0.666987,-0.002887,-0.666847,-0.001047,-0.582681
WSL_2025-2026,A. Bergström,Arsenal WFC,385,0.094794,0.001053,-0.731639,-0.0019,-0.671913
WSL_2025-2026,A. Borbe,Liverpool FCW,318,0.397902,0.001932,0.21027,0.000661,0.180232
WSL_2025-2026,A. Csiki,Manchester City WFC,144,0.032249,0.000896,-0.128469,-0.000892,-0.123002
WSL_2025-2026,A. Csillag,Arsenal WFC,233,0.263782,0.005383,-0.323946,-0.00139,-0.300569
WSL_2025-2026,A. Dennis,Brighton & Hove Albion WFC,101,0.011732,0.000489,-0.151909,-0.001504,-0.147008
WSL_2025-2026,A. Denton,Manchester City WFC,823,1.15111,0.003386,0.25151,0.000306,0.230979
WSL_2025-2026,A. Fujino,West Ham United WFC,1001,2.019868,0.004753,0.323023,0.000323,0.299712
WSL_2025-2026,A. Galli,Leicester City FC,372,0.587949,0.003675,-0.054885,-0.000148,-0.050924
WSL_2025-2026,A. Greenwood,West Ham United WFC,1616,6.401274,0.006724,0.196944,0.000122,0.17904
WSL_2025-2026,A. Jøsendal,Arsenal WFC,82,-0.047013,-0.002137,-0.141848,-0.00173,-0.130269
WSL_2025-2026,A. Kennedy,Aston Villa WFC,715,1.63517,0.005175,0.325665,0.000455,0.284562
WSL_2025-2026,A. Lehmann,Everton FC,274,-0.331298,-0.006024,-0.350315,-0.001279,-0.32842
WSL_2025-2026,A. Neville,Everton FC,838,1.111914,0.004898,-0.199619,-0.000238,-0.183324
WSL_2025-2026,A. Neville,Brighton & Hove Albion WFC,668,2.085685,0.008053,0.219018,0.000328,0.180841
WSL_2025-2026,A. Nildén,Brighton & Hove Albion WFC,1768,3.108849,0.003852,-0.811518,-0.000459,-0.682585
WSL_2025-2026,A. Patten,London City Lionesses LFC,1563,3.824123,0.004504,0.748891,0.000479,0.694848
WSL_2025-2026,A. Russo,Liverpool FCW,1278,0.613642,0.001493,-0.762736,-0.000597,-0.673002
WSL_2025-2026,A. Sandberg,Chelsea FC Women,1545,3.300393,0.004204,-0.173412,-0.000112,-0.157647
WSL_2025-2026,A. Thompson,Manchester United WFC,1164,6.1e-05,0.0,-0.576423,-0.000495,-0.503671
WSL_2025-2026,A. Tysiak,Manchester City WFC,620,1.185393,0.003951,0.083641,0.000135,0.079239
WSL_2025-2026,A. Yamashita,West Ham United WFC,1046,1.892992,0.00315,1.234892,0.001181,1.079032
WSL_2025-2026,Alejandra Bernabé,Arsenal WFC,861,1.044684,0.002658,0.147046,0.000171,0.136435
WSL_2025-2026,B. England,Brighton & Hove Albion WFC,878,-0.417796,-0.001266,-0.401918,-0.000458,-0.358145
WSL_2025-2026,B. Mead,Liverpool FCW,1108,1.892742,0.004036,-1.669888,-0.001507,-1.431333
WSL_2025-2026,B. Olsson,Arsenal WFC,453,-0.420497,-0.003788,-0.56669,-0.001251,-0.476655
WSL_2025-2026,B. Rayner,Tottenham Hotspur FCW,214,-0.037825,-0.00063,-0.056485,-0.000264,-0.052955
WSL_2025-2026,C. Bizet,Chelsea FC Women,232,0.087569,0.001081,-0.128404,-0.000553,-0.115564
WSL_2025-2026,C. Boureille,Everton FC,335,0.306893,0.002765,-0.203015,-0.000606,-0.182714
WSL_2025-2026,C. Brosnan,Leicester City FC,1062,0.503236,0.000966,0.868686,0.000818,0.814393
WSL_2025-2026,C. Brown,Aston Villa WFC,67,-0.030916,-0.001718,-0.116778,-0.001743,-0.148028
WSL_2025-2026,C. Foord,Liverpool FCW,970,1.24105,0.003496,-0.933561,-0.000962,-0.86619
WSL_2025-2026,C. Grant,London City Lionesses LFC,944,0.734428,0.00244,-0.160957,-0.000171,-0.147817
WSL_2025-2026,C. Grant,Brighton & Hove Albion WFC,104,0.037387,0.001385,-0.113175,-0.001088,-0.102887
WSL_2025-2026,C. Hayes,Tottenham Hotspur FCW,1242,2.952507,0.005004,0.183821,0.000148,0.165439
WSL_2025-2026,C. Holland,Arsenal WFC,1595,2.392517,0.005156,-0.926034,-0.000581,-0.850439
WSL_2025-2026,C. Hunt,Brighton & Hove Albion WFC,1533,3.40558,0.003738,0.279532,0.000182,0.230806
WSL_2025-2026,C. Kapocs,Arsenal WFC,1095,-0.299437,-0.000778,-0.610004,-0.000557,-0.503673
WSL_2025-2026,C. Kelly,Liverpool FCW,463,0.485408,0.00328,-0.875799,-0.001892,-0.750685
WSL_2025-2026,C. Macário,Manchester United WFC,393,0.662793,0.004419,-0.154782,-0.000394,-0.136572
WSL_2025-2026,C. Nnadozie,Tottenham Hotspur FCW,1224,1.784203,0.003526,1.126775,0.000921,0.994213
WSL_2025-2026,C. Rule,Tottenham Hotspur FCW,1454,1.7911,0.002228,-0.038016,-2.6e-05,-0.034214
WSL_2025-2026,C. Sarwie,Manchester United WFC,140,0.064364,0.001463,-0.285128,-0.002037,-0.272994
WSL_2025-2026,C. Swaby,Everton FC,811,1.735213,0.006403,0.00451,6e-06,0.004142
WSL_2025-2026,C. Tandberg,Brighton & Hove Albion WFC,734,-0.302003,-0.001573,-1.0816,-0.001474,-0.884945
WSL_2025-2026,C. Wheeler,Leicester City FC,1338,1.821561,0.003259,0.433282,0.000324,0.402014
WSL_2025-2026,Carla Camacho,Tottenham Hotspur FCW,318,-0.094373,-0.00118,-0.272734,-0.000858,-0.25047
WSL_2025-2026,D. Cascarino,Aston Villa WFC,284,0.629324,0.006555,-0.06871,-0.000242,-0.063101
WSL_2025-2026,D. Janssen,Chelsea FC Women,1512,5.284901,0.005454,1.31971,0.000873,1.16445
WSL_2025-2026,D. O'Sullivan,Arsenal WFC,488,-0.020773,-0.000108,-0.001462,-3e-06,-0.001357
WSL_2025-2026,D. Spence,Brighton & Hove Albion WFC,1403,2.741205,0.003855,0.886039,0.000632,0.724941
WSL_2025-2026,D. van Domselaar,Liverpool FCW,738,1.270319,0.002914,0.737986,0.001,0.651164
WSL_2025-2026,D. van de Donk,Aston Villa WFC,185,0.135972,0.002125,-0.062069,-0.000336,-0.05759
WSL_2025-2026,E. Carpenter,Manchester United WFC,1793,2.68279,0.002872,0.237014,0.000132,0.20913
WSL_2025-2026,E. Cascarino,Manchester City WFC,797,1.85854,0.004917,0.352481,0.000442,0.302127
WSL_2025-2026,E. Cumings Budd,West Ham United WFC,70,0.026843,0.000506,0.096706,0.001382,0.094604
WSL_2025-2026,E. Cuthbert,Manchester United WFC,1456,2.003594,0.003274,-0.636224,-0.000437,-0.561374
WSL_2025-2026,E. Fox,Liverpool FCW,1755,3.193341,0.003059,1.067765,0.000608,0.915227
WSL_2025-2026,E. Jansson,Everton FC,331,0.38419,0.002978,-0.073661,-0.000223,-0.068345
WSL_2025-2026,E. Linari,Aston Villa WFC,1402,3.945966,0.0048,0.656349,0.000468,0.590714
WSL_2025-2026,E. Martin,Tottenham Hotspur FCW,3,0.0,,-0.024882,-0.008294,-1.119681
WSL_2025-2026,E. Morris,Brighton & Hove Albion WFC,213,-0.014369,-0.000165,-0.15491,-0.000727,-0.142264
WSL_2025-2026,E. Nyström,Manchester City WFC,1325,2.999939,0.004846,0.453764,0.000342,0.412513
WSL_2025-2026,E. Ramsey,Leicester City FC,383,-0.167506,-0.000695,0.338644,0.000884,0.310999
WSL_2025-2026,E. Roebuck,London City Lionesses LFC,505,0.385706,0.001761,0.405079,0.000802,0.372011
WSL_2025-2026,E. Salmon,London City Lionesses LFC,688,0.298811,0.00215,-0.65365,-0.00095,-0.60029
WSL_2025-2026,E. Stenevik,Leicester City FC,433,0.783569,0.003363,0.199651,0.000461,0.187173
WSL_2025-2026,E. Summanen,Brighton & Hove Albion WFC,1414,2.091948,0.003049,-0.003552,-3e-06,-0.003104
WSL_2025-2026,E. Terland,Chelsea FC Women,527,0.358358,0.003171,-0.447161,-0.000849,-0.402445
WSL_2025-2026,E. Toone,Chelsea FC Women,1006,1.590271,0.002723,-0.044428,-4.4e-05,-0.039202
WSL_2025-2026,E. Wangerheim,Chelsea FC Women,196,-0.110945,-0.002521,-0.126312,-0.000644,-0.118417
WSL_2025-2026,E. van Egmond,Everton FC,836,0.709081,0.002104,0.069613,8.3e-05,0.062651
WSL_2025-2026,Elene Lete,Aston Villa WFC,1336,0.734049,0.001022,1.077352,0.000806,1.010018
WSL_2025-2026,F. Godfrey,Aston Villa WFC,908,0.935262,0.004194,-0.814409,-0.000897,-0.747927
WSL_2025-2026,F. Kirby,Tottenham Hotspur FCW,788,2.619962,0.006599,0.75879,0.000963,0.66952
WSL_2025-2026,F. Kirby,Arsenal WFC,535,1.011418,0.003691,0.882886,0.00165,0.728989
WSL_2025-2026,F. Maanum,Liverpool FCW,630,0.962432,0.004078,-0.231587,-0.000368,-0.214875
WSL_2025-2026,F. Morgan,Manchester City WFC,722,1.193625,0.005426,-0.410746,-0.000569,-0.362423
WSL_2025-2026,F. Nagano,Arsenal WFC,1476,0.734515,0.000985,0.95907,0.00065,0.799225
WSL_2025-2026,F. Rolfö,Chelsea FC Women,946,0.008001,2.1e-05,-0.924542,-0.000977,-0.823849
WSL_2025-2026,F. Tsunoda,Tottenham Hotspur FCW,180,0.08091,0.001326,0.025966,0.000144,0.024092
WSL_2025-2026,G. Bonner,Arsenal WFC,658,1.32685,0.003949,0.367774,0.000559,0.341233
WSL_2025-2026,G. Clinton,West Ham United WFC,365,0.532912,0.003947,-0.023295,-6.4e-05,-0.020966
WSL_2025-2026,G. Evans,Arsenal WFC,822,1.447376,0.003188,0.048823,5.9e-05,0.040313
WSL_2025-2026,G. Fisk,Arsenal WFC,1877,4.118554,0.00409,0.240383,0.000128,0.200319
WSL_2025-2026,G. George,Chelsea FC Women,516,0.784687,0.002961,-0.155085,-0.000301,-0.142425
WSL_2025-2026,G. Geyoro,Aston Villa WFC,1015,-0.272064,-0.000567,-0.107616,-0.000106,-0.098831
WSL_2025-2026,G. Mullett,London City Lionesses LFC,331,-0.139492,-0.001965,-0.434696,-0.001313,-0.403327
WSL_2025-2026,G. Prior,West Ham United WFC,530,0.872145,0.002619,-0.102298,-0.000193,-0.090263
WSL_2025-2026,G. Reiten,Manchester United WFC,228,1.076911,0.013632,-0.169046,-0.000741,-0.161853
WSL_2025-2026,Gabi Nunes,London City Lionesses LFC,19,-0.030451,-0.007613,-0.020799,-0.001095,-0.15599
WSL_2025-2026,H. Blundell,Leicester City FC,689,1.890063,0.005559,0.272273,0.000395,0.252624
WSL_2025-2026,H. Blundell,Chelsea FC Women,98,0.046617,0.000832,0.066232,0.000676,0.156866
WSL_2025-2026,H. Cain,Everton FC,984,0.055779,0.000207,-0.623379,-0.000634,-0.572491
WSL_2025-2026,H. Eiríksdóttir,Everton FC,257,-0.013117,-0.000202,-0.331419,-0.00129,-0.310705
WSL_2025-2026,H. Hampton,Manchester United WFC,1197,2.492538,0.003332,1.577207,0.001318,1.391653
WSL_2025-2026,H. Hayashi,Leicester City FC,919,1.16785,0.002697,0.417018,0.000454,0.395069
WSL_2025-2026,H. Kitagawa,Leicester City FC,956,1.520456,0.004132,-0.273924,-0.000287,-0.254156
WSL_2025-2026,H. Ladd,Leicester City FC,112,0.223133,0.005442,-0.005575,-5e-05,-0.00512
WSL_2025-2026,H. Lundkvist,Chelsea FC Women,645,1.116521,0.003824,-0.044827,-6.9e-05,-0.039945
WSL_2025-2026,H. Miyazawa,Chelsea FC Women,1483,1.166433,0.001458,0.041685,2.8e-05,0.037145
WSL_2025-2026,H. Payne,Everton FC,329,0.494281,0.003745,0.161025,0.000489,0.15255
WSL_2025-2026,H. Silcock,Arsenal WFC,113,0.124995,0.003125,-0.098353,-0.00087,-0.083507
WSL_2025-2026,H. Wijk,Brighton & Hove Albion WFC,332,0.563786,0.003336,0.027607,8.3e-05,0.026154
WSL_2025-2026,I. Belloumou,Manchester City WFC,743,1.927152,0.007709,-0.023903,-3.2e-05,-0.02173
WSL_2025-2026,I. Beney,West Ham United WFC,515,0.762481,0.005016,-0.373537,-0.000725,-0.329591
WSL_2025-2026,I. Goodwin,Aston Villa WFC,823,-0.138255,-0.000724,-0.215649,-0.000262,-0.188431
WSL_2025-2026,I. Hobson,Leicester City FC,118,0.109612,0.003045,-0.161588,-0.001369,-0.154712
WSL_2025-2026,I. Kardinaal,Aston Villa WFC,308,1.226389,0.006289,0.206255,0.00067,0.18563
WSL_2025-2026,Inma Gabarro,Leicester City FC,249,0.431592,0.00664,-0.078895,-0.000317,-0.075538
WSL_2025-2026,J. Anderson,Chelsea FC Women,3,0.0,,0.005979,0.001993,0.029896
WSL_2025-2026,J. Baijings,London City Lionesses LFC,144,0.122687,0.002556,-0.011502,-8e-05,-0.011013
WSL_2025-2026,J. Blakstad,Brighton & Hove Albion WFC,682,0.770711,0.002658,-0.159905,-0.000234,-0.148365
WSL_2025-2026,J. Cayman,Everton FC,476,0.951328,0.006098,-0.001883,-4e-06,-0.001695
WSL_2025-2026,J. Clark,Arsenal WFC,1856,4.609623,0.004424,1.249016,0.000673,1.012716
WSL_2025-2026,J. Falk,Arsenal WFC,703,1.755775,0.004988,1.099974,0.001565,1.031225
WSL_2025-2026,J. Leitzig,Everton FC,847,1.244336,0.003555,0.871351,0.001029,0.800221
WSL_2025-2026,J. Naz,Brighton & Hove Albion WFC,576,-0.499086,-0.002936,-0.598487,-0.001039,-0.566988
WSL_2025-2026,J. Nighswonger,Liverpool FCW,29,0.102819,0.006855,0.003906,0.000135,0.017575
WSL_2025-2026,J. Nighswonger,London City Lionesses LFC,527,1.488133,0.006643,-0.092067,-0.000175,-0.084551
WSL_2025-2026,J. Park,Chelsea FC Women,1304,1.108991,0.001902,-0.021452,-1.6e-05,-0.018928
WSL_2025-2026,J. Rantala,Everton FC,285,-0.11243,-0.001757,-0.454949,-0.001596,-0.417811
WSL_2025-2026,J. Riviere,Chelsea FC Women,1319,2.466513,0.004159,-0.111837,-8.5e-05,-0.102708
WSL_2025-2026,J. Roddar,Aston Villa WFC,493,-0.35204,-0.001693,-0.453622,-0.00092,-0.408259
WSL_2025-2026,J. Rose,West Ham United WFC,1766,4.787321,0.004229,1.392216,0.000788,1.228426
WSL_2025-2026,J. Rybrink,Brighton & Hove Albion WFC,701,0.735126,0.001535,0.715138,0.00102,0.650125
WSL_2025-2026,J. Rytting Kaneryd,Manchester United WFC,772,0.908173,0.00359,-0.704508,-0.000913,-0.634057
WSL_2025-2026,J. Thibaud,Everton FC,1418,3.123248,0.006222,0.215822,0.000152,0.19424
WSL_2025-2026,J. Zigiotti Olme,Chelsea FC Women,1747,3.108237,0.004347,-0.430245,-0.000246,-0.395123
WSL_2025-2026,J. Čanković,Tottenham Hotspur FCW,1518,3.388505,0.004142,1.433264,0.000944,1.264645
WSL_2025-2026,Jana Fernández,Aston Villa WFC,2052,4.214789,0.004616,0.466321,0.000227,0.415534
WSL_2025-2026,K. Asllani,Aston Villa WFC,1136,2.693683,0.006586,0.323051,0.000284,0.290746
WSL_2025-2026,K. Buchanan,Manchester United WFC,340,1.003611,0.00512,0.312432,0.000919,0.286927
WSL_2025-2026,K. Casparij,West Ham United WFC,1842,3.774458,0.00426,-0.599716,-0.000326,-0.529162
WSL_2025-2026,K. Cooney-Cross,Liverpool FCW,322,0.684981,0.003644,0.192082,0.000597,0.167838
WSL_2025-2026,K. Gago,Leicester City FC,394,0.297436,0.002609,-0.001555,-4e-06,-0.001428
WSL_2025-2026,K. Gorry,Manchester City WFC,1119,1.737942,0.004761,0.537278,0.00048,0.498506
WSL_2025-2026,K. Graham,Brighton & Hove Albion WFC,57,0.112641,0.008046,-0.031368,-0.00055,-0.083032
WSL_2025-2026,K. Hanson,London City Lionesses LFC,1158,-0.414821,-0.001659,-1.133503,-0.000979,-1.040972
WSL_2025-2026,K. Holmgaard,Leicester City FC,522,0.146512,0.000623,-0.04372,-8.4e-05,-0.041419
WSL_2025-2026,K. Keane,Everton FC,143,0.155947,0.003183,0.132051,0.000923,0.125101
WSL_2025-2026,K. Keating,West Ham United WFC,259,0.433317,0.002743,0.327925,0.001266,0.310665
WSL_2025-2026,K. Little,Liverpool FCW,1240,1.183725,0.00157,0.628013,0.000506,0.554129
WSL_2025-2026,K. MacLean,Arsenal WFC,788,0.00485,1.3e-05,-0.337642,-0.000428,-0.276253
WSL_2025-2026,K. McCabe,Liverpool FCW,1820,6.319579,0.006455,0.587169,0.000323,0.508127
WSL_2025-2026,K. Reid,Liverpool FCW,459,1.008686,0.003628,0.061191,0.000133,0.053992
WSL_2025-2026,K. Robinson,Leicester City FC,308,-0.050936,-0.000499,-0.266412,-0.000865,-0.249761
WSL_2025-2026,K. Seike,Tottenham Hotspur FCW,1130,1.548579,0.00478,-0.396998,-0.000351,-0.368348
WSL_2025-2026,K. Shaw,West Ham United WFC,1249,1.349648,0.005554,-1.663068,-0.001332,-1.481942
WSL_2025-2026,K. Snoeijs,Leicester City FC,320,0.309916,0.003068,0.114425,0.000358,0.108403
WSL_2025-2026,K. Szemik,Manchester City WFC,952,0.291568,0.000579,1.048544,0.001101,0.890273
WSL_2025-2026,K. Walsh,Manchester United WFC,1510,3.576037,0.00412,1.179665,0.000781,1.040881
WSL_2025-2026,K. Weir,Leicester City FC,2,0.0,,-0.024843,-0.012422,-1.117945
WSL_2025-2026,K. Zelem,Aston Villa WFC,175,0.031122,0.000335,-0.102487,-0.000586,-0.09412
WSL_2025-2026,K. Zelem,Manchester City WFC,597,1.007518,0.003462,0.214946,0.00036,0.187817
WSL_2025-2026,Kerolin,West Ham United WFC,842,0.383525,0.001336,-0.152493,-0.000181,-0.142962
WSL_2025-2026,L. Blindkilde Brown,West Ham United WFC,1173,0.508327,0.000821,-0.092382,-7.9e-05,-0.081513
WSL_2025-2026,L. Bronze,Manchester United WFC,1077,3.513103,0.006026,0.022882,2.1e-05,0.021231
WSL_2025-2026,L. Coombs,West Ham United WFC,116,-0.112678,-0.002504,-0.18191,-0.001568,-0.399315
WSL_2025-2026,L. Drury,Chelsea FC Women,64,-0.104882,-0.01311,-0.071182,-0.001112,-0.228801
WSL_2025-2026,L. Galton,Chelsea FC Women,99,0.204796,0.006606,-0.170468,-0.001722,-0.172384
WSL_2025-2026,L. Gunning-Williams,Brighton & Hove Albion WFC,214,0.363297,0.007123,-0.072185,-0.000337,-0.066976
WSL_2025-2026,L. Harbert,Leicester City FC,7,0.003869,0.001935,0.02072,0.00296,0.207204
WSL_2025-2026,L. Hemp,West Ham United WFC,1240,3.520588,0.007841,-0.530616,-0.000428,-0.463645
WSL_2025-2026,L. James,Manchester United WFC,851,2.765629,0.006432,-0.296799,-0.000349,-0.278249
WSL_2025-2026,L. Kendall,London City Lionesses LFC,1254,1.078817,0.001696,0.395694,0.000316,0.363392
WSL_2025-2026,L. Kiernan,Arsenal WFC,100,-0.039902,-0.001247,-0.24479,-0.002448,-0.239469
WSL_2025-2026,L. Kop,Brighton & Hove Albion WFC,1552,1.592219,0.001854,1.536099,0.00099,1.268338
WSL_2025-2026,L. Lindström,Aston Villa WFC,93,-0.061282,-0.001656,0.013368,0.000144,0.023137
WSL_2025-2026,L. Murphy,West Ham United WFC,65,-0.108919,-0.006807,-0.152706,-0.002349,-0.136075
WSL_2025-2026,L. Naalsund,Chelsea FC Women,642,0.243056,0.000824,-0.051521,-8e-05,-0.046837
WSL_2025-2026,L. Parker,London City Lionesses LFC,698,0.801971,0.002185,-0.180701,-0.000259,-0.167661
WSL_2025-2026,L. Parry,Arsenal WFC,224,-0.058865,-0.000601,-0.066345,-0.000296,-0.065616
WSL_2025-2026,L. Peng,Manchester United WFC,271,0.366057,0.001907,0.105191,0.000388,0.092816
WSL_2025-2026,L. Potter,Manchester United WFC,358,0.055709,0.000274,0.027371,7.6e-05,0.02566
WSL_2025-2026,L. Schüller,Chelsea FC Women,247,-0.149141,-0.002663,-0.482598,-0.001954,-0.425821
WSL_2025-2026,L. Staniforth,London City Lionesses LFC,214,0.265586,0.00263,0.149953,0.000701,0.139132
WSL_2025-2026,L. Wandeler,Manchester City WFC,492,0.619718,0.005389,-0.093604,-0.00019,-0.085963
WSL_2025-2026,L. Wienroither,West Ham United WFC,7,0.002315,0.000772,-0.007546,-0.001078,-0.067914
WSL_2025-2026,L. Williamson,Liverpool FCW,293,1.26775,0.007371,0.31628,0.001079,0.293456
WSL_2025-2026,L. Wilms,London City Lionesses LFC,1669,4.899108,0.006387,0.707366,0.000424,0.649622
WSL_2025-2026,L. Woodham,Arsenal WFC,826,0.942119,0.002492,-0.011537,-1.4e-05,-0.010704
WSL_2025-2026,L. Wubben-Moy,Liverpool FCW,1411,5.7887,0.006661,0.82487,0.000585,0.707032
WSL_2025-2026,Laia Codina,Liverpool FCW,741,2.510599,0.005113,0.397886,0.000537,0.344325
WSL_2025-2026,Leila Ouahabi,West Ham United WFC,1088,1.744421,0.002855,-0.25938,-0.000238,-0.231131
WSL_2025-2026,Lucía Corrales,Aston Villa WFC,1066,1.190077,0.002847,-0.626438,-0.000588,-0.563795
WSL_2025-2026,M. Agyemang,Tottenham Hotspur FCW,326,-0.361275,-0.00446,-0.335075,-0.001028,-0.320817
WSL_2025-2026,M. Auée,Tottenham Hotspur FCW,143,0.506698,0.007795,0.180333,0.001261,0.427104
WSL_2025-2026,M. Bartrip,Brighton & Hove Albion WFC,369,1.450107,0.006713,0.062012,0.000168,0.056949
WSL_2025-2026,M. Bright,Manchester United WFC,1420,5.472621,0.006431,1.222234,0.000861,1.067972
WSL_2025-2026,M. Enderby,Arsenal WFC,744,-1.026309,-0.004462,-0.79806,-0.001073,-0.697334
WSL_2025-2026,M. Fowler,West Ham United WFC,139,0.106497,0.002536,-0.116137,-0.000836,-0.103488
WSL_2025-2026,M. Goodwin,Everton FC,143,-0.085861,-0.002862,-0.031553,-0.000221,-0.029276
WSL_2025-2026,M. Haley,Tottenham Hotspur FCW,956,-0.148765,-0.000526,-0.666507,-0.000697,-0.62485
WSL_2025-2026,M. Hamano,Brighton & Hove Albion WFC,371,0.498813,0.003218,-0.132941,-0.000358,-0.122088
WSL_2025-2026,M. Hamano,Manchester United WFC,241,0.060772,0.00059,0.020588,8.5e-05,0.018345
WSL_2025-2026,M. Hijikata,London City Lionesses LFC,557,0.322849,0.001345,-0.005676,-1e-05,-0.005266
WSL_2025-2026,M. Höbinger,Arsenal WFC,279,0.647113,0.004589,0.07317,0.000262,0.069319
WSL_2025-2026,M. Kearns,London City Lionesses LFC,672,0.189731,0.000733,-0.100478,-0.00015,-0.093227
WSL_2025-2026,M. Lawley,Leicester City FC,125,0.239381,0.005567,-0.036319,-0.000291,-0.066708
WSL_2025-2026,M. Le Tissier,Chelsea FC Women,2418,8.125402,0.005608,2.362105,0.000977,2.084211
WSL_2025-2026,M. Malard,Chelsea FC Women,1220,0.917708,0.002683,-0.974792,-0.000799,-0.886174
WSL_2025-2026,M. Marcetto,Aston Villa WFC,334,0.056667,0.000489,-0.3276,-0.000981,-0.310358
WSL_2025-2026,M. Minami,Tottenham Hotspur FCW,1579,4.545453,0.004795,0.367937,0.000233,0.341385
WSL_2025-2026,M. Mpome,Tottenham Hotspur FCW,391,0.230365,0.001536,-0.269923,-0.00069,-0.253053
WSL_2025-2026,M. Nildén,Brighton & Hove Albion WFC,31,-0.047153,-0.006736,0.004308,0.000139,0.015507
WSL_2025-2026,M. Olislagers,Tottenham Hotspur FCW,1648,2.417753,0.002978,-0.737898,-0.000448,-0.644766
WSL_2025-2026,M. Pacheco,Leicester City FC,1093,1.301624,0.00288,-0.518559,-0.000474,-0.476228
WSL_2025-2026,M. Paví,Manchester City WFC,67,-0.125196,-0.005443,-0.103358,-0.001543,-0.189841
WSL_2025-2026,M. Ramírez,Manchester United WFC,4,0.0,,-0.003157,-0.000789,-0.071041
WSL_2025-2026,M. Round,London City Lionesses LFC,6,0.004711,0.002355,0.00626,0.001043,0.093896
WSL_2025-2026,M. Symonds,Tottenham Hotspur FCW,1502,1.964065,0.003008,-0.322999,-0.000215,-0.29969
WSL_2025-2026,M. Taylor,London City Lionesses LFC,1300,1.318026,0.002056,0.048003,3.7e-05,0.044085
WSL_2025-2026,M. Thomas,Brighton & Hove Albion WFC,271,0.117564,0.001679,-0.226881,-0.000837,-0.190835
WSL_2025-2026,M. Thomas,Arsenal WFC,242,0.161473,0.002691,-0.238848,-0.000987,-0.221611
WSL_2025-2026,M. Turner,Chelsea FC Women,516,1.408983,0.00412,0.28083,0.000544,0.271771
WSL_2025-2026,M. Vanegas,Tottenham Hotspur FCW,1161,2.246763,0.004255,0.259371,0.000223,0.238198
WSL_2025-2026,M. Vinberg,Brighton & Hove Albion WFC,919,1.459863,0.004219,-0.803168,-0.000874,-0.737603
WSL_2025-2026,M. Walsh,Manchester City WFC,206,0.086941,0.000878,0.11033,0.000536,0.102368
WSL_2025-2026,Maite Oroz,Brighton & Hove Albion WFC,26,0.237315,0.021574,0.060327,0.00232,0.28576
WSL_2025-2026,Mariona Caldentey,Liverpool FCW,2153,5.634279,0.004374,1.349109,0.000627,1.238977
WSL_2025-2026,Martina Fernández,Leicester City FC,1699,2.801527,0.002921,0.466113,0.000274,0.432476
WSL_2025-2026,María Pérez,Aston Villa WFC,431,0.776231,0.00462,0.093458,0.000217,0.084112
WSL_2025-2026,N. Björn,Manchester United WFC,810,1.967963,0.004169,-0.203184,-0.000251,-0.17928
WSL_2025-2026,N. Charles,Manchester United WFC,639,0.835669,0.002645,-0.02527,-4e-05,-0.023447
WSL_2025-2026,N. Girma,Manchester United WFC,947,2.540069,0.003944,0.497244,0.000525,0.447519
WSL_2025-2026,N. Las,Everton FC,51,-0.027211,-0.005442,0.032302,0.000633,0.09378
WSL_2025-2026,N. Layzell,West Ham United WFC,37,-0.01266,-0.001055,-0.05059,-0.001367,-0.175118
WSL_2025-2026,N. Maritz,London City Lionesses LFC,1322,2.053642,0.003255,0.022888,1.7e-05,0.021019
WSL_2025-2026,N. Mouchon,Everton FC,471,-0.1789,-0.002418,-0.488773,-0.001038,-0.439896
WSL_2025-2026,N. Noordam,Tottenham Hotspur FCW,816,0.210722,0.000639,-0.518573,-0.000636,-0.453122
WSL_2025-2026,N. Parris,Aston Villa WFC,928,0.023341,8.5e-05,-0.643726,-0.000694,-0.579353
WSL_2025-2026,O. Ahtinen,Brighton & Hove Albion WFC,359,0.412469,0.003197,0.029816,8.3e-05,0.024619
WSL_2025-2026,O. Clark,Everton FC,303,0.417135,0.00309,0.355732,0.001174,0.337009
WSL_2025-2026,O. Deslandes,London City Lionesses LFC,1463,3.291457,0.004436,-0.160319,-0.00011,-0.148749
WSL_2025-2026,O. Holdt,Brighton & Hove Albion WFC,1167,2.923717,0.006555,0.309099,0.000265,0.252899
WSL_2025-2026,O. Jean-François,London City Lionesses LFC,645,-0.1417,-0.000428,0.102634,0.000159,0.094256
WSL_2025-2026,O. Jean-François,Manchester United WFC,103,-0.015646,-0.000382,-0.064505,-0.000626,-0.056916
WSL_2025-2026,O. McLoughlin,Everton FC,1080,0.355694,0.000851,0.145232,0.000134,0.133376
WSL_2025-2026,O. Siren,Manchester City WFC,1206,-0.413088,-0.000877,0.079799,6.6e-05,0.069056
WSL_2025-2026,O. Smith,Liverpool FCW,910,0.184538,0.000666,-1.134762,-0.001247,-1.075038
WSL_2025-2026,O. Tvedten,Tottenham Hotspur FCW,125,0.163859,0.004429,-0.10112,-0.000809,-0.092865
WSL_2025-2026,Ornella Vignola,Leicester City FC,1141,1.818422,0.006249,-0.171667,-0.00015,-0.157654
WSL_2025-2026,P. Pattinson,Aston Villa WFC,916,3.511211,0.009919,0.161049,0.000176,0.146408
WSL_2025-2026,P. Tullis-Joyce,Chelsea FC Women,1022,1.001298,0.001872,0.74397,0.000728,0.676337
WSL_2025-2026,Paula Tomás,London City Lionesses LFC,161,0.423214,0.008817,-0.01752,-0.000109,-0.02975
WSL_2025-2026,R. Ayane,Everton FC,132,0.046177,0.001776,-0.183361,-0.001389,-0.358749
WSL_2025-2026,R. Borggräfe,Arsenal WFC,223,0.377024,0.003524,0.265532,0.001191,0.251556
WSL_2025-2026,R. Bose,Manchester City WFC,13,-0.027293,-0.009098,-0.021283,-0.001637,-0.127697
WSL_2025-2026,R. Daly,London City Lionesses LFC,661,0.060635,0.000261,0.074584,0.000113,0.069923
WSL_2025-2026,R. Imuran,Aston Villa WFC,764,1.067617,0.003669,0.118314,0.000155,0.108655
WSL_2025-2026,R. Ishikawa,Leicester City FC,662,1.355886,0.003606,0.036812,5.6e-05,0.034874
WSL_2025-2026,R. Kafaji,Tottenham Hotspur FCW,766,0.282084,0.001318,-0.602896,-0.000787,-0.559388
WSL_2025-2026,R. Knaak,West Ham United WFC,1386,4.447962,0.004904,0.367423,0.000265,0.321049
WSL_2025-2026,R. Mace,Leicester City FC,1943,2.377016,0.002484,-0.831292,-0.000428,-0.771302
WSL_2025-2026,R. Maltby,London City Lionesses LFC,609,0.501946,0.002231,-0.225216,-0.00037,-0.206831
WSL_2025-2026,R. McLauchlan,Tottenham Hotspur FCW,1047,0.072809,0.000151,0.10516,0.0001,0.094644
WSL_2025-2026,R. Shimizu,Arsenal WFC,926,2.581961,0.004965,0.403232,0.000435,0.339167
WSL_2025-2026,R. Ueki,Manchester City WFC,1124,0.521562,0.001817,-0.674074,-0.0006,-0.612794
WSL_2025-2026,R. Williams,Everton FC,180,-0.169835,-0.002879,0.105741,0.000587,0.09811
WSL_2025-2026,R. Williams,Chelsea FC Women,70,-0.020384,-0.001019,-0.014782,-0.000211,-0.053215
WSL_2025-2026,R. van Gool,Leicester City FC,789,0.776419,0.002975,-0.103663,-0.000131,-0.0952
WSL_2025-2026,S. Awujo,Chelsea FC Women,285,0.064511,0.00075,-0.030136,-0.000106,-0.02855
WSL_2025-2026,S. Baggaley,Tottenham Hotspur FCW,145,0.379074,0.004988,0.252044,0.001738,0.238779
WSL_2025-2026,S. Baltimore,Manchester United WFC,1252,1.725136,0.002823,-0.734013,-0.000586,-0.641371
WSL_2025-2026,S. Blackstenius,Liverpool FCW,516,-0.719862,-0.004931,-1.051035,-0.002037,-0.927384
WSL_2025-2026,S. Brasero-Carreira,Manchester City WFC,29,0.036112,0.007222,-0.014044,-0.000484,-0.07022
WSL_2025-2026,S. Catley,Liverpool FCW,1352,4.601793,0.005013,0.982061,0.000726,0.883855
WSL_2025-2026,S. Cemal,Manchester City WFC,1,0.0,,0.000124,0.000124,0.011151
WSL_2025-2026,S. Coffey,West Ham United WFC,567,0.562451,0.001887,0.043664,7.7e-05,0.038527
WSL_2025-2026,S. D'Angelo,London City Lionesses LFC,890,1.388782,0.002806,1.16197,0.001306,1.078116
WSL_2025-2026,S. Franssi,Aston Villa WFC,339,0.276873,0.002588,-0.178496,-0.000527,-0.155967
WSL_2025-2026,S. Gaupset,Brighton & Hove Albion WFC,974,1.605163,0.00369,0.487199,0.0005,0.456749
WSL_2025-2026,S. Harwood,Liverpool FCW,19,-0.057374,-0.009562,0.001939,0.000102,0.007272
WSL_2025-2026,S. Haug,Arsenal WFC,72,-0.193747,-0.011397,-0.110629,-0.001537,-0.10706
WSL_2025-2026,S. Holmberg,Liverpool FCW,423,0.663642,0.003667,-0.498588,-0.001179,-0.431471
WSL_2025-2026,S. Jakobsson,Aston Villa WFC,18,-0.033092,-0.011031,-0.017098,-0.00095,-0.048089
WSL_2025-2026,S. Kees,Everton FC,1143,2.491032,0.005585,0.543871,0.000476,0.499474
WSL_2025-2026,S. Kerr,Arsenal WFC,419,-0.313821,-0.001925,-0.046681,-0.000111,-0.044224
WSL_2025-2026,S. Kerr,Manchester United WFC,378,0.277084,0.00259,-0.619689,-0.001639,-0.541476
WSL_2025-2026,S. Kumagai,Aston Villa WFC,1227,1.588667,0.002558,0.054546,4.4e-05,0.047661
WSL_2025-2026,S. Lohmann,West Ham United WFC,241,0.5367,0.005834,0.097384,0.000404,0.090356
WSL_2025-2026,S. Lundgaard,Arsenal WFC,63,0.018021,0.000693,-0.042848,-0.00068,-0.082048
WSL_2025-2026,S. Martinez,Manchester City WFC,986,0.233697,0.001243,-1.22487,-0.001242,-1.113518
WSL_2025-2026,S. Mayling,Everton FC,770,0.482412,0.001705,-0.162963,-0.000212,-0.151203
WSL_2025-2026,S. Mayling,London City Lionesses LFC,175,-0.022084,-0.000374,-0.249657,-0.001427,-0.236517
WSL_2025-2026,S. Middleton-Patel,Chelsea FC Women,50,0.02481,0.000689,0.069958,0.001399,0.066276
WSL_2025-2026,S. Nüsken,Manchester United WFC,784,1.258124,0.0037,0.064751,8.3e-05,0.057699
WSL_2025-2026,S. O’Brien,Everton FC,735,0.240203,0.001591,-0.528533,-0.000719,-0.490391
WSL_2025-2026,S. Piubel,Manchester City WFC,320,-0.191181,-0.002173,-0.380061,-0.001188,-0.325766
WSL_2025-2026,S. Sherwood,Everton FC,3,0.004863,0.004863,0.002043,0.000681,0.091944
WSL_2025-2026,S. Tierney,Everton FC,1400,2.780783,0.006221,0.888725,0.000635,0.807932
WSL_2025-2026,S. Zadorsky,Manchester City WFC,803,2.740217,0.007697,0.515717,0.000642,0.442043
WSL_2025-2026,T. Goldie,Aston Villa WFC,129,0.275236,0.005856,0.070189,0.000544,0.065802
WSL_2025-2026,T. Hansen,Manchester City WFC,569,1.440935,0.005074,0.526641,0.000926,0.455747
WSL_2025-2026,T. Heron,Tottenham Hotspur FCW,11,-0.019634,-0.009817,-0.004956,-0.000451,-0.034308
WSL_2025-2026,T. Hinds,Liverpool FCW,771,0.566912,0.001403,0.000402,1e-06,0.000362
WSL_2025-2026,T. Koga,Brighton & Hove Albion WFC,1582,3.601362,0.003835,0.621438,0.000393,0.513114
WSL_2025-2026,T. Payne,Leicester City FC,555,1.147071,0.006952,-0.200422,-0.000361,-0.185959
WSL_2025-2026,V. Asseyi,Manchester City WFC,1317,2.766782,0.009162,-1.056093,-0.000802,-0.960085
WSL_2025-2026,V. Buurman,Manchester United WFC,1133,3.238038,0.004652,0.913244,0.000806,0.82192
WSL_2025-2026,V. Hanshaw,Manchester City WFC,868,1.929105,0.005528,-0.071135,-8.2e-05,-0.060973
WSL_2025-2026,V. Miedema,West Ham United WFC,1103,1.303211,0.003403,-0.194049,-0.000176,-0.178209
WSL_2025-2026,V. Pelova,Liverpool FCW,665,1.929835,0.005848,0.24035,0.000361,0.206014
WSL_2025-2026,W. Kaptein,Manchester United WFC,987,0.708708,0.001708,-0.527267,-0.000534,-0.460719
WSL_2025-2026,W. Sangaré,Aston Villa WFC,1454,3.337445,0.003987,0.573959,0.000395,0.516563
WSL_2025-2026,Y. Endo,Manchester City WFC,938,3.157984,0.008332,0.430944,0.000459,0.376553
WSL_2025-2026,Y. Hasegawa,West Ham United WFC,1766,4.212012,0.004338,0.816282,0.000462,0.720248
WSL_2025-2026,Y. Momiki,Leicester City FC,986,2.117168,0.006101,0.05752,5.8e-05,0.054492
WSL_2025-2026,Y. Tennebø,Manchester City WFC,166,-0.196128,-0.004264,-0.067539,-0.000407,-0.066071
WSL_2025-2026,Z. Kramžar,Leicester City FC,288,-0.028257,-0.000422,-0.140782,-0.000489,-0.130622
WSL_2025-2026,Z. Shaw,Arsenal WFC,8,-0.01587,-0.007935,-0.025808,-0.003226,-0.105577
