date,season,opponent,period,minute,second,x,y,end_x,end_y,dest_zone,outcome,distance_m,angle_deg,curve_score,flight_metric,speed_ms,result,xt_start,xt_end,xt_delta,goal_diff,vaep_value,p_score_delta,p_concede_delta,scored_in_seq,conceded_in_seq,pm_score,rapm,xc_stage1,xc_stage2,xc
2017-09-30,WSL 2017-2018,Manchester City WFC,2,90,13,98.5,12.2,94.4,49.7,Center,0,25.9,99.6,-0.34,1.7,8.63,incomplete,0.02956,0.1051,0.07554,-3,-0.00224,-0.00202,0.00023,False,False,-0.2,-0.11154,0.3340248184471621,0.6135277311092817,0.2049334889960771
2017-10-08,WSL 2017-2018,Bristol City WFC,2,68,1,9.2,22.2,3.6,67.2,Center,1,31.2,100.9,-0.98,4.9,7.8,shot_ot,0.00506,0.01223,0.00717,0,0.09523,0.09109,-0.00415,False,False,0.6,-0.11154,0.4903871553693426,0.4078859303219847,0.20002202108577596
2017-11-12,WSL 2017-2018,Sunderland WFC,1,31,43,76.7,17.3,86.2,53.6,Center,1,26.6,68.0,-0.24,1.2,13.3,cleared,0.01842,0.05765,0.03923,0,0.06419,0.06351,-0.00068,False,False,-0.1,-0.11154,0.38066963249997793,0.522668425206175,0.19896399734257683
2017-11-12,WSL 2017-2018,Sunderland WFC,2,48,27,4.4,75.4,1.8,51.3,Center,0,16.6,-99.5,0.28,1.4,8.3,incomplete,0.00826,0.01657,0.00831,0,0.01843,0.01816,-0.00027,False,False,-0.2,-0.11154,0.32744693359635985,0.5397962606969641,0.17675463033200214
2018-01-28,WSL 2017-2018,Reading WFC,1,44,58,9.9,15.8,,61.2,Center,0,33.3,,-1.0,5.1,33.3,incomplete,0.00506,,,0,0.01397,0.01098,-0.003,False,False,-0.2,-0.11154,0.49206741666039744,0.45809317722971465,0.2254127263091793
2018-04-01,WSL 2017-2018,Chelsea FC Women,1,21,22,99.3,17.9,91.9,61.7,Center,0,30.8,104.6,-0.36,1.8,15.4,incomplete,0.04692,0.1051,0.05818,0,0.00507,0.00505,-2e-05,False,False,-0.2,-0.11154,0.4984114427937814,0.37842800599772536,0.18861284846290005
2018-04-01,WSL 2017-2018,Chelsea FC Women,2,83,59,4.9,10.3,4.5,35.8,Center,0,17.3,91.4,-0.94,4.7,17.3,incomplete,0.00638,0.01223,0.00585,0,-0.01368,-0.01353,0.00014,False,False,-0.2,-0.11154,0.2736382332872275,0.33441903047777877,0.09150983267756686
2018-04-24,WSL 2017-2018,Liverpool FCW,1,34,1,93.2,23.1,91.4,100.0,Left,0,53.7,92.1,-0.32,1.6,53.7,incomplete,0.04692,0.01827,-0.02865,0,-0.0354,-0.03538,2e-05,False,False,-0.2,-0.11154,0.7739297404892521,0.002547080524355243,0.0019712613692194816
2018-04-24,WSL 2017-2018,Liverpool FCW,2,64,32,13.5,83.8,22.1,33.1,Center,1,35.6,-75.3,0.36,1.8,35.6,cleared,0.00506,0.00455,-0.00051,0,0.02083,0.02144,0.00061,False,False,-0.1,-0.11154,0.5470898281238183,0.2219450649253782,0.12142388742295486
2018-04-24,WSL 2017-2018,Liverpool FCW,2,67,11,24.6,92.9,11.0,62.7,Center,0,25.0,-124.8,0.2,1.0,25.0,incomplete,0.00175,0.00735,0.0056,1,0.00829,0.00734,-0.00095,False,False,-0.2,-0.11154,0.3998888028614115,0.3210486139790866,0.12838374590441234
2018-04-29,WSL 2017-2018,Birmingham City WFC,2,61,43,97.6,70.6,97.4,53.1,Center,0,11.9,-91.0,0.94,4.7,5.95,incomplete,0.07512,0.1051,0.02998,-2,0.00908,0.00793,-0.00114,False,False,-0.2,-0.11154,0.2402343882666935,0.5491983184048723,0.13193632205909125
2018-04-29,WSL 2017-2018,Birmingham City WFC,2,62,52,96.3,79.1,95.2,55.1,Center,0,16.4,-94.0,0.92,4.6,4.1,incomplete,0.04692,0.1051,0.05818,-2,0.00287,0.00227,-0.0006,False,False,-0.2,-0.11154,0.2857007426843083,0.5133674060474472,0.14666944917767252
2018-04-29,WSL 2017-2018,Birmingham City WFC,2,71,0,79.4,83.0,92.0,42.5,Center,0,30.6,-64.3,1.0,5.2,6.12,incomplete,0.01842,0.1051,0.08668,-2,0.07245,0.01773,-0.05472,False,False,-0.2,-0.11154,0.3981643502166965,0.5120008111056579,0.20386047026430582
2018-04-29,WSL 2017-2018,Birmingham City WFC,2,91,20,97.7,20.4,97.7,24.1,Center,0,2.5,90.0,-0.32,1.6,,incomplete,0.04692,0.04692,0.0,-3,0.00083,0.00046,-0.00037,False,False,-0.2,-0.11154,0.13961584042141356,0.08229127193701989,0.011489165090834117
2018-05-12,WSL 2017-2018,Manchester City WFC,2,47,40,5.7,73.6,5.3,68.1,Center,0,3.8,-96.4,0.3,1.5,,incomplete,0.01223,0.01223,0.0,-1,-0.01872,-0.01937,-0.00064,False,False,-0.2,-0.11154,0.18559124992244624,0.20486595614185424,0.03802132886692378
2018-05-12,WSL 2017-2018,Manchester City WFC,2,55,25,7.7,84.5,5.2,57.2,Center,0,18.7,-98.0,0.28,1.4,4.67,incomplete,0.00826,0.01657,0.00831,0,0.1972,0.0214,-0.1758,False,False,-0.2,-0.11154,0.33614116989293646,0.42594849798454315,0.14317882642666344
2018-05-12,WSL 2017-2018,Manchester City WFC,2,65,34,16.2,85.1,11.0,63.0,Center,0,16.0,-110.0,0.24,1.2,16.0,incomplete,0.00506,0.00735,0.00229,1,-0.00732,-0.00779,-0.00047,False,False,-0.2,-0.11154,0.3115098025558063,0.3011606466453242,0.09381449357406389
2018-05-12,WSL 2017-2018,Manchester City WFC,2,76,7,21.2,9.2,10.1,67.3,Center,0,41.2,106.4,-1.0,5.0,20.6,incomplete,0.00175,0.00735,0.0056,1,-0.02369,-0.02342,0.00026,False,False,-0.2,-0.11154,0.5664945482142435,0.43857835022278946,0.24845224436600738
2018-05-12,WSL 2017-2018,Manchester City WFC,2,76,23,12.5,5.9,13.3,61.1,Center,1,37.5,88.7,-0.94,4.7,18.75,cleared,0.00349,0.00931,0.00582,1,0.19564,0.07642,-0.11922,False,False,-0.1,-0.11154,0.517125026064866,0.5417746684992572,0.2801652395689625
2018-05-16,WSL 2017-2018,Sunderland WFC,1,27,26,18.7,92.5,1.1,53.6,Center,0,32.3,-124.9,0.2,1.0,8.07,incomplete,0.00175,0.01657,0.01482,1,0.01139,0.00984,-0.00155,False,False,-0.2,-0.11154,0.5120825038352235,0.5209714562892637,0.26678036776328884
2018-05-16,WSL 2017-2018,Sunderland WFC,2,50,4,96.9,21.2,91.4,48.7,Center,1,19.6,107.2,-0.38,1.9,9.8,shot_ot,0.04692,0.05765,0.01073,2,0.11809,0.11773,-0.00036,False,False,0.6,-0.11154,0.39858660696691584,0.579214973845875,0.23086733112965818
2018-05-16,WSL 2017-2018,Sunderland WFC,2,77,3,93.3,31.9,100.0,72.6,Center,0,28.9,75.7,-0.26,1.3,9.63,incomplete,0.07512,0.07512,0.0,2,-0.03352,-0.03407,-0.00056,False,False,-0.2,-0.11154,0.5503782035538087,0.1668020406518646,0.09180420748308261
2018-05-16,WSL 2017-2018,Sunderland WFC,2,78,51,95.4,16.4,95.6,46.6,Center,0,20.5,89.4,-0.32,1.6,6.83,incomplete,0.04692,0.1051,0.05818,2,-0.00819,-0.00883,-0.00064,False,False,-0.2,-0.11154,0.3898779325455862,0.5186754986518121,0.20222013107641948
2018-05-16,WSL 2017-2018,Sunderland WFC,2,85,38,98.6,22.5,89.9,36.7,Center,0,13.3,133.4,-0.46,2.3,4.43,incomplete,0.04692,0.04262,-0.0043,2,-0.03487,-0.03507,-0.0002,False,False,-0.2,-0.11154,0.31676130756886733,0.2913323482983239,0.09228281558408576
2017-05-17,WSL 2017,Chelsea FC Women,2,61,39,79.4,5.3,92.2,47.9,Center,0,31.9,65.1,-0.22,1.1,31.9,incomplete,0.01102,0.1051,0.09408,1,0.01427,0.01327,-0.001,False,False,-0.2,-0.12857,0.42124984904928503,0.5625719558718606,0.23698335149038233
2017-05-17,WSL 2017,Chelsea FC Women,2,84,45,89.0,86.8,91.7,65.2,Center,0,15.0,-79.1,0.98,4.9,15.0,incomplete,0.03045,0.07512,0.04467,0,0.02529,0.01285,-0.01245,False,False,-0.2,-0.12857,0.3047247774630667,0.306886410703626,0.09351589320810172
2017-05-20,WSL 2017,Birmingham City WFC,2,47,8,7.6,78.1,6.6,37.0,Center,1,28.0,-92.2,0.3,1.5,9.33,cleared,0.00826,0.01223,0.00397,0,0.08049,0.0792,-0.00129,False,False,-0.1,-0.12857,0.46337886485063323,0.272376010918922,0.12621328675215376
2017-05-20,WSL 2017,Birmingham City WFC,2,60,58,16.0,83.6,11.2,38.9,Center,0,30.8,-99.4,0.28,1.4,10.27,incomplete,0.00506,0.00931,0.00425,0,0.00496,0.00479,-0.00017,False,False,-0.2,-0.12857,0.4779386071706392,0.3183524255097411,0.1521529148375203
2017-05-31,WSL 2017,Reading WFC,1,46,56,83.1,83.3,100.0,30.3,Center,0,40.9,-63.8,1.0,5.2,10.22,incomplete,0.01842,0.07512,0.0567,1,0.00578,0.00512,-0.00066,False,False,-0.2,-0.12857,0.6064701828151289,0.26712793860554,0.16200512976113038
2018-09-09,WSL 2018-2019,Liverpool FCW,1,40,34,79.3,77.0,92.7,42.4,Center,0,27.4,-59.1,1.0,5.3,13.7,incomplete,0.01842,0.1051,0.08668,4,-0.03187,-0.03168,0.00019,False,False,-0.2,-0.05978,0.48279765858056156,0.5048185417569014,0.24372520996828545
2018-09-09,WSL 2018-2019,Liverpool FCW,1,42,7,91.0,13.8,100.0,62.7,Center,0,34.9,74.1,-0.26,1.3,11.63,incomplete,0.03045,0.07512,0.04467,4,-0.00141,-0.00223,-0.00082,False,False,-0.2,-0.05978,0.5996802098455196,0.34015522591552566,0.20398435725707256
2018-09-09,WSL 2018-2019,Liverpool FCW,2,87,1,15.0,92.6,11.7,63.3,Center,0,20.2,-99.9,0.28,1.4,10.1,incomplete,0.00349,0.00735,0.00386,4,-0.00408,-0.0055,-0.00142,False,False,-0.2,-0.05978,0.3955068001659912,0.3134486750519748,0.12397108248607612
2018-09-19,WSL 2018-2019,Yeovil Town WFC,1,2,32,14.2,90.3,12.9,84.1,Right,0,4.4,-107.9,0.26,1.3,,incomplete,0.00349,0.00506,0.00157,0,-0.01514,-0.01557,-0.00042,False,False,-0.2,-0.05978,0.19115728062187196,0.004828091892631199,0.0009229249167878869
2018-09-19,WSL 2018-2019,Yeovil Town WFC,1,31,54,9.3,92.9,12.8,51.9,Center,0,28.1,-82.5,0.34,1.7,9.37,incomplete,0.00349,0.00931,0.00582,2,0.00868,0.00841,-0.00027,False,False,-0.2,-0.05978,0.4982229676815992,0.574172646791209,0.2860660000459148
2018-09-19,WSL 2018-2019,Yeovil Town WFC,1,32,43,19.9,95.3,12.7,52.5,Center,0,30.1,-104.6,0.26,1.3,6.02,incomplete,0.00175,0.00931,0.00756,2,0.03536,0.01359,-0.02177,False,False,-0.2,-0.05978,0.504486605223526,0.5510775842667488,0.27801125970151364
2018-09-19,WSL 2018-2019,Yeovil Town WFC,2,48,9,90.0,18.8,94.1,45.1,Center,0,18.4,76.5,-0.26,1.3,9.2,incomplete,0.03045,0.1051,0.07465,2,-0.01263,-0.01271,-7e-05,False,False,-0.2,-0.05978,0.3776137319875144,0.46352481157144093,0.17503333396630122
2018-09-19,WSL 2018-2019,Yeovil Town WFC,2,61,41,91.2,15.9,97.7,89.6,Left,1,50.6,82.2,-0.28,1.4,8.43,cleared,0.03045,0.02956,-0.00089,4,0.02478,0.02297,-0.00181,False,False,-0.1,-0.05978,0.7744622257063676,0.005445856873818403,0.004217610435375721
2018-10-14,WSL 2018-2019,Chelsea FC Women,1,3,49,21.9,23.9,5.2,73.6,Center,1,38.1,117.4,-1.0,5.2,12.7,cleared,0.00333,0.01223,0.0089,0,0.06833,0.05981,-0.00853,False,False,-0.1,-0.05978,0.5869530808419005,0.3171955973283709,0.18617893308137418
2018-10-21,WSL 2018-2019,Reading WFC,1,2,9,98.0,13.2,92.3,54.8,Center,1,28.9,101.9,-0.36,1.8,14.45,cleared,0.04692,0.1051,0.05818,0,0.26322,0.1331,-0.13013,True,False,-0.1,-0.05978,0.46164030592020777,0.5256092412602001,0.2426424109298471
2018-10-21,WSL 2018-2019,Reading WFC,1,11,30,94.4,19.4,100.0,66.9,Center,0,32.9,79.7,-0.28,1.4,16.45,incomplete,0.04692,0.07512,0.0282,2,-0.02802,-0.02812,-0.00011,False,False,-0.2,-0.05978,0.5778951360378743,0.2569985321150784,0.14851820167817725
2018-10-21,WSL 2018-2019,Reading WFC,1,18,27,96.8,13.1,88.2,56.3,Center,1,30.7,107.1,-0.38,1.9,7.67,cleared,0.04692,0.05765,0.01073,2,0.01753,0.0177,0.00016,False,False,-0.1,-0.05978,0.5254569552699134,0.5035215216169031,0.2645788856616918
2018-10-21,WSL 2018-2019,Reading WFC,1,33,47,96.6,73.0,96.3,70.9,Center,0,1.5,-102.4,0.9,4.5,,incomplete,0.07512,0.07512,0.0,2,-0.00327,-0.00434,-0.00107,False,False,-0.2,-0.05978,0.21396672135758552,0.17165619711619093,0.0367287136976628
2018-10-21,WSL 2018-2019,Reading WFC,1,37,9,71.0,3.8,83.8,63.1,Center,0,42.5,71.6,-0.24,1.2,14.17,incomplete,0.00757,0.04262,0.03505,2,0.0038,0.00293,-0.00086,False,False,-0.2,-0.05978,0.5846342365207825,0.36591539542678847,0.2139266678365407
2018-10-21,WSL 2018-2019,Reading WFC,2,71,46,17.2,2.6,7.4,53.7,Center,0,36.2,106.5,-1.0,5.0,9.05,incomplete,0.00175,0.01657,0.01482,4,0.00428,0.00455,0.00027,False,False,-0.2,-0.05978,0.5251134617589602,0.6926826426651058,0.36373698039021857
2018-11-04,WSL 2018-2019,Birmingham City WFC,1,33,51,97.6,24.7,95.5,48.7,Center,0,16.5,97.7,-0.34,1.7,16.5,incomplete,0.04692,0.1051,0.05818,0,0.14446,0.02644,-0.11802,False,False,-0.2,-0.05978,0.3339012772571409,0.5627198958639359,0.18789289196697354
2018-11-04,WSL 2018-2019,Birmingham City WFC,1,38,2,79.4,3.7,100.0,70.3,Center,0,50.7,64.5,-0.22,1.1,16.9,incomplete,0.01102,0.07512,0.0641,0,0.00026,-0.00187,-0.00214,False,False,-0.2,-0.05978,0.6402901141974044,0.23149274092910574,0.14822251352536728
2018-11-18,WSL 2018-2019,Everton FC,1,5,39,6.7,24.6,4.1,46.3,Center,0,15.0,100.5,-0.98,4.9,7.5,incomplete,0.00826,0.01657,0.00831,0,0.01553,0.0151,-0.00043,False,False,-0.2,-0.05978,0.3171817057261444,0.6106569094413296,0.1936892001500566
2018-11-18,WSL 2018-2019,Everton FC,1,22,3,23.9,89.0,15.4,75.1,Center,0,13.0,-133.4,0.16,0.8,,incomplete,0.00175,0.00506,0.00331,0,0.00508,0.00023,-0.00484,False,False,-0.2,-0.05978,0.25450711086145716,0.12531255183267323,0.031892935521610266
2018-11-18,WSL 2018-2019,Everton FC,2,47,5,81.8,13.2,98.1,73.2,Center,1,44.2,67.2,-0.24,1.2,8.84,cleared,0.01842,0.07512,0.0567,1,0.0519,0.05138,-0.00053,False,False,-0.1,-0.05978,0.6103609356466969,0.18372656147231822,0.11213951596339453
2018-11-18,WSL 2018-2019,Everton FC,2,51,32,66.2,2.6,83.3,39.1,Center,0,30.6,54.1,-0.18,0.9,15.3,incomplete,0.00584,0.03121,0.02537,3,0.00691,0.00577,-0.00114,False,False,-0.2,-0.05978,0.4504101975516376,0.3304926932839803,0.14885727927141032
2018-11-18,WSL 2018-2019,Everton FC,2,74,55,88.5,22.7,88.2,42.1,Center,0,13.2,91.4,-0.32,1.6,13.2,incomplete,0.03045,0.05765,0.0272,4,-0.00599,-0.00575,0.00024,False,False,-0.2,-0.05978,0.33958703249670863,0.3842047857238778,0.13047096305500547
2018-11-25,WSL 2018-2019,Brighton & Hove Albion WFC,1,3,49,99.7,0.9,91.5,39.0,Center,0,27.3,108.4,-0.38,1.9,27.3,incomplete,0.02956,0.05765,0.02809,0,-0.07517,-0.07494,0.00023,False,False,-0.2,-0.05978,0.4046925548085164,0.36476674139789445,0.14761838448549133
2018-11-25,WSL 2018-2019,Brighton & Hove Albion WFC,1,3,54,95.5,12.5,91.9,46.1,Center,1,23.2,99.4,-0.34,1.7,7.73,cleared,0.04692,0.1051,0.05818,0,0.11325,0.11325,0.0,False,False,-0.1,-0.05978,0.38411784065159776,0.5184996221208085,0.19916495522771435
2018-11-25,WSL 2018-2019,Brighton & Hove Albion WFC,1,17,44,99.5,99.5,83.0,49.1,Center,1,38.4,-116.8,0.84,4.2,38.4,shot_ot,0.02956,0.03121,0.00165,-1,-0.01831,-0.01792,0.0004,False,False,0.6,-0.05978,0.6003568498245953,0.6509278815264333,0.39078901241620684
2018-11-25,WSL 2018-2019,Brighton & Hove Albion WFC,1,18,4,99.5,0.5,90.5,43.0,Center,0,30.4,108.1,-0.38,1.9,10.13,incomplete,0.02956,0.05765,0.02809,-1,-0.14168,-0.14149,0.00019,False,False,-0.2,-0.05978,0.41598988557800276,0.46973111261789546,0.19540339179034627
2018-11-25,WSL 2018-2019,Brighton & Hove Albion WFC,1,18,18,92.4,10.6,91.3,60.2,Center,1,33.7,92.0,-0.32,1.6,16.85,cleared,0.02956,0.05765,0.02809,-1,0.08637,0.08628,-8e-05,False,False,-0.1,-0.05978,0.4843444963874118,0.4109294610546258,0.19903142286525327
2018-11-25,WSL 2018-2019,Brighton & Hove Albion WFC,1,21,29,74.9,12.3,88.1,45.8,Center,0,26.7,58.7,-0.2,1.0,8.9,incomplete,0.00757,0.05765,0.05008,-1,0.00151,0.00149,-1e-05,False,False,-0.2,-0.05978,0.3477135559569104,0.48954452861282316,0.1702212688432142
2018-11-25,WSL 2018-2019,Brighton & Hove Albion WFC,1,29,44,99.5,0.5,93.7,46.6,Center,0,31.9,101.0,-0.36,1.8,15.95,incomplete,0.02956,0.1051,0.07554,0,-0.05015,-0.04993,0.00022,False,False,-0.2,-0.05978,0.45688471848691603,0.5600283845396143,0.25586841081506406
2018-11-25,WSL 2018-2019,Brighton & Hove Albion WFC,1,31,25,99.5,99.5,71.1,50.3,Center,1,44.8,-131.7,0.8,4.0,14.93,shot,0.02956,0.01826,-0.0113,0,-0.06653,-0.06553,0.001,False,False,0.35,-0.05978,0.6932009975255858,0.7017436744085929,0.4864494151073065
2018-11-25,WSL 2018-2019,Brighton & Hove Albion WFC,1,35,31,99.5,99.5,90.0,32.4,Center,1,46.7,-102.3,0.9,4.5,15.57,cleared,0.02956,0.04262,0.01306,1,-0.09832,-0.0982,0.00012,False,False,-0.1,-0.05978,0.7363287727263728,0.28619941998923687,0.2107368676756745
2018-11-25,WSL 2018-2019,Brighton & Hove Albion WFC,1,38,18,99.5,99.5,95.1,45.8,Center,1,36.8,-97.2,0.92,4.6,12.27,goal,0.02956,0.1051,0.07554,1,0.01863,0.01869,6e-05,True,False,1.0,-0.05978,0.6243353853158046,0.5869557001024259,0.36645721318675595
2018-11-25,WSL 2018-2019,Brighton & Hove Albion WFC,2,60,21,18.0,19.1,9.4,47.0,Center,0,21.0,115.5,-1.0,5.2,10.5,incomplete,0.00333,0.00931,0.00598,2,0.03214,0.0184,-0.01374,False,False,-0.2,-0.05978,0.38098979993063997,0.6563421098525962,0.25005964911879475
2018-11-25,WSL 2018-2019,Brighton & Hove Albion WFC,2,61,53,0.5,99.5,6.1,61.1,Center,0,26.8,-77.3,0.36,1.8,26.8,incomplete,0.00638,0.01657,0.01019,2,-0.00108,-0.00083,0.00024,False,False,-0.2,-0.05978,0.47837843710841843,0.387699066072331,0.18546687329607517
2018-11-25,WSL 2018-2019,Brighton & Hove Albion WFC,2,64,30,0.5,99.5,2.0,50.7,Center,0,33.2,-87.3,0.32,1.6,33.2,incomplete,0.00638,0.01657,0.01019,2,0.00095,0.00113,0.00018,False,False,-0.2,-0.05978,0.5592585791508246,0.6080495666917767,0.34005693672131754
2018-11-25,WSL 2018-2019,Brighton & Hove Albion WFC,2,86,53,26.0,81.2,,23.1,Center,0,48.8,,0.18,0.9,16.27,incomplete,0.00309,,,3,0.02231,0.00829,-0.01402,False,False,-0.2,-0.05978,0.7414961957561306,0.09512737245902776,0.07053658479064559
2018-11-25,WSL 2018-2019,Brighton & Hove Albion WFC,2,89,33,0.5,99.5,6.9,34.2,Center,1,44.9,-81.4,0.34,1.7,14.97,shot_ot,0.00638,0.01223,0.00585,3,0.06799,0.0681,0.00011,False,False,0.6,-0.05978,0.7163701963730742,0.25879451288910815,0.18539267601864448
2018-12-02,WSL 2018-2019,Manchester City WFC,1,8,30,0.5,0.5,3.6,42.5,Center,0,28.7,83.5,-0.92,4.6,14.35,incomplete,0.00638,0.01657,0.01019,0,0.1192,0.02294,-0.09626,False,False,-0.2,-0.05978,0.3884295904186332,0.537286908594137,0.20869813384251423
2018-12-02,WSL 2018-2019,Manchester City WFC,1,36,58,0.5,99.5,6.3,52.2,Center,0,32.7,-79.3,0.36,1.8,8.18,incomplete,0.00638,0.01657,0.01019,-1,0.15015,0.02315,-0.12699,False,False,-0.2,-0.05978,0.491234173689112,0.5846433942305193,0.28719681466762687
2018-12-02,WSL 2018-2019,Manchester City WFC,1,38,53,4.8,31.6,3.6,44.6,Center,0,8.9,98.1,-0.98,4.9,8.9,incomplete,0.01223,0.01657,0.00434,-1,0.03358,0.02339,-0.01019,False,False,-0.2,-0.05978,0.25545896594297185,0.5479435229087269,0.1399770857574125
2018-12-02,WSL 2018-2019,Manchester City WFC,2,46,25,75.2,14.7,98.2,59.9,Center,0,39.1,51.8,-0.18,0.9,5.59,incomplete,0.01842,0.1051,0.08668,-1,0.03558,0.021,-0.01458,False,False,-0.2,-0.05978,0.5091457265826907,0.3972546602199187,0.20226051261603042
2018-12-02,WSL 2018-2019,Manchester City WFC,2,55,18,99.5,0.5,90.7,49.7,Center,0,34.7,105.4,-0.36,1.8,17.35,incomplete,0.02956,0.05765,0.02809,-1,0.15263,0.0191,-0.13353,False,False,-0.2,-0.05978,0.4633725646666056,0.6417018434709578,0.2973470289604264
2018-12-02,WSL 2018-2019,Manchester City WFC,2,65,20,99.5,99.5,87.0,45.8,Center,1,38.8,-109.8,0.88,4.4,9.7,shot,0.02956,0.05765,0.02809,-2,0.19107,0.09285,-0.09822,False,False,0.35,-0.05978,0.5727808936312562,0.5808982131248098,0.3327273976224285
2018-12-02,WSL 2018-2019,Manchester City WFC,2,69,20,97.3,76.0,96.6,60.9,Center,0,10.3,-94.1,0.92,4.6,10.3,incomplete,0.04692,0.1051,0.05818,-2,0.01296,0.01176,-0.0012,False,False,-0.2,-0.05978,0.22392737826619083,0.3639269621296819,0.08149321051007899
2018-12-02,WSL 2018-2019,Manchester City WFC,2,69,40,99.7,99.6,89.1,24.1,Center,0,52.5,-102.2,0.9,4.5,13.12,incomplete,0.02956,0.03045,0.00089,-2,0.1276,0.00683,-0.12077,False,False,-0.2,-0.05978,0.7339617468779203,0.15154424327531268,0.11122767752364102
2018-12-02,WSL 2018-2019,Manchester City WFC,2,80,32,75.0,21.0,100.0,65.2,Center,0,41.2,48.9,-0.16,0.8,8.24,incomplete,0.01842,0.07512,0.0567,-2,0.04676,0.01587,-0.03089,False,False,-0.2,-0.05978,0.5298066646922639,0.28806170297335865,0.15261701007788875
2019-01-06,WSL 2018-2019,West Ham United WFC,1,8,38,0.5,0.5,2.5,45.1,Center,0,30.4,86.0,-0.92,4.6,7.6,incomplete,0.00638,0.01657,0.01019,0,0.10567,0.02579,-0.07987,False,False,-0.2,-0.05978,0.4098496941017702,0.6111617316402272,0.2504844487594553
2019-01-06,WSL 2018-2019,West Ham United WFC,1,24,40,0.5,99.5,7.0,46.0,Center,0,37.0,-79.4,0.36,1.8,12.33,incomplete,0.00638,0.01657,0.01019,-1,-0.03276,-0.03255,0.00022,False,False,-0.2,-0.05978,0.5505919110725352,0.5353851043329019,0.2947787077544211
2019-01-06,WSL 2018-2019,West Ham United WFC,1,25,2,9.9,86.0,8.3,47.6,Center,1,26.2,-93.7,0.3,1.5,26.2,cleared,0.00506,0.01657,0.01151,-1,0.19615,0.13402,-0.06213,True,False,-0.1,-0.05978,0.40977352864177247,0.5346875861458296,0.21910081889592828
2019-01-06,WSL 2018-2019,West Ham United WFC,1,29,59,0.5,99.5,5.9,48.1,Center,1,35.4,-80.8,0.34,1.7,17.7,goal,0.00638,0.01657,0.01019,0,0.02029,0.02039,0.0001,True,False,1.0,-0.05978,0.5508904752151627,0.5832863588339889,0.32132689940457804
2019-01-06,WSL 2018-2019,West Ham United WFC,1,39,27,0.5,99.5,7.6,41.2,Center,1,40.3,-79.3,0.36,1.8,10.07,cleared,0.00638,0.01657,0.01019,1,-0.05651,-0.0564,0.0001,False,False,-0.1,-0.05978,0.6342595045829111,0.41654601327598173,0.2641982680164109
2019-01-06,WSL 2018-2019,West Ham United WFC,1,39,37,6.4,85.3,24.5,1.9,Left,1,59.8,-71.5,0.38,1.9,7.47,completed,0.00826,0.00175,-0.00651,1,-0.04958,-0.04958,-0.0,False,False,0.15,-0.05978,0.8340117380879172,0.0009625992354177696,0.0008028190614128741
2019-01-06,WSL 2018-2019,West Ham United WFC,1,41,27,11.7,85.4,8.1,54.6,Center,0,21.3,-100.2,0.28,1.4,10.65,incomplete,0.00506,0.01657,0.01151,1,0.00814,0.00732,-0.00082,False,False,-0.2,-0.05978,0.3869794367504829,0.48601186955342923,0.1880765995338352
2019-01-06,WSL 2018-2019,West Ham United WFC,1,41,53,0.5,99.5,2.3,59.3,Center,0,27.4,-86.0,0.32,1.6,27.4,incomplete,0.00638,0.01657,0.01019,1,-0.07661,-0.07654,7e-05,False,False,-0.2,-0.05978,0.4655716208706461,0.41728610920465714,0.19427657022921765
2019-01-06,WSL 2018-2019,West Ham United WFC,1,45,6,3.6,93.8,11.6,55.8,Center,1,27.2,-72.0,0.38,1.9,13.6,shot,0.00638,0.00931,0.00293,0,0.08263,0.08267,4e-05,False,False,0.35,-0.05978,0.4440454578698845,0.5001688159404032,0.2220976908864943
2019-01-06,WSL 2018-2019,West Ham United WFC,2,53,39,99.5,99.5,90.9,53.6,Center,0,32.5,-106.1,0.88,4.4,16.25,incomplete,0.02956,0.05765,0.02809,0,-0.09064,-0.09036,0.00028,False,False,-0.2,-0.05978,0.5408111539332119,0.5873160021278996,0.3176270448342301
2019-01-06,WSL 2018-2019,West Ham United WFC,2,54,32,99.5,0.5,94.6,53.9,Center,0,36.7,98.1,-0.34,1.7,18.35,incomplete,0.02956,0.1051,0.07554,0,-0.00194,-0.00172,0.00023,False,False,-0.2,-0.05978,0.5145063462668975,0.5639597043136427,0.2901608469081722
2019-01-06,WSL 2018-2019,West Ham United WFC,2,64,5,99.5,99.5,91.5,53.1,Center,0,32.7,-104.9,0.9,4.5,10.9,incomplete,0.02956,0.05765,0.02809,1,-0.00948,-0.00917,0.00031,False,False,-0.2,-0.05978,0.5650993589043215,0.6017005029743967,0.34002056848323936
2019-01-06,WSL 2018-2019,West Ham United WFC,2,64,13,85.9,87.8,92.5,50.3,Center,1,26.4,-74.8,1.0,5.0,26.4,cleared,0.01827,0.1051,0.08683,1,0.10671,0.10643,-0.00028,True,False,-0.1,-0.05978,0.4725561257509907,0.6638680078889144,0.31371489381801354
2019-01-06,WSL 2018-2019,West Ham United WFC,2,77,59,99.4,9.5,98.9,11.7,Right,0,1.6,109.3,-0.38,1.9,,incomplete,0.02956,0.02956,0.0,2,-0.01867,-0.01905,-0.00038,False,False,-0.2,-0.05978,0.17994511251614198,0.001972997577847242,0.0003550312711397976
2019-01-06,WSL 2018-2019,West Ham United WFC,2,82,41,90.4,7.9,96.2,47.2,Center,0,27.4,77.2,-0.26,1.3,27.4,incomplete,0.01827,0.1051,0.08683,2,0.00747,0.0073,-0.00017,False,False,-0.2,-0.05978,0.44931841121354127,0.5419240584598373,0.24349645694556835
2019-01-06,WSL 2018-2019,West Ham United WFC,2,83,45,87.3,11.9,87.7,14.7,Right,0,1.9,77.6,-0.28,1.4,,incomplete,0.01827,0.03045,0.01218,2,-0.0136,-0.01383,-0.00023,False,False,-0.2,-0.05978,0.18212695581938246,0.0024425412706494893,0.0004448526060865978
2019-01-06,WSL 2018-2019,West Ham United WFC,2,88,38,85.6,92.7,95.5,50.0,Center,0,30.8,-70.3,1.0,5.1,10.27,incomplete,0.01827,0.1051,0.08683,2,-0.02368,-0.02356,0.00012,False,False,-0.2,-0.05978,0.5480914456536174,0.6846752217638677,0.3752646320997694
2019-01-13,WSL 2018-2019,Chelsea FC Women,1,10,49,95.1,13.2,89.5,100.0,Left,0,60.3,95.7,-0.34,1.7,10.05,incomplete,0.04692,0.01827,-0.02865,0,-0.02097,-0.02127,-0.0003,False,False,-0.2,-0.05978,0.8141748538260023,0.0028069255023435587,0.002285328160571045
2019-01-13,WSL 2018-2019,Chelsea FC Women,1,14,3,99.5,99.5,95.2,54.5,Center,0,30.9,-98.4,0.92,4.6,15.45,incomplete,0.02956,0.1051,0.07554,0,0.12566,0.02431,-0.10135,False,False,-0.2,-0.05978,0.5318730325009342,0.568337672631201,0.3022834814268801
2019-01-27,WSL 2018-2019,Reading WFC,1,5,38,7.3,83.9,5.8,79.0,Right,0,3.7,-115.3,0.22,1.1,,incomplete,0.00826,0.00826,0.0,1,-0.01839,-0.01904,-0.00064,False,False,-0.2,-0.05978,0.20895368800626965,0.007066123099069447,0.0014764924814568523
2019-01-27,WSL 2018-2019,Reading WFC,1,5,59,6.7,83.2,13.6,53.0,Center,0,21.8,-70.6,0.38,1.9,10.9,incomplete,0.00826,0.00931,0.00105,1,-0.00907,-0.00975,-0.00068,False,False,-0.2,-0.05978,0.415984139076078,0.5422125748850928,0.2255518311597988
2019-01-27,WSL 2018-2019,Reading WFC,1,26,13,10.4,89.3,3.8,46.7,Center,1,29.8,-103.5,0.26,1.3,9.93,cleared,0.00349,0.01657,0.01308,1,0.16131,0.16008,-0.00124,False,False,-0.1,-0.05978,0.49652320033254516,0.5125571979739723,0.25449654029151864
2019-01-27,WSL 2018-2019,Reading WFC,2,47,28,91.3,5.9,93.0,14.7,Right,0,6.2,73.4,-0.26,1.3,,incomplete,0.01827,0.04692,0.02865,1,-0.00133,-0.0016,-0.00026,False,False,-0.2,-0.05978,0.19787054742395974,0.002579059121044989,0.0005103198401199284
2019-01-27,WSL 2018-2019,Reading WFC,2,49,51,96.4,87.7,95.0,54.8,Center,0,22.4,-93.8,0.92,4.6,22.4,incomplete,0.02956,0.1051,0.07554,1,-0.05401,-0.0539,0.00012,False,False,-0.2,-0.05978,0.42719447415396483,0.5380051297543406,0.22983281849754114
2019-01-27,WSL 2018-2019,Reading WFC,2,58,12,73.6,5.2,94.7,49.0,Center,0,37.1,53.4,-0.18,0.9,37.1,incomplete,0.00757,0.1051,0.09753,1,0.03141,0.02273,-0.00869,False,False,-0.2,-0.05978,0.4926687596766848,0.5956685763476364,0.2934672986875666
2019-01-27,WSL 2018-2019,Reading WFC,2,60,25,99.5,99.5,92.6,47.8,Center,1,35.9,-101.6,0.9,4.5,8.97,shot,0.02956,0.1051,0.07554,1,0.27341,0.14404,-0.12936,False,False,0.35,-0.05978,0.6068511047297308,0.626824210886079,0.3803889648475588
2019-01-27,WSL 2018-2019,Reading WFC,2,78,6,99.5,99.5,91.0,49.7,Center,0,35.0,-104.8,0.9,4.5,11.67,incomplete,0.02956,0.05765,0.02809,1,0.11079,0.01957,-0.09122,False,False,-0.2,-0.05978,0.5911065441798002,0.6664384839765974,0.3939361491718317
2019-02-20,WSL 2018-2019,Yeovil Town WFC,1,4,35,99.5,99.5,97.4,56.3,Center,0,29.5,-94.3,0.92,4.6,9.83,incomplete,0.02956,0.1051,0.07554,0,-0.07742,-0.07749,-7e-05,False,False,-0.2,-0.05978,0.5160551827238398,0.5228877771510698,0.26983894738175773
2019-02-20,WSL 2018-2019,Yeovil Town WFC,1,4,43,75.7,93.3,83.0,71.5,Center,0,16.7,-62.7,1.0,5.2,5.57,incomplete,0.01102,0.02471,0.01369,0,-0.0134,-0.01349,-0.0001,False,False,-0.2,-0.05978,0.29129728492441265,0.22371292350712413,0.06516696722012807
2019-02-20,WSL 2018-2019,Yeovil Town WFC,1,19,23,99.5,99.5,98.0,57.8,Center,0,28.4,-93.2,0.94,4.7,9.47,incomplete,0.02956,0.1051,0.07554,0,-0.03755,-0.03746,9e-05,False,False,-0.2,-0.05978,0.49887696724263814,0.4876279356237456,0.2432663456667626
2019-02-20,WSL 2018-2019,Yeovil Town WFC,1,32,20,99.5,99.5,90.6,42.5,Center,0,39.9,-103.6,0.9,4.5,39.9,incomplete,0.02956,0.05765,0.02809,0,-0.10427,-0.10402,0.00024,False,False,-0.2,-0.05978,0.6406188798781254,0.5083736993020777,0.32567378980639594
2019-02-20,WSL 2018-2019,Yeovil Town WFC,1,38,50,86.2,17.1,89.9,31.8,Center,0,10.7,68.8,-0.24,1.2,10.7,incomplete,0.03045,0.04262,0.01217,0,0.00691,0.00387,-0.00304,False,False,-0.2,-0.05978,0.24876443884543784,0.16609685479820072,0.04131899087786657
2019-02-20,WSL 2018-2019,Yeovil Town WFC,1,41,44,97.3,24.8,97.0,28.7,Center,0,2.7,96.8,-0.34,1.7,,incomplete,0.04692,0.07512,0.0282,0,-0.0026,-0.00331,-0.00071,False,False,-0.2,-0.05978,0.19401909208860232,0.13054379629150598,0.02532798883427744
2019-02-20,WSL 2018-2019,Yeovil Town WFC,1,45,32,72.2,88.7,96.6,47.6,Center,0,37.9,-47.5,1.0,5.5,12.63,incomplete,0.00757,0.1051,0.09753,0,0.01764,0.01741,-0.00023,False,False,-0.2,-0.05978,0.5485004732818278,0.6668582493321742,0.3657720653705887
2019-02-20,WSL 2018-2019,Yeovil Town WFC,2,48,31,12.5,8.6,9.4,49.9,Center,0,28.3,96.6,-0.96,4.8,14.15,incomplete,0.00349,0.00931,0.00582,0,0.00418,0.00457,0.00039,False,False,-0.2,-0.05978,0.39262647674736706,0.7272485331835739,0.2855370293035573
2019-02-20,WSL 2018-2019,Yeovil Town WFC,2,56,34,0.5,99.5,5.2,44.3,Center,1,37.9,-82.5,0.34,1.7,18.95,cleared,0.00638,0.01657,0.01019,0,0.10326,0.10334,8e-05,False,False,-0.1,-0.05978,0.5764576785778825,0.48844739945730675,0.28156925399856275
2019-02-20,WSL 2018-2019,Yeovil Town WFC,2,65,10,17.4,88.0,16.5,80.8,Right,0,5.0,-100.9,0.28,1.4,,incomplete,0.00175,0.00506,0.00331,1,-0.01064,-0.01022,0.00042,False,False,-0.2,-0.05978,0.2007214548412289,0.006477657501193197,0.001300204837602698
2019-02-20,WSL 2018-2019,Yeovil Town WFC,2,76,14,0.5,0.5,3.1,45.4,Center,0,30.7,84.9,-0.92,4.6,15.35,incomplete,0.00638,0.01657,0.01019,3,-0.04359,-0.04352,6e-05,False,False,-0.2,-0.05978,0.46657864928633475,0.6194478335403459,0.2890211334766009
2019-02-20,WSL 2018-2019,Yeovil Town WFC,2,82,9,0.5,99.5,32.4,19.7,Left,1,63.8,-58.3,0.42,2.1,10.63,completed,0.00638,0.00309,-0.00329,3,-0.07384,-0.07312,0.00073,False,False,0.15,-0.05978,0.8747823831900846,0.007155593416513208,0.0062595870620367035
2019-03-14,WSL 2018-2019,Bristol City WFC,1,24,58,94.0,13.2,91.3,49.9,Center,1,25.1,96.5,-0.34,1.7,12.55,shot_ot,0.04692,0.05765,0.01073,1,0.14846,0.13458,-0.01387,False,False,0.6,-0.05978,0.42643369532149106,0.6152523000865712,0.2623643118809635
2019-03-14,WSL 2018-2019,Bristol City WFC,1,32,57,97.6,16.4,94.8,45.4,Center,0,19.9,98.5,-0.34,1.7,4.97,incomplete,0.04692,0.1051,0.05818,1,-0.01423,-0.01426,-3e-05,False,False,-0.2,-0.05978,0.3727212698639391,0.49248436276637314,0.18355939707841545
2019-03-14,WSL 2018-2019,Bristol City WFC,1,34,46,87.0,16.4,100.0,65.8,Center,0,36.6,67.9,-0.24,1.2,12.2,incomplete,0.03045,0.07512,0.04467,1,-0.00172,-0.0031,-0.00138,False,False,-0.2,-0.05978,0.5854379883990056,0.27887703429395255,0.16326520996773208
2019-03-14,WSL 2018-2019,Bristol City WFC,1,39,32,99.5,99.5,98.6,55.8,Center,0,29.7,-91.8,0.94,4.7,14.85,incomplete,0.02956,0.1051,0.07554,1,-0.04813,-0.04803,9e-05,False,False,-0.2,-0.05978,0.5344879317605871,0.5381231074876208,0.28762030675363853
2019-03-14,WSL 2018-2019,Bristol City WFC,1,41,9,89.7,15.6,89.6,17.1,Right,0,1.0,95.9,-0.34,1.7,,incomplete,0.03045,0.03045,0.0,1,0.02942,0.00464,-0.02478,False,False,-0.2,-0.05978,0.173532221825118,0.003325376274377023,0.0005770599332971779
2019-03-14,WSL 2018-2019,Bristol City WFC,1,43,12,81.2,91.8,91.7,56.4,Center,1,26.5,-65.4,1.0,5.1,13.25,cleared,0.01102,0.1051,0.09408,1,0.11643,0.11407,-0.00236,False,False,-0.1,-0.05978,0.4200295691901464,0.5368133087700601,0.22547746281822537
2019-03-14,WSL 2018-2019,Bristol City WFC,2,56,50,24.5,8.6,15.8,54.2,Center,1,32.3,106.4,-1.0,5.0,8.07,cleared,0.00175,0.00931,0.00756,1,0.07158,0.07091,-0.00068,False,False,-0.1,-0.05978,0.4485342610095287,0.6740954771531711,0.3023549166947632
2019-03-14,WSL 2018-2019,Bristol City WFC,2,65,20,0.5,99.5,,56.0,Center,0,29.6,,0.3,1.5,14.8,incomplete,0.00638,,,2,-0.06031,-0.06044,-0.00012,False,False,-0.2,-0.05978,0.5109187888425244,0.45805608653739815,0.234029460955634
2019-03-14,WSL 2018-2019,Bristol City WFC,2,77,45,10.4,81.2,4.7,53.3,Center,1,19.9,-107.5,0.26,1.3,9.95,goal,0.00506,0.01657,0.01151,3,0.12676,0.12675,-1e-05,True,False,1.0,-0.05978,0.41144665246859863,0.5037909426641027,0.20728309690314478
2019-03-14,WSL 2018-2019,Bristol City WFC,2,87,59,0.3,99.3,11.7,49.0,Center,1,36.2,-70.7,0.38,1.9,12.07,shot_ot,0.00638,0.00931,0.00293,4,-0.06292,-0.06269,0.00023,False,False,0.6,-0.05978,0.6181738823756554,0.617087551420855,0.38146740742751684
2019-03-24,WSL 2018-2019,Liverpool FCW,2,46,16,90.2,8.9,92.4,36.3,Center,0,18.8,82.9,-0.28,1.4,6.27,incomplete,0.01827,0.07512,0.05685,2,0.01074,0.00797,-0.00277,False,False,-0.2,-0.05978,0.3519586749979322,0.2679146316269967,0.09429487875999686
2019-03-31,WSL 2018-2019,Birmingham City WFC,1,35,53,18.9,85.0,6.1,21.8,Center,1,45.0,-107.4,0.26,1.3,9.0,cleared,0.00333,0.00826,0.00493,0,0.0434,0.04062,-0.00278,False,False,-0.1,-0.05978,0.6587259700112247,0.07852408574818778,0.05172585455371958
2019-03-31,WSL 2018-2019,Birmingham City WFC,1,36,33,0.5,0.5,4.7,46.7,Center,0,31.7,82.0,-0.92,4.6,31.7,incomplete,0.00638,0.01657,0.01019,0,-0.07958,-0.07945,0.00013,False,False,-0.2,-0.05978,0.41953575948586885,0.6540457855686509,0.2743955953870757
2019-03-31,WSL 2018-2019,Birmingham City WFC,1,38,33,0.5,0.5,10.2,58.5,Center,0,40.7,75.5,-0.9,4.5,13.57,incomplete,0.00638,0.00931,0.00293,0,-0.16389,-0.16361,0.00028,False,False,-0.2,-0.05978,0.537501060205446,0.5945686547279406,0.3195812822811938
2019-03-31,WSL 2018-2019,Birmingham City WFC,2,50,58,85.2,23.0,90.2,55.5,Center,0,22.7,76.6,-0.26,1.3,11.35,incomplete,0.03045,0.05765,0.0272,0,-0.00167,-0.00302,-0.00134,False,False,-0.2,-0.05978,0.3995558840358424,0.4720118453218247,0.188595110132951
2019-03-31,WSL 2018-2019,Birmingham City WFC,2,67,5,96.3,3.2,96.2,47.5,Center,0,30.1,90.2,-0.32,1.6,15.05,incomplete,0.02956,0.1051,0.07554,0,0.00426,0.00434,8e-05,False,False,-0.2,-0.05978,0.429604507353773,0.5686930860074494,0.24431311304972714
2019-03-31,WSL 2018-2019,Birmingham City WFC,2,80,25,99.5,99.5,94.0,60.3,Center,1,27.3,-102.2,0.9,4.5,9.1,cleared,0.02956,0.1051,0.07554,1,0.21835,0.12098,-0.09737,False,False,-0.1,-0.05978,0.49047465736424567,0.42271810114808045,0.2073325158222693
2019-03-31,WSL 2018-2019,Birmingham City WFC,2,81,7,76.4,76.9,94.7,43.6,Center,1,29.7,-49.7,1.0,5.4,14.85,shot_ot,0.01842,0.1051,0.08668,1,0.13554,0.13371,-0.00183,False,False,0.6,-0.05978,0.4575367601340242,0.5475831800734713,0.25053943411470203
2019-03-31,WSL 2018-2019,Birmingham City WFC,2,82,0,99.5,0.5,96.6,19.5,Right,0,13.3,103.3,-0.36,1.8,6.65,incomplete,0.02956,0.04692,0.01736,1,0.02056,0.00657,-0.01399,False,False,-0.2,-0.05978,0.2479813905310812,0.005210416176385439,0.0012920862486657005
2019-04-21,WSL 2018-2019,Everton FC,1,3,57,99.5,99.5,94.7,52.1,Center,1,32.6,-98.9,0.92,4.6,16.3,cleared,0.02956,0.1051,0.07554,0,0.13203,0.13213,0.0001,True,False,-0.1,-0.05978,0.5567927813273543,0.6264182588467642,0.3487851646175284
2019-04-21,WSL 2018-2019,Everton FC,1,11,13,93.0,19.4,93.1,22.2,Center,0,1.9,86.8,-0.3,1.5,0.47,incomplete,0.04692,0.04692,0.0,1,-0.00753,-0.00816,-0.00063,False,False,-0.2,-0.05978,0.19498560418629293,0.06534955289479523,0.012742222054495756
2019-04-21,WSL 2018-2019,Everton FC,1,30,13,92.6,75.9,97.8,,Right,0,52.6,-84.0,0.96,4.8,10.52,incomplete,0.04692,0.02956,-0.01736,2,0.00287,0.00227,-0.0006,False,False,-0.2,-0.05978,0.8007072914539628,0.15810488220512006,0.12659573199610952
2019-04-21,WSL 2018-2019,Everton FC,1,44,24,99.6,0.5,97.2,49.1,Center,0,33.1,94.4,-0.32,1.6,16.55,incomplete,0.02956,0.1051,0.07554,2,-0.03457,-0.0346,-2e-05,False,False,-0.2,-0.05978,0.5182494745068835,0.6157646027496235,0.3191196817949323
2019-04-21,WSL 2018-2019,Everton FC,2,47,3,17.4,88.1,,22.2,Center,0,48.8,,0.24,1.2,16.27,incomplete,0.00175,,,2,-0.00746,-0.00941,-0.00195,False,False,-0.2,-0.05978,0.7356911686061903,0.0899962123056898,0.06620941860130374
2019-04-21,WSL 2018-2019,Everton FC,2,48,41,0.5,0.5,1.1,53.6,Center,1,36.1,89.0,-0.94,4.7,18.05,shot,0.00638,0.01657,0.01019,2,0.13249,0.13252,3e-05,False,False,0.35,-0.05978,0.5198830980487573,0.6828376850816045,0.35499577118466624
2019-04-28,WSL 2018-2019,Brighton & Hove Albion WFC,1,7,59,9.3,5.6,8.3,11.3,Left,0,4.0,105.2,-1.0,5.0,,incomplete,0.00349,0.00638,0.00289,1,0.00564,-0.00137,-0.00701,False,False,-0.2,-0.05978,0.16470211361433687,0.0023094286991797576,0.00038036778799651466
2019-04-28,WSL 2018-2019,Brighton & Hove Albion WFC,1,13,38,0.4,99.5,13.2,46.0,Center,1,38.8,-69.7,0.38,1.9,12.93,shot_ot,0.00638,0.00931,0.00293,1,0.0639,0.06412,0.00022,False,False,0.6,-0.05978,0.6231327208977941,0.5463277816379126,0.34043471707408846
2019-04-28,WSL 2018-2019,Brighton & Hove Albion WFC,1,18,16,17.9,86.8,9.1,55.1,Center,0,23.5,-113.2,0.24,1.2,11.75,incomplete,0.00333,0.00931,0.00598,1,0.01252,0.01215,-0.00038,False,False,-0.2,-0.05978,0.40910118675295953,0.4732764856172874,0.19361797192830227
2019-04-28,WSL 2018-2019,Brighton & Hove Albion WFC,1,37,31,0.5,99.5,7.1,38.5,Center,1,42.1,-80.5,0.34,1.7,10.53,shot_ot,0.00638,0.01657,0.01019,2,-0.01782,-0.0179,-8e-05,False,False,0.6,-0.05978,0.6764499954257239,0.34976153199727633,0.23659618671965177
2019-04-28,WSL 2018-2019,Brighton & Hove Albion WFC,1,38,0,0.5,99.5,11.8,53.7,Center,1,33.3,-69.1,0.38,1.9,11.1,shot,0.00638,0.00931,0.00293,2,-0.06681,-0.06664,0.00017,False,False,0.35,-0.05978,0.5701929139305664,0.5616991263114454,0.3202768615837763
2019-04-28,WSL 2018-2019,Brighton & Hove Albion WFC,1,38,41,0.5,0.5,6.4,52.2,Center,0,35.7,80.0,-0.9,4.5,11.9,incomplete,0.00638,0.01657,0.01019,2,-0.05803,-0.05784,0.00019,False,False,-0.2,-0.05978,0.5191974407260368,0.6997369149064283,0.3633016154009502
2019-04-28,WSL 2018-2019,Brighton & Hove Albion WFC,1,46,27,0.5,99.5,11.0,37.3,Center,1,43.7,-75.4,0.36,1.8,14.57,cleared,0.00638,0.00735,0.00097,2,0.05842,0.05851,9e-05,False,False,-0.1,-0.05978,0.6935430349028796,0.3290533551024439,0.22821266254272388
2019-04-28,WSL 2018-2019,Brighton & Hove Albion WFC,2,63,52,99.5,0.5,88.3,56.7,Center,1,40.0,107.1,-0.38,1.9,20.0,cleared,0.02956,0.05765,0.02809,2,0.08051,0.08036,-0.00015,False,False,-0.1,-0.05978,0.5995216341716203,0.5218431661019065,0.3128562677227073
2019-04-28,WSL 2018-2019,Brighton & Hove Albion WFC,2,64,25,86.2,10.7,90.7,43.0,Center,0,22.5,77.9,-0.28,1.4,7.5,incomplete,0.01827,0.05765,0.03938,2,-0.00252,-0.00336,-0.00084,False,False,-0.2,-0.05978,0.3971012335229193,0.42529752866840514,0.16888617324847283
2019-04-28,WSL 2018-2019,Brighton & Hove Albion WFC,2,73,38,99.5,99.5,94.5,35.8,Center,1,43.6,-96.9,0.92,4.6,14.53,shot_ot,0.02956,0.07512,0.04556,3,0.11691,0.10294,-0.01397,False,False,0.6,-0.05978,0.734795479539954,0.363989638710878,0.26745794112413424
2019-04-28,WSL 2018-2019,Brighton & Hove Albion WFC,2,74,11,99.5,0.5,89.9,58.4,Center,0,40.6,104.4,-0.36,1.8,10.15,incomplete,0.02956,0.05765,0.02809,3,-0.12521,-0.12495,0.00026,False,False,-0.2,-0.05978,0.6277429301954933,0.48084271191634564,0.30184561294151424
2019-04-28,WSL 2018-2019,Brighton & Hove Albion WFC,2,79,15,99.5,0.5,92.5,53.4,Center,0,36.7,101.5,-0.36,1.8,18.35,incomplete,0.02956,0.1051,0.07554,4,0.03471,0.02092,-0.0138,False,False,-0.2,-0.05978,0.5775043965019343,0.5796408710623409,0.33474515143071265
2019-04-28,WSL 2018-2019,Brighton & Hove Albion WFC,2,81,8,99.5,99.5,96.7,56.1,Center,0,29.7,-95.7,0.92,4.6,14.85,incomplete,0.02956,0.1051,0.07554,4,-0.06006,-0.05995,0.00011,False,False,-0.2,-0.05978,0.5696834135022533,0.5281026738599092,0.30085133392418023
2019-04-28,WSL 2018-2019,Brighton & Hove Albion WFC,2,86,24,88.0,25.9,88.5,31.0,Center,0,3.5,81.4,-0.28,1.4,3.5,incomplete,0.04262,0.04262,0.0,4,-0.01546,-0.01642,-0.00096,False,False,-0.2,-0.05978,0.2434182447205434,0.14754686532092215,0.035915598970437286
2019-04-28,WSL 2018-2019,Brighton & Hove Albion WFC,2,86,57,99.5,0.5,81.6,44.9,Center,1,35.6,121.9,-0.42,2.1,11.87,shot_ot,0.02956,0.03121,0.00165,4,0.0013,0.00161,0.00031,False,False,0.6,-0.05978,0.5585899839543299,0.5698094434832303,0.31828984789232323
2019-04-28,WSL 2018-2019,Brighton & Hove Albion WFC,2,88,9,87.1,19.1,88.4,50.7,Center,1,21.5,86.4,-0.3,1.5,10.75,shot_ot,0.03045,0.05765,0.0272,4,0.04276,0.04287,0.00012,False,False,0.6,-0.05978,0.42825433787432543,0.5844628962900971,0.2502987706628261
2019-05-11,WSL 2018-2019,Manchester City WFC,1,7,6,99.5,99.5,96.1,54.2,Center,0,31.0,-96.6,0.92,4.6,31.0,incomplete,0.02956,0.1051,0.07554,0,-0.01273,-0.01253,0.00019,False,False,-0.2,-0.05978,0.5349482342865541,0.5754954014865237,0.3078602488652474
2019-05-11,WSL 2018-2019,Manchester City WFC,1,11,27,99.5,0.5,89.7,51.0,Center,1,35.8,106.7,-0.38,1.9,11.93,shot_ot,0.02956,0.05765,0.02809,0,0.18956,0.11855,-0.07102,False,False,0.6,-0.05978,0.5115586143280737,0.6336817967152235,0.3241653818525638
2019-05-11,WSL 2018-2019,Manchester City WFC,1,12,29,90.6,26.8,90.7,30.1,Center,0,2.2,87.3,-0.3,1.5,0.73,incomplete,0.04262,0.04262,0.0,0,-0.00795,-0.00838,-0.00043,False,False,-0.2,-0.05978,0.19730079448164664,0.1379510533753362,0.027217852430533873
2019-05-11,WSL 2018-2019,Manchester City WFC,1,19,59,95.3,6.1,90.4,40.9,Center,0,24.2,102.3,-0.36,1.8,8.07,incomplete,0.02956,0.05765,0.02809,0,-0.01251,-0.01225,0.00026,False,False,-0.2,-0.05978,0.3724837078961833,0.3959800154444056,0.1474961044055201
2019-05-11,WSL 2018-2019,Manchester City WFC,1,40,55,99.5,99.5,94.9,56.1,Center,0,29.9,-99.3,0.92,4.6,7.47,incomplete,0.02956,0.1051,0.07554,0,0.083,0.02257,-0.06043,False,False,-0.2,-0.05978,0.5121829293661364,0.5288154742751467,0.2708502587083874
2019-05-11,WSL 2018-2019,Manchester City WFC,1,45,49,91.8,84.7,95.0,50.7,Center,1,23.4,-81.7,0.98,4.9,23.4,shot,0.04692,0.1051,0.05818,0,0.17804,0.17465,-0.00339,False,False,0.35,-0.05978,0.4159636748795159,0.6432296222324272,0.2675601574551632
2019-05-11,WSL 2018-2019,Manchester City WFC,2,56,4,0.5,0.5,7.9,56.1,Center,0,38.6,78.4,-0.9,4.5,,incomplete,0.00638,0.01657,0.01019,0,0.07329,0.01893,-0.05437,False,False,-0.2,-0.05978,0.5054186894571434,0.6360412484329654,0.32146713422367473
2019-05-11,WSL 2018-2019,Manchester City WFC,2,69,44,0.5,99.5,10.1,40.9,Center,0,41.1,-75.8,0.36,1.8,10.28,incomplete,0.00638,0.00931,0.00293,0,0.07317,0.01492,-0.05824,False,False,-0.2,-0.05978,0.6147914804277973,0.4120392401212903,0.2533182144285127
2019-05-11,WSL 2018-2019,Manchester City WFC,2,79,17,24.7,96.3,,32.2,Center,0,51.5,,0.2,1.0,25.75,incomplete,0.00175,,,0,0.00936,0.00499,-0.00437,False,False,-0.2,-0.05978,0.7039426474108866,0.22233522498746724,0.1565112468903728
2019-05-11,WSL 2018-2019,Manchester City WFC,2,87,44,0.5,0.5,8.3,52.5,Center,0,36.3,77.0,-0.9,4.5,7.26,incomplete,0.00638,0.01657,0.01019,0,0.08937,0.02004,-0.06933,False,False,-0.2,-0.05978,0.46738815626757296,0.6954716625069569,0.32505521807547033
2019-09-08,WSL 2019-2020,West Ham United WFC,1,8,39,99.5,0.5,96.3,51.8,Center,0,35.0,95.5,-0.34,1.7,5.0,incomplete,0.02956,0.1051,0.07554,0,-0.01687,-0.01669,0.00018,False,False,-0.2,-0.12635,0.5038437963044796,0.605173584320077,0.3049129561470167
2019-09-08,WSL 2019-2020,West Ham United WFC,2,54,17,0.5,0.5,8.0,56.1,Center,0,38.6,78.2,-0.9,4.5,9.65,incomplete,0.00638,0.01657,0.01019,2,-0.1221,-0.12187,0.00022,False,False,-0.2,-0.12635,0.5530458804559736,0.635998228816432,0.3517362004242234
2019-09-08,WSL 2019-2020,West Ham United WFC,2,60,35,17.9,96.6,4.3,30.4,Center,1,47.2,-107.6,0.26,1.3,,cleared,0.00175,0.01223,0.01048,1,0.0685,0.06841,-0.0001,False,False,-0.1,-0.12635,0.689512882022639,0.1811071114165898,0.12487568634764803
2019-09-08,WSL 2019-2020,West Ham United WFC,2,61,50,0.5,99.5,9.8,61.1,Center,0,27.9,-69.5,0.38,1.9,6.97,incomplete,0.00638,0.00931,0.00293,1,-0.13629,-0.13603,0.00026,False,False,-0.2,-0.12635,0.47026185172919105,0.3953773376149577,0.18593087891856755
2019-09-08,WSL 2019-2020,West Ham United WFC,2,83,48,0.5,99.5,3.9,42.8,Center,0,38.7,-84.7,0.34,1.7,12.9,incomplete,0.00638,0.01657,0.01019,1,-0.09161,-0.09152,9e-05,False,False,-0.2,-0.12635,0.6028936254536911,0.44984692620002376,0.2712098442359313
2019-09-16,WSL 2019-2020,Manchester United WFC,1,37,21,0.5,99.5,8.5,51.3,Center,0,33.8,-75.6,0.36,1.8,16.9,incomplete,0.00638,0.00931,0.00293,0,0.03393,0.02017,-0.01376,False,False,-0.2,-0.12635,0.5290576100707756,0.6065458138452955,0.32089767867142555
2019-09-16,WSL 2019-2020,Manchester United WFC,1,37,47,0.5,99.5,1.0,6.2,Left,0,63.4,-89.5,0.32,1.6,9.06,incomplete,0.00638,0.00638,0.0,0,-0.11117,-0.11123,-7e-05,False,False,-0.2,-0.12635,0.840668393834476,0.0014826380877950034,0.0012464069799044443
2019-09-16,WSL 2019-2020,Manchester United WFC,2,46,43,99.5,0.5,90.7,48.8,Center,0,34.1,105.7,-0.36,1.8,11.37,incomplete,0.02956,0.05765,0.02809,0,-0.02575,-0.02542,0.00033,False,False,-0.2,-0.12635,0.48137587167756146,0.6193009461766797,0.29811653279653777
2019-09-16,WSL 2019-2020,Manchester United WFC,2,59,7,99.5,99.5,95.8,49.3,Center,1,34.4,-96.5,0.92,4.6,34.4,cleared,0.02956,0.1051,0.07554,0,0.2985,0.17874,-0.11976,False,False,-0.1,-0.12635,0.5660939660298465,0.6605719710717902,0.37394580695218277
2019-09-16,WSL 2019-2020,Manchester United WFC,2,69,24,99.5,0.5,82.6,100.0,Left,0,71.3,104.7,-0.36,1.8,14.26,incomplete,0.02956,0.01102,-0.01854,0,0.01534,0.00147,-0.01387,False,False,-0.2,-0.12635,0.8649372782338572,0.003323703809559931,0.0028747953266962693
2019-09-16,WSL 2019-2020,Manchester United WFC,2,76,5,99.5,99.5,92.5,44.6,Center,0,38.0,-101.1,0.9,4.5,7.6,incomplete,0.02956,0.1051,0.07554,0,-0.15992,-0.15976,0.00017,False,False,-0.2,-0.12635,0.6067267805394995,0.5566415317198752,0.33772932445497555
2019-09-16,WSL 2019-2020,Manchester United WFC,2,80,58,99.5,99.5,90.6,39.5,Center,0,41.9,-102.9,0.9,4.5,13.97,incomplete,0.02956,0.05765,0.02809,0,-0.00696,-0.00664,0.00032,False,False,-0.2,-0.12635,0.6534984561446815,0.43942398530782223,0.28716289599160505
2019-09-16,WSL 2019-2020,Manchester United WFC,2,87,4,77.0,90.9,89.0,50.9,Center,0,30.0,-65.1,1.0,5.1,10.0,incomplete,0.01102,0.05765,0.04663,0,0.01168,0.01002,-0.00166,False,False,-0.2,-0.12635,0.4317960785634185,0.6660804132959943,0.2876109104691114
2019-09-29,WSL 2019-2020,Brighton & Hove Albion WFC,2,69,23,6.4,81.2,6.3,20.9,Left,1,41.0,-90.1,0.32,1.6,10.25,cleared,0.00826,0.00826,0.0,3,0.02765,0.02662,-0.00103,False,False,-0.1,-0.12635,0.6884124740431444,0.005583204540033919,0.0038435476504936664
2019-09-29,WSL 2019-2020,Brighton & Hove Albion WFC,2,91,29,0.5,0.5,12.2,42.7,Center,0,31.2,66.8,-0.86,4.3,10.4,incomplete,0.00638,0.00931,0.00293,4,0.10267,0.01334,-0.08933,False,False,-0.2,-0.12635,0.4723690687305769,0.5379929138756581,0.25413121171109404
2019-10-13,WSL 2019-2020,Chelsea FC Women,1,34,43,19.8,89.4,1.8,,Left,0,63.7,-107.3,0.26,1.3,31.85,incomplete,0.00175,0.00638,0.00463,1,-0.01173,-0.01259,-0.00085,False,False,-0.2,-0.12635,0.8470745149414715,0.13573032648711356,0.11497370047191927
2019-10-13,WSL 2019-2020,Chelsea FC Women,2,87,17,82.9,10.9,100.0,51.8,Center,0,33.2,57.2,-0.2,1.0,33.2,incomplete,0.01102,0.1051,0.09408,-1,-0.00955,-0.00991,-0.00037,False,False,-0.2,-0.12635,0.40527151936961897,0.5707569184491983,0.2313115235306283
2019-10-13,WSL 2019-2020,Chelsea FC Women,2,89,55,88.4,20.6,100.0,80.5,Left,0,42.9,73.4,-0.26,1.3,10.72,incomplete,0.03045,0.04692,0.01647,-1,0.00272,0.00193,-0.00078,False,False,-0.2,-0.12635,0.6189456069028815,0.010118897514600786,0.006263047163362642
2019-10-27,WSL 2019-2020,Manchester City WFC,1,39,35,84.2,86.2,91.7,55.7,Center,0,22.2,-69.2,1.0,5.1,5.55,incomplete,0.03045,0.1051,0.07465,0,-0.00194,-0.00187,7e-05,False,False,-0.2,-0.12635,0.3454839137862335,0.5391202552358201,0.18625737578030427
2019-10-27,WSL 2019-2020,Manchester City WFC,2,78,46,0.5,0.5,4.8,46.6,Center,0,31.7,81.8,-0.92,4.6,15.85,incomplete,0.00638,0.01657,0.01019,1,-0.02259,-0.02245,0.00015,False,False,-0.2,-0.12635,0.4322574834869402,0.6515615843094411,0.28164237077036286
2019-11-17,WSL 2019-2020,Tottenham Hotspur FCW,1,5,6,7.4,4.1,7.1,6.5,Left,0,1.7,100.9,-0.98,4.9,,incomplete,0.00638,0.00638,0.0,0,0.00334,0.00061,-0.00273,False,False,-0.2,-0.12635,0.13577716319098915,0.0013164275038333852,0.00017874079201709203
2019-11-17,WSL 2019-2020,Tottenham Hotspur FCW,1,17,38,19.2,20.0,3.6,47.5,Center,0,24.9,131.2,-1.0,5.4,12.45,incomplete,0.00333,0.01657,0.01324,0,-0.00666,-0.00689,-0.00022,False,False,-0.2,-0.12635,0.39764621072505996,0.6865117222774794,0.2729887849819744
2019-11-17,WSL 2019-2020,Tottenham Hotspur FCW,1,44,15,0.5,99.5,10.3,55.1,Center,0,31.9,-71.2,0.38,1.9,10.63,incomplete,0.00638,0.00931,0.00293,0,-0.07978,-0.07945,0.00033,False,False,-0.2,-0.12635,0.5034259424867281,0.5285100529229012,0.2660656715064221
2019-11-17,WSL 2019-2020,Tottenham Hotspur FCW,1,45,53,13.3,91.2,10.4,59.4,Center,0,21.8,-98.0,0.28,1.4,10.9,incomplete,0.00349,0.00931,0.00582,0,-0.00727,-0.00703,0.00024,False,False,-0.2,-0.12635,0.3619342847621641,0.39115095988087184,0.1415709428985173
2019-11-17,WSL 2019-2020,Tottenham Hotspur FCW,2,59,39,99.5,0.5,91.4,57.3,Center,1,39.5,102.4,-0.36,1.8,19.75,cleared,0.02956,0.05765,0.02809,0,0.09374,0.09395,0.0002,False,False,-0.1,-0.12635,0.5488535373391052,0.5006904852509414,0.2748057439420123
2019-11-24,WSL 2019-2020,Liverpool FCW,1,9,56,88.6,23.7,100.0,69.7,Center,0,34.0,69.1,-0.24,1.2,17.0,incomplete,0.03045,0.07512,0.04467,0,-0.01518,-0.01617,-0.00099,False,False,-0.2,-0.12635,0.5597066230513339,0.2089051360790979,0.11692558825291126
2019-11-24,WSL 2019-2020,Liverpool FCW,1,14,46,86.8,12.0,92.2,53.4,Center,0,28.7,78.6,-0.28,1.4,14.35,incomplete,0.01827,0.1051,0.08683,0,6e-05,0.00016,9e-05,False,False,-0.2,-0.12635,0.447144004245305,0.5396417116603989,0.24129755580962103
2019-11-24,WSL 2019-2020,Liverpool FCW,1,33,32,67.0,23.3,87.0,51.0,Center,0,28.2,41.9,-0.14,0.7,14.1,incomplete,0.01099,0.05765,0.04666,1,-0.00463,-0.00501,-0.00038,False,False,-0.2,-0.12635,0.4596937434751881,0.563933965686091,0.25923691575904745
2019-11-24,WSL 2019-2020,Liverpool FCW,1,41,28,98.1,6.2,97.5,44.9,Center,0,26.3,91.4,-0.32,1.6,13.15,incomplete,0.02956,0.1051,0.07554,1,0.02374,0.01846,-0.00528,False,False,-0.2,-0.12635,0.42208384710329083,0.4952870033546995,0.20905264379621208
2019-11-24,WSL 2019-2020,Liverpool FCW,1,44,44,73.6,17.1,100.0,75.9,Center,0,48.9,55.3,-0.2,1.0,24.45,incomplete,0.01099,0.04692,0.03593,1,0.0503,0.00791,-0.04239,False,False,-0.2,-0.12635,0.6855778885709748,0.15505389908979966,0.10630152475268184
2019-11-24,WSL 2019-2020,Liverpool FCW,2,47,1,19.4,18.5,4.2,61.1,Center,0,33.1,118.9,-1.0,5.2,11.03,incomplete,0.00333,0.01657,0.01324,1,0.00134,-0.0001,-0.00144,False,False,-0.2,-0.12635,0.5126548655796335,0.5506144897773836,0.282275197243023
2019-11-24,WSL 2019-2020,Liverpool FCW,2,66,35,0.5,99.5,7.3,45.7,Center,1,37.3,-79.0,0.36,1.8,9.32,cleared,0.00638,0.01657,0.01019,1,0.08447,0.0846,0.00013,False,False,-0.1,-0.12635,0.5903711791245136,0.5283251197961539,0.3119079239351553
2019-11-24,WSL 2019-2020,Liverpool FCW,2,72,17,0.5,0.5,5.0,52.7,Center,0,35.8,82.4,-0.92,4.6,8.95,incomplete,0.00638,0.01657,0.01019,1,-0.0495,-0.04946,4e-05,False,False,-0.2,-0.12635,0.4872244146829137,0.6941982772292451,0.33823034929690604
2019-12-01,WSL 2019-2020,Bristol City WFC,1,1,38,99.5,99.5,92.1,44.6,Center,0,38.1,-101.8,0.9,4.5,12.7,incomplete,0.02956,0.1051,0.07554,0,-0.12696,-0.12679,0.00018,False,False,-0.2,-0.12635,0.6259575758658612,0.5565501117857942,0.3483767588213098
2019-12-01,WSL 2019-2020,Bristol City WFC,1,2,14,99.5,0.5,88.9,49.0,Center,0,34.8,108.6,-0.38,1.9,8.7,incomplete,0.02956,0.05765,0.02809,0,-0.04571,-0.04543,0.00027,False,False,-0.2,-0.12635,0.5007062401367866,0.629107914605102,0.3149982585622152
2019-12-01,WSL 2019-2020,Bristol City WFC,1,9,25,99.5,99.5,96.7,55.7,Center,0,29.9,-95.6,0.92,4.6,5.98,incomplete,0.02956,0.1051,0.07554,1,-0.03952,-0.03941,0.00011,False,False,-0.2,-0.12635,0.5435964877993269,0.5379582622430081,0.29243222193792845
2019-12-01,WSL 2019-2020,Bristol City WFC,1,16,13,95.2,76.6,93.4,57.8,Center,0,12.9,-98.4,0.92,4.6,6.45,incomplete,0.04692,0.1051,0.05818,3,0.02349,0.01637,-0.00713,False,False,-0.2,-0.12635,0.35719686883184915,0.441456572770494,0.1576869055188598
2019-12-01,WSL 2019-2020,Bristol City WFC,1,18,14,99.5,0.5,90.2,53.3,Center,1,37.2,105.2,-0.36,1.8,12.4,cleared,0.02956,0.05765,0.02809,3,0.03228,0.03241,0.00013,False,False,-0.1,-0.12635,0.5988541721793512,0.5849555389946027,0.350303065066339
2019-12-01,WSL 2019-2020,Bristol City WFC,1,24,11,76.4,86.3,95.7,42.1,Center,1,36.2,-56.0,1.0,5.3,12.07,shot_ot,0.01842,0.1051,0.08668,3,0.13209,0.1305,-0.00159,False,False,0.6,-0.12635,0.5997103478772006,0.5262071121670052,0.3155718502931318
2019-12-01,WSL 2019-2020,Bristol City WFC,1,24,44,99.5,0.5,89.7,56.4,Center,1,39.4,105.1,-0.36,1.8,19.7,cleared,0.02956,0.05765,0.02809,3,-0.06405,-0.06391,0.00014,False,False,-0.1,-0.12635,0.6248560945053384,0.5225396806413477,0.32651210406961934
2019-12-01,WSL 2019-2020,Bristol City WFC,1,27,7,99.5,0.5,96.1,56.1,Center,0,38.0,95.4,-0.34,1.7,9.5,incomplete,0.02956,0.1051,0.07554,3,-0.10616,-0.10617,-1e-05,False,False,-0.2,-0.12635,0.6077025326525582,0.5159104669020497,0.3135200973583394
2019-12-01,WSL 2019-2020,Bristol City WFC,1,31,54,97.3,27.4,97.3,51.8,Center,1,16.6,90.0,-0.32,1.6,16.6,goal,0.07512,0.1051,0.02998,3,0.17631,0.1745,-0.00181,True,False,1.0,-0.12635,0.4102950386567119,0.548111335507749,0.22488736159033387
2019-12-01,WSL 2019-2020,Bristol City WFC,1,40,10,99.5,0.5,90.0,43.0,Center,1,30.6,109.0,-0.38,1.9,30.6,shot,0.02956,0.05765,0.02809,5,0.03577,0.03588,0.0001,False,False,0.35,-0.12635,0.5068733289034252,0.4701884363723012,0.2383259779559246
2019-12-01,WSL 2019-2020,Bristol City WFC,2,66,27,22.4,16.7,9.0,50.7,Center,1,27.1,121.3,-1.0,5.3,13.55,cleared,0.00333,0.00931,0.00598,10,0.17778,0.13067,-0.04711,False,False,-0.1,-0.12635,0.4642693536888268,0.7314234468080687,0.33957749092243605
2019-12-01,WSL 2019-2020,Bristol City WFC,2,72,18,2.7,24.9,3.0,33.1,Center,0,5.6,86.8,-0.94,4.7,5.6,incomplete,0.00826,0.01223,0.00397,10,-0.00943,-0.00974,-0.00031,False,False,-0.2,-0.12635,0.26708731627432414,0.24552416942527633,0.06557639149227952
2019-12-01,WSL 2019-2020,Bristol City WFC,2,81,2,30.1,91.1,12.3,47.2,Center,0,35.2,-122.1,0.2,1.0,17.6,incomplete,0.00172,0.00931,0.00759,11,-0.00412,-0.00453,-0.00041,False,False,-0.2,-0.12635,0.5710455989565617,0.5292105559863719,0.30220335891737277
2019-12-01,WSL 2019-2020,Bristol City WFC,2,85,48,0.5,99.5,2.8,53.6,Center,0,31.3,-85.6,0.32,1.6,10.43,incomplete,0.00638,0.01657,0.01019,10,-0.00296,-0.00281,0.00016,False,False,-0.2,-0.12635,0.5527156519628822,0.5449978794414787,0.3012288582538852
2019-12-08,WSL 2019-2020,Reading WFC,1,8,34,0.5,99.5,21.5,,Left,0,72.2,-71.9,0.38,1.9,18.05,incomplete,0.00638,0.00175,-0.00463,0,-0.07341,-0.07317,0.00024,False,False,-0.2,-0.12635,0.8973300579788549,0.16206536117555956,0.1454261199400289
2019-12-08,WSL 2019-2020,Reading WFC,1,46,11,7.2,21.2,6.0,100.0,Right,0,55.0,91.3,-0.94,4.7,13.75,incomplete,0.00826,0.00638,-0.00188,2,0.00188,-0.00098,-0.00286,False,False,-0.2,-0.12635,0.8058899897808854,0.004288458611063825,0.0034560258662459757
2019-12-08,WSL 2019-2020,Reading WFC,2,84,9,99.7,0.7,96.8,17.7,Right,0,12.0,104.8,-0.36,1.8,3.0,incomplete,0.02956,0.04692,0.01736,2,-0.09061,-0.09084,-0.00023,False,False,-0.2,-0.12635,0.25326762637081984,0.004225076686419274,0.0010700751436040982
2019-12-08,WSL 2019-2020,Reading WFC,2,84,51,80.9,6.7,96.8,53.0,Center,0,35.6,62.1,-0.22,1.1,17.8,incomplete,0.01102,0.1051,0.09408,2,0.00629,0.00503,-0.00127,False,False,-0.2,-0.12635,0.4918258607516516,0.5547702034540255,0.27285033283314497
2019-12-15,WSL 2019-2020,Everton FC,1,6,13,14.3,87.8,5.9,58.5,Center,0,21.8,-113.9,0.24,1.2,10.9,incomplete,0.00349,0.01657,0.01308,0,0.00262,0.00285,0.00023,False,False,-0.2,-0.12635,0.3714895841174165,0.3995154763724131,0.14841583816605927
2019-12-15,WSL 2019-2020,Everton FC,1,15,28,20.9,73.0,6.5,45.8,Center,1,23.9,-129.3,0.18,0.9,11.95,shot_ot,0.00455,0.01657,0.01202,1,0.25171,0.1467,-0.10501,False,False,0.6,-0.12635,0.42439914654718164,0.45335658707211235,0.1924041486349475
2020-01-12,WSL 2019-2020,Brighton & Hove Albion WFC,2,79,22,99.5,0.5,95.0,18.2,Right,0,12.9,111.4,-0.38,1.9,6.45,incomplete,0.02956,0.04692,0.01736,3,0.01992,0.00595,-0.01397,False,False,-0.2,-0.12635,0.2804629261900989,0.0045690364072606135,0.001281445320649408
2020-01-19,WSL 2019-2020,Chelsea FC Women,2,75,51,20.9,92.6,14.6,80.9,Right,0,10.3,-129.7,0.18,0.9,10.3,incomplete,0.00175,0.00506,0.00331,-3,-0.00175,-0.00321,-0.00146,False,False,-0.2,-0.12635,0.17503473102490807,0.006279389917208095,0.0010991113251590386
2020-01-19,WSL 2019-2020,Chelsea FC Women,2,76,13,0.5,99.5,7.4,37.4,Center,0,42.8,-80.3,0.34,1.7,14.27,incomplete,0.00638,0.01223,0.00585,-3,-0.0154,-0.01523,0.00017,False,False,-0.2,-0.12635,0.5650106825232908,0.3251417442520645,0.18370855883667223
2020-01-19,WSL 2019-2020,Chelsea FC Women,2,77,18,10.8,97.5,11.7,60.0,Center,0,25.5,-87.9,0.32,1.6,12.75,incomplete,0.00349,0.00931,0.00582,-3,-0.00115,-0.00084,0.00031,False,False,-0.2,-0.12635,0.3329507744421483,0.39765643363398506,0.1324000175403381
2020-01-19,WSL 2019-2020,Chelsea FC Women,2,82,34,7.7,76.3,,32.8,Center,0,31.0,,0.26,1.3,10.33,incomplete,0.00826,,,-3,-0.00696,-0.00789,-0.00093,False,False,-0.2,-0.12635,0.4235560897526667,0.1984333358623253,0.08404764781442411
2020-01-19,WSL 2019-2020,Chelsea FC Women,2,84,52,2.7,84.5,10.9,56.3,Center,0,21.0,-65.8,0.4,2.0,10.5,incomplete,0.00826,0.00931,0.00105,-3,0.00212,0.00087,-0.00125,False,False,-0.2,-0.12635,0.30548744900895036,0.47607648546579817,0.1454353910780933
2020-02-02,WSL 2019-2020,Manchester City WFC,1,23,15,30.0,93.3,2.2,45.2,Center,0,43.8,-131.7,0.16,0.8,14.6,incomplete,0.00172,0.01657,0.01485,0,0.01886,0.01667,-0.00219,False,False,-0.2,-0.12635,0.6216215530321947,0.49173137575271236,0.30567082147005875
2020-02-02,WSL 2019-2020,Manchester City WFC,1,24,23,0.5,0.5,0.8,47.9,Center,0,32.2,89.4,-0.94,4.7,8.05,incomplete,0.00638,0.01657,0.01019,0,-0.02349,-0.02336,0.00013,False,False,-0.2,-0.12635,0.42793144867783756,0.6878538464399973,0.2943542929856908
2020-02-02,WSL 2019-2020,Manchester City WFC,1,25,12,0.5,0.5,3.8,42.1,Center,0,28.5,83.0,-0.92,4.6,14.25,incomplete,0.00638,0.01657,0.01019,0,-0.03245,-0.03228,0.00017,False,False,-0.2,-0.12635,0.38185700912998277,0.5258446303145998,0.20079745779899455
2020-02-02,WSL 2019-2020,Manchester City WFC,2,54,55,99.5,99.5,91.9,49.3,Center,1,35.1,-103.2,0.9,4.5,11.7,cleared,0.02956,0.1051,0.07554,-2,0.11414,0.11435,0.00021,False,False,-0.1,-0.12635,0.5285246897860914,0.6582252163488481,0.34788827828015784
2020-02-02,WSL 2019-2020,Manchester City WFC,2,65,50,88.6,83.0,97.7,,Right,0,58.5,-80.4,0.98,4.9,7.31,incomplete,0.03045,0.02956,-0.00089,-1,-0.00648,-0.00783,-0.00135,False,False,-0.2,-0.12635,0.7995172184319367,0.16968146328806155,0.13566325154753175
2020-02-02,WSL 2019-2020,Manchester City WFC,2,70,1,99.5,0.5,90.6,72.7,Center,1,50.0,100.8,-0.36,1.8,12.5,shot_ot,0.02956,0.04262,0.01306,-1,-0.09144,-0.09134,0.0001,False,False,0.6,-0.12635,0.65520385599196,0.22641796717225937,0.14834992515712533
2020-02-02,WSL 2019-2020,Manchester City WFC,2,81,47,83.6,24.4,93.4,52.1,Center,0,21.5,61.4,-0.22,1.1,7.17,incomplete,0.03045,0.1051,0.07465,-1,-0.01592,-0.01642,-0.0005,False,False,-0.2,-0.12635,0.30916763560655136,0.5349898903694802,0.1654015594789403
2020-02-02,WSL 2019-2020,Manchester City WFC,2,84,33,79.3,89.1,88.9,56.3,Center,0,24.5,-65.7,1.0,5.1,24.5,incomplete,0.01102,0.05765,0.04663,-1,-0.00579,-0.00672,-0.00093,False,False,-0.2,-0.12635,0.3414977734022166,0.5349260466151817,0.18267605385393487
2020-02-13,WSL 2019-2020,Liverpool FCW,1,17,40,9.3,15.6,8.6,40.7,Center,0,17.1,92.5,-0.96,4.8,8.55,incomplete,0.00506,0.00931,0.00425,-1,-0.0014,-0.00225,-0.00084,False,False,-0.2,-0.12635,0.2803225354768621,0.4632098796193987,0.1298481679128419
2020-02-13,WSL 2019-2020,Liverpool FCW,1,37,31,0.5,0.5,7.3,51.0,Center,0,35.1,78.3,-0.9,4.5,8.78,incomplete,0.00638,0.01657,0.01019,1,-0.02052,-0.02023,0.00028,False,False,-0.2,-0.12635,0.48792060503640006,0.7183131389734566,0.35047978137352465
2020-02-13,WSL 2019-2020,Liverpool FCW,1,38,52,4.3,83.8,,49.6,Center,0,23.8,,0.26,1.3,11.9,incomplete,0.00826,,,1,0.01455,0.01426,-0.00029,False,False,-0.2,-0.12635,0.4295182501846564,0.5581419441087405,0.2397321511882485
2020-02-13,WSL 2019-2020,Liverpool FCW,1,44,39,7.2,88.9,7.2,86.9,Right,0,1.4,-90.0,0.32,1.6,,incomplete,0.00638,0.00826,0.00188,1,-0.0173,-0.01725,5e-05,False,False,-0.2,-0.12635,0.18338534521149927,0.003913999645295307,0.0007177701761101656
2020-02-13,WSL 2019-2020,Liverpool FCW,1,45,41,23.6,94.7,20.8,59.6,Center,0,24.0,-97.0,0.28,1.4,6.0,incomplete,0.00175,0.00576,0.00401,1,-0.00523,-0.00473,0.0005,False,False,-0.2,-0.12635,0.3961926926063854,0.39365689753975985,0.15596398619935342
2020-09-06,WSL 2020-2021,Reading WFC,1,7,44,99.5,0.5,92.7,56.6,Center,0,38.8,100.6,-0.36,1.8,9.7,incomplete,0.02956,0.1051,0.07554,0,0.06234,0.01937,-0.04296,False,False,-0.2,-0.0809,0.5528043765341868,0.513129259470669,0.28366010036313216
2020-09-06,WSL 2020-2021,Reading WFC,1,14,1,96.5,20.8,95.4,60.8,Center,0,27.2,92.4,-0.32,1.6,9.07,incomplete,0.04692,0.1051,0.05818,0,-0.00247,-0.00296,-0.00049,False,False,-0.2,-0.0809,0.46020714786569206,0.3754102925657372,0.17276650002110294
2020-09-06,WSL 2020-2021,Reading WFC,1,23,56,80.5,13.3,88.5,34.4,Center,0,16.6,59.7,-0.2,1.0,8.3,incomplete,0.01842,0.04262,0.0242,1,-0.00538,-0.00627,-0.00088,False,False,-0.2,-0.0809,0.2755732953565721,0.21154506619206628,0.058296171006971875
2020-09-06,WSL 2020-2021,Reading WFC,1,36,20,99.5,0.5,84.8,68.7,Center,1,48.9,108.4,-0.38,1.9,6.99,shot,0.02956,0.04262,0.01306,2,-0.03269,-0.03244,0.00025,False,False,0.35,-0.0809,0.7106491627600304,0.30006005856293844,0.2132374293954779
2020-09-06,WSL 2020-2021,Reading WFC,2,60,11,29.0,24.5,8.0,53.9,Center,0,29.8,137.8,-1.0,5.5,9.93,incomplete,0.00309,0.01657,0.01348,3,0.03375,0.01997,-0.01378,False,False,-0.2,-0.0809,0.5289148679699959,0.6920438808887054,0.36603229788969316
2020-09-12,WSL 2020-2021,West Ham United WFC,1,1,45,10.9,85.1,9.8,77.2,Center,0,5.5,-102.1,0.28,1.4,2.75,incomplete,0.00506,0.00506,0.0,0,0.01328,0.00412,-0.00915,False,False,-0.2,-0.0809,0.2077060474016638,0.1088774161200949,0.022614497753611105
2020-09-12,WSL 2020-2021,West Ham United WFC,1,9,56,0.5,0.5,5.2,64.2,Center,1,43.6,83.5,-0.92,4.6,8.72,cleared,0.00638,0.01223,0.00585,0,0.1648,0.10401,-0.06079,False,False,-0.1,-0.0809,0.5812801760770953,0.49192473854210206,0.2859460986364321
2020-09-12,WSL 2020-2021,West Ham United WFC,1,31,16,0.5,99.5,3.7,50.0,Center,0,33.8,-84.3,0.34,1.7,11.27,incomplete,0.00638,0.01657,0.01019,0,0.157,0.02679,-0.13021,False,False,-0.2,-0.0809,0.529506597400797,0.6268038856704078,0.3318967927389358
2020-09-12,WSL 2020-2021,West Ham United WFC,1,33,3,8.8,75.0,5.3,49.7,Center,1,17.6,-102.1,0.28,1.4,5.87,goal,0.00506,0.01657,0.01151,0,0.16117,0.15864,-0.00253,True,False,1.0,-0.0809,0.337741684844866,0.5606601317491516,0.18935829752230302
2020-10-04,WSL 2020-2021,Bristol City WFC,1,1,9,84.7,4.0,86.9,38.3,Center,0,23.4,84.3,-0.3,1.5,5.85,incomplete,0.01827,0.05765,0.03938,0,-0.00366,-0.0032,0.00046,False,False,-0.2,-0.0809,0.30367545327208895,0.3184103129111942,0.09669339609981457
2020-10-04,WSL 2020-2021,Bristol City WFC,1,4,9,99.5,0.5,98.9,51.2,Center,0,34.5,91.0,-0.32,1.6,8.62,incomplete,0.02956,0.1051,0.07554,0,-0.05159,-0.05147,0.00012,False,False,-0.2,-0.0809,0.4993058126672221,0.6128969992289108,0.3060230342812931
2020-10-04,WSL 2020-2021,Bristol City WFC,2,45,53,19.3,85.7,16.7,44.0,Center,0,28.5,-95.5,0.3,1.5,7.12,incomplete,0.00333,0.00576,0.00243,0,-0.01153,-0.01169,-0.00016,False,False,-0.2,-0.0809,0.44615676171804325,0.44491686616468384,0.1985026682417754
2020-10-04,WSL 2020-2021,Bristol City WFC,2,62,9,0.5,99.5,15.7,41.3,Center,1,42.7,-68.0,0.4,2.0,8.54,shot_ot,0.00638,0.00931,0.00293,1,-0.08637,-0.08608,0.00028,False,False,0.6,-0.0809,0.6596838620359045,0.4352105573546385,0.2871013812745064
2020-10-04,WSL 2020-2021,Bristol City WFC,2,62,20,12.1,93.2,,45.4,Center,0,35.5,,0.24,1.2,11.83,incomplete,0.00349,,,1,-0.01945,-0.01997,-0.00051,False,False,-0.2,-0.0809,0.5545363479871114,0.4837012700265306,0.2682299357972399
2020-10-04,WSL 2020-2021,Bristol City WFC,2,74,31,0.5,99.5,12.9,44.5,Center,0,39.6,-70.8,0.38,1.9,9.9,incomplete,0.00638,0.00931,0.00293,1,0.02725,0.01363,-0.01362,False,False,-0.2,-0.0809,0.6183449077689639,0.5081049852310167,0.31418413022962377
2020-10-04,WSL 2020-2021,Bristol City WFC,2,90,17,0.9,87.7,9.9,51.6,Center,0,26.3,-68.9,0.38,1.9,13.15,incomplete,0.00638,0.00931,0.00293,2,0.03185,0.01813,-0.01371,False,False,-0.2,-0.0809,0.47844888305708694,0.5837982560968119,0.27931762356019485
2020-10-11,WSL 2020-2021,Brighton & Hove Albion WFC,1,8,17,27.1,92.7,12.1,37.3,Center,0,40.8,-112.7,0.24,1.2,13.6,incomplete,0.00172,0.00735,0.00563,0,0.01298,0.01042,-0.00256,False,False,-0.2,-0.0809,0.5955677379213952,0.2989861625868278,0.17806651252163552
2020-10-11,WSL 2020-2021,Brighton & Hove Albion WFC,1,14,33,0.5,0.5,5.8,69.0,Center,0,46.9,83.2,-0.92,4.6,46.9,incomplete,0.00638,0.01223,0.00585,1,-0.07609,-0.07599,0.0001,False,False,-0.2,-0.0809,0.6435961214700232,0.4041246264176979,0.2600930421529525
2020-10-11,WSL 2020-2021,Brighton & Hove Albion WFC,1,16,4,3.9,88.1,4.4,60.2,Center,0,19.0,-88.4,0.32,1.6,4.75,incomplete,0.00638,0.01657,0.01019,1,0.00539,0.00544,5e-05,False,False,-0.2,-0.0809,0.37292916417948957,0.3754627938421925,0.14002102588806487
2020-10-11,WSL 2020-2021,Brighton & Hove Albion WFC,1,29,23,7.5,10.6,9.1,45.1,Center,0,23.5,85.9,-0.92,4.6,11.75,incomplete,0.00638,0.00931,0.00293,1,0.00315,0.00351,0.00036,False,False,-0.2,-0.0809,0.37644238283841686,0.592172505239038,0.22291882892357834
2020-10-11,WSL 2020-2021,Brighton & Hove Albion WFC,1,37,53,5.4,81.4,5.1,44.9,Center,0,24.8,-90.7,0.32,1.6,6.2,incomplete,0.00826,0.01657,0.00831,2,-0.00923,-0.00993,-0.00069,False,False,-0.2,-0.0809,0.47090740163045286,0.46129029195416316,0.21722501278148798
2020-10-11,WSL 2020-2021,Brighton & Hove Albion WFC,2,46,29,94.7,17.3,94.6,27.4,Center,0,6.9,90.9,-0.32,1.6,,incomplete,0.04692,0.07512,0.0282,2,-0.00954,-0.00984,-0.0003,True,False,-0.2,-0.0809,0.24574249955060462,0.11716299619594761,0.028791927540030147
2020-10-11,WSL 2020-2021,Brighton & Hove Albion WFC,2,48,15,89.4,10.0,100.0,60.9,Center,0,36.7,72.2,-0.24,1.2,36.7,incomplete,0.01827,0.1051,0.08683,3,-0.08497,-0.08492,5e-05,False,False,-0.2,-0.0809,0.6090547988346665,0.3806888051775647,0.23186034365603123
2020-10-11,WSL 2020-2021,Brighton & Hove Albion WFC,2,54,32,99.5,99.5,96.2,56.3,Center,0,29.6,-96.7,0.92,4.6,7.4,incomplete,0.02956,0.1051,0.07554,3,-0.08408,-0.08402,6e-05,False,False,-0.2,-0.0809,0.5751012658980555,0.5232030255778128,0.3008947223314929
2020-10-11,WSL 2020-2021,Brighton & Hove Albion WFC,2,58,29,99.5,99.5,91.6,32.1,Center,0,46.6,-100.3,0.9,4.5,9.32,incomplete,0.02956,0.04262,0.01306,3,-0.05631,-0.05611,0.00021,False,False,-0.2,-0.0809,0.766323519762606,0.2820861022372585,0.21616921474257028
2020-10-11,WSL 2020-2021,Brighton & Hove Albion WFC,2,72,17,86.1,12.9,95.9,60.8,Center,1,34.2,72.5,-0.26,1.3,6.84,cleared,0.03045,0.1051,0.07465,3,0.14973,0.12836,-0.02137,False,False,-0.1,-0.0809,0.5787189663392113,0.3814847880802045,0.22077248223190898
2020-10-11,WSL 2020-2021,Brighton & Hove Albion WFC,2,75,37,99.5,99.5,95.5,56.6,Center,0,29.5,-98.2,0.92,4.6,4.92,incomplete,0.02956,0.1051,0.07554,3,-0.07855,-0.07841,0.00014,False,False,-0.2,-0.0809,0.5685988548556911,0.5160291861520876,0.29341360431819125
2020-10-18,WSL 2020-2021,Tottenham Hotspur FCW,1,21,46,99.5,99.5,92.5,14.7,Right,0,58.1,-97.3,0.92,4.6,,incomplete,0.02956,0.04692,0.01736,3,-0.01541,-0.01528,0.00013,False,False,-0.2,-0.0809,0.8622122742311195,0.005851871405031441,0.005045555352640216
2020-10-18,WSL 2020-2021,Tottenham Hotspur FCW,1,22,20,76.8,90.2,95.6,33.0,Center,1,43.6,-63.1,1.0,5.2,7.27,shot,0.01102,0.07512,0.0641,3,0.08868,0.08756,-0.00112,False,False,0.35,-0.0809,0.6880146680504576,0.3249783631421139,0.2235898806408026
2020-10-18,WSL 2020-2021,Tottenham Hotspur FCW,1,39,12,99.4,99.5,97.4,38.6,Center,0,41.5,-92.9,0.94,4.7,20.75,incomplete,0.02956,0.1051,0.07554,4,-0.15906,-0.15897,8e-05,False,False,-0.2,-0.0809,0.72048093285213,0.4314863503591512,0.3108776882197223
2020-11-08,WSL 2020-2021,Manchester United WFC,1,11,12,12.9,83.3,4.2,10.7,Left,1,50.2,-100.5,0.28,1.4,6.28,cleared,0.00506,0.00638,0.00132,0,-0.01333,-0.01415,-0.00083,False,False,-0.1,-0.0809,0.730712755211534,0.0020011509926340675,0.0014622665554219357
2020-11-08,WSL 2020-2021,Manchester United WFC,1,45,23,0.5,0.5,5.5,57.5,Center,0,39.1,82.3,-0.92,4.6,7.82,incomplete,0.00638,0.01657,0.01019,0,0.05659,0.0209,-0.03568,False,False,-0.2,-0.0809,0.5137577176337387,0.61400935977017,0.3154520472812757
2020-11-08,WSL 2020-2021,Manchester United WFC,2,64,10,99.5,99.5,95.3,39.5,Center,1,41.0,-96.2,0.92,4.6,10.25,shot_ot,0.02956,0.1051,0.07554,0,0.14135,0.12737,-0.01398,False,False,0.6,-0.0809,0.6474104425429466,0.44624532068886413,0.28890388054989663
2020-11-15,WSL 2020-2021,Chelsea FC Women,2,53,31,9.1,90.5,4.1,41.2,Center,1,33.9,-98.9,0.28,1.4,11.3,cleared,0.00349,0.01657,0.01308,0,0.1268,0.12693,0.00013,False,False,-0.1,-0.0809,0.5212168500212445,0.38248137293850865,0.19935573639481036
2020-11-15,WSL 2020-2021,Chelsea FC Women,2,55,13,7.5,91.1,6.7,84.9,Right,0,4.3,-101.3,0.28,1.4,,incomplete,0.00638,0.00826,0.00188,0,0.02268,0.00283,-0.01986,False,False,-0.2,-0.0809,0.18737376446928236,0.004610024049705182,0.000863797560487186
2020-11-15,WSL 2020-2021,Chelsea FC Women,2,67,46,0.5,99.5,4.3,47.0,Center,0,35.9,-83.6,0.34,1.7,8.97,incomplete,0.00638,0.01657,0.01019,0,-0.02974,-0.02973,1e-05,False,False,-0.2,-0.0809,0.5478515102321205,0.5548534635846946,0.3039773079823978
2020-11-15,WSL 2020-2021,Chelsea FC Women,2,68,2,1.7,81.6,2.6,76.5,Center,0,3.6,-74.8,0.36,1.8,,incomplete,0.00826,0.00826,0.0,0,-0.02052,-0.02104,-0.00052,False,False,-0.2,-0.0809,0.19400152818556898,0.12001801086588028,0.023283677517772997
2020-11-15,WSL 2020-2021,Chelsea FC Women,2,68,26,0.4,99.3,6.9,45.2,Center,0,37.4,-79.5,0.36,1.8,12.47,incomplete,0.00638,0.01657,0.01019,0,-0.03662,-0.03639,0.00023,False,False,-0.2,-0.0809,0.5684272513227163,0.5150077457795879,0.2927444373433994
2020-11-15,WSL 2020-2021,Chelsea FC Women,2,81,25,0.5,0.5,7.8,49.7,Center,0,34.3,77.1,-0.9,4.5,17.15,incomplete,0.00638,0.01657,0.01019,0,-0.14786,-0.14771,0.00016,False,False,-0.2,-0.0809,0.44284051566204974,0.7262075592980012,0.3215941300372054
2020-11-15,WSL 2020-2021,Chelsea FC Women,2,81,53,0.7,99.5,6.3,48.2,Center,1,35.4,-80.4,0.34,1.7,8.85,cleared,0.00638,0.01657,0.01019,0,0.03228,0.03239,0.0001,False,False,-0.1,-0.0809,0.5375617350241109,0.5860257025125186,0.315024993411353
2020-11-15,WSL 2020-2021,Chelsea FC Women,2,91,10,27.9,80.4,,35.9,Center,0,42.9,,0.16,0.8,14.3,incomplete,0.00309,,,2,0.03045,0.01588,-0.01456,False,False,-0.2,-0.0809,0.6533405888717823,0.27019971400443443,0.17653244026064435
2020-12-06,WSL 2020-2021,Birmingham City WFC,1,0,51,91.7,15.2,93.7,51.0,Center,0,24.4,85.1,-0.3,1.5,8.13,incomplete,0.04692,0.1051,0.05818,0,0.02187,0.01803,-0.00384,False,False,-0.2,-0.0809,0.406832444098875,0.5853261714594615,0.2381296769298899
2020-12-06,WSL 2020-2021,Birmingham City WFC,1,3,16,78.8,10.9,98.0,43.3,Center,0,29.9,47.5,-0.16,0.8,29.9,incomplete,0.01102,0.1051,0.09408,0,0.02643,0.02322,-0.00321,False,False,-0.2,-0.0809,0.409375581387892,0.4336200201436797,0.1775134478477483
2020-12-06,WSL 2020-2021,Birmingham City WFC,1,11,33,88.0,7.6,95.1,47.2,Center,1,27.9,74.5,-0.26,1.3,27.9,shot,0.01827,0.1051,0.08683,0,0.15914,0.15665,-0.00249,False,False,0.35,-0.0809,0.42459712232852254,0.542535469991942,0.23035899931973108
2020-12-06,WSL 2020-2021,Birmingham City WFC,1,14,57,99.5,0.5,92.6,100.0,Left,0,69.0,96.1,-0.34,1.7,13.8,incomplete,0.02956,0.02956,0.0,0,-0.16904,-0.16908,-4e-05,False,False,-0.2,-0.0809,0.8576511638477791,0.003086674927443134,0.002647290343941363
2020-12-06,WSL 2020-2021,Birmingham City WFC,1,29,39,99.5,0.5,97.3,20.9,Right,0,14.1,99.5,-0.34,1.7,4.7,incomplete,0.02956,0.04692,0.01736,0,-0.11041,-0.11057,-0.00016,False,False,-0.2,-0.0809,0.24895769581562652,0.006043837006327059,0.0015046597349803988
2020-12-06,WSL 2020-2021,Birmingham City WFC,1,30,10,99.5,0.5,95.1,69.7,Center,1,47.3,95.6,-0.34,1.7,11.82,cleared,0.02956,0.07512,0.04556,0,0.00625,0.00628,2e-05,False,False,-0.1,-0.0809,0.6546169864073862,0.25879020147256565,0.16940846179973124
2020-12-06,WSL 2020-2021,Birmingham City WFC,1,40,10,84.9,83.0,97.6,45.7,Center,0,28.7,-62.3,1.0,5.2,4.78,incomplete,0.03045,0.1051,0.07465,0,0.04893,0.02577,-0.02315,False,False,-0.2,-0.0809,0.4260459949631661,0.5872320853597216,0.2501878780813775
2020-12-06,WSL 2020-2021,Birmingham City WFC,2,46,47,5.4,89.0,9.9,45.2,Center,1,30.2,-81.0,0.34,1.7,30.2,shot_ot,0.00638,0.00931,0.00293,0,0.13627,0.11441,-0.02186,False,False,0.6,-0.0809,0.48404090984034076,0.49081612321722345,0.23757508284637363
2020-12-06,WSL 2020-2021,Birmingham City WFC,2,69,59,0.5,0.5,,75.1,Center,0,50.7,,-0.94,4.7,6.34,incomplete,0.00638,,,2,-0.0274,-0.02736,4e-05,False,False,-0.2,-0.0809,0.6953961893370175,0.22943443898861102,0.15954783457535654
2020-12-13,WSL 2020-2021,Manchester City WFC,1,12,17,0.4,99.3,10.5,47.6,Right,1,36.7,-73.2,0.38,1.9,18.35,cleared,0.00638,0.00931,0.00293,1,0.09496,0.09519,0.00023,False,False,-0.1,-0.0809,0.5973386791349733,0.09129231517110317,0.05453243095948045
2020-12-13,WSL 2020-2021,Manchester City WFC,2,77,17,87.6,7.9,98.9,56.1,Center,0,34.9,70.1,-0.24,1.2,11.63,incomplete,0.01827,0.1051,0.08683,0,0.00257,0.00148,-0.00109,False,False,-0.2,-0.0809,0.5010601743471422,0.48494132844734955,0.24298478657996372
2020-12-20,WSL 2020-2021,Everton FC,2,65,51,18.9,91.5,3.6,50.6,Center,0,32.1,-120.0,0.2,1.0,8.03,incomplete,0.00175,0.01657,0.01482,4,0.03853,0.0265,-0.01203,False,False,-0.2,-0.0809,0.547798155423412,0.5825340660167027,0.31911108683524986
2020-12-20,WSL 2020-2021,Everton FC,2,90,42,2.7,91.5,2.0,51.5,Center,0,27.2,-91.5,0.3,1.5,5.44,incomplete,0.00638,0.01657,0.01019,4,0.11466,0.0264,-0.08826,False,False,-0.2,-0.0809,0.5028437493729215,0.5713105692908905,0.2872799487186097
2020-12-20,WSL 2020-2021,Everton FC,2,91,27,15.4,3.4,6.8,44.2,Center,0,29.2,108.0,-1.0,5.0,5.84,incomplete,0.00349,0.01657,0.01308,4,0.00574,0.00602,0.00029,False,False,-0.2,-0.0809,0.4342002443445125,0.6011277349899086,0.26100980941488167
2021-01-17,WSL 2020-2021,Reading WFC,2,49,16,84.9,15.0,90.7,33.7,Center,0,14.1,64.4,-0.22,1.1,14.1,incomplete,0.03045,0.04262,0.01217,0,0.00407,0.00334,-0.00073,False,False,-0.2,-0.0809,0.23124451912873847,0.19964222891287645,0.046166171222747646
2021-01-17,WSL 2020-2021,Reading WFC,2,49,40,99.5,0.5,88.8,52.5,Center,1,37.1,107.6,-0.38,1.9,9.28,shot,0.02956,0.05765,0.02809,0,0.05122,0.05143,0.00021,False,False,0.35,-0.0809,0.5189922124960845,0.605789756851925,0.31440016621604566
2021-01-17,WSL 2020-2021,Reading WFC,2,66,56,81.3,17.4,93.4,51.3,Center,1,26.3,61.1,-0.22,1.1,6.58,shot,0.01842,0.1051,0.08668,0,0.12847,0.12844,-2e-05,False,False,0.35,-0.0809,0.3679690773711044,0.5670358408067143,0.2086516551779951
2021-01-17,WSL 2020-2021,Reading WFC,2,85,57,94.2,22.8,94.6,50.4,Center,0,18.8,88.7,-0.3,1.5,9.4,incomplete,0.04692,0.1051,0.05818,0,0.00509,0.00487,-0.00022,False,False,-0.2,-0.0809,0.3425024825912462,0.5835268027123814,0.19985937858752298
2021-01-17,WSL 2020-2021,Reading WFC,2,94,24,80.1,14.6,85.2,40.9,Center,0,18.7,73.3,-0.26,1.3,6.23,incomplete,0.01842,0.05765,0.03923,0,0.01015,0.00782,-0.00233,False,False,-0.2,-0.0809,0.2658327370485462,0.3565472444416999,0.09478192987705414
2021-02-07,WSL 2020-2021,Manchester City WFC,2,86,44,10.1,5.0,9.2,61.1,Center,0,38.2,91.4,-0.94,4.7,7.64,incomplete,0.00349,0.00931,0.00582,-1,-0.00015,0.00018,0.00033,False,False,-0.2,-0.0809,0.4753821760586027,0.5444728877904759,0.25883270620274784
2021-02-07,WSL 2020-2021,Manchester City WFC,2,94,32,8.7,28.0,8.3,32.4,Center,0,3.0,98.0,-0.98,4.9,,incomplete,0.00735,0.01223,0.00488,-1,0.01507,0.00998,-0.00509,False,False,-0.2,-0.0809,0.17834423638348515,0.23290360921173417,0.04153701633582437
2021-02-28,WSL 2020-2021,Aston Villa WFC,1,20,36,16.4,81.8,8.2,54.0,Center,0,20.8,-114.5,0.22,1.1,10.4,incomplete,0.00506,0.01657,0.01151,0,-0.00744,-0.00719,0.00025,False,False,-0.2,-0.0809,0.3590441836723083,0.4846893477840823,0.17402489120979936
2021-02-28,WSL 2020-2021,Aston Villa WFC,1,35,19,13.6,92.9,11.2,87.7,Right,0,4.3,-125.5,0.2,1.0,,incomplete,0.00349,0.00349,0.0,0,0.01755,0.00365,-0.0139,False,False,-0.2,-0.0809,0.18206484086572186,0.0034123109062407946,0.0006212618421290974
2021-02-28,WSL 2020-2021,Aston Villa WFC,2,57,58,91.6,18.5,90.4,50.3,Center,1,21.7,93.3,-0.32,1.6,21.7,goal,0.03045,0.05765,0.0272,0,0.10442,0.10347,-0.00095,True,False,1.0,-0.0809,0.3686482377402609,0.5980906441608036,0.2204850619788177
2021-02-28,WSL 2020-2021,Aston Villa WFC,2,74,8,97.5,14.3,93.4,21.8,Center,0,6.7,130.2,-0.46,2.3,6.7,incomplete,0.04692,0.04692,0.0,3,-0.02012,-0.01998,0.00014,False,False,-0.2,-0.0809,0.24623259180473936,0.07512748608061533,0.01849883561340439
2021-03-07,WSL 2020-2021,Birmingham City WFC,1,5,55,16.2,13.5,10.9,63.9,Center,1,34.7,99.2,-0.98,4.9,11.57,shot,0.00506,0.00735,0.00229,0,0.05746,0.05761,0.00015,False,False,0.35,-0.0809,0.5026329177473423,0.4844182178923867,0.24348454226921815
2021-03-07,WSL 2020-2021,Birmingham City WFC,1,31,33,6.6,89.4,5.6,33.3,Center,1,38.2,-91.6,0.3,1.5,19.1,cleared,0.00638,0.01223,0.00585,0,0.08395,0.08163,-0.00232,False,False,-0.1,-0.0809,0.587874875244248,0.22063377570811457,0.12970505336907523
2021-03-07,WSL 2020-2021,Birmingham City WFC,2,66,47,83.8,5.6,92.3,79.3,Left,1,50.9,79.9,-0.28,1.4,10.18,cleared,0.01827,0.04692,0.02865,2,0.04291,0.03787,-0.00504,False,False,-0.1,-0.0809,0.6820585144975331,0.012790221308185603,0.008723679345555766
2021-03-19,WSL 2020-2021,Manchester United WFC,1,5,34,99.5,99.5,95.6,57.8,Center,1,28.7,-98.2,0.92,4.6,7.17,shot,0.02956,0.1051,0.07554,-1,0.26585,0.14623,-0.11962,False,False,0.35,-0.0809,0.4816457019175723,0.48591615260489374,0.2340394263944702
2021-03-19,WSL 2020-2021,Manchester United WFC,1,25,29,99.5,99.5,97.2,55.5,Center,0,30.0,-94.6,0.92,4.6,10.0,incomplete,0.02956,0.1051,0.07554,-1,0.0928,0.02569,-0.06711,False,False,-0.2,-0.0809,0.49364354970076785,0.5428918868951694,0.2679950781506792
2021-04-04,WSL 2020-2021,Bristol City WFC,2,45,36,85.1,86.0,86.9,79.0,Left,0,5.1,-68.3,1.0,5.1,,incomplete,0.03045,0.03045,0.0,2,-0.01607,-0.01605,2e-05,False,False,-0.2,-0.0809,0.24680604950895432,0.009198327823425343,0.0022702029521879073
2021-04-04,WSL 2020-2021,Bristol City WFC,2,46,25,99.5,99.5,100.0,32.8,Center,0,45.4,-89.3,0.94,4.7,9.08,incomplete,0.02956,0.07512,0.04556,2,-0.04555,-0.04548,7e-05,False,False,-0.2,-0.0809,0.7409115875553699,0.3134546107732017,0.2322421532945234
2021-04-04,WSL 2020-2021,Bristol City WFC,2,63,34,84.4,83.3,83.7,78.2,Center,0,3.5,-102.0,0.9,4.5,,incomplete,0.03045,0.03045,0.0,3,-0.03733,-0.03756,-0.00023,False,False,-0.2,-0.0809,0.20050210569086493,0.11000370785173003,0.022055975058074603
2021-04-04,WSL 2020-2021,Bristol City WFC,2,87,51,99.5,99.5,96.4,48.4,Center,0,34.9,-95.4,0.92,4.6,11.63,incomplete,0.02956,0.1051,0.07554,4,-0.09958,-0.09943,0.00015,False,False,-0.2,-0.0809,0.6336068792500932,0.6422816360539898,0.40695406301981263
2021-04-25,WSL 2020-2021,Brighton & Hove Albion WFC,1,24,33,88.2,4.1,89.5,15.9,Right,0,8.1,80.3,-0.28,1.4,,incomplete,0.01827,0.03045,0.01218,0,-0.0024,-0.00307,-0.00067,False,False,-0.2,-0.0809,0.19668823830099003,0.003019600282286441,0.0005939198598960923
2021-04-25,WSL 2020-2021,Brighton & Hove Albion WFC,2,53,30,24.7,94.4,,18.6,Left,0,58.2,,0.22,1.1,29.1,incomplete,0.00175,,,1,0.00503,0.00307,-0.00196,False,False,-0.2,-0.0809,0.7942582931510539,0.006080763882942473,0.004829697142720463
2021-04-25,WSL 2020-2021,Brighton & Hove Albion WFC,2,60,6,11.0,93.3,9.8,83.8,Right,0,6.6,-101.0,0.28,1.4,,incomplete,0.00349,0.00506,0.00157,1,-0.00279,-0.00393,-0.00114,False,False,-0.2,-0.0809,0.2168697105536196,0.005177107358515622,0.001122757774346297
2021-04-25,WSL 2020-2021,Brighton & Hove Albion WFC,2,72,1,2.7,79.0,5.5,49.6,Center,1,20.2,-81.6,0.34,1.7,6.73,cleared,0.00826,0.01657,0.00831,1,0.16368,0.16239,-0.00128,False,False,-0.1,-0.0809,0.3875849949651861,0.5789627477011157,0.22439727365276724
2021-04-25,WSL 2020-2021,Brighton & Hove Albion WFC,2,91,17,8.3,80.9,8.1,77.0,Center,0,2.7,-94.5,0.3,1.5,,incomplete,0.00826,0.00826,0.0,2,-0.02473,-0.0246,0.00013,False,False,-0.2,-0.0809,0.20593873198020107,0.10917029363127864,0.022482391840331746
2021-04-28,WSL 2020-2021,West Ham United WFC,1,34,16,96.9,14.9,93.1,46.3,Center,0,21.7,100.6,-0.36,1.8,7.23,incomplete,0.04692,0.1051,0.05818,1,-0.0215,-0.02132,0.00018,False,False,-0.2,-0.0809,0.3882513054909511,0.5226496092923337,0.2029193931220841
2021-04-28,WSL 2020-2021,West Ham United WFC,2,57,58,19.3,83.0,17.1,81.8,Right,0,2.4,-160.5,0.06,0.3,,incomplete,0.00333,0.00333,0.0,1,0.0047,-0.00133,-0.00604,False,False,-0.2,-0.0809,0.1759248650409312,0.004811646886272829,0.0008464883290921642
2021-05-02,WSL 2020-2021,Everton FC,1,13,26,0.4,99.9,9.3,64.1,Center,1,26.1,-69.0,0.38,1.9,13.05,shot,0.00638,0.00735,0.00097,0,-0.03815,-0.03816,-2e-05,False,False,0.35,-0.0809,0.4351565672836799,0.33354774822694716,0.14514549314363945
2021-05-02,WSL 2020-2021,Everton FC,1,38,5,1.0,83.0,6.4,58.1,Center,0,17.9,-71.5,0.38,1.9,17.9,incomplete,0.00826,0.01657,0.00831,1,0.00542,0.00567,0.00025,False,False,-0.2,-0.0809,0.3665947151837672,0.4260997689216118,0.15620592342768727
2021-05-02,WSL 2020-2021,Everton FC,2,75,58,78.6,11.3,97.7,56.3,Center,0,36.6,56.8,-0.2,1.0,12.2,incomplete,0.01102,0.1051,0.09408,0,0.00809,0.00658,-0.00151,False,False,-0.2,-0.0809,0.4776004010651872,0.4766581124825927,0.2276521056926614
2021-05-09,WSL 2020-2021,Aston Villa WFC,1,37,26,87.8,88.0,100.0,20.7,Right,0,47.7,-74.4,1.0,5.0,15.9,incomplete,0.01827,0.04692,0.02865,0,-0.02143,-0.02139,4e-05,False,False,-0.2,-0.0809,0.7199385294508861,0.01081390227953507,0.007785344904754064
2021-05-09,WSL 2020-2021,Aston Villa WFC,2,55,6,6.7,93.6,6.4,87.7,Right,0,4.0,-94.5,0.3,1.5,,incomplete,0.00638,0.00638,0.0,0,-0.01949,-0.01944,5e-05,False,False,-0.2,-0.0809,0.18455168508364422,0.0037207636999730493,0.0006866732106280811
2021-09-05,WSL 2021-2022,Chelsea FC Women,1,9,6,72.7,4.0,100.0,95.6,Left,0,69.1,65.3,-0.22,1.1,9.87,incomplete,0.00757,0.02956,0.02199,0,0.01046,0.00232,-0.00814,False,False,-0.2,-0.08158,0.8296227894520022,0.003950550968616251,0.0032774671144557236
2021-09-05,WSL 2021-2022,Chelsea FC Women,2,79,19,4.9,17.7,5.9,41.9,Center,0,16.5,86.3,-0.92,4.6,16.5,incomplete,0.00826,0.01657,0.00831,1,0.01424,0.01287,-0.00136,False,False,-0.2,-0.08158,0.31483078731690517,0.4861962996719178,0.15306956381627584
2021-09-12,WSL 2021-2022,Reading WFC,2,62,13,99.5,99.5,95.8,59.1,Center,0,27.7,-98.0,0.92,4.6,13.85,incomplete,0.02956,0.1051,0.07554,4,-0.13562,-0.13554,8e-05,False,False,-0.2,-0.08158,0.5485313751751222,0.45301407203690613,0.24849243190808598
2021-09-12,WSL 2021-2022,Reading WFC,2,62,43,99.5,99.5,95.9,76.7,Center,0,16.0,-103.7,0.9,4.5,4.0,incomplete,0.02956,0.04692,0.01736,4,-0.02695,-0.02684,0.00011,False,False,-0.2,-0.08158,0.39547479924767975,0.1317680895756121,0.052110958772165476
2021-09-26,WSL 2021-2022,Manchester City WFC,1,0,13,88.6,13.5,95.7,72.0,Center,1,40.5,79.4,-0.28,1.4,8.1,cleared,0.03045,0.07512,0.04467,0,0.08719,0.0692,-0.01799,False,False,-0.1,-0.08158,0.6093005131341629,0.20039035932242835,0.12209794876229488
2021-09-26,WSL 2021-2022,Manchester City WFC,1,28,43,99.5,99.5,90.4,53.4,Center,0,32.8,-107.0,0.88,4.4,4.69,incomplete,0.02956,0.05765,0.02809,2,0.1034,0.01786,-0.08555,False,False,-0.2,-0.08158,0.5972488489695732,0.5925143227794417,0.35387849727800774
2021-09-26,WSL 2021-2022,Manchester City WFC,1,30,57,99.5,99.5,97.9,48.5,Center,0,34.7,-92.8,0.94,4.7,6.94,incomplete,0.02956,0.1051,0.07554,2,0.04053,0.02661,-0.01392,False,False,-0.2,-0.08158,0.6235587395852559,0.6472297137121164,0.4035857445044533
2021-09-26,WSL 2021-2022,Manchester City WFC,1,40,18,99.5,99.5,78.2,,Right,0,71.7,-108.3,0.88,4.4,11.95,incomplete,0.02956,0.01102,-0.01854,2,0.11002,0.00117,-0.10885,False,False,-0.2,-0.08158,0.9187851480422442,0.2001322190888461,0.18387851054356832
2021-09-26,WSL 2021-2022,Manchester City WFC,2,50,22,2.6,91.4,2.7,57.0,Center,0,23.4,-89.7,0.32,1.6,11.7,incomplete,0.00638,0.01657,0.01019,2,0.02233,0.02143,-0.0009,False,False,-0.2,-0.08158,0.4409976487737269,0.4512388214553828,0.19899525929725137
2021-09-26,WSL 2021-2022,Manchester City WFC,2,73,40,0.5,0.5,5.7,60.0,Center,1,40.8,82.3,-0.92,4.6,10.2,shot_ot,0.00638,0.01657,0.01019,3,0.22567,0.12449,-0.10118,False,False,0.6,-0.08158,0.5986617078715085,0.5692406382122971,0.34078257266204126
2021-10-02,WSL 2021-2022,Aston Villa WFC,1,1,55,0.5,0.5,10.7,65.4,Center,0,45.4,76.4,-0.9,4.5,45.4,incomplete,0.00638,0.00735,0.00097,0,-0.16831,-0.1681,0.00021,False,False,-0.2,-0.08158,0.6070184673372224,0.46788868917646337,0.28401707498831885
2021-10-02,WSL 2021-2022,Aston Villa WFC,1,19,25,15.5,9.2,5.0,50.7,Center,1,30.3,111.3,-1.0,5.1,10.1,cleared,0.00349,0.01657,0.01308,0,0.16845,0.1658,-0.00265,False,False,-0.1,-0.08158,0.4221828761837792,0.7321776556863405,0.309112868555156
2021-10-02,WSL 2021-2022,Aston Villa WFC,2,57,31,74.5,27.4,96.8,67.2,Center,1,35.8,49.1,-0.18,0.9,8.95,shot,0.01498,0.07512,0.06014,1,0.06716,0.06699,-0.00017,False,False,0.35,-0.08158,0.5606168999533377,0.24579286390646937,0.1377956333938975
2021-10-10,WSL 2021-2022,Everton FC,2,68,32,0.5,99.5,13.2,56.3,Center,0,32.3,-65.6,0.4,2.0,8.07,incomplete,0.00638,0.00931,0.00293,2,-0.03364,-0.03325,0.00039,False,False,-0.2,-0.08158,0.5508093148755357,0.5093741262666635,0.2805680135042655
2021-11-07,WSL 2021-2022,West Ham United WFC,1,7,10,99.5,99.5,96.4,46.1,Center,0,36.5,-95.1,0.92,4.6,9.12,incomplete,0.02956,0.1051,0.07554,0,-0.10442,-0.10427,0.00014,False,False,-0.2,-0.08158,0.6056431229217575,0.5940196217344356,0.35976389878404463
2021-11-07,WSL 2021-2022,West Ham United WFC,1,15,35,79.6,89.9,91.4,54.0,Center,0,27.4,-63.1,1.0,5.2,9.13,incomplete,0.01102,0.05765,0.04663,0,-0.04005,-0.03985,0.0002,False,False,-0.2,-0.08158,0.41577605459629946,0.5964287811408078,0.24798080547040482
2021-11-07,WSL 2021-2022,West Ham United WFC,1,18,7,99.7,99.1,75.1,60.4,Center,0,36.9,-134.5,0.78,3.9,9.22,incomplete,0.02956,0.03121,0.00165,0,-0.07965,-0.07849,0.00115,False,False,-0.2,-0.08158,0.6010235203540986,0.4699553957942941,0.28245424638969036
2021-11-07,WSL 2021-2022,West Ham United WFC,1,20,35,99.5,0.5,98.2,52.2,Center,0,35.2,92.2,-0.32,1.6,8.8,incomplete,0.02956,0.1051,0.07554,0,-0.14925,-0.14916,0.0001,False,False,-0.2,-0.08158,0.5044437299933551,0.5929060908995736,0.29908776002916015
2021-11-07,WSL 2021-2022,West Ham United WFC,1,45,16,89.3,92.6,90.3,47.3,Center,0,30.8,-88.0,0.94,4.7,10.27,incomplete,0.01827,0.05765,0.03938,1,0.03182,0.0181,-0.01373,False,False,-0.2,-0.08158,0.5338087463722131,0.6090705822502285,0.3251272039631884
2021-11-07,WSL 2021-2022,West Ham United WFC,2,64,43,16.0,8.5,1.3,63.6,Center,1,40.5,112.4,-1.0,5.1,13.5,cleared,0.00349,0.01223,0.00874,3,0.11007,0.109,-0.00107,False,False,-0.1,-0.08158,0.6095156881767431,0.5166969721962346,0.3149349105870274
2021-11-07,WSL 2021-2022,West Ham United WFC,2,83,7,12.3,9.7,6.9,43.9,Center,0,23.9,103.7,-1.0,5.0,5.97,incomplete,0.00349,0.01657,0.01308,3,-0.00458,-0.00499,-0.00041,False,True,-0.2,-0.08158,0.399832291772667,0.5772005401045881,0.23078341476243863
2021-11-13,WSL 2021-2022,Tottenham Hotspur FCW,1,7,16,0.5,0.5,6.7,48.8,Center,0,33.5,78.8,-0.9,4.5,6.7,incomplete,0.00638,0.01657,0.01019,0,0.06218,0.02296,-0.03923,False,False,-0.2,-0.08158,0.45100522370971635,0.7048297438269419,0.317881896291932
2021-11-21,WSL 2021-2022,Manchester United WFC,1,8,1,0.5,0.5,4.2,35.5,Center,0,24.1,80.7,-0.92,4.6,6.03,incomplete,0.00638,0.01223,0.00585,0,0.09738,0.01577,-0.08161,False,False,-0.2,-0.08158,0.33277994953208795,0.3400827297286667,0.11317271363584042
2021-11-21,WSL 2021-2022,Manchester United WFC,1,12,25,0.4,0.4,3.6,38.9,Center,0,26.4,82.7,-0.92,4.6,5.28,incomplete,0.00638,0.01657,0.01019,0,0.16993,0.01919,-0.15074,False,False,-0.2,-0.08158,0.35889790929413584,0.4336296389465156,0.15562877082587545
2021-11-21,WSL 2021-2022,Manchester United WFC,2,88,4,79.5,82.6,97.6,8.5,Right,0,53.9,-69.3,1.0,5.1,7.7,incomplete,0.01842,0.02956,0.01114,2,0.03551,0.00314,-0.03237,False,False,-0.2,-0.08158,0.7636260418464124,0.003113353342223732,0.0023774376895916074
2021-12-12,WSL 2021-2022,Leicester City FC,1,11,0,98.6,82.3,97.6,43.9,Center,0,26.1,-92.3,0.94,4.7,13.05,incomplete,0.04692,0.1051,0.05818,0,0.0039,0.00287,-0.00103,False,False,-0.2,-0.08158,0.4637587249606747,0.5149713393358785,0.23882245172169794
2022-01-09,WSL 2021-2022,Birmingham City WFC,2,45,54,86.8,7.6,100.0,71.8,Center,0,46.3,72.4,-0.24,1.2,15.43,incomplete,0.01827,0.07512,0.05685,-2,0.00742,0.0056,-0.00182,False,False,-0.2,-0.08158,0.6085420249295351,0.2052394998136789,0.1248968608121411
2022-01-09,WSL 2021-2022,Birmingham City WFC,2,65,54,93.2,9.8,95.8,52.4,Center,0,29.1,84.6,-0.3,1.5,14.55,incomplete,0.02956,0.1051,0.07554,-2,0.02534,0.02327,-0.00207,False,False,-0.2,-0.08158,0.3893570295806934,0.5667563146952779,0.2206705551858541
2022-01-23,WSL 2021-2022,Manchester City WFC,1,8,59,0.3,0.7,1.0,36.7,Center,0,24.5,88.3,-0.94,4.7,6.12,incomplete,0.00638,0.01223,0.00585,0,0.032,0.01803,-0.01397,False,False,-0.2,-0.08158,0.33758431222777235,0.37496544597779635,0.12658245218959432
2022-01-23,WSL 2021-2022,Manchester City WFC,1,9,14,0.5,0.5,4.7,42.4,Center,0,28.8,81.2,-0.92,4.6,9.6,incomplete,0.00638,0.01657,0.01019,0,-0.05523,-0.05506,0.00018,False,False,-0.2,-0.08158,0.3894373640795937,0.534425657249686,0.20812531925582212
2022-01-23,WSL 2021-2022,Manchester City WFC,1,9,21,15.2,9.2,2.5,77.6,Center,1,48.4,106.0,-1.0,5.0,12.1,cleared,0.00349,0.00826,0.00477,0,0.02764,0.02728,-0.00036,False,False,-0.1,-0.08158,0.6567451250208794,0.2673752063389231,0.17559736331453948
2022-01-23,WSL 2021-2022,Manchester City WFC,2,57,18,87.8,89.6,97.9,55.2,Center,0,25.7,-65.6,1.0,5.1,8.57,incomplete,0.01827,0.1051,0.08683,0,0.00635,0.0058,-0.00054,False,False,-0.2,-0.08158,0.4424329363707526,0.5583966348340805,0.24705306280918912
2022-01-23,WSL 2021-2022,Manchester City WFC,2,59,40,92.5,89.1,98.8,55.5,Center,0,23.8,-73.9,1.0,5.0,11.9,incomplete,0.02956,0.1051,0.07554,0,-0.00279,-0.00314,-0.00035,False,False,-0.2,-0.08158,0.42013270085338156,0.5407837936249927,0.2272009557934059
2022-01-23,WSL 2021-2022,Manchester City WFC,2,90,40,99.5,99.5,96.2,57.6,Center,0,28.7,-96.9,0.92,4.6,7.17,incomplete,0.02956,0.1051,0.07554,-1,0.03662,0.02272,-0.0139,False,False,-0.2,-0.08158,0.4601647545922521,0.49042385662715904,0.22567577363102245
2022-01-27,WSL 2021-2022,Brighton & Hove Albion WFC,1,4,26,99.5,99.5,91.2,42.1,Center,1,40.0,-102.6,0.9,4.5,13.33,shot_ot,0.02956,0.05765,0.02809,0,-0.05881,-0.0587,0.00012,False,False,0.6,-0.08158,0.6483309990128071,0.49938119761330957,0.323764310736849
2022-01-27,WSL 2021-2022,Brighton & Hove Albion WFC,1,4,39,78.8,87.1,87.4,70.2,Center,0,14.6,-51.8,1.0,5.4,,incomplete,0.01842,0.04262,0.0242,0,-0.01043,-0.01147,-0.00104,False,False,-0.2,-0.08158,0.26915497553309253,0.24138585858512765,0.06497020486151457
2022-01-27,WSL 2021-2022,Brighton & Hove Albion WFC,1,5,23,80.7,86.9,92.9,32.1,Center,1,39.4,-71.0,1.0,5.0,39.4,cleared,0.01842,0.07512,0.0567,0,0.06581,0.06596,0.00015,False,False,-0.1,-0.08158,0.5746382689157127,0.28426693209158777,0.16335065776709046
2022-01-27,WSL 2021-2022,Brighton & Hove Albion WFC,2,49,17,6.9,82.0,9.0,53.1,Center,0,19.8,-83.6,0.34,1.7,9.9,incomplete,0.00826,0.00931,0.00105,-1,0.00821,0.00648,-0.00173,False,False,-0.2,-0.08158,0.3358285407993919,0.5251976823658849,0.17637637130015765
2022-01-27,WSL 2021-2022,Brighton & Hove Albion WFC,2,54,38,15.3,11.3,5.0,51.5,Center,1,29.4,111.6,-1.0,5.1,4.9,goal,0.00349,0.01657,0.01308,-1,0.18744,0.17349,-0.01395,True,False,1.0,-0.08158,0.3888791266243303,0.7170129746674487,0.2788313793669905
2022-01-27,WSL 2021-2022,Brighton & Hove Albion WFC,2,62,57,0.5,99.5,10.2,52.4,Center,0,33.6,-72.4,0.38,1.9,11.2,incomplete,0.00638,0.00931,0.00293,1,0.0057,0.00597,0.00027,False,False,-0.2,-0.08158,0.5447338985372552,0.5878381161507259,0.32021534871958074
2022-01-27,WSL 2021-2022,Brighton & Hove Albion WFC,2,65,25,0.2,0.5,12.2,58.5,Center,1,41.4,72.3,-0.88,4.4,13.8,shot_ot,0.00638,0.00931,0.00293,1,0.10276,0.08895,-0.01381,False,False,0.6,-0.08158,0.5646029872960237,0.5930302488629637,0.3348266500649337
2022-02-05,WSL 2021-2022,Manchester United WFC,1,12,37,99.5,99.5,92.5,27.3,Center,1,49.6,-98.5,0.92,4.6,12.4,cleared,0.02956,0.07512,0.04556,-1,0.13024,0.062,-0.06824,False,False,-0.1,-0.08158,0.7345242226956398,0.20079469555349658,0.14748856767283972
2022-02-05,WSL 2021-2022,Manchester United WFC,2,46,56,14.7,88.3,12.7,64.9,Center,0,16.0,-97.5,0.28,1.4,8.0,incomplete,0.00349,0.00735,0.00386,-1,0.01302,0.00711,-0.00591,False,False,-0.2,-0.08158,0.27657010671962245,0.27631559509016695,0.07642063362238347
2022-02-05,WSL 2021-2022,Manchester United WFC,2,55,36,7.6,20.0,3.5,42.1,Center,1,15.6,106.0,-1.0,5.0,15.6,cleared,0.00826,0.01657,0.00831,-1,0.16564,0.15166,-0.01399,False,False,-0.1,-0.08158,0.2735008970858002,0.5051428317054569,0.1381570176279039
2022-02-05,WSL 2021-2022,Manchester United WFC,2,64,10,4.3,11.4,13.9,50.6,Center,0,28.5,69.3,-0.88,4.4,,incomplete,0.00638,0.00931,0.00293,-1,0.00861,0.0086,-1e-05,False,False,-0.2,-0.08158,0.3947285105288927,0.7052291820119347,0.27837406459708036
2022-02-11,WSL 2021-2022,Chelsea FC Women,1,9,21,19.5,91.5,,37.4,Center,0,42.8,,0.2,1.0,42.8,incomplete,0.00175,,,0,0.01328,0.01059,-0.00269,False,False,-0.2,-0.08158,0.6280804851249976,0.30630211008216907,0.19238237789521917
2022-02-11,WSL 2021-2022,Chelsea FC Women,1,11,16,13.5,11.3,7.6,68.5,Center,0,39.4,99.0,-0.98,4.9,19.7,incomplete,0.00349,0.01223,0.00874,0,0.03251,0.01135,-0.02117,False,False,-0.2,-0.08158,0.5559464775968455,0.4048366618332507,0.225067516148261
2022-02-11,WSL 2021-2022,Chelsea FC Women,1,34,18,5.6,86.8,1.9,48.1,Center,0,26.6,-98.4,0.28,1.4,26.6,incomplete,0.00826,0.01657,0.00831,0,0.00107,0.00063,-0.00044,False,False,-0.2,-0.08158,0.43921839896497034,0.5448343511576091,0.23930127141656352
2022-03-02,WSL 2021-2022,Reading WFC,2,85,1,0.5,0.5,10.9,50.7,Center,0,35.8,72.3,-0.88,4.4,11.93,incomplete,0.00638,0.00931,0.00293,4,-0.00707,-0.0067,0.00037,False,False,-0.2,-0.08158,0.5332276405842379,0.7215703090995199,0.38476123343677626
2022-03-06,WSL 2021-2022,Birmingham City WFC,1,5,29,99.5,99.5,89.1,39.5,Center,1,42.2,-105.0,0.9,4.5,8.44,shot_ot,0.02956,0.05765,0.02809,0,-0.02062,-0.02064,-3e-05,False,False,0.6,-0.08158,0.6739932166320011,0.4382756982937891,0.29539484766466734
2022-03-06,WSL 2021-2022,Birmingham City WFC,1,39,39,83.0,4.7,100.0,53.0,Center,0,38.1,61.5,-0.2,1.0,12.7,incomplete,0.01102,0.1051,0.09408,2,0.01111,0.01026,-0.00085,False,False,-0.2,-0.08158,0.5303360187783001,0.5583850929006352,0.2961317271140741
2022-03-06,WSL 2021-2022,Birmingham City WFC,2,66,44,0.5,0.5,7.6,43.3,Center,1,30.0,75.6,-0.9,4.5,10.0,shot_ot,0.00638,0.01657,0.01019,2,0.04363,0.04377,0.00014,False,False,0.6,-0.08158,0.43755268891313615,0.5580016047213303,0.244155102563663
2022-03-06,WSL 2021-2022,Birmingham City WFC,2,67,18,0.5,0.5,4.7,61.1,Center,1,41.4,83.9,-0.92,4.6,13.8,shot,0.00638,0.01657,0.01019,2,0.07203,0.07213,9e-05,False,False,0.35,-0.08158,0.5848868410732952,0.5490793307830221,0.3211492752803207
2022-03-06,WSL 2021-2022,Birmingham City WFC,2,72,39,21.7,80.2,9.9,39.7,Center,0,30.2,-114.2,0.22,1.1,15.1,incomplete,0.00333,0.00931,0.00598,3,-0.01291,-0.0127,0.00021,False,False,-0.2,-0.08158,0.5314376599837334,0.3247743837193142,0.17259733850645145
2022-03-13,WSL 2021-2022,Brighton & Hove Albion WFC,1,6,12,0.5,0.5,2.9,55.1,Center,0,37.2,86.1,-0.92,4.6,18.6,incomplete,0.00638,0.01657,0.01019,0,-0.11222,-0.1121,0.00012,False,False,-0.2,-0.08158,0.4986919462342907,0.6553093910302138,0.32679751559846515
2022-03-13,WSL 2021-2022,Brighton & Hove Albion WFC,1,11,35,0.5,0.5,9.2,57.9,Center,1,40.1,76.8,-0.9,4.5,10.03,shot_ot,0.00638,0.00931,0.00293,0,0.00856,0.00872,0.00016,False,False,0.6,-0.08158,0.5364721526305637,0.6050123151575598,0.32457225908057713
2022-03-13,WSL 2021-2022,Brighton & Hove Albion WFC,1,17,13,0.5,0.5,8.2,59.0,Center,0,40.6,78.5,-0.9,4.5,13.53,incomplete,0.00638,0.01657,0.01019,0,-0.02149,-0.0212,0.00028,False,False,-0.2,-0.08158,0.5414882294702402,0.5850224661933652,0.3167827794193588
2022-03-13,WSL 2021-2022,Brighton & Hove Albion WFC,1,29,14,26.5,15.6,5.3,58.5,Center,0,36.7,127.3,-1.0,5.4,9.18,incomplete,0.00309,0.01657,0.01348,1,0.02918,0.01929,-0.0099,False,False,-0.2,-0.08158,0.5421139139513359,0.6202380181384524,0.33623965959445606
2022-03-13,WSL 2021-2022,Brighton & Hove Albion WFC,1,35,50,8.6,90.5,6.6,65.1,Center,0,17.4,-96.9,0.28,1.4,8.7,incomplete,0.00349,0.01223,0.00874,2,0.0051,0.00425,-0.00085,False,False,-0.2,-0.08158,0.36076242622995625,0.27651103431552587,0.0997547916190238
2022-03-13,WSL 2021-2022,Brighton & Hove Albion WFC,2,48,41,72.2,13.5,89.2,53.9,Center,1,32.8,57.0,-0.2,1.0,32.8,cleared,0.01099,0.05765,0.04666,3,0.11837,0.1063,-0.01207,False,False,-0.1,-0.08158,0.5167398236525805,0.5246814461829067,0.2711237979743361
2022-03-13,WSL 2021-2022,Brighton & Hove Albion WFC,2,61,42,76.2,10.6,92.7,48.8,Center,0,31.2,56.3,-0.2,1.0,31.2,incomplete,0.01102,0.1051,0.09408,3,0.02164,0.01572,-0.00592,False,False,-0.2,-0.08158,0.4794727159699639,0.5774372439293085,0.2768654036489961
2022-04-03,WSL 2021-2022,Leicester City FC,1,4,46,24.4,85.0,10.9,3.5,Left,1,57.2,-104.3,0.26,1.3,9.53,cleared,0.00333,0.00349,0.00016,1,0.002,0.00072,-0.00128,False,False,-0.1,-0.08158,0.8017163526261519,0.0009885300900020631,0.0007925207382176557
2022-04-03,WSL 2021-2022,Leicester City FC,1,7,31,0.5,0.7,6.1,50.4,Center,1,34.3,80.1,-0.9,4.5,6.86,shot_ot,0.00638,0.01657,0.01019,1,0.07641,0.07652,0.00012,False,False,0.6,-0.08158,0.48592513445258384,0.7266185246469878,0.3530822042848257
2022-04-03,WSL 2021-2022,Leicester City FC,1,10,1,3.6,83.5,4.8,60.3,Center,0,15.8,-85.4,0.34,1.7,,incomplete,0.00826,0.01657,0.00831,1,-0.00474,-0.0046,0.00013,False,False,-0.2,-0.08158,0.3421995677002045,0.36815108919318756,0.1259811435702682
2022-04-03,WSL 2021-2022,Leicester City FC,1,17,18,0.5,0.5,5.6,45.4,Center,0,31.0,80.1,-0.9,4.5,15.5,incomplete,0.00638,0.01657,0.01019,1,-0.04873,-0.04853,0.0002,False,False,-0.2,-0.08158,0.4394279319029318,0.616608802502821,0.27095513087695794
2022-04-03,WSL 2021-2022,Leicester City FC,1,17,47,0.1,0.7,8.3,56.7,Center,0,39.0,77.3,-0.9,4.5,39.0,incomplete,0.00638,0.01657,0.01019,1,-0.11628,-0.11609,0.0002,False,False,-0.2,-0.08158,0.5454969601364511,0.6254052117084762,0.3411566418404674
2022-04-03,WSL 2021-2022,Leicester City FC,1,20,44,0.5,0.5,7.1,51.9,Center,0,35.6,78.8,-0.9,4.5,5.93,incomplete,0.00638,0.01657,0.01019,1,-0.06088,-0.06068,0.0002,False,False,-0.2,-0.08158,0.4987982025318016,0.7044276073074617,0.3513672243387397
2022-04-03,WSL 2021-2022,Leicester City FC,1,42,15,0.5,0.5,8.8,38.8,Center,0,27.5,71.5,-0.88,4.4,9.17,incomplete,0.00638,0.00931,0.00293,1,-0.06036,-0.06014,0.00022,False,False,-0.2,-0.08158,0.389670049941721,0.42630253148039493,0.16611732873224758
2022-04-03,WSL 2021-2022,Leicester City FC,2,47,7,99.5,99.5,87.5,55.8,Center,1,32.3,-113.0,0.86,4.3,32.3,cleared,0.02956,0.05765,0.02809,1,-0.05075,-0.05052,0.00023,False,False,-0.1,-0.08158,0.5620636184769654,0.5350583645058542,0.3007368404505275
2022-04-03,WSL 2021-2022,Leicester City FC,2,52,36,83.5,10.0,95.2,49.3,Center,0,29.4,65.3,-0.22,1.1,5.88,incomplete,0.01827,0.1051,0.08683,1,0.01772,0.01559,-0.00213,False,False,-0.2,-0.08158,0.4073583078716259,0.5893111214746637,0.2400607812538492
2022-04-03,WSL 2021-2022,Leicester City FC,2,53,42,67.5,6.7,78.4,22.4,Center,0,15.7,43.0,-0.16,0.8,,incomplete,0.00757,0.01842,0.01085,1,0.00815,0.0027,-0.00545,False,False,-0.2,-0.08158,0.2478743171913942,0.07307210393275858,0.018112697868071122
2022-04-24,WSL 2021-2022,Everton FC,1,48,14,0.5,0.5,4.8,51.5,Center,0,35.0,82.6,-0.92,4.6,17.5,incomplete,0.00638,0.01657,0.01019,1,-0.0529,-0.0527,0.00019,False,False,-0.2,-0.08158,0.48280560678562345,0.7128274162620462,0.3441570732418254
2022-04-24,WSL 2021-2022,Everton FC,1,48,30,10.7,9.7,6.0,61.2,Center,1,35.4,98.0,-0.98,4.9,8.85,shot,0.00349,0.01657,0.01308,1,0.09846,0.09821,-0.00024,False,False,0.35,-0.08158,0.5141131413752963,0.54160012724961,0.27844374278955725
2022-04-24,WSL 2021-2022,Everton FC,1,49,2,0.5,0.5,3.7,51.9,Center,0,35.1,84.5,-0.92,4.6,11.7,incomplete,0.00638,0.01657,0.01019,1,-0.04577,-0.0456,0.00017,False,False,-0.2,-0.08158,0.4838645105690414,0.7066430748924304,0.3419195055798283
2022-04-24,WSL 2021-2022,Everton FC,2,68,19,99.5,99.5,93.2,61.2,Center,0,26.9,-104.3,0.9,4.5,26.9,incomplete,0.02956,0.1051,0.07554,2,-0.06911,-0.0689,0.00021,False,False,-0.2,-0.08158,0.5119199020367803,0.40219070729998696,0.2058894274811127
2022-04-24,WSL 2021-2022,Everton FC,2,68,20,82.9,84.2,87.7,66.7,Center,0,12.9,-67.0,1.0,5.1,,incomplete,0.01842,0.04262,0.0242,2,-0.00506,-0.00466,0.0004,False,False,-0.2,-0.08158,0.2755104196981339,0.2863135589339667,0.07888236878716356
2022-05-01,WSL 2021-2022,Aston Villa WFC,1,10,31,99.0,14.0,89.5,61.1,Center,0,33.5,107.3,-0.38,1.9,,incomplete,0.04692,0.05765,0.01073,1,-0.00734,-0.00832,-0.00098,False,False,-0.2,-0.08158,0.5465054188839469,0.4047779356304119,0.22121333526667755
2022-05-01,WSL 2021-2022,Aston Villa WFC,1,15,47,69.5,94.1,80.1,62.1,Center,0,24.4,-62.9,1.0,5.2,12.2,incomplete,0.00757,0.03121,0.02364,2,0.01231,0.0065,-0.00581,False,False,-0.2,-0.08158,0.42644835819062926,0.4493005220545408,0.19160346996435154
2022-05-01,WSL 2021-2022,Aston Villa WFC,1,16,57,99.5,99.5,92.5,43.4,Center,1,38.8,-100.9,0.9,4.5,7.76,cleared,0.02956,0.1051,0.07554,2,0.05305,0.05309,4e-05,False,False,-0.1,-0.08158,0.6738742464695456,0.529537657242368,0.35684178975144926
2022-05-01,WSL 2021-2022,Aston Villa WFC,1,33,25,75.0,7.9,88.2,37.9,Center,0,24.7,55.8,-0.2,1.0,12.35,incomplete,0.01102,0.05765,0.04663,2,0.00652,0.00392,-0.00261,False,False,-0.2,-0.08158,0.3710704065792579,0.2958460968092129,0.10977973142788112
2022-05-01,WSL 2021-2022,Aston Villa WFC,2,55,25,0.5,0.5,12.6,65.2,Center,1,45.8,73.9,-0.88,4.4,6.54,shot,0.00638,0.00735,0.00097,1,0.00238,0.00257,0.0002,False,False,0.35,-0.08158,0.6223979794874455,0.46962790237292457,0.29229545754783554
2022-05-01,WSL 2021-2022,Aston Villa WFC,2,57,39,0.5,0.5,10.6,39.4,Center,1,28.5,68.2,-0.86,4.3,7.12,cleared,0.00638,0.00931,0.00293,1,0.03707,0.03697,-0.00011,False,False,-0.1,-0.08158,0.39955861925020947,0.441632176355377,0.17645794260101944
2022-05-01,WSL 2021-2022,Aston Villa WFC,2,59,12,0.5,0.5,10.2,51.9,Center,1,36.4,73.8,-0.88,4.4,9.1,shot,0.00638,0.00931,0.00293,1,0.09423,0.09444,0.00022,False,False,0.35,-0.08158,0.5004327442262311,0.7030698770490239,0.3518391879544419
2022-05-04,WSL 2021-2022,Tottenham Hotspur FCW,1,22,34,99.5,99.5,94.2,39.4,Center,0,41.2,-97.8,0.92,4.6,13.73,incomplete,0.02956,0.1051,0.07554,1,-0.10281,-0.1027,0.00011,False,False,-0.2,-0.08158,0.6803613710047666,0.44286380162961564,0.3013074232451083
2022-05-04,WSL 2021-2022,Tottenham Hotspur FCW,1,22,55,73.8,95.0,89.4,45.4,Center,0,37.5,-64.1,1.0,5.2,18.75,incomplete,0.00757,0.05765,0.05008,1,0.00916,0.00636,-0.0028,False,False,-0.2,-0.08158,0.5699363664967377,0.6016763409246875,0.3429172275536688
2022-05-04,WSL 2021-2022,Tottenham Hotspur FCW,1,27,0,99.5,99.5,90.5,43.7,Center,0,39.1,-104.0,0.9,4.5,9.78,incomplete,0.02956,0.05765,0.02809,1,-0.05302,-0.05277,0.00025,False,False,-0.2,-0.08158,0.6537865680710067,0.5357943861448478,0.35029517290935175
2022-05-04,WSL 2021-2022,Tottenham Hotspur FCW,2,59,1,12.3,85.3,6.0,39.7,Center,0,31.7,-102.0,0.28,1.4,10.57,incomplete,0.00506,0.01657,0.01151,1,-0.03324,-0.0337,-0.00047,False,False,-0.2,-0.08158,0.5163949918688894,0.33869044075284055,0.17489804739863365
2022-05-08,WSL 2021-2022,West Ham United WFC,1,4,0,10.9,92.6,8.2,83.2,Right,0,7.0,-113.9,0.24,1.2,7.0,incomplete,0.00349,0.00826,0.00477,0,-0.02117,-0.02108,9e-05,False,False,-0.2,-0.08158,0.21318387715277437,0.005274859910522106,0.0011245150871628392
2022-05-08,WSL 2021-2022,West Ham United WFC,1,9,15,0.5,0.5,9.0,52.4,Center,0,36.4,75.8,-0.9,4.5,12.13,incomplete,0.00638,0.00931,0.00293,0,-0.07944,-0.07918,0.00026,False,False,-0.2,-0.08158,0.4884395454816546,0.6972348210593402,0.3405570590922069
2022-05-08,WSL 2021-2022,West Ham United WFC,1,39,24,30.6,16.5,6.3,50.9,Center,0,34.6,137.5,-1.0,5.5,17.3,incomplete,0.00309,0.01657,0.01348,0,0.03133,0.0224,-0.00893,False,False,-0.2,-0.08158,0.4874430753198319,0.7525219984982826,0.3668116371938288
2022-05-08,WSL 2021-2022,West Ham United WFC,2,45,46,73.2,11.4,92.6,31.8,Center,0,24.6,34.3,-0.12,0.6,6.15,incomplete,0.00757,0.07512,0.06755,0,0.02435,0.01119,-0.01315,False,False,-0.2,-0.08158,0.34010492372853446,0.17711452026938934,0.060237520407436636
2022-05-08,WSL 2021-2022,West Ham United WFC,2,47,49,99.5,0.5,95.4,67.0,Center,1,45.4,95.4,-0.34,1.7,22.7,cleared,0.02956,0.07512,0.04556,0,-0.00675,-0.00671,4e-05,False,False,-0.1,-0.08158,0.6276876464238825,0.3012879904089598,0.18911474959558128
2022-05-08,WSL 2021-2022,West Ham United WFC,2,54,25,99.5,0.5,87.4,31.2,Center,0,24.4,121.3,-0.42,2.1,8.13,incomplete,0.02956,0.04262,0.01306,0,-0.03321,-0.03286,0.00035,False,False,-0.2,-0.08158,0.35330278973944684,0.2020875860743431,0.071398107931776
2022-09-16,WSL 2022-2023,Brighton & Hove Albion WFC,1,21,1,77.3,8.3,81.2,36.0,Center,0,19.3,77.7,-0.28,1.4,6.43,incomplete,0.01102,0.02471,0.01369,0,0.03352,0.0065,-0.02702,False,False,-0.2,-0.12581,0.26855728523089795,0.27796728306208657,0.07465013892216253
2022-09-16,WSL 2022-2023,Brighton & Hove Albion WFC,2,70,9,0.5,99.5,6.1,49.7,Center,0,34.4,-80.1,0.34,1.7,,incomplete,0.00638,0.01657,0.01019,3,-0.05959,-0.05936,0.00023,False,False,-0.2,-0.12581,0.5972570708564346,0.621958257485241,0.3714689670606072
2022-09-24,WSL 2022-2023,Tottenham Hotspur FCW,1,2,57,99.5,99.5,94.0,38.8,Center,0,41.7,-98.0,0.92,4.6,20.85,incomplete,0.02956,0.1051,0.07554,0,-0.11023,-0.11005,0.00017,False,False,-0.2,-0.12581,0.6698166553399474,0.4293820251580905,0.2876072319544853
2022-09-24,WSL 2022-2023,Tottenham Hotspur FCW,1,13,19,99.5,99.5,86.0,59.3,Center,1,30.8,-117.4,0.84,4.2,30.8,cleared,0.02956,0.05765,0.02809,1,-0.0675,-0.06723,0.00027,False,False,-0.1,-0.12581,0.5500633380327763,0.45019278376145,0.24763454539409102
2022-09-24,WSL 2022-2023,Tottenham Hotspur FCW,1,20,48,99.5,99.5,94.6,60.8,Center,0,26.8,-101.1,0.9,4.5,8.93,incomplete,0.02956,0.1051,0.07554,1,-0.02032,-0.02012,0.0002,False,False,-0.2,-0.12581,0.4991219391649956,0.40981063380912447,0.20454547823724611
2022-09-24,WSL 2022-2023,Tottenham Hotspur FCW,2,49,6,22.5,86.8,3.8,,Left,0,63.3,-108.4,0.26,1.3,10.55,incomplete,0.00333,0.00638,0.00305,2,0.00235,-0.00413,-0.00647,False,False,-0.2,-0.12581,0.8542260756083137,0.13510284543889478,0.11540837346278364
2022-09-24,WSL 2022-2023,Tottenham Hotspur FCW,2,51,17,24.5,6.1,11.2,50.3,Center,0,33.1,114.9,-1.0,5.1,11.03,incomplete,0.00175,0.00931,0.00756,2,0.02669,0.01635,-0.01034,False,False,-0.2,-0.12581,0.4727287007269174,0.7457979289104012,0.35256008593863986
2022-09-24,WSL 2022-2023,Tottenham Hotspur FCW,2,53,49,0.5,99.5,9.4,41.5,Center,1,40.5,-76.7,0.36,1.8,10.12,cleared,0.00638,0.00931,0.00293,2,0.12071,0.10683,-0.01388,True,False,-0.1,-0.12581,0.655088277433448,0.425793958625387,0.2789326308974736
2022-10-16,WSL 2022-2023,Reading WFC,1,12,13,0.5,0.5,9.1,44.2,Center,0,31.1,73.1,-0.88,4.4,15.55,incomplete,0.00638,0.00931,0.00293,0,-0.16077,-0.16055,0.00022,False,False,-0.2,-0.12581,0.41976616575524317,0.5816458167838083,0.2441552343389159
2022-10-16,WSL 2022-2023,Reading WFC,1,41,35,0.5,0.5,8.3,49.1,Center,0,34.0,76.1,-0.9,4.5,17.0,incomplete,0.00638,0.01657,0.01019,1,-0.01703,-0.01673,0.0003,False,False,-0.2,-0.12581,0.47248096194092576,0.7122552467315784,0.33652704412320755
2022-10-16,WSL 2022-2023,Reading WFC,2,53,28,99.5,99.5,90.2,58.7,Center,1,29.4,-109.4,0.88,4.4,29.4,shot,0.02956,0.05765,0.02809,1,-0.01051,-0.01034,0.00017,False,False,0.35,-0.12581,0.5238195547163785,0.4636628225831272,0.2428756532640329
2022-10-16,WSL 2022-2023,Reading WFC,2,66,42,99.5,99.5,91.6,41.3,Center,0,40.4,-101.8,0.9,4.5,13.47,incomplete,0.02956,0.05765,0.02809,1,0.03068,0.01688,-0.01379,False,False,-0.2,-0.12581,0.6602646416937745,0.48111769823896705,0.31766500464028513
2022-10-16,WSL 2022-2023,Reading WFC,2,94,21,99.5,0.5,85.8,60.9,Center,0,43.5,109.3,-0.38,1.9,10.88,incomplete,0.02956,0.05765,0.02809,1,-0.08951,-0.08909,0.00042,False,False,-0.2,-0.12581,0.6133228513939843,0.4416987173564507,0.2709039167861239
2022-10-23,WSL 2022-2023,Liverpool FCW,1,9,28,0.5,99.5,5.6,50.1,Center,0,34.0,-80.9,0.34,1.7,11.33,incomplete,0.00638,0.01657,0.01019,0,-0.09983,-0.09972,0.0001,False,False,-0.2,-0.12581,0.5376763004284708,0.6263099070685456,0.33675199375431497
2022-10-23,WSL 2022-2023,Liverpool FCW,2,64,58,99.5,0.5,96.4,42.4,Center,0,28.7,96.5,-0.34,1.7,9.57,incomplete,0.02956,0.1051,0.07554,2,0.03682,0.02292,-0.01391,False,False,-0.2,-0.12581,0.4543262960508733,0.44548982484196603,0.20239774204880276
2022-10-23,WSL 2022-2023,Liverpool FCW,2,85,55,99.5,0.5,94.8,41.8,Center,0,28.5,100.0,-0.34,1.7,14.25,incomplete,0.02956,0.1051,0.07554,2,-0.01086,-0.01069,0.00017,False,False,-0.2,-0.12581,0.4464514518924529,0.4302692261518019,0.19209432072011412
2022-10-30,WSL 2022-2023,West Ham United WFC,1,15,40,99.5,99.5,93.3,68.5,Center,0,22.1,-107.2,0.88,4.4,3.68,incomplete,0.02956,0.07512,0.04556,0,-0.14907,-0.14902,5e-05,False,False,-0.2,-0.12581,0.414755654809449,0.24648465473226738,0.10223090437396251
2022-10-30,WSL 2022-2023,West Ham United WFC,1,40,13,99.2,0.4,86.2,64.0,Center,1,45.4,107.5,-0.38,1.9,9.08,shot_ot,0.02956,0.04262,0.01306,-1,0.08112,0.06733,-0.0138,False,False,0.6,-0.12581,0.6042964258536604,0.380549695223671,0.22996482068336416
2022-10-30,WSL 2022-2023,West Ham United WFC,2,63,49,11.9,75.4,,29.1,Center,0,34.2,,0.24,1.2,,incomplete,0.00506,,,1,-0.00102,-0.00269,-0.00168,False,False,-0.2,-0.12581,0.5587038125415889,0.14730120046751932,0.08229774229315591
2022-10-30,WSL 2022-2023,West Ham United WFC,2,79,52,0.5,99.5,4.2,35.7,Center,0,43.6,-84.9,0.34,1.7,8.72,incomplete,0.00638,0.01223,0.00585,2,-0.03381,-0.03371,9e-05,False,False,-0.2,-0.12581,0.6843249047258801,0.2869429145777134,0.19636218268016012
2022-11-06,WSL 2022-2023,Leicester City FC,1,0,58,0.5,0.5,8.2,53.9,Center,0,37.2,77.4,-0.9,4.5,12.4,incomplete,0.00638,0.01657,0.01019,0,0.03347,0.01969,-0.01378,False,False,-0.2,-0.12581,0.5012295972247359,0.6729785113752507,0.3373167481975193
2022-11-06,WSL 2022-2023,Leicester City FC,1,2,1,0.5,0.5,3.7,48.8,Center,0,33.0,84.2,-0.92,4.6,8.25,incomplete,0.00638,0.01657,0.01019,0,-0.11442,-0.11431,0.00011,False,False,-0.2,-0.12581,0.44475756583192366,0.7069650112558908,0.31442803753450854
2022-11-06,WSL 2022-2023,Leicester City FC,1,2,38,0.5,99.5,13.9,88.9,Right,0,15.8,-27.1,0.54,2.7,3.16,incomplete,0.00638,0.00349,-0.00289,0,-0.15436,-0.15419,0.00017,False,False,-0.2,-0.12581,0.31963874203340525,0.00473332442229463,0.0015129538639782503
2022-11-06,WSL 2022-2023,Leicester City FC,1,16,20,0.5,0.5,6.2,47.9,Center,0,32.8,79.5,-0.9,4.5,10.93,incomplete,0.00638,0.01657,0.01019,1,-0.11811,-0.11792,0.00019,False,False,-0.2,-0.12581,0.4630963728490005,0.6825791302614704,0.3160999194065124
2022-11-06,WSL 2022-2023,Leicester City FC,2,82,1,99.5,99.5,93.7,29.2,Center,1,48.2,-97.3,0.92,4.6,,completed,0.02956,0.07512,0.04556,4,0.08529,0.07131,-0.01398,False,False,0.15,-0.12581,0.7775907176505016,0.23360567597087284,0.18164960522542153
2022-11-19,WSL 2022-2023,Manchester United WFC,1,4,19,99.5,99.5,94.1,43.3,Center,0,38.6,-98.4,0.92,4.6,9.65,incomplete,0.02956,0.1051,0.07554,0,0.09045,0.02098,-0.06948,False,False,-0.2,-0.12581,0.6323771839725402,0.5310174144173594,0.3358032971696291
2022-11-19,WSL 2022-2023,Manchester United WFC,1,34,14,99.5,99.5,90.9,51.5,Center,0,33.9,-105.5,0.88,4.4,8.47,incomplete,0.02956,0.05765,0.02809,0,0.03642,0.0189,-0.01752,False,False,-0.2,-0.12581,0.5637635216339422,0.6365710887396007,0.35887555875819
2022-11-19,WSL 2022-2023,Manchester United WFC,1,41,50,88.1,10.7,88.1,17.1,Right,0,4.4,90.0,-0.32,1.6,,incomplete,0.01827,0.03045,0.01218,-1,-0.00504,-0.00557,-0.00053,False,False,-0.2,-0.12581,0.1631564211863534,0.00337911177301189,0.0005513237836732933
2022-11-19,WSL 2022-2023,Manchester United WFC,1,43,28,81.3,85.6,100.0,37.9,Center,0,38.6,-58.8,1.0,5.3,38.6,incomplete,0.01842,0.1051,0.08668,-1,0.03337,0.01939,-0.01398,False,False,-0.2,-0.12581,0.5314567852605169,0.43266858340040004,0.22994465441719844
2023-10-22,WSL 2023-2024,Bristol City WFC,2,93,54,80.5,7.5,85.3,18.4,Right,0,9.0,55.8,-0.194,0.97,,incomplete,0.01102,0.03045,0.01943,1,-0.004,-0.00505,-0.00104,False,False,-0.2,-0.11186,0.179795847251681,0.0036409279910729142,0.0006546237329373155
2023-11-19,WSL 2023-2024,Brighton & Hove Albion WFC,1,12,46,11.9,92.0,7.1,54.8,Center,0,25.8,-101.3,0.274,1.37,12.9,incomplete,0.00349,0.01657,0.01308,1,0.01553,0.01466,-0.00087,False,False,-0.2,-0.11186,0.4436195411609658,0.4939543148813142,0.21912778652212783
2023-11-19,WSL 2023-2024,Brighton & Hove Albion WFC,1,25,3,0.5,0.5,3.1,51.2,Center,1,34.6,85.5,-0.926,4.63,34.6,shot,0.00638,0.01657,0.01019,1,0.08325,0.08319,-6e-05,False,False,0.35,-0.11186,0.4830788628387147,0.7181052139019839,0.34690145013032236
2023-11-19,WSL 2023-2024,Brighton & Hove Albion WFC,1,34,43,22.4,77.3,,32.6,Center,0,39.2,,0.178,0.89,9.8,incomplete,0.00333,,,1,0.00106,0.00096,-0.0001,False,False,-0.2,-0.11186,0.6105541717113875,0.2029598606594207,0.12391798961557123
2023-11-26,WSL 2023-2024,West Ham United WFC,1,1,30,99.5,99.5,93.2,54.6,Center,0,31.2,-102.2,0.9,4.5,15.6,incomplete,0.02956,0.1051,0.07554,0,-0.04961,-0.04942,0.00019,False,False,-0.2,-0.11186,0.5380097678913224,0.564107176908751,0.30349517131450626
2023-11-26,WSL 2023-2024,West Ham United WFC,1,10,47,92.0,83.9,92.6,56.4,Center,0,18.7,-88.1,0.95,4.75,9.35,incomplete,0.04692,0.1051,0.05818,1,0.0529,0.01933,-0.03357,False,False,-0.2,-0.11186,0.3863356857535099,0.4976427191367024,0.19225714115791925
2023-11-26,WSL 2023-2024,West Ham United WFC,2,61,2,0.5,0.5,4.6,44.6,Center,0,30.3,81.8,-0.914,4.57,6.06,incomplete,0.00638,0.01657,0.01019,3,-0.02945,-0.02942,4e-05,False,False,-0.2,-0.11186,0.46543817585013103,0.5963033620152978,0.2775423490697005
2023-12-10,WSL 2023-2024,Chelsea FC Women,1,22,50,89.3,83.8,99.1,29.8,Center,1,38.1,-74.3,0.998,4.99,12.7,cleared,0.03045,0.07512,0.04467,0,0.10673,0.0815,-0.02523,False,False,-0.1,-0.11186,0.6117376876947815,0.24328834602994953,0.1488286502434492
2023-12-10,WSL 2023-2024,Chelsea FC Women,1,30,2,99.5,99.5,94.7,49.9,Center,0,34.1,-98.5,0.912,4.56,11.37,incomplete,0.02956,0.1051,0.07554,0,-0.0067,-0.00646,0.00024,False,False,-0.2,-0.11186,0.5690247433589861,0.6713555681602709,0.3820179298750244
2023-12-10,WSL 2023-2024,Chelsea FC Women,2,71,1,11.0,85.7,9.8,79.7,Right,0,4.3,-107.2,0.254,1.27,,incomplete,0.00506,0.00506,0.0,2,-0.01993,-0.02031,-0.00038,False,False,-0.2,-0.11186,0.21542503337766195,0.006899520952723894,0.0014863295315304227
2023-12-16,WSL 2023-2024,Tottenham Hotspur FCW,1,14,14,5.2,82.7,9.4,57.6,Center,0,17.6,-75.5,0.364,1.82,8.8,incomplete,0.00826,0.00931,0.00105,0,0.04379,0.01579,-0.028,False,False,-0.2,-0.11186,0.3414460479320691,0.43213163928043236,0.1475496404187101
2023-12-16,WSL 2023-2024,Tottenham Hotspur FCW,1,14,47,0.5,0.5,8.3,42.5,Center,1,29.7,74.0,-0.886,4.43,9.9,shot_ot,0.00638,0.01657,0.01019,0,-0.03129,-0.03124,5e-05,False,False,0.6,-0.11186,0.40118056502951194,0.5333994300131201,0.2139894847190831
2023-12-16,WSL 2023-2024,Tottenham Hotspur FCW,1,15,13,33.0,19.2,,65.0,Center,0,47.1,,-1.0,5.56,47.1,incomplete,0.00309,,,0,0.02144,0.01473,-0.00671,False,False,-0.2,-0.11186,0.6610958978053958,0.42907125513809014,0.28365724663800373
2023-12-16,WSL 2023-2024,Tottenham Hotspur FCW,2,71,58,77.1,9.8,90.0,47.6,Center,0,29.1,62.2,-0.218,1.09,29.1,incomplete,0.01102,0.05765,0.04663,-1,0.01478,0.01159,-0.00318,False,False,-0.2,-0.11186,0.3548380073818714,0.5456157708615279,0.19360521292862828
2023-12-16,WSL 2023-2024,Tottenham Hotspur FCW,2,73,42,99.5,99.5,96.3,53.7,Center,1,31.3,-96.2,0.92,4.6,15.65,shot,0.02956,0.1051,0.07554,-1,0.06563,0.06555,-8e-05,False,False,0.35,-0.11186,0.49854773864458735,0.5876672104799888,0.29298015886037115
2023-12-16,WSL 2023-2024,Tottenham Hotspur FCW,2,75,19,99.5,0.5,94.7,48.1,Center,0,32.8,98.9,-0.346,1.73,,incomplete,0.02956,0.1051,0.07554,-1,-0.0825,-0.08231,0.0002,False,False,-0.2,-0.11186,0.4343663842728353,0.5961884959355901,0.2589642413246022
2023-12-16,WSL 2023-2024,Tottenham Hotspur FCW,2,75,25,88.1,7.4,94.4,49.0,Center,1,29.1,76.8,-0.268,1.34,9.7,cleared,0.01827,0.1051,0.08683,-1,0.13371,0.133,-0.00071,False,False,-0.1,-0.11186,0.40023112142582795,0.5907878120348745,0.2364516685354291
2023-12-16,WSL 2023-2024,Tottenham Hotspur FCW,2,86,19,99.5,0.5,94.6,49.1,Center,1,33.4,98.8,-0.346,1.73,16.7,cleared,0.02956,0.1051,0.07554,-1,0.10739,0.10749,0.0001,False,False,-0.1,-0.11186,0.43937757705416963,0.6211283886885046,0.27290988646151565
2023-12-16,WSL 2023-2024,Tottenham Hotspur FCW,2,89,21,71.0,25.6,95.5,51.2,Center,0,31.1,34.1,-0.118,0.59,10.37,incomplete,0.01498,0.1051,0.09012,-1,0.04054,0.02667,-0.01387,False,False,-0.2,-0.11186,0.44311336675438695,0.5618376680708528,0.24895778066830931
2023-12-16,WSL 2023-2024,Tottenham Hotspur FCW,2,96,18,99.5,0.5,94.7,52.7,Center,0,35.9,98.1,-0.342,1.71,11.97,incomplete,0.02956,0.1051,0.07554,-1,-0.01427,-0.01406,0.00022,False,False,-0.2,-0.11186,0.46962479146401076,0.5889319481810034,0.2765770433509973
2024-01-20,WSL 2023-2024,Everton FC,1,13,17,85.7,86.5,98.7,40.4,Center,1,34.2,-66.5,1.0,5.12,11.4,shot,0.03045,0.1051,0.07465,1,0.17172,0.14763,-0.02409,False,False,0.35,-0.11186,0.586983376657734,0.4726760900186024,0.2774530073844943
2024-01-20,WSL 2023-2024,Everton FC,1,24,58,99.7,99.5,94.3,52.7,Center,0,32.3,-100.1,0.908,4.54,,incomplete,0.02956,0.1051,0.07554,0,-0.00176,-0.00151,0.00025,False,False,-0.2,-0.11186,0.5473241581885002,0.6107155722425248,0.3342593864702481
2024-01-20,WSL 2023-2024,Everton FC,1,26,5,99.5,99.5,92.1,54.3,Center,1,31.7,-104.2,0.892,4.46,31.7,shot_ot,0.02956,0.1051,0.07554,0,0.04294,0.04307,0.00014,False,False,0.6,-0.11186,0.5378105586426746,0.5711712707271996,0.30718194019044154
2024-01-20,WSL 2023-2024,Everton FC,1,34,56,93.1,11.4,96.3,34.5,Center,0,16.1,77.9,-0.272,1.36,16.1,incomplete,0.02956,0.07512,0.04556,0,-0.0112,-0.0116,-0.0004,False,False,-0.2,-0.11186,0.29180241377669675,0.23089196819199478,0.06737483364007636
2024-01-20,WSL 2023-2024,Everton FC,1,38,3,99.7,99.6,90.8,50.9,Center,0,34.4,-105.8,0.888,4.44,34.4,incomplete,0.02956,0.05765,0.02809,0,-0.02866,-0.02833,0.00034,False,False,-0.2,-0.11186,0.57000170045531,0.651408732336367,0.37130408512316704
2024-01-20,WSL 2023-2024,Everton FC,1,40,23,99.5,99.5,96.4,60.2,Center,0,26.9,-96.9,0.918,4.59,13.45,incomplete,0.02956,0.1051,0.07554,0,-0.08156,-0.08142,0.00013,False,False,-0.2,-0.11186,0.47269450514898875,0.42514543762452595,0.20096391225427557
2024-01-20,WSL 2023-2024,Everton FC,1,40,41,99.5,99.5,95.3,60.6,Center,1,26.8,-99.5,0.91,4.55,13.4,cleared,0.02956,0.1051,0.07554,0,0.04299,0.04307,8e-05,False,False,-0.1,-0.11186,0.47095787752106516,0.4152544473333606,0.19556735314730245
2024-01-20,WSL 2023-2024,Everton FC,1,50,24,68.0,19.4,90.0,64.2,Center,1,38.2,52.8,-0.184,0.92,6.37,shot,0.01099,0.04262,0.03163,1,0.09724,0.08335,-0.01389,False,False,0.35,-0.11186,0.566905497696175,0.31547055130099927,0.17884198989377972
2024-01-20,WSL 2023-2024,Everton FC,2,54,36,0.5,0.5,7.1,45.7,Center,1,31.5,77.3,-0.898,4.49,5.25,cleared,0.00638,0.01657,0.01019,1,0.05922,0.05931,9e-05,False,False,-0.1,-0.11186,0.4367558560751302,0.6247962035109876,0.2728834007369327
2024-01-28,WSL 2023-2024,Liverpool FCW,1,11,8,6.2,83.5,1.3,13.2,Left,1,48.1,-96.1,0.292,1.46,6.87,cleared,0.00826,0.00826,0.0,0,0.00696,0.006,-0.00096,False,False,-0.1,-0.11186,0.7159121598345671,0.0025805994846338333,0.0018474825507121785
2024-01-28,WSL 2023-2024,Liverpool FCW,1,19,41,0.5,99.5,7.7,43.4,Center,0,38.9,-78.8,0.354,1.77,38.9,incomplete,0.00638,0.01657,0.01019,0,-0.01456,-0.01431,0.00025,False,False,-0.2,-0.11186,0.599007328900093,0.47027801175574796,0.28169997566225713
2024-01-28,WSL 2023-2024,Liverpool FCW,1,21,2,0.5,99.5,4.9,49.6,Center,1,34.2,-82.2,0.342,1.71,34.2,shot,0.00638,0.01657,0.01019,0,0.0177,0.01778,8e-05,False,False,0.35,-0.11186,0.5373691663196746,0.6185867892447044,0.3324094672327911
2024-01-28,WSL 2023-2024,Liverpool FCW,1,30,32,9.9,75.0,9.8,34.3,Center,0,27.7,-90.2,0.314,1.57,13.85,incomplete,0.00506,0.00735,0.00229,0,-0.00276,-0.00297,-0.00021,False,False,-0.2,-0.11186,0.4655080655531612,0.2199527241040468,0.102389767110823
2024-01-28,WSL 2023-2024,Liverpool FCW,1,36,47,0.5,99.5,,57.9,Center,0,28.3,,0.306,1.53,14.15,incomplete,0.00638,,,0,-0.02359,-0.02354,5e-05,False,False,-0.2,-0.11186,0.4543262123050044,0.4137653551443234,0.18798444658575542
2024-01-28,WSL 2023-2024,Liverpool FCW,1,43,55,0.5,99.5,5.7,47.0,Center,1,36.1,-81.3,0.344,1.72,36.1,cleared,0.00638,0.01657,0.01019,0,0.13415,0.13429,0.00013,False,False,-0.1,-0.11186,0.5566820986368339,0.5566555727237614,0.30988019244175224
2024-01-28,WSL 2023-2024,Liverpool FCW,2,58,13,99.4,0.7,86.6,44.0,Center,0,32.4,114.5,-0.4,2.0,,incomplete,0.02956,0.05765,0.02809,0,-0.15683,-0.15641,0.00042,False,False,-0.2,-0.11186,0.45454298040854185,0.5027899458280244,0.2285396404961195
2024-01-28,WSL 2023-2024,Liverpool FCW,2,73,39,85.7,24.9,89.6,44.3,Center,0,13.8,72.8,-0.254,1.27,6.9,incomplete,0.03045,0.05765,0.0272,2,0.0299,0.01618,-0.01372,False,False,-0.2,-0.11186,0.3360442518097226,0.42651105590421096,0.14332658866990533
2024-01-28,WSL 2023-2024,Liverpool FCW,2,79,50,65.0,82.6,84.8,39.4,Center,0,36.0,-54.7,1.0,5.33,18.0,incomplete,0.00725,0.05765,0.0504,2,0.02378,0.01022,-0.01355,False,False,-0.2,-0.11186,0.5704603975944614,0.44983855431271846,0.25661508054655113
2024-02-04,WSL 2023-2024,West Ham United WFC,1,3,23,0.4,0.7,2.4,42.7,Center,0,28.6,85.8,-0.928,4.64,9.53,incomplete,0.00638,0.01657,0.01019,0,-0.10939,-0.10931,8e-05,False,False,-0.2,-0.11186,0.38897682570873376,0.5439677614397029,0.2115908531327014
2024-02-04,WSL 2023-2024,West Ham United WFC,1,4,31,12.7,77.2,12.2,74.1,Center,0,2.2,-104.0,0.266,1.33,,incomplete,0.00506,0.00735,0.00229,0,-0.00777,-0.00842,-0.00064,False,False,-0.2,-0.11186,0.18414972189691242,0.13048917990117836,0.02402954618935817
2024-02-04,WSL 2023-2024,West Ham United WFC,1,19,26,22.8,72.1,4.5,42.1,Center,0,28.0,-133.3,0.164,0.82,28.0,incomplete,0.00455,0.01657,0.01202,0,0.00245,0.00246,1e-05,False,False,-0.2,-0.11186,0.45096187321391373,0.3653983433169047,0.16478072137145208
2024-02-04,WSL 2023-2024,West Ham United WFC,1,19,55,0.5,0.5,0.9,47.2,Center,0,31.8,89.2,-0.94,4.7,31.8,incomplete,0.00638,0.01657,0.01019,0,-0.05606,-0.05595,0.00011,False,False,-0.2,-0.11186,0.42403212671448554,0.670324061259472,0.284238937283745
2024-02-04,WSL 2023-2024,West Ham United WFC,1,23,20,0.5,0.5,2.9,47.9,Center,0,32.3,85.5,-0.926,4.63,16.15,incomplete,0.00638,0.01657,0.01019,0,-0.11004,-0.1099,0.00013,False,False,-0.2,-0.11186,0.4301640505550848,0.6856532954798895,0.29494339886007165
2024-02-04,WSL 2023-2024,West Ham United WFC,1,33,33,7.8,92.7,2.8,55.8,Center,0,25.6,-101.8,0.272,1.36,12.8,incomplete,0.00638,0.01657,0.01019,0,0.01266,0.01187,-0.00079,False,False,-0.2,-0.11186,0.41678800331092575,0.4723052958765772,0.19685118122157463
2024-02-04,WSL 2023-2024,West Ham United WFC,1,35,24,0.5,99.5,4.9,55.5,Center,0,30.3,-81.2,0.344,1.72,30.3,incomplete,0.00638,0.01657,0.01019,0,-0.04226,-0.04222,4e-05,False,False,-0.2,-0.11186,0.48276812043920353,0.5077894157570549,0.2451445418239547
2024-02-17,WSL 2023-2024,Manchester United WFC,1,6,47,90.7,22.2,93.3,50.0,Center,0,19.1,81.8,-0.286,1.43,19.1,incomplete,0.03045,0.1051,0.07465,0,0.00685,0.00593,-0.00091,False,False,-0.2,-0.11186,0.3615792625329247,0.5897628234819529,0.21324600678393998
2024-02-17,WSL 2023-2024,Manchester United WFC,1,7,41,99.5,99.5,97.0,54.5,Center,0,30.7,-94.9,0.926,4.63,6.14,incomplete,0.02956,0.1051,0.07554,0,-0.00356,-0.0034,0.00016,False,False,-0.2,-0.11186,0.5313444144005929,0.5687436182440738,0.3021987447799718
2024-02-17,WSL 2023-2024,Manchester United WFC,1,7,54,80.3,93.2,87.5,57.5,Center,1,25.4,-72.7,1.0,5.01,25.4,shot_ot,0.01102,0.05765,0.04663,0,0.07215,0.07057,-0.00158,False,False,0.6,-0.11186,0.3920538633196028,0.5073933352433848,0.19892551730478739
2024-02-17,WSL 2023-2024,Manchester United WFC,1,17,10,99.5,99.5,97.0,46.1,Center,0,36.4,-94.1,0.928,4.64,18.2,incomplete,0.02956,0.1051,0.07554,-1,-0.12594,-0.12592,3e-05,False,False,-0.2,-0.11186,0.5794969916748623,0.5952003451683096,0.3449168094688751
2024-02-17,WSL 2023-2024,Manchester United WFC,2,66,2,0.5,0.5,5.8,52.5,Center,0,35.8,81.1,-0.912,4.56,11.93,incomplete,0.00638,0.01657,0.01019,1,0.03789,0.02405,-0.01384,False,False,-0.2,-0.11186,0.489151413956116,0.6964576769132007,0.34067325742268395
2024-03-03,WSL 2023-2024,Tottenham Hotspur FCW,1,1,21,94.5,6.1,86.6,44.9,Center,0,27.7,107.5,-0.376,1.88,27.7,incomplete,0.02956,0.05765,0.02809,0,-0.01681,-0.01647,0.00034,False,False,-0.2,-0.11186,0.4191142886818368,0.50656919415904,0.21231038747809733
2024-03-03,WSL 2023-2024,Tottenham Hotspur FCW,1,3,14,99.7,99.8,98.0,50.5,Center,0,33.6,-93.0,0.932,4.66,33.6,incomplete,0.02956,0.1051,0.07554,0,-0.00254,-0.0024,0.00014,False,False,-0.2,-0.11186,0.5707744252035039,0.665485185421357,0.37984192419032226
2024-03-03,WSL 2023-2024,Tottenham Hotspur FCW,1,9,50,99.5,99.5,94.9,43.4,Center,0,38.5,-97.2,0.918,4.59,19.25,incomplete,0.02956,0.1051,0.07554,0,-0.10794,-0.10778,0.00016,False,False,-0.2,-0.11186,0.6298732307405297,0.5336540270807693,0.33613438613505825
2024-03-03,WSL 2023-2024,Tottenham Hotspur FCW,1,17,46,86.1,17.3,100.0,70.5,Center,0,39.6,68.0,-0.23,1.15,13.2,incomplete,0.03045,0.07512,0.04467,0,0.00489,0.0035,-0.00138,False,False,-0.2,-0.11186,0.6081416262072157,0.20793901385992,0.12645637004069651
2024-03-03,WSL 2023-2024,Tottenham Hotspur FCW,1,20,39,81.5,11.3,88.3,61.1,Center,0,34.6,78.1,-0.272,1.36,34.6,incomplete,0.01102,0.05765,0.04663,0,-0.03486,-0.03494,-9e-05,False,False,-0.2,-0.11186,0.4610725921497062,0.38724816813775526,0.17854951668850008
2024-03-03,WSL 2023-2024,Tottenham Hotspur FCW,1,26,37,99.5,99.5,93.4,48.2,Center,0,35.5,-100.4,0.906,4.53,35.5,incomplete,0.02956,0.1051,0.07554,0,-0.04123,-0.041,0.00022,False,False,-0.2,-0.11186,0.5876387814287409,0.6361082863443255,0.37380189824410404
2024-03-03,WSL 2023-2024,Tottenham Hotspur FCW,1,26,50,76.8,87.2,86.0,43.6,Center,0,31.2,-72.0,1.0,5.03,15.6,incomplete,0.01842,0.05765,0.03923,0,-0.00385,-0.00471,-0.00086,False,False,-0.2,-0.11186,0.4634733541772033,0.5305721649486289,0.24590606092180142
2024-03-03,WSL 2023-2024,Tottenham Hotspur FCW,1,37,30,99.5,99.5,90.1,35.8,Center,1,44.4,-102.8,0.898,4.49,44.4,cleared,0.02956,0.04262,0.01306,0,0.05875,0.05888,0.00013,False,False,-0.1,-0.11186,0.6918997759667294,0.3560071929878822,0.24632129707085987
2024-03-03,WSL 2023-2024,Tottenham Hotspur FCW,2,46,36,0.5,99.5,9.6,45.4,Center,0,38.0,-75.4,0.364,1.82,9.5,incomplete,0.00638,0.00931,0.00293,0,-0.08552,-0.08546,6e-05,False,False,-0.2,-0.11186,0.5814648023693149,0.5239389413323692,0.3046520529754141
2024-03-03,WSL 2023-2024,Tottenham Hotspur FCW,2,46,51,10.8,79.1,,14.1,Left,0,45.9,,0.26,1.3,22.95,incomplete,0.00506,,,0,0.09428,0.00467,-0.08961,False,False,-0.2,-0.11186,0.6822775104870079,0.003326736062672422,0.002269757198887491
2024-03-03,WSL 2023-2024,Tottenham Hotspur FCW,2,56,28,19.2,93.6,7.3,45.1,Center,0,35.3,-110.7,0.242,1.21,17.65,incomplete,0.00175,0.01657,0.01482,1,-0.00081,-0.00116,-0.00035,False,False,-0.2,-0.11186,0.5445281002475348,0.48145276246391966,0.26216455810340583
2024-03-03,WSL 2023-2024,Tottenham Hotspur FCW,2,59,57,4.9,77.9,0.8,37.1,Center,1,28.1,-98.8,0.284,1.42,14.05,cleared,0.00826,0.01223,0.00397,1,0.09242,0.09192,-0.0005,False,False,-0.1,-0.11186,0.48823232439861297,0.271143749830564,0.13238114322593228
2024-03-03,WSL 2023-2024,Tottenham Hotspur FCW,2,80,54,0.5,99.5,2.5,43.4,Center,0,38.2,-86.8,0.326,1.63,19.1,incomplete,0.00638,0.01657,0.01019,1,-0.11925,-0.1192,6e-05,False,False,-0.2,-0.11186,0.5965972395751931,0.4618203859463002,0.275520767435113
2024-03-15,WSL 2023-2024,Chelsea FC Women,1,17,3,22.8,79.3,9.8,46.7,Center,0,26.0,-121.6,0.204,1.02,13.0,incomplete,0.00333,0.00931,0.00598,-1,-0.00228,-0.00336,-0.00109,False,False,-0.2,-0.11186,0.39595964898224784,0.48925840459700815,0.19372658614584592
2024-03-15,WSL 2023-2024,Chelsea FC Women,2,53,2,80.8,95.1,94.6,44.2,Center,1,37.5,-67.3,1.0,5.11,12.5,cleared,0.01102,0.1051,0.09408,-3,0.16123,0.14982,-0.01141,False,False,-0.1,-0.11186,0.46665810144622155,0.5721061040358166,0.2669779483351487
2024-03-15,WSL 2023-2024,Chelsea FC Women,2,80,10,78.4,82.1,90.1,58.5,Center,0,20.2,-52.6,1.0,5.37,10.1,incomplete,0.01842,0.05765,0.03923,-3,-0.01356,-0.01439,-0.00082,False,False,-0.2,-0.11186,0.25724318000074503,0.48314691156396605,0.12428624793825337
2024-03-24,WSL 2023-2024,Aston Villa WFC,1,8,12,0.5,0.5,10.3,46.4,Center,0,32.9,71.8,-0.878,4.39,32.9,incomplete,0.00638,0.00931,0.00293,0,-0.0082,-0.00785,0.00035,False,False,-0.2,-0.11186,0.44406437787822284,0.6424139410991193,0.2852731470944777
2024-03-24,WSL 2023-2024,Aston Villa WFC,1,30,41,0.5,0.5,7.3,57.9,Center,0,39.7,79.6,-0.906,4.53,39.7,incomplete,0.00638,0.01657,0.01019,0,-0.01048,-0.01024,0.00024,False,False,-0.2,-0.11186,0.5261349383729029,0.6053418202232778,0.31849148127771515
2024-03-24,WSL 2023-2024,Aston Villa WFC,1,33,38,0.5,0.5,4.4,50.3,Center,0,34.1,83.1,-0.918,4.59,11.37,incomplete,0.00638,0.01657,0.01019,0,-0.00427,-0.00411,0.00016,False,False,-0.2,-0.11186,0.4513754777771019,0.7303498792776421,0.32966202570339437
2024-03-24,WSL 2023-2024,Aston Villa WFC,2,46,46,96.6,5.2,94.8,42.7,Center,0,25.6,94.2,-0.328,1.64,25.6,incomplete,0.02956,0.1051,0.07554,-1,0.00666,0.0069,0.00024,False,False,-0.2,-0.11186,0.3616632627658616,0.4405290704532687,0.15932318096334128
2024-03-24,WSL 2023-2024,Aston Villa WFC,2,66,35,79.8,25.0,93.2,56.0,Center,1,25.3,56.3,-0.196,0.98,8.43,shot_ot,0.02471,0.1051,0.08039,0,0.08409,0.08407,-2e-05,False,False,0.6,-0.11186,0.3842475185858617,0.45236035561608484,0.17381834415209857
2024-03-24,WSL 2023-2024,Aston Villa WFC,2,72,12,87.0,13.2,98.0,49.9,Center,0,27.5,65.2,-0.228,1.14,9.17,incomplete,0.03045,0.1051,0.07465,0,0.0118,0.01099,-0.00082,False,False,-0.2,-0.11186,0.423801474319748,0.5989907381297634,0.25385315792326785
2024-03-24,WSL 2023-2024,Aston Villa WFC,2,74,16,99.5,99.5,94.0,47.6,Center,1,35.8,-99.3,0.91,4.55,35.8,cleared,0.02956,0.1051,0.07554,0,0.01593,0.01595,3e-05,False,False,-0.1,-0.11186,0.5798456696416608,0.6240868145923518,0.3618740369218333
2024-04-14,WSL 2023-2024,Bristol City WFC,1,18,46,99.5,99.5,91.5,39.2,Center,1,41.9,-101.6,0.902,4.51,5.99,cleared,0.02956,0.05765,0.02809,1,-0.04134,-0.04134,0.0,False,False,-0.1,-0.11186,0.6883503296014489,0.4335505748864396,0.29843468112197835
2024-04-14,WSL 2023-2024,Bristol City WFC,2,53,58,0.5,0.5,9.4,43.4,Center,1,30.6,72.2,-0.88,4.4,15.3,shot_ot,0.00638,0.00931,0.00293,1,0.05536,0.05554,0.00018,False,False,0.6,-0.11186,0.42630080704496776,0.5588733009592498,0.23824813923481333
2024-04-14,WSL 2023-2024,Bristol City WFC,2,54,4,13.9,24.0,12.5,28.2,Center,0,3.2,117.2,-1.0,5.19,1.6,incomplete,0.00506,0.00735,0.00229,1,0.18006,0.00768,-0.17238,False,False,-0.2,-0.11186,0.19852714861356963,0.16965259499125873,0.03368064593850736
2024-04-21,WSL 2023-2024,Leicester City FC,1,2,36,95.9,9.5,94.1,42.1,Center,0,22.2,94.9,-0.332,1.66,11.1,incomplete,0.02956,0.1051,0.07554,0,0.00534,0.0056,0.00026,False,False,-0.2,-0.11186,0.36402518101859993,0.416531473688721,0.15162794510948086
2024-04-21,WSL 2023-2024,Leicester City FC,1,11,30,99.5,99.5,92.4,65.4,Center,0,24.4,-107.8,0.88,4.4,6.1,incomplete,0.02956,0.07512,0.04556,0,-0.07741,-0.07753,-0.00012,False,False,-0.2,-0.11186,0.4453635595946767,0.3073972696294647,0.136903542211863
2024-04-21,WSL 2023-2024,Leicester City FC,1,31,40,99.5,99.5,94.0,60.9,Center,0,26.9,-102.4,0.9,4.5,8.97,incomplete,0.02956,0.1051,0.07554,1,-0.00112,-0.00106,6e-05,False,False,-0.2,-0.11186,0.4976458842782647,0.40826763358165563,0.20317270753593758
2024-04-21,WSL 2023-2024,Leicester City FC,1,34,11,99.5,99.5,96.9,41.0,Center,0,39.9,-93.9,0.928,4.64,7.98,incomplete,0.02956,0.1051,0.07554,1,-0.05776,-0.05767,9e-05,False,False,-0.2,-0.11186,0.6629930782947683,0.4825883404720271,0.31995272939871294
2024-04-21,WSL 2023-2024,Leicester City FC,2,55,1,16.2,10.1,7.6,50.7,Center,0,29.0,108.1,-1.0,5.03,14.5,incomplete,0.00349,0.01657,0.01308,1,0.04259,0.02151,-0.02108,False,False,-0.2,-0.11186,0.4228158440434342,0.7270494623717116,0.3074080320940203
2024-04-21,WSL 2023-2024,Leicester City FC,2,57,38,13.9,96.3,12.0,88.6,Right,0,5.6,-110.9,0.242,1.21,,incomplete,0.00349,0.00349,0.0,1,-0.00671,-0.00913,-0.00242,False,False,-0.2,-0.11186,0.2028587593421401,0.0033434565822287954,0.0006782494541852454
2024-04-21,WSL 2023-2024,Leicester City FC,2,62,51,0.5,0.5,3.6,50.9,Center,0,34.4,84.6,-0.924,4.62,6.88,incomplete,0.00638,0.01657,0.01019,1,-0.07413,-0.07411,2e-05,False,False,-0.2,-0.11186,0.4711947653692532,0.7222050740347892,0.3402992504083066
2024-04-21,WSL 2023-2024,Leicester City FC,2,63,2,24.2,9.8,,64.2,Center,0,45.4,,-1.0,5.33,15.13,incomplete,0.00175,,,1,-0.00189,-0.00316,-0.00127,False,False,-0.2,-0.11186,0.6219825042654218,0.4347820054331571,0.27042680054885726
2024-04-21,WSL 2023-2024,Leicester City FC,2,71,29,9.5,94.1,13.9,61.1,Center,1,22.9,-78.4,0.354,1.77,7.63,cleared,0.00349,0.00931,0.00582,1,0.05873,0.05906,0.00034,False,False,-0.1,-0.11186,0.3968025758530421,0.37581768518142455,0.14912542553111693
2024-04-21,WSL 2023-2024,Leicester City FC,2,83,58,27.0,92.1,23.9,83.0,Right,0,7.0,-117.7,0.218,1.09,7.0,incomplete,0.00172,0.00333,0.00161,3,-0.01284,-0.01233,0.00051,False,False,-0.2,-0.11186,0.23448789633113384,0.0052371693151956,0.0012280528154501812
2024-04-21,WSL 2023-2024,Leicester City FC,2,86,14,33.7,72.1,11.1,44.8,Center,0,30.1,-142.0,0.132,0.66,15.05,incomplete,0.00404,0.00931,0.00527,3,0.02928,0.01559,-0.01369,False,False,-0.2,-0.11186,0.516239041272389,0.4351358602801221,0.2246341193342464
2024-04-21,WSL 2023-2024,Leicester City FC,2,90,51,0.5,0.5,8.5,50.9,Center,0,35.3,76.2,-0.894,4.47,17.65,incomplete,0.00638,0.00931,0.00293,3,-0.0475,-0.04729,0.00022,False,False,-0.2,-0.11186,0.5247088043554037,0.7193795812723146,0.37746479996708715
2024-04-21,WSL 2023-2024,Leicester City FC,2,94,37,0.5,0.5,8.2,50.7,Center,0,35.1,76.7,-0.896,4.48,8.78,incomplete,0.00638,0.01657,0.01019,3,-0.00141,-0.00149,-8e-05,False,False,-0.2,-0.11186,0.5209731819361806,0.7225335243018605,0.3764205892111029
2024-04-28,WSL 2023-2024,Everton FC,1,9,27,0.5,0.5,9.3,49.4,Center,0,34.5,74.5,-0.888,4.44,8.62,incomplete,0.00638,0.00931,0.00293,0,-0.11873,-0.1185,0.00023,False,False,-0.2,-0.11186,0.46414845003128197,0.7183531411979126,0.3334224970621138
2024-04-28,WSL 2023-2024,Everton FC,1,11,13,0.5,0.5,5.6,43.1,Center,0,29.5,79.5,-0.906,4.53,9.83,incomplete,0.00638,0.01657,0.01019,0,0.1184,0.02124,-0.09717,False,False,-0.2,-0.11186,0.3984138294326174,0.5528599955318094,0.22026706795992793
2024-04-28,WSL 2023-2024,Everton FC,2,50,0,99.5,99.5,94.7,48.7,Center,1,34.9,-98.3,0.914,4.57,6.98,shot_ot,0.02956,0.1051,0.07554,0,0.18426,0.17032,-0.01394,False,False,0.6,-0.11186,0.5744549317862586,0.647428877424921,0.37191871161758694
2024-04-28,WSL 2023-2024,Everton FC,2,65,57,93.4,27.9,96.1,89.1,Left,0,41.7,86.1,-0.3,1.5,,incomplete,0.07512,0.02956,-0.04556,0,-0.04258,-0.04318,-0.0006,False,False,-0.2,-0.11186,0.6538824121768213,0.005204177084199187,0.0034029198652115004
2024-04-28,WSL 2023-2024,Everton FC,2,92,54,93.4,5.5,82.7,68.2,Center,1,44.1,104.8,-0.366,1.83,7.35,cleared,0.02956,0.02471,-0.00485,1,0.0636,0.04669,-0.01691,False,False,-0.1,-0.11186,0.6288689642468583,0.32466502260478924,0.20417175649265668
2024-04-28,WSL 2023-2024,Everton FC,2,97,50,88.1,6.1,94.9,37.7,Center,0,22.6,71.6,-0.25,1.25,4.52,incomplete,0.01827,0.1051,0.08683,0,-0.00395,-0.00387,8e-05,False,False,-0.2,-0.11186,0.33466347484533615,0.3026190485806332,0.1012755423523843
2024-05-05,WSL 2023-2024,Manchester City WFC,1,12,43,13.3,86.2,10.7,44.2,Center,1,28.7,-95.5,0.296,1.48,9.57,cleared,0.00506,0.00931,0.00425,0,0.19755,0.10542,-0.09213,False,False,-0.1,-0.11186,0.4638362668351166,0.4497582888049413,0.2086142056574342
2024-05-05,WSL 2023-2024,Manchester City WFC,1,44,10,14.1,77.2,9.3,67.2,Center,0,8.5,-126.5,0.186,0.93,4.25,incomplete,0.00506,0.00735,0.00229,-1,-0.02431,-0.02486,-0.00055,False,False,-0.2,-0.11186,0.21128703251617942,0.21035297737557807,0.044444856370628914
2024-05-05,WSL 2023-2024,Manchester City WFC,1,45,25,11.7,92.0,5.4,60.6,Center,0,22.4,-107.2,0.254,1.27,5.6,incomplete,0.00349,0.01657,0.01308,-1,0.01983,0.01465,-0.00518,False,False,-0.2,-0.11186,0.34723987615290586,0.3639287643472641,0.12637057906042407
2024-05-05,WSL 2023-2024,Manchester City WFC,2,45,49,99.5,99.5,92.5,49.0,Center,0,35.1,-102.1,0.9,4.5,8.78,incomplete,0.02956,0.1051,0.07554,-1,-0.00463,-0.00435,0.00028,False,False,-0.2,-0.11186,0.5542834976636046,0.6518132460273662,0.3612893258315162
2024-05-05,WSL 2023-2024,Manchester City WFC,2,46,8,81.0,92.3,85.5,63.1,Center,1,20.4,-76.6,0.99,4.95,6.8,cleared,0.01102,0.04262,0.0316,-1,0.05909,0.05826,-0.00083,False,False,-0.1,-0.11186,0.30199787407352174,0.3710677302812919,0.11206166568223713
2024-05-05,WSL 2023-2024,Manchester City WFC,2,52,49,86.9,27.1,92.9,50.3,Center,0,17.0,68.2,-0.238,1.19,8.5,incomplete,0.04262,0.1051,0.06248,-1,-0.02693,-0.02691,1e-05,False,False,-0.2,-0.11186,0.3226000511973693,0.5670251543855567,0.1829223438349768
2024-05-05,WSL 2023-2024,Manchester City WFC,2,74,44,72.2,22.2,88.4,48.7,Center,0,24.8,46.7,-0.162,0.81,8.27,incomplete,0.01099,0.05765,0.04666,-1,0.02971,0.01606,-0.01365,False,False,-0.2,-0.11186,0.3512098703670645,0.5482509418664624,0.1925511422215413
2024-05-05,WSL 2023-2024,Manchester City WFC,2,75,12,99.5,99.5,90.9,59.1,Center,0,28.9,-108.2,0.878,4.39,7.22,incomplete,0.02956,0.05765,0.02809,-1,-0.11597,-0.11578,0.0002,False,False,-0.2,-0.11186,0.46432307215678104,0.45265297531822163,0.21017722012066425
2024-05-05,WSL 2023-2024,Manchester City WFC,2,75,19,90.4,82.9,98.0,52.1,Center,0,22.4,-69.1,1.0,5.08,11.2,incomplete,0.03045,0.1051,0.07465,-1,0.06639,0.02621,-0.04018,False,False,-0.2,-0.11186,0.3735593201555147,0.6175250849083534,0.23068225089734098
2024-05-05,WSL 2023-2024,Manchester City WFC,2,84,36,93.2,26.8,100.0,71.8,Center,0,31.5,76.9,-0.266,1.33,,incomplete,0.07512,0.07512,0.0,-1,-0.01641,-0.01703,-0.00061,False,False,-0.2,-0.11186,0.4945644893752658,0.1811742407718103,0.08960234587526182
2024-05-05,WSL 2023-2024,Manchester City WFC,2,88,29,99.5,0.5,87.5,53.1,Center,1,37.9,109.4,-0.382,1.91,37.9,cleared,0.02956,0.05765,0.02809,-1,0.02942,0.02966,0.00024,False,False,-0.1,-0.11186,0.4958583714701208,0.5961662599342609,0.29561403077643533
2024-05-05,WSL 2023-2024,Manchester City WFC,2,90,54,79.4,9.1,86.7,40.3,Center,0,22.6,70.1,-0.244,1.22,7.53,incomplete,0.01102,0.05765,0.04663,0,0.00809,0.00496,-0.00313,False,False,-0.2,-0.11186,0.29281890860112886,0.35126693398134445,0.10285760023608206
2024-05-18,WSL 2023-2024,Brighton & Hove Albion WFC,1,9,30,99.5,99.5,80.9,61.8,Center,1,32.2,-127.3,0.812,4.06,8.05,cleared,0.02956,0.03121,0.00165,0,0.17026,0.05084,-0.11941,False,False,-0.1,-0.11186,0.5443612375905216,0.4297049096758813,0.23391469642988605
2024-05-18,WSL 2023-2024,Brighton & Hove Albion WFC,1,15,24,92.2,24.6,97.4,100.0,Left,0,52.2,83.9,-0.294,1.47,17.4,incomplete,0.04692,0.02956,-0.01736,0,-0.02862,-0.02909,-0.00047,False,False,-0.2,-0.11186,0.7674799927302001,0.00241934932777079,0.0018568022044893402
2024-05-18,WSL 2023-2024,Brighton & Hove Albion WFC,1,46,23,81.8,9.4,88.9,39.4,Center,1,21.7,69.9,-0.244,1.22,7.23,cleared,0.01102,0.05765,0.04663,2,0.0828,0.08197,-0.00084,False,False,-0.1,-0.11186,0.33358814647365315,0.3301048876532259,0.11011907761413313
2024-05-18,WSL 2023-2024,Brighton & Hove Albion WFC,1,47,2,83.4,10.4,98.7,73.8,Center,1,46.0,69.6,-0.242,1.21,11.5,completed,0.01827,0.07512,0.05685,2,0.06282,0.05923,-0.00359,False,False,0.15,-0.11186,0.6452290225339381,0.17971650333282493,0.11595830377865586
2024-05-18,WSL 2023-2024,Brighton & Hove Albion WFC,2,66,41,0.5,0.5,4.3,53.3,Center,1,36.1,83.7,-0.92,4.6,4.51,cleared,0.00638,0.01657,0.01019,3,0.00477,0.00481,5e-05,False,True,-0.1,-0.11186,0.5399193940381123,0.6846488202277925,0.3696551761462982
2024-05-18,WSL 2023-2024,Brighton & Hove Albion WFC,2,72,3,4.4,75.3,2.2,54.8,Center,0,14.1,-99.4,0.282,1.41,2.82,incomplete,0.00826,0.01657,0.00831,2,0.01781,0.01634,-0.00147,False,False,-0.2,-0.11186,0.33509638744788006,0.46109888470093213,0.15451257051952894
2024-05-18,WSL 2023-2024,Brighton & Hove Albion WFC,2,95,50,15.7,91.1,3.9,40.9,Center,0,36.3,-109.9,0.244,1.22,9.07,incomplete,0.00349,0.01657,0.01308,3,0.00751,0.00655,-0.00096,False,False,-0.2,-0.11186,0.6008379823046157,0.37404508629517985,0.22474049494055173
2024-05-18,WSL 2023-2024,Brighton & Hove Albion WFC,2,98,4,0.5,99.5,13.0,44.8,Center,0,39.4,-70.6,0.382,1.91,9.85,incomplete,0.00638,0.00931,0.00293,3,-0.08508,-0.08466,0.00042,False,False,-0.2,-0.11186,0.6541612845234653,0.5159418616697717,0.33750919096932597
2024-05-18,WSL 2023-2024,Brighton & Hove Albion WFC,2,98,13,16.6,85.0,3.6,34.8,Center,1,36.8,-111.8,0.238,1.19,,cleared,0.00506,0.01223,0.00717,3,0.08796,0.08639,-0.00156,False,False,-0.1,-0.11186,0.611524557814112,0.23629113685148792,0.14449783297849997
2024-09-29,WSL 2024-2025,Leicester City FC,1,6,57,30.9,71.5,10.3,52.8,Center,0,25.1,-149.5,0.106,0.53,25.1,incomplete,0.00405,0.00931,0.00526,0,0.031,0.0173,-0.01371,False,False,-0.2,-0.10597,0.4041340652610362,0.49699040359988367,0.2008507522025441
2024-09-29,WSL 2024-2025,Leicester City FC,1,11,5,22.1,15.9,5.1,57.6,Center,1,33.5,122.2,-1.0,5.27,11.17,shot,0.00333,0.01657,0.01324,0,0.12059,0.12068,9e-05,False,False,0.35,-0.10597,0.48795318055237524,0.624060904917422,0.3045125034128495
2024-09-29,WSL 2024-2025,Leicester City FC,1,15,14,19.5,17.0,6.3,45.5,Center,0,23.8,125.6,-1.0,5.33,5.95,incomplete,0.00333,0.01657,0.01324,0,0.00423,0.00446,0.00023,False,False,-0.2,-0.10597,0.3708886607821364,0.6323360822742642,0.23452628271892467
2024-09-29,WSL 2024-2025,Leicester City FC,1,21,1,2.8,76.1,4.6,58.5,Center,0,12.1,-81.0,0.346,1.73,12.1,incomplete,0.00826,0.01657,0.00831,0,0.03496,0.0204,-0.01456,False,False,-0.2,-0.10597,0.28702147491119184,0.39460817124336434,0.1132610193222786
2024-09-29,WSL 2024-2025,Leicester City FC,1,26,58,24.6,20.6,8.0,41.2,Center,0,22.4,141.2,-1.0,5.61,11.2,incomplete,0.00333,0.01657,0.01324,0,-0.00164,-0.00138,0.00026,False,False,-0.2,-0.10597,0.36070447521870064,0.527512878146446,0.1902762558829202
2024-09-29,WSL 2024-2025,Leicester City FC,1,41,1,0.5,0.5,5.4,50.0,Center,0,34.1,81.3,-0.912,4.56,8.53,incomplete,0.00638,0.01657,0.01019,0,0.03954,0.0257,-0.01384,False,False,-0.2,-0.10597,0.44966822964460296,0.7341959823521116,0.3301446075964542
2024-09-29,WSL 2024-2025,Leicester City FC,2,45,49,99.7,99.3,91.2,53.8,Center,0,32.2,-106.1,0.886,4.43,16.1,incomplete,0.02956,0.05765,0.02809,0,0.01855,0.0125,-0.00605,False,False,-0.2,-0.10597,0.5395010162142555,0.582782858757882,0.3144119445321263
2024-09-29,WSL 2024-2025,Leicester City FC,2,49,58,99.5,99.5,98.0,50.6,Center,0,33.3,-92.7,0.934,4.67,8.32,incomplete,0.02956,0.1051,0.07554,0,-0.04969,-0.04955,0.00014,False,False,-0.2,-0.10597,0.5550937094639651,0.6629433691365345,0.36799569393853765
2024-10-06,WSL 2024-2025,Everton FC,1,8,50,99.5,99.5,92.1,56.0,Center,0,30.6,-104.7,0.892,4.46,30.6,incomplete,0.02956,0.1051,0.07554,0,-0.03489,-0.03465,0.00025,False,False,-0.2,-0.10597,0.5279680640342983,0.5295584967772283,0.27958997433638644
2024-10-06,WSL 2024-2025,Everton FC,1,32,10,99.5,99.5,89.8,44.5,Center,1,38.8,-105.2,0.89,4.45,12.93,cleared,0.02956,0.05765,0.02809,0,0.03164,0.03181,0.00018,False,False,-0.1,-0.10597,0.626704843663728,0.5526259441077345,0.34633335590655784
2024-10-06,WSL 2024-2025,Everton FC,1,34,11,99.8,99.9,89.8,54.2,Center,1,32.8,-108.7,0.878,4.39,32.8,shot_ot,0.02956,0.05765,0.02809,0,0.01364,0.01357,-7e-05,False,False,0.6,-0.10597,0.5500235769430015,0.5744845573529416,0.3159800511337818
2024-10-06,WSL 2024-2025,Everton FC,1,42,57,99.8,99.6,94.2,51.5,Center,0,33.2,-100.2,0.906,4.53,4.74,incomplete,0.02956,0.1051,0.07554,0,-0.06294,-0.06273,0.0002,False,False,-0.2,-0.10597,0.5546010976592701,0.638828869954536,0.35429519249321684
2024-10-06,WSL 2024-2025,Everton FC,2,50,33,14.6,77.5,4.1,53.9,Center,0,19.5,-124.5,0.194,0.97,6.5,incomplete,0.00506,0.01657,0.01151,0,-0.00932,-0.0101,-0.00078,False,False,-0.2,-0.10597,0.3422990954411229,0.4765664757817936,0.16312827357767176
2024-10-06,WSL 2024-2025,Everton FC,2,60,51,27.7,17.9,13.8,43.7,Center,0,22.8,129.8,-1.0,5.41,11.4,incomplete,0.00309,0.00931,0.00622,0,0.02772,0.01209,-0.01564,False,False,-0.2,-0.10597,0.3426185158301905,0.5871420188864755,0.20116572709242592
2024-10-06,WSL 2024-2025,Everton FC,2,64,28,26.4,94.4,11.4,53.9,Center,1,31.7,-119.8,0.21,1.05,15.85,cleared,0.00172,0.00931,0.00759,0,0.07968,0.0798,0.00012,False,False,-0.1,-0.10597,0.4606661606103685,0.516139986309623,0.2377682258307422
2024-10-06,WSL 2024-2025,Everton FC,2,67,8,15.6,6.5,13.5,52.1,Center,0,31.1,94.1,-0.956,4.78,7.78,incomplete,0.00349,0.00931,0.00582,0,0.0023,0.0022,-0.0001,False,False,-0.2,-0.10597,0.41073275185298624,0.7000807617069708,0.2875460977752388
2024-10-06,WSL 2024-2025,Everton FC,2,70,44,0.5,0.7,1.9,50.0,Center,0,33.6,87.5,-0.934,4.67,8.4,incomplete,0.00638,0.01657,0.01019,0,-0.00258,-0.00245,0.00014,False,False,-0.2,-0.10597,0.43571828503378185,0.7365661422586811,0.32093533631890114
2024-10-06,WSL 2024-2025,Everton FC,2,72,2,26.3,9.4,7.2,62.6,Center,0,41.4,119.0,-1.0,5.22,13.8,incomplete,0.00172,0.01223,0.01051,0,-0.00344,-0.00425,-0.0008,False,False,-0.2,-0.10597,0.5415483907935298,0.544858770014033,0.29506739011084154
2024-10-06,WSL 2024-2025,Everton FC,2,73,50,6.0,24.4,12.0,59.4,Center,1,24.6,75.2,-0.89,4.45,8.2,cleared,0.00826,0.00931,0.00105,0,0.04055,0.04071,0.00015,False,False,-0.1,-0.10597,0.4223632754379808,0.528354608529442,0.22315758305124725
2024-10-06,WSL 2024-2025,Everton FC,2,77,26,0.5,0.5,3.9,47.0,Center,0,31.8,83.6,-0.92,4.6,15.9,incomplete,0.00638,0.01657,0.01019,0,0.04017,0.02628,-0.01389,False,False,-0.2,-0.10597,0.4107132665643217,0.6619014942655258,0.27185172485359976
2024-10-06,WSL 2024-2025,Everton FC,2,92,44,9.4,92.7,10.8,47.5,Center,1,30.8,-87.3,0.324,1.62,10.27,shot,0.00349,0.00931,0.00582,0,0.10323,0.10187,-0.00136,False,False,0.35,-0.10597,0.4701758096876373,0.550601306190613,0.2588794149532421
2024-10-12,WSL 2024-2025,Chelsea FC Women,1,13,12,99.5,99.5,95.9,52.2,Center,0,32.4,-96.7,0.92,4.6,16.2,incomplete,0.02956,0.1051,0.07554,-1,-0.03659,-0.03652,7e-05,False,False,-0.2,-0.10597,0.5281854103563757,0.6239512075934951,0.32956192462512635
2024-10-12,WSL 2024-2025,Chelsea FC Women,1,21,23,99.5,99.5,97.6,46.0,Center,0,36.4,-93.1,0.932,4.66,12.13,incomplete,0.02956,0.1051,0.07554,-2,-0.04578,-0.04583,-5e-05,False,False,-0.2,-0.10597,0.5554874373520985,0.5937389372448761,0.3298145207063147
2024-10-12,WSL 2024-2025,Chelsea FC Women,1,37,6,99.5,99.5,89.3,56.1,Center,1,31.4,-109.9,0.872,4.36,10.47,shot,0.02956,0.05765,0.02809,-2,0.16112,0.10484,-0.05628,False,False,0.35,-0.10597,0.4827675677979479,0.5272253471656252,0.25452729853257755
2024-10-12,WSL 2024-2025,Chelsea FC Women,2,55,26,0.4,0.7,6.4,44.4,Center,0,30.4,78.0,-0.9,4.5,7.6,incomplete,0.00638,0.01657,0.01019,-1,-0.04304,-0.04282,0.00022,False,False,-0.2,-0.10597,0.37783875746637774,0.5886541894663561,0.2224163675253457
2024-10-20,WSL 2024-2025,West Ham United WFC,2,61,11,99.5,99.5,93.7,60.5,Center,0,27.2,-102.9,0.898,4.49,4.53,incomplete,0.02956,0.1051,0.07554,0,-0.13671,-0.13661,0.0001,False,False,-0.2,-0.10597,0.47024651650666793,0.41787846437095655,0.19650589219359807
2024-11-03,WSL 2024-2025,Manchester United WFC,2,46,32,99.1,18.9,95.2,39.5,Center,0,14.6,106.3,-0.372,1.86,,incomplete,0.04692,0.1051,0.05818,0,-0.00434,-0.00449,-0.00015,False,False,-0.2,-0.10597,0.2943800206039563,0.34419608735388507,0.10132445128703783
2024-11-03,WSL 2024-2025,Manchester United WFC,2,66,23,97.4,18.6,92.7,49.6,Center,1,21.6,103.2,-0.36,1.8,21.6,cleared,0.04692,0.1051,0.05818,1,0.1378,0.13682,-0.00098,False,False,-0.1,-0.10597,0.3909679447326236,0.6027311305675054,0.23564855134434817
2024-11-03,WSL 2024-2025,Manchester United WFC,2,91,34,99.5,99.5,92.9,44.6,Center,0,38.0,-100.5,0.906,4.53,12.67,incomplete,0.02956,0.1051,0.07554,0,-0.04168,-0.04144,0.00024,False,False,-0.2,-0.10597,0.6033976910317678,0.5578525598959221,0.33660694657736034
2024-11-03,WSL 2024-2025,Manchester United WFC,2,96,12,99.5,99.5,93.2,51.5,Center,0,33.3,-101.5,0.902,4.51,33.3,incomplete,0.02956,0.1051,0.07554,0,-0.03606,-0.0358,0.00025,False,False,-0.2,-0.10597,0.5415882351482741,0.6384325496306307,0.3457675578156662
2024-11-08,WSL 2024-2025,Brighton & Hove Albion WFC,1,34,32,99.5,99.8,89.9,49.1,Center,1,35.9,-106.3,0.886,4.43,8.97,shot,0.02956,0.05765,0.02809,3,0.13433,0.12049,-0.01384,False,False,0.35,-0.10597,0.6563659350018721,0.6532182583238153,0.4287502128850055
2024-11-08,WSL 2024-2025,Brighton & Hove Albion WFC,1,39,58,83.8,15.5,96.9,54.8,Center,0,30.1,62.8,-0.22,1.1,10.03,incomplete,0.03045,0.1051,0.07465,3,0.01442,0.01322,-0.0012,False,False,-0.2,-0.10597,0.4851854694527136,0.4971272837907339,0.24119893456375963
2024-12-08,WSL 2024-2025,Aston Villa WFC,1,27,26,84.1,15.5,91.4,49.0,Center,0,24.0,71.4,-0.25,1.25,6.0,incomplete,0.03045,0.05765,0.0272,1,0.00199,0.00033,-0.00166,False,False,-0.2,-0.10597,0.36282423049616336,0.5721510314838597,0.20759025772571754
2024-12-08,WSL 2024-2025,Aston Villa WFC,2,46,21,8.3,83.0,3.6,47.0,Center,0,25.0,-101.4,0.274,1.37,8.33,incomplete,0.00826,0.01657,0.00831,2,0.02286,0.02102,-0.00184,False,False,-0.2,-0.10597,0.4630320486883155,0.5090715768652957,0.23571645516492915
2024-12-08,WSL 2024-2025,Aston Villa WFC,2,62,53,8.2,89.3,8.0,56.0,Center,1,22.6,-90.5,0.312,1.56,5.65,cleared,0.00638,0.01657,0.01019,2,0.11865,0.11838,-0.00027,False,False,-0.1,-0.10597,0.42266667029403454,0.4681051401645038,0.19785244094085314
2024-12-08,WSL 2024-2025,Aston Villa WFC,2,68,31,4.6,75.4,8.4,48.2,Center,0,18.9,-77.8,0.356,1.78,9.45,incomplete,0.00826,0.00931,0.00105,2,0.1199,0.01987,-0.10003,False,False,-0.2,-0.10597,0.39778745806441707,0.5413784523553621,0.2153535584132876
2024-12-15,WSL 2024-2025,Liverpool FCW,1,27,18,0.5,0.5,4.2,44.5,Center,0,30.2,82.6,-0.916,4.58,,incomplete,0.00638,0.01657,0.01019,1,-0.00347,-0.00335,0.00012,False,False,-0.2,-0.10597,0.4258219854940631,0.5938580644803797,0.25287782011869664
2025-01-19,WSL 2024-2025,Crystal Palace Women FC,1,10,25,84.1,7.0,93.6,50.0,Center,0,30.9,71.2,-0.248,1.24,7.72,incomplete,0.01827,0.1051,0.08683,1,0.01244,0.01211,-0.00033,False,False,-0.2,-0.10597,0.4255962016932729,0.615216471261197,0.261833793387904
2025-01-19,WSL 2024-2025,Crystal Palace Women FC,1,21,17,91.4,15.8,91.5,23.9,Center,0,5.5,88.9,-0.31,1.55,2.75,incomplete,0.03045,0.03045,0.0,1,0.00384,0.00019,-0.00365,False,False,-0.2,-0.10597,0.21553764666695377,0.08043696987525824,0.017337195191933816
2025-01-19,WSL 2024-2025,Crystal Palace Women FC,2,55,17,13.4,74.1,2.6,33.1,Center,1,30.1,-112.1,0.236,1.18,7.53,cleared,0.00735,0.01223,0.00488,1,0.06574,0.06512,-0.00061,False,False,-0.1,-0.10597,0.5066523065572409,0.19194378699951514,0.0972487624126361
2025-01-26,WSL 2024-2025,Chelsea FC Women,1,28,36,0.3,0.4,2.4,44.9,Center,0,30.3,85.8,-0.928,4.64,10.1,incomplete,0.00638,0.01657,0.01019,0,-0.07366,-0.07382,-0.00015,False,False,-0.2,-0.10597,0.40309697251934173,0.6067884393691801,0.24459458286945265
2025-02-02,WSL 2024-2025,Manchester City WFC,2,77,13,86.9,19.5,91.9,50.7,Center,1,21.9,76.1,-0.266,1.33,21.9,goal,0.03045,0.1051,0.07465,0,0.14089,0.13559,-0.0053,True,False,1.0,-0.10597,0.370912400488498,0.5781077439893385,0.2144273310640756
2025-03-02,WSL 2024-2025,West Ham United WFC,2,97,21,0.5,0.5,8.2,48.2,Center,0,33.4,76.0,-0.894,4.47,11.13,incomplete,0.00638,0.01657,0.01019,1,-0.04192,-0.04162,0.00029,False,False,-0.2,-0.10597,0.45083267696349916,0.6896868201398709,0.31093335539010136
2025-03-14,WSL 2024-2025,Everton FC,2,96,49,92.2,18.3,93.9,46.0,Center,0,18.9,84.6,-0.296,1.48,6.3,incomplete,0.04692,0.1051,0.05818,0,0.01926,0.01598,-0.00328,False,False,-0.2,-0.10597,0.32715919856099024,0.4941508267676068,0.16166598845354097
2025-03-22,WSL 2024-2025,Liverpool FCW,2,76,11,10.7,87.2,5.8,54.8,Center,0,22.6,-103.1,0.268,1.34,22.6,incomplete,0.00506,0.01657,0.01151,0,0.00803,0.00695,-0.00108,False,False,-0.2,-0.10597,0.3710398951632509,0.48320127112560246,0.17928694898119313
2025-03-22,WSL 2024-2025,Liverpool FCW,2,84,16,6.0,80.0,4.8,63.1,Center,0,11.6,-96.3,0.292,1.46,11.6,incomplete,0.00826,0.01223,0.00397,0,-0.00289,-0.00375,-0.00086,False,False,-0.2,-0.10597,0.25939330661044124,0.29773981808527267,0.07723171592273013
2025-03-30,WSL 2024-2025,Crystal Palace Women FC,1,11,21,7.3,73.6,6.4,67.2,Center,0,4.5,-102.3,0.272,1.36,,incomplete,0.01223,0.01223,0.0,0,0.06561,0.01253,-0.05308,False,False,-0.2,-0.10597,0.2098942692019329,0.2148316972701819,0.045091942099935715
2025-03-30,WSL 2024-2025,Crystal Palace Women FC,1,12,6,2.3,90.0,,69.7,Center,0,14.3,,0.26,1.3,4.77,incomplete,0.00638,,,0,0.00583,0.00559,-0.00024,False,False,-0.2,-0.10597,0.29507945788619966,0.1719995147712411,0.05075352357538721
2025-03-30,WSL 2024-2025,Crystal Palace Women FC,1,19,58,13.1,84.2,2.5,29.7,Center,0,38.7,-106.7,0.256,1.28,9.68,incomplete,0.00506,0.01223,0.00717,1,-0.05547,-0.05585,-0.00038,False,False,-0.2,-0.10597,0.6153791777775998,0.15619691534421093,0.09612032933591788
2025-03-30,WSL 2024-2025,Crystal Palace Women FC,2,48,4,99.5,0.5,96.3,53.3,Center,0,36.1,95.3,-0.332,1.66,18.05,incomplete,0.02956,0.1051,0.07554,2,-0.00364,-0.00349,0.00015,False,False,-0.2,-0.10597,0.5556449832955019,0.5734505893814279,0.31863494315763924
2025-03-30,WSL 2024-2025,Crystal Palace Women FC,2,50,43,86.6,6.5,94.3,73.8,Center,1,46.5,80.0,-0.28,1.4,9.3,cleared,0.01827,0.07512,0.05685,2,0.07619,0.06158,-0.01461,False,False,-0.1,-0.10597,0.6904310119305266,0.18933969571969395,0.13072599771436627
2025-03-30,WSL 2024-2025,Crystal Palace Women FC,2,56,48,99.5,99.5,95.6,45.4,Center,0,37.0,-96.4,0.92,4.6,9.25,incomplete,0.02956,0.1051,0.07554,2,-0.06011,-0.06017,-6e-05,False,False,-0.2,-0.10597,0.6444841634937225,0.57837267575265,0.3727520301200726
2025-03-30,WSL 2024-2025,Crystal Palace Women FC,2,57,18,89.1,91.4,93.3,16.8,Right,0,50.9,-85.0,0.96,4.8,8.48,incomplete,0.01827,0.04692,0.02865,2,-0.02459,-0.02506,-0.00047,False,False,-0.2,-0.10597,0.7819504804772305,0.007012529204840734,0.005483450581085823
2025-03-30,WSL 2024-2025,Crystal Palace Women FC,2,67,53,99.5,0.5,89.4,67.8,Center,1,47.0,103.0,-0.36,1.8,23.5,cleared,0.02956,0.04262,0.01306,2,-0.08989,-0.08977,0.00013,False,False,-0.1,-0.10597,0.6838049663392339,0.3031659418889811,0.2073063766885969
2025-03-30,WSL 2024-2025,Crystal Palace Women FC,2,74,36,91.7,18.6,100.0,76.0,Center,0,40.1,77.4,-0.268,1.34,20.05,incomplete,0.04692,0.04692,0.0,2,-0.02293,-0.02402,-0.00109,False,False,-0.2,-0.10597,0.6486225034155843,0.14854995745687688,0.09635284528795802
2025-03-30,WSL 2024-2025,Crystal Palace Women FC,2,89,57,87.9,24.9,95.6,48.2,Center,0,17.8,63.0,-0.22,1.1,8.9,incomplete,0.03045,0.1051,0.07465,1,0.01249,0.01068,-0.00182,False,False,-0.2,-0.10597,0.3596699950864672,0.5287830577450711,0.1901873997809768
2025-04-15,WSL 2024-2025,Leicester City FC,1,42,45,81.5,83.4,92.7,59.1,Center,1,20.3,-54.6,1.0,5.33,20.3,cleared,0.01842,0.1051,0.08668,3,0.10003,0.10014,0.00011,False,False,-0.1,-0.10597,0.38817519052057625,0.4659097209401902,0.18085459469134685
2025-04-15,WSL 2024-2025,Leicester City FC,2,55,31,15.0,15.8,8.7,50.3,Center,0,24.4,105.7,-0.998,4.99,24.4,incomplete,0.00506,0.00931,0.00425,3,-0.00307,-0.00276,0.00031,False,False,-0.2,-0.10597,0.43717513033607913,0.7214655707036185,0.3154068049053481
2025-04-15,WSL 2024-2025,Leicester City FC,2,85,41,20.0,80.3,7.4,53.9,Center,0,22.3,-126.4,0.188,0.94,22.3,incomplete,0.00333,0.01657,0.01324,4,0.00182,0.00024,-0.00158,False,False,-0.2,-0.10597,0.42532553785946514,0.48357465745197425,0.20567665127596757
2025-04-15,WSL 2024-2025,Leicester City FC,2,86,20,8.2,76.0,7.9,46.4,Center,0,20.1,-90.9,0.312,1.56,10.05,incomplete,0.00826,0.01657,0.00831,4,0.18687,0.02009,-0.16678,False,False,-0.2,-0.10597,0.42381888768376624,0.48685646672820093,0.20633896619039466
2025-04-30,WSL 2024-2025,Aston Villa WFC,1,40,2,16.7,86.3,14.0,74.2,Center,0,8.7,-109.0,0.248,1.24,4.35,incomplete,0.00333,0.00735,0.00402,-1,-0.01333,-0.01481,-0.00148,False,False,-0.2,-0.10597,0.2063706161295459,0.13655100824281097,0.028180115704179602
2025-04-30,WSL 2024-2025,Aston Villa WFC,1,41,37,13.6,89.7,4.1,49.0,Center,0,29.4,-109.8,0.244,1.22,14.7,incomplete,0.00349,0.01657,0.01308,-1,0.01507,0.01356,-0.00152,False,False,-0.2,-0.10597,0.4351721870243328,0.5691500508667015,0.24767827238067272
2025-05-10,WSL 2024-2025,Manchester United WFC,2,72,36,13.3,82.3,10.1,62.0,Center,0,14.2,-103.7,0.266,1.33,14.2,incomplete,0.00506,0.00931,0.00425,2,0.01146,0.00967,-0.00179,False,False,-0.2,-0.10597,0.3172771390541906,0.3187718454633973,0.10113901913965126
2025-05-10,WSL 2024-2025,Manchester United WFC,2,79,4,28.3,14.4,11.8,55.2,Center,0,32.7,122.0,-1.0,5.27,10.9,incomplete,0.00309,0.00931,0.00622,1,0.0285,0.01483,-0.01366,False,False,-0.2,-0.10597,0.469307151763256,0.6671297141896954,0.31308874602300096
2025-05-10,WSL 2024-2025,Manchester United WFC,2,84,43,0.2,0.7,5.6,41.2,Center,1,28.1,78.4,-0.902,4.51,14.05,shot_ot,0.00638,0.01657,0.01019,1,0.00582,0.0059,8e-05,False,False,0.6,-0.10597,0.3871877470457411,0.4968327773923896,0.19236756373703756
2025-09-06,WSL 2025-2026,London City Lionesses LFC,2,82,10,4.6,75.8,4.7,49.3,Center,1,18.0,-89.7,0.316,1.58,18.0,goal,0.00826,0.01657,0.00831,1,0.15672,0.1557,-0.00103,True,False,1.0,-0.08361,0.3585766558118766,0.5592845746990011,0.20054639244273548
2025-09-06,WSL 2025-2026,London City Lionesses LFC,2,89,23,10.2,87.2,3.5,60.2,Center,0,19.7,-111.0,0.24,1.2,6.57,incomplete,0.00506,0.01657,0.01151,3,-0.00312,-0.00308,4e-05,False,False,-0.2,-0.08361,0.3982266613204834,0.3614335676794839,0.14393248294615185
2025-09-12,WSL 2025-2026,West Ham United WFC,1,9,27,13.0,91.6,6.4,66.9,Center,0,18.2,-112.4,0.236,1.18,18.2,incomplete,0.00349,0.01223,0.00874,1,-0.0031,-0.00289,0.00021,False,False,-0.2,-0.08361,0.3464516319207882,0.24212658774767598,0.08388515145659427
2025-09-12,WSL 2025-2026,West Ham United WFC,1,23,59,17.8,76.6,,22.8,Center,0,41.4,,0.216,1.08,13.8,incomplete,0.00333,,,2,-0.00832,-0.01026,-0.00194,False,False,-0.2,-0.08361,0.6697039515663513,0.08701214102542339,0.05827237467897468
2025-09-27,WSL 2025-2026,Aston Villa WFC,1,47,8,98.0,26.6,93.9,56.8,Center,1,21.0,101.8,-0.356,1.78,21.0,shot_ot,0.07512,0.1051,0.02998,1,0.11815,0.11782,-0.00033,False,False,0.6,-0.08361,0.4131468436393397,0.45522457124195403,0.18807459475568503
2025-09-27,WSL 2025-2026,Aston Villa WFC,1,47,20,82.7,6.1,94.4,100.0,Left,0,66.4,79.1,-0.276,1.38,11.07,incomplete,0.01102,0.02956,0.01854,1,-0.00473,-0.00554,-0.00082,False,False,-0.2,-0.08361,0.8189596635350338,0.002827713266373588,0.002315783105202865
2025-10-04,WSL 2025-2026,Manchester City WFC,2,90,15,83.2,85.4,88.4,47.8,Center,0,26.1,-77.9,0.984,4.92,5.22,incomplete,0.01842,0.05765,0.03923,-1,0.09019,0.01562,-0.07457,False,False,-0.2,-0.08361,0.35811779855510184,0.6157767155578014,0.220520601777051
2025-10-12,WSL 2025-2026,Brighton & Hove Albion WFC,2,78,18,28.1,24.9,10.7,42.5,Center,0,21.8,146.8,-1.0,5.7,21.8,incomplete,0.00309,0.00931,0.00622,-1,0.0033,0.00147,-0.00183,False,False,-0.2,-0.08361,0.3342560636894912,0.56469046605622,0.18875121238693632
2025-11-02,WSL 2025-2026,Leicester City FC,1,6,10,16.5,84.1,9.3,54.9,Center,1,21.2,-110.8,0.242,1.21,21.2,goal,0.00506,0.00931,0.00425,0,0.11315,0.11071,-0.00244,True,False,1.0,-0.08361,0.36562232891787255,0.47151806923494977,0.172397534600541
2025-11-02,WSL 2025-2026,Leicester City FC,1,19,43,9.7,79.3,9.0,76.1,Center,0,2.3,-108.7,0.25,1.25,2.3,incomplete,0.00506,0.00506,0.0,1,-0.00166,-0.00448,-0.00282,False,False,-0.2,-0.08361,0.19747251335808247,0.11174350497000932,0.02206627077786912
2025-11-02,WSL 2025-2026,Leicester City FC,1,39,52,11.9,13.7,,66.3,Center,0,38.4,,-1.0,5.08,12.8,incomplete,0.00506,,,1,0.03924,0.0151,-0.02414,False,False,-0.2,-0.08361,0.5711893120565223,0.3643144442831971,0.2080925168023736
2025-11-02,WSL 2025-2026,Leicester City FC,1,47,37,15.0,79.7,3.9,52.1,Center,0,22.1,-121.8,0.204,1.02,,incomplete,0.00506,0.01657,0.01151,1,-0.00226,-0.00331,-0.00104,False,False,-0.2,-0.08361,0.39417230624560223,0.5232381645355204,0.20624599403068197
2025-11-02,WSL 2025-2026,Leicester City FC,2,53,24,93.9,20.9,94.3,24.1,Center,0,2.2,79.1,-0.276,1.38,2.2,incomplete,0.04692,0.04692,0.0,1,-0.02816,-0.02887,-0.00071,False,False,-0.2,-0.08361,0.1949918968364608,0.07819354023890032,0.015247106731541296
2025-11-02,WSL 2025-2026,Leicester City FC,2,59,20,79.3,83.0,100.0,27.7,Center,0,44.0,-60.0,1.0,5.26,44.0,incomplete,0.01842,0.07512,0.0567,1,0.15907,0.01066,-0.14841,False,False,-0.2,-0.08361,0.6427584234997042,0.22300874365641377,0.1433407484992462
2025-11-02,WSL 2025-2026,Leicester City FC,2,64,33,96.4,16.7,97.5,46.9,Center,0,20.6,86.8,-0.302,1.51,5.15,incomplete,0.04692,0.1051,0.05818,1,0.00592,0.00546,-0.00046,False,False,-0.2,-0.08361,0.3749653386937868,0.5233152018864023,0.19622506191894226
2025-11-08,WSL 2025-2026,Chelsea FC Women,1,12,37,99.5,99.5,97.4,53.6,Center,0,31.3,-94.0,0.928,4.64,,incomplete,0.02956,0.1051,0.07554,-1,0.10311,0.02605,-0.07706,False,False,-0.2,-0.08361,0.5144427138656412,0.591235615274941,0.3041568544560628
2025-11-08,WSL 2025-2026,Chelsea FC Women,1,22,42,99.5,99.3,93.7,49.1,Center,0,34.7,-100.1,0.908,4.54,11.57,incomplete,0.02956,0.1051,0.07554,-1,0.1189,0.02376,-0.09514,False,False,-0.2,-0.08361,0.5552142233425565,0.6545457648658823,0.3634131184821705
2025-11-08,WSL 2025-2026,Chelsea FC Women,2,52,55,0.5,0.5,4.4,52.7,Center,0,35.7,83.4,-0.92,4.6,35.7,incomplete,0.00638,0.01657,0.01019,-1,0.0633,0.02632,-0.03698,False,False,-0.2,-0.08361,0.4438973600917721,0.6941354227998477,0.3081248817270385
2025-11-16,WSL 2025-2026,Tottenham Hotspur FCW,1,33,26,10.1,74.5,4.1,49.6,Center,0,18.1,-110.4,0.242,1.21,9.05,incomplete,0.00735,0.01657,0.00922,0,-0.0127,-0.01299,-0.00029,False,False,-0.2,-0.08361,0.3408490602852919,0.5519435138659429,0.1881294280317686
2025-12-06,WSL 2025-2026,Liverpool FCW,1,5,27,76.1,74.2,98.3,48.7,Center,0,29.1,-36.6,1.0,5.64,7.28,incomplete,0.02471,0.1051,0.08039,0,0.05317,0.02599,-0.02718,False,False,-0.2,-0.08361,0.44713169678137316,0.6735639596821561,0.30117179618346285
2025-12-06,WSL 2025-2026,Liverpool FCW,1,7,4,99.5,99.5,91.2,44.2,Center,1,38.6,-103.0,0.896,4.48,12.87,shot_ot,0.02956,0.05765,0.02809,0,0.06329,0.06333,5e-05,False,False,0.6,-0.08361,0.6304723242781173,0.5468105152018236,0.34474889645900847
2025-12-06,WSL 2025-2026,Liverpool FCW,1,15,2,94.8,12.6,92.1,50.1,Center,0,25.7,96.3,-0.336,1.68,6.42,incomplete,0.04692,0.1051,0.05818,0,0.00259,0.00255,-4e-05,False,False,-0.2,-0.08361,0.4124242784579923,0.6165021133684703,0.2542604392738187
2025-12-06,WSL 2025-2026,Liverpool FCW,1,21,44,87.7,14.6,93.0,50.9,Center,0,25.3,77.3,-0.27,1.35,25.3,incomplete,0.03045,0.1051,0.07465,1,0.00753,0.00628,-0.00125,False,False,-0.2,-0.08361,0.4340357282706334,0.5841309418356978,0.2535336987450681
2025-12-06,WSL 2025-2026,Liverpool FCW,1,25,53,86.4,88.9,93.7,51.5,Center,0,26.6,-73.2,1.0,5.01,13.3,incomplete,0.01827,0.1051,0.08683,1,-0.01121,-0.01113,8e-05,False,False,-0.2,-0.08361,0.4852355309336102,0.6399383224269072,0.31052081164758416
2025-12-06,WSL 2025-2026,Liverpool FCW,2,50,34,0.5,0.5,11.4,48.1,Center,0,34.3,70.5,-0.874,4.37,11.43,incomplete,0.00638,0.00931,0.00293,0,-0.13905,-0.13877,0.00028,False,False,-0.2,-0.08361,0.45192138034975315,0.6861722118904447,0.3100958931551731
2025-12-06,WSL 2025-2026,Liverpool FCW,2,55,14,0.5,99.5,5.4,43.7,Center,1,38.3,-82.3,0.342,1.71,9.57,shot_ot,0.00638,0.01657,0.01019,0,0.03591,0.03592,1e-05,False,False,0.6,-0.08361,0.581932257819502,0.4738120198879475,0.2757264985154121
2025-12-13,WSL 2025-2026,Everton FC,1,27,14,0.5,0.5,8.0,45.2,Center,0,31.4,75.5,-0.892,4.46,31.4,incomplete,0.00638,0.01657,0.01019,1,-0.04652,-0.04624,0.00027,False,False,-0.2,-0.08361,0.4425093835463111,0.6106090696653298,0.2702002430053916
2025-12-13,WSL 2025-2026,Everton FC,1,39,0,0.5,0.5,3.2,41.5,Center,0,28.0,84.2,-0.922,4.61,9.33,incomplete,0.00638,0.01657,0.01019,1,-0.00068,-0.00054,0.00014,False,False,-0.2,-0.08361,0.39462404933571815,0.5087354922729665,0.200759260001558
2025-12-13,WSL 2025-2026,Everton FC,1,39,23,0.5,0.5,2.3,50.3,Center,0,33.9,86.8,-0.932,4.66,8.47,incomplete,0.00638,0.01657,0.01019,1,-0.08944,-0.08933,0.00011,False,False,-0.2,-0.08361,0.47005698723443445,0.7321062977589595,0.3441316806599323
2025-12-13,WSL 2025-2026,Everton FC,2,48,39,76.6,27.6,95.3,58.9,Center,0,29.0,47.3,-0.166,0.83,9.67,incomplete,0.02471,0.1051,0.08039,1,0.00264,0.00125,-0.00138,False,False,-0.2,-0.08361,0.4734409956937429,0.39022199665410334,0.1847470906375191
2025-12-13,WSL 2025-2026,Everton FC,2,51,25,99.5,99.5,91.6,45.2,Center,0,37.8,-102.7,0.898,4.49,9.45,incomplete,0.02956,0.05765,0.02809,1,-0.00651,-0.00619,0.00032,False,False,-0.2,-0.08361,0.6324258061091629,0.5695722611912086,0.3602121964212688
2026-01-10,WSL 2025-2026,Manchester United WFC,1,16,54,91.3,22.1,94.7,47.9,Center,0,17.9,78.5,-0.274,1.37,8.95,incomplete,0.03045,0.1051,0.07465,0,0.01333,0.01116,-0.00217,False,False,-0.2,-0.08361,0.34529019500786823,0.5332424945895218,0.1841234049432981
2026-01-10,WSL 2025-2026,Manchester United WFC,1,17,44,99.5,99.5,89.3,53.4,Center,0,33.1,-108.9,0.876,4.38,33.1,incomplete,0.02956,0.05765,0.02809,0,-0.04963,-0.04928,0.00035,False,False,-0.2,-0.08361,0.5574454713841607,0.5927187105095321,0.330408360978198
2026-01-10,WSL 2025-2026,Manchester United WFC,2,57,16,0.5,0.5,5.6,42.1,Center,0,28.8,79.3,-0.906,4.53,7.2,incomplete,0.00638,0.01657,0.01019,0,-0.01737,-0.01716,0.00022,False,False,-0.2,-0.08361,0.3785923476617809,0.5239539398526012,0.19836495215543584
2026-01-10,WSL 2025-2026,Manchester United WFC,2,57,24,19.5,25.6,13.1,52.3,Center,0,19.4,110.3,-1.0,5.07,4.85,incomplete,0.00455,0.00931,0.00476,0,-0.02004,-0.01963,0.00041,False,False,-0.2,-0.08361,0.34494112199559923,0.6776643555136143,0.23375430312729076
2026-01-10,WSL 2025-2026,Manchester United WFC,2,63,36,9.1,83.6,6.8,60.3,Center,0,16.0,-98.7,0.284,1.42,5.33,incomplete,0.00506,0.01657,0.01151,0,-0.01076,-0.01105,-0.00029,False,False,-0.2,-0.08361,0.30310435175781714,0.3581995710455446,0.10857184878168796
2026-01-24,WSL 2025-2026,Chelsea FC Women,1,22,16,10.5,86.8,8.8,,Left,0,59.8,-91.7,0.308,1.54,7.47,incomplete,0.00506,0.00349,-0.00157,0,0.01589,0.00188,-0.01401,False,False,-0.2,-0.08361,0.8165674463011972,0.13558046250011782,0.11071059203205644
2026-01-24,WSL 2025-2026,Chelsea FC Women,1,29,9,13.4,80.3,9.0,53.7,Center,0,18.7,-104.3,0.264,1.32,6.23,incomplete,0.00506,0.00931,0.00425,0,-0.00496,-0.00572,-0.00077,False,False,-0.2,-0.08361,0.33925443674532135,0.4935766243116941,0.16744805967152085
2026-01-24,WSL 2025-2026,Chelsea FC Women,2,51,37,92.7,20.1,94.7,50.0,Center,0,20.4,84.1,-0.294,1.47,10.2,incomplete,0.04692,0.1051,0.05818,0,0.01014,0.00921,-0.00093,False,False,-0.2,-0.08361,0.36089160183603003,0.5950724626608758,0.21475665425819462
2026-01-24,WSL 2025-2026,Chelsea FC Women,2,52,25,86.7,88.4,91.6,45.5,Center,0,29.6,-80.0,0.978,4.89,14.8,incomplete,0.01827,0.05765,0.03938,0,-0.00835,-0.00813,0.00022,False,False,-0.2,-0.08361,0.4929875410525525,0.5700493175815846,0.281027211353231
2026-01-24,WSL 2025-2026,Chelsea FC Women,2,57,51,69.9,21.3,100.0,71.1,Center,0,47.0,47.0,-0.16,0.8,47.0,incomplete,0.01099,0.07512,0.06413,1,-0.00022,-0.00156,-0.00134,False,False,-0.2,-0.08361,0.6799300264373696,0.20421775150236038,0.13885378117798006
2026-02-08,WSL 2025-2026,Manchester City WFC,1,36,36,99.5,99.5,97.6,48.4,Center,0,34.8,-93.3,0.932,4.66,8.7,incomplete,0.02956,0.1051,0.07554,1,-0.03881,-0.03875,6e-05,False,False,-0.2,-0.08361,0.6004870443782574,0.644110895196049,0.386780247708109
2026-02-08,WSL 2025-2026,Manchester City WFC,1,44,39,99.7,99.5,96.4,42.3,Center,1,39.1,-95.1,0.924,4.62,9.78,cleared,0.02956,0.1051,0.07554,1,0.16644,0.15246,-0.01399,False,False,-0.1,-0.08361,0.6513478918579352,0.5107836896613338,0.33269787945632756
2026-02-08,WSL 2025-2026,Manchester City WFC,2,58,4,26.5,81.7,12.2,42.1,Center,0,30.8,-119.1,0.212,1.06,7.7,incomplete,0.00309,0.00931,0.00622,1,0.00097,0.00112,0.00014,False,False,-0.2,-0.08361,0.4872603667036705,0.38352370820748705,0.18687590270073168
2026-02-08,WSL 2025-2026,Manchester City WFC,2,58,14,28.4,76.1,5.2,52.1,Center,1,29.3,-146.2,0.118,0.59,5.86,cleared,0.00309,0.01657,0.01348,1,0.13293,0.13235,-0.00058,False,False,-0.1,-0.08361,0.4667652100832652,0.5260233528598195,0.2455294008063172
2026-05-06,WSL 2025-2026,Brighton & Hove Albion WFC,2,83,55,77.4,4.5,88.1,48.7,Center,1,32.1,69.5,-0.242,1.21,10.7,shot_ot,0.01102,0.05765,0.04663,0,0.12936,0.10495,-0.02441,False,False,0.6,-0.08361,0.3920175118302617,0.5861222133998785,0.22977017172546602
2026-05-06,WSL 2025-2026,Brighton & Hove Albion WFC,2,90,31,70.9,21.0,90.7,56.7,Center,0,32.0,49.4,-0.172,0.86,10.67,incomplete,0.01099,0.05765,0.04666,0,0.00738,0.0073,-8e-05,False,False,-0.2,-0.08361,0.45665555836185806,0.45265342764068534,0.20670670374366606
2026-05-09,WSL 2025-2026,Aston Villa WFC,2,59,43,99.5,0.5,95.8,41.4,Center,1,28.1,98.0,-0.342,1.71,28.1,shot_ot,0.02956,0.1051,0.07554,3,0.15636,0.14238,-0.01398,False,False,0.6,-0.08361,0.47117497279674897,0.4200415592852376,0.19791307026972585
2026-05-09,WSL 2025-2026,Aston Villa WFC,2,62,25,99.5,0.5,92.7,53.7,Center,0,36.9,101.2,-0.354,1.77,9.22,incomplete,0.02956,0.1051,0.07554,3,-0.06786,-0.06765,0.0002,False,False,-0.2,-0.08361,0.5845576595832526,0.5725242422676702,0.33467343111466435
2026-05-09,WSL 2025-2026,Aston Villa WFC,2,65,58,99.6,0.7,92.0,55.0,Center,1,37.8,102.2,-0.356,1.78,18.9,cleared,0.02956,0.1051,0.07554,3,0.07319,0.07327,8e-05,False,False,-0.1,-0.08361,0.5959280991858892,0.5467501724257394,0.32582379098322806
2026-05-09,WSL 2025-2026,Aston Villa WFC,2,66,48,99.5,0.5,100.0,75.3,Center,0,50.9,89.4,-0.31,1.55,10.18,incomplete,0.02956,0.04692,0.01736,3,-0.11475,-0.11492,-0.00017,False,False,-0.2,-0.08361,0.7468844952685176,0.1785467082151566,0.13335376804713253
2026-05-09,WSL 2025-2026,Aston Villa WFC,2,72,1,99.3,0.7,89.2,46.6,Center,0,33.0,108.8,-0.38,1.9,16.5,incomplete,0.02956,0.05765,0.02809,3,0.0302,0.01651,-0.01369,False,False,-0.2,-0.08361,0.5305407043387927,0.5664786289321312,0.3005399707865265
2026-05-09,WSL 2025-2026,Aston Villa WFC,2,81,45,80.5,9.9,98.0,47.2,Center,0,31.3,54.1,-0.188,0.94,10.43,incomplete,0.01102,0.1051,0.09408,3,0.02455,0.02241,-0.00215,False,False,-0.2,-0.08361,0.4726448382140925,0.5374970963790592,0.2540452281586249
2026-05-09,WSL 2025-2026,Aston Villa WFC,2,90,2,99.4,0.8,91.0,49.9,Center,0,34.5,104.8,-0.366,1.83,11.5,incomplete,0.02956,0.05765,0.02809,3,0.03343,0.01969,-0.01374,False,False,-0.2,-0.08361,0.5467717849600532,0.6463786687630622,0.35342161847968245
2026-05-09,WSL 2025-2026,Aston Villa WFC,2,92,34,99.5,0.5,95.8,52.4,Center,0,35.5,96.3,-0.336,1.68,8.88,incomplete,0.02956,0.1051,0.07554,3,0.00438,0.00449,0.00011,False,False,-0.2,-0.08361,0.5600015101771746,0.5929556157750306,0.33205604030205366
2026-05-13,WSL 2025-2026,Everton FC,2,50,33,4.9,85.0,2.7,67.6,Center,0,12.1,-101.0,0.276,1.38,6.05,incomplete,0.00826,0.01223,0.00397,0,-0.00387,-0.00519,-0.00132,False,False,-0.2,-0.08361,0.2667756216039397,0.2251866001172269,0.06007429522315101
2026-05-13,WSL 2025-2026,Everton FC,2,55,39,22.5,19.8,7.3,60.8,Center,0,32.1,119.8,-1.0,5.23,10.7,incomplete,0.00333,0.01657,0.01324,0,-0.00626,-0.00612,0.00014,False,False,-0.2,-0.08361,0.4759013626645416,0.5549018368782107,0.2640785403153976
2026-05-16,WSL 2025-2026,Liverpool FCW,1,26,11,23.0,82.7,10.1,36.4,Center,0,34.3,-113.3,0.232,1.16,34.3,incomplete,0.00333,0.00735,0.00402,1,-0.00221,-0.00187,0.00035,False,False,-0.2,-0.08361,0.545593004178196,0.2627422041114321,0.14335030846555702
2026-05-16,WSL 2025-2026,Liverpool FCW,1,46,2,17.5,7.4,3.5,51.8,Center,0,33.6,116.0,-1.0,5.17,16.8,incomplete,0.00175,0.01657,0.01482,3,0.04373,0.02635,-0.01738,False,False,-0.2,-0.08361,0.5184432770004782,0.7244352997565984,0.3755786107806346
