player_name,n,goals,xg_sum,raw_rate,xg_rate,eb_alpha_post,eb_beta_post,eb_mean,eb_ci_lo,eb_ci_hi,eb_vs_xg,shrinkage
F. Kirby,315,66,48.11525,0.20952380952380953,0.15274682423425098,75.92632438570939,331.36063409869183,0.18641972890133018,0.15561213564260767,0.21897988161950202,0.0336729046670792,0.22658952505579855
S. Kerr,311,65,57.423447,0.2090032154340836,0.1846413075732265,74.92632438570939,328.36063409869183,0.18578910825009354,0.1548775683953657,0.2184741625596331,0.001147800676867039,0.22883695230618462
K. Shaw,407,80,67.76329,0.19656019656019655,0.16649457102032786,89.92632438570939,409.36063409869183,0.18010949987294506,0.1525936779971617,0.20908342986548958,0.013614928852617197,0.1848375106062069
B. England,442,83,75.511086,0.18778280542986425,0.17083955997795,92.92632438570939,441.36063409869183,0.17392587056459552,0.1476864776484515,0.2015540966128976,0.0030863105866455187,0.17272919920446772
L. Galton,168,35,32.103977,0.20833333333333334,0.1910951024010068,44.9263243857094,215.36063409869183,0.17260305567096554,0.13562279432864924,0.21244779056455612,-0.01849204673004126,0.35455851888150547
V. Miedema,555,97,75.690216,0.17477477477477477,0.13637876768369933,106.92632438570939,540.3606340986919,0.16519153210822207,0.14180161479082642,0.18975836133721555,0.02881276442452274,0.14257503148292694
S. Martinez,68,16,12.913667,0.23529411764705882,0.18990686360527487,25.9263243857094,134.36063409869183,0.16174943133774974,0.11656156403418973,0.21174662150862933,-0.028157432267525123,0.575760868863092
E. White,274,49,47.86524,0.17883211678832117,0.17469065032736228,58.9263243857094,307.36063409869183,0.16087475412592078,0.13042300294436,0.19343395389105467,-0.013815896201441497,0.25195261896918264
A. Beever-Jones,132,26,21.996376,0.19696969696969696,0.16663921240604285,35.9263243857094,188.36063409869183,0.16018017555937392,0.12177242714918263,0.20203871537521087,-0.006459036846668931,0.41146823296379753
D. van de Donk,142,27,23.482317,0.19014084507042253,0.1653684293720084,36.9263243857094,197.36063409869183,0.1576115231704967,0.12026063363272002,0.19829059255611106,-0.007756906201511704,0.3939056577515201
J. Ross,122,23,17.250673,0.1885245901639344,0.14139896142678182,32.9263243857094,181.36063409869183,0.15365528830400677,0.11513878719201019,0.195852982259364,0.012256326877224943,0.4306699723451397
R. Daly,220,38,32.502254,0.17272727272727273,0.14773752039129084,47.9263243857094,264.36063409869183,0.15346886279947974,0.12127583060787557,0.18818802383129896,0.0057313424081889,0.2955197326596364
S. Blackstenius,215,36,35.714245,0.16744186046511628,0.1661127667094386,45.9263243857094,261.36063409869183,0.1494574472415846,0.11739735398262859,0.18411445651216496,-0.01665531946785398,0.30032826300074167
H. Hayashi,50,11,8.726681,0.22,0.1745336151123047,20.9263243857094,121.36063409869185,0.14707127489834937,0.10136708948076623,0.19842843902237292,-0.027462340213955327,0.6485974503033498
K. Gago,30,8,5.7963047,0.26666666666666666,0.1932101567586263,17.9263243857094,104.36063409869185,0.1465922826758019,0.09766338578264351,0.20210981286537377,-0.04661787408282439,0.7546753932568634
B. Mead,355,55,41.416615,0.15492957746478872,0.11666651980977663,64.92632438570939,382.36063409869183,0.14515586281725593,0.11871777188685854,0.17339929903598275,0.028489343007479295,0.20632606592669
B. Olsson,18,6,4.6985326,0.3333333333333333,0.26102958785163033,15.9263243857094,94.36063409869185,0.14440804791948256,0.09348436872692813,0.20268392662515422,-0.11662153993214777,0.8367894060425478
Kerolin,61,12,8.836377,0.19672131147540983,0.14485864170262072,21.9263243857094,131.36063409869183,0.1430410297294839,0.09945905903212346,0.1919290685545871,-0.0018176119731368179,0.6020535562638387
G. Reiten,181,29,20.73601,0.16022099447513813,0.11456358893800177,38.9263243857094,234.36063409869183,0.14243754843475728,0.10926984980024748,0.17858391495057171,0.027873959496755515,0.3376925082565502
E. Aluko,118,20,17.611115,0.1694915254237288,0.14924673306739936,29.9263243857094,180.36063409869183,0.1423118418821455,0.10479455751393091,0.1837027936042447,-0.006934891185253866,0.43886201574049044
S. Magill,69,13,11.211575,0.18840579710144928,0.16248658774555594,22.9263243857094,138.36063409869183,0.14214617599058207,0.09970564171172494,0.18964168195308245,-0.020340411754973864,0.5721910770195759
K. Little,126,21,13.445564,0.16666666666666666,0.10671082753983754,30.9263243857094,187.36063409869183,0.14167738008919756,0.10488856731181341,0.182204291537404,0.034966552549360014,0.42277815919541506
J. Čanković,42,9,6.5404315,0.21428571428571427,0.15572455951145717,18.9263243857094,115.36063409869185,0.14093940766338733,0.09493897994200656,0.1930336681668504,-0.014785151848069833,0.6872369403996985
E. Terland,234,36,32.896664,0.15384615384615385,0.1405840327597072,45.9263243857094,280.36063409869183,0.14075439790495026,0.11043039073391045,0.1735844977824062,0.00017036514524304547,0.2828398625341112
C. Rafferty,21,6,5.025161,0.2857142857142857,0.23929337092808314,15.9263243857094,97.36063409869185,0.14058391714967203,0.090926539088751,0.19747460165196054,-0.09870945377841112,0.8146300308442693
N. Dowie,71,13,12.243436,0.18309859154929578,0.17244275858704472,22.9263243857094,140.36063409869183,0.14040511623529045,0.09845099212863488,0.18737633161332545,-0.03203764235175427,0.5651826657866086
J. Fleming,50,10,7.6437364,0.2,0.1528747272491455,19.9263243857094,122.36063409869185,0.14004322390441637,0.09538716229815772,0.190464069327521,-0.012831503344729128,0.6485974503033498
K. Hanson,200,31,28.264751,0.155,0.14132375717163087,40.9263243857094,251.36063409869183,0.1400210416432027,0.10814414114564874,0.17470154198449994,-0.0013027155284281722,0.31574093816206406
L. James,229,35,26.81485,0.15283842794759825,0.11709541420749181,44.9263243857094,276.36063409869183,0.13983239343930798,0.10937573703467796,0.17284069152733378,0.022736979231816168,0.287241532988902
A. Russo,381,56,52.523075,0.14698162729658792,0.13785584016734848,65.92632438570939,407.36063409869183,0.13929461440649904,0.11403452614711855,0.16628893021763003,0.0014387742391505642,0.19499155180597072
K. Seike,80,14,10.9424515,0.175,0.13678064346313476,23.9263243857094,148.36063409869183,0.1388748434367171,0.09816399626649443,0.1843603770961858,0.0020941999735823447,0.5356584113867027
V. Williams,44,9,8.301424,0.20454545454545456,0.18866872787475586,18.9263243857094,117.36063409869185,0.1388711333511461,0.09350408526375781,0.190276728653581,-0.04979759452360977,0.6771517943513574
L. Evans,67,12,8.559415,0.1791044776119403,0.12775246065054366,21.9263243857094,137.36063409869183,0.1376529792164788,0.0956098548783088,0.18487851623545434,0.00990051856593513,0.5793754828549802
P. Bremer,84,14,13.917596,0.16666666666666666,0.1656856650397891,23.9263243857094,152.36063409869183,0.13572373470738916,0.09587915917447482,0.18027495526163417,-0.02996193033239994,0.5235041734103502
M. Olislagers,18,5,2.5357478,0.2777777777777778,0.14087487591637504,14.9263243857094,95.36063409869185,0.1353407926996241,0.08599836574693744,0.1922211047706019,-0.005534083216750946,0.8367894060425478
Natalia Pablos,55,10,6.6898065,0.18181818181818182,0.12163284475153142,19.9263243857094,127.36063409869185,0.1352891294025855,0.0920573376067558,0.1841626484574915,0.013656284651054076,0.6265792941482671
Lee Geum-Min,63,11,10.269179,0.1746031746031746,0.16300284673297216,20.9263243857094,134.36063409869183,0.13475905890584802,0.09264752489288258,0.18222889416843027,-0.02824378782712414,0.5942994787528888
R. Allen,115,18,20.959452,0.1565217391304348,0.18225610152534816,27.9263243857094,179.36063409869183,0.13472301677778206,0.0979052541912525,0.1755535461881971,-0.047533084747566096,0.44521352987745233
F. Godfrey,27,6,4.4366317,0.2222222222222222,0.16431969183462639,15.9263243857094,103.36063409869185,0.13351270405466856,0.08620929216074597,0.18781864826971822,-0.03080698777995783,0.7736550554809334
R. Knaak,27,6,2.7168574,0.2222222222222222,0.10062434938218859,15.9263243857094,103.36063409869185,0.13351270405466856,0.08620929216074597,0.18781864826971822,0.03288835467247997,0.7736550554809334
P. Harder,140,21,17.606318,0.15,0.12575941085815429,30.9263243857094,201.36063409869183,0.13313844473875702,0.09842704303448278,0.1714456856637087,0.007379033880602737,0.3972972012141547
K. Holmgaard,20,5,2.8293378,0.25,0.1414668917655945,14.9263243857094,97.36063409869185,0.13293016915925232,0.08441705689431292,0.1888950358901598,-0.008536722606342168,0.8218849252847259
E. Harries,43,8,6.7063017,0.18604651162790697,0.15596050439878953,17.9263243857094,117.36063409869185,0.13250593099686195,0.08800351334635348,0.18319796031452484,-0.02345457340192758,0.6821570942112801
Mariona Caldentey,51,9,4.637242,0.17647058823529413,0.09092631059534409,18.9263243857094,124.36063409869185,0.13208685972470963,0.08880657970477826,0.1812171667918931,0.04116054912936554,0.6440708872639511
C. Foord,227,32,26.313572,0.14096916299559473,0.11591881907458873,41.9263243857094,277.36063409869183,0.13131236109588143,0.10163314752794114,0.163619747478953,0.0153935420212927,0.2890408017993318
N. Parris,412,56,56.172367,0.13592233009708737,0.13634069683482347,65.92632438570939,438.36063409869183,0.13073176546910176,0.10692170981172666,0.15620793136827105,-0.005608931365721714,0.18300484859208555
S. Holmgaard,22,5,3.1250288,0.22727272727272727,0.14204676584763962,14.9263243857094,99.36063409869185,0.13060391652426953,0.08289289121074629,0.18568191470224518,-0.011442849323370086,0.8075020956743484
Lucía García,68,11,8.6368065,0.16176470588235295,0.1270118601181928,20.9263243857094,139.36063409869183,0.13055537757768299,0.08968073932584265,0.17668020175487617,0.003543517459490192,0.5757608688630919
C. Sweetman-Kirk,76,12,11.07625,0.15789473684210525,0.14574013258281507,21.9263243857094,146.36063409869183,0.13029128687795366,0.09036436622600565,0.1752219839683378,-0.015448845704861408,0.5483904356911614
T. Koga,7,3,2.6046884,0.42857142857142855,0.3720983437129429,12.9263243857094,86.36063409869185,0.13019156375648494,0.07944558209943105,0.1894295229136485,-0.24190677995645798,0.929497286382282
L. Kiernan,61,10,10.37192,0.16393442622950818,0.1700314693763608,19.9263243857094,133.36063409869183,0.12999360534469173,0.08835627092002307,0.17712955716704373,-0.04003786403166906,0.6020535562638387
A. Thompson,38,7,5.765429,0.18421052631578946,0.15172181631389417,16.9263243857094,113.36063409869185,0.12991572282145125,0.0850746889109852,0.18122925201191079,-0.02180609349244292,0.7083361186564994
M. Mjelde,69,11,9.611476,0.15942028985507245,0.13929675281911658,20.9263243857094,140.36063409869183,0.12974591735346833,0.08911005214453298,0.17561071139054588,-0.00955083546564825,0.5721910770195759
A. Leon,123,18,14.401206,0.14634146341463414,0.11708297574423193,27.9263243857094,187.36063409869183,0.12971674913477316,0.09418464071362934,0.16916498692473894,0.012633773390541225,0.42866952617145127
A. Tysiak,23,5,4.0709896,0.21739130434782608,0.17699954820715863,14.9263243857094,100.36063409869185,0.12947105710772122,0.08215127708363579,0.18411593016623887,-0.04752849109943741,0.8004978160377785
J. Roord,140,20,17.120274,0.14285714285714285,0.12228766850062779,29.9263243857094,202.36063409869183,0.12883342474742956,0.09465358392282694,0.16665108599581674,0.006545756246801773,0.39729720121415435
L. Naalsund,24,5,2.8109307,0.20833333333333334,0.1171221137046814,14.9263243857094,101.36063409869185,0.12835768155129468,0.08142282407946347,0.18257609470106434,0.011235567846613281,0.7936140018382253
K. Baunach,9,3,1.6776799,0.3333333333333333,0.1864088773727417,12.9263243857094,88.36063409869185,0.12762081692580515,0.07782444051114674,0.18579823204210905,-0.058788060446936546,0.9111435456778372
Ji So-Yun,245,33,27.835548,0.1346938775510204,0.11361448326889349,42.9263243857094,294.36063409869183,0.12726944610784482,0.09876836483871823,0.1582855132437095,0.013654962838951332,0.2736155554282106
L. Hemp,387,51,50.795177,0.13178294573643412,0.1312536885264,60.9263243857094,418.36063409869183,0.12711867766727955,0.1030300261875139,0.15297750394762935,-0.004135010859120436,0.19255053126467458
A. Thestrup,41,7,3.772629,0.17073170731707318,0.09201534201459187,16.9263243857094,116.36063409869185,0.12699160201551385,0.08310467088793395,0.17725459038241376,0.03497626000092198,0.6923930107925877
E. Mukandi,49,8,6.5884576,0.16326530612244897,0.13445831804859396,17.9263243857094,123.36063409869185,0.12687883282368592,0.08416187076813053,0.17561202557648595,-0.0075794852249080336,0.6531880895050207
J. Cayman,49,8,6.050514,0.16326530612244897,0.12347988206513073,17.9263243857094,123.36063409869185,0.12687883282368592,0.08416187076813053,0.17561202557648595,0.0033989507585551887,0.6531880895050207
B. Galloway,10,3,1.621027,0.3,0.16210269927978516,12.9263243857094,89.36063409869185,0.1263731425515078,0.0770384460877472,0.18403420540562165,-0.03572955672827735,0.902235826070388
E. Mason,18,4,3.1601603,0.2222222222222222,0.1755644612842136,13.9263243857094,96.36063409869185,0.12627353747976564,0.07859421809378907,0.18167605965372804,-0.04929092380444797,0.8367894060425478
J. Taylor,26,5,5.004452,0.19230769230769232,0.19247893186715934,14.9263243857094,103.36063409869185,0.12618740541610735,0.08000402355189538,0.17957229882891923,-0.06629152645105199,0.7801955487474245
A. Lehmann,137,19,18.225103,0.1386861313868613,0.13302995166639342,28.9263243857094,200.36063409869183,0.12615773952829204,0.09210845854221329,0.16391891320983704,-0.00687221213810138,0.40249545414367527
G. Stanway,304,40,38.177086,0.13157894736842105,0.12558251933047646,49.9263243857094,346.36063409869183,0.12598528242426282,0.09971208948527885,0.15440613254268332,0.000402763093786368,0.23287912082030682
O. Holdt,58,9,4.9018855,0.15517241379310345,0.08451526740501666,18.9263243857094,131.36063409869183,0.12593457593776392,0.08455876149139625,0.17297995641907,0.04141930853274725,0.6140716361225711
M. Fowler,58,9,8.899919,0.15517241379310345,0.15344687165885135,18.9263243857094,131.36063409869183,0.12593457593776392,0.08455876149139625,0.17297995641907,-0.027512295721087432,0.6140716361225711
F. Maanum,218,29,26.428665,0.13302752293577982,0.12123240899602207,38.9263243857094,271.36063409869183,0.1254526602595394,0.09599965026095396,0.1576529525243082,0.004220251263517341,0.2974245483444665
M. Fletcher,11,3,2.3332043,0.2727272727272727,0.21210947903719815,12.9263243857094,90.36063409869185,0.12514962755594722,0.07626817973062826,0.18230330163511982,-0.08695985148125093,0.8935005913485073
Martina Fernández,11,3,2.1364343,0.2727272727272727,0.1942213015122847,12.9263243857094,90.36063409869185,0.12514962755594722,0.07626817973062826,0.18230330163511982,-0.06907167395633748,0.8935005913485073
K. Casparij,35,6,6.2471223,0.17142857142857143,0.17848920822143555,15.9263243857094,111.36063409869185,0.12512141522857692,0.08063220036817206,0.17632091744430256,-0.053367792992858626,0.7250307461444354
T. Heath,35,6,5.2124205,0.17142857142857143,0.14892629895891463,15.9263243857094,111.36063409869185,0.12512141522857692,0.08063220036817206,0.17632091744430256,-0.023804883730337706,0.7250307461444354
S. Haug,67,10,10.87399,0.14925373134328357,0.16229835908804366,19.9263243857094,139.36063409869183,0.12509702348080656,0.08494146606178367,0.17061320973636102,-0.037201335607237096,0.57937548285498
M. Malard,107,15,17.219995,0.14018691588785046,0.1609345373706283,24.9263243857094,174.36063409869183,0.12507754935534557,0.08887534860787226,0.1655633645729721,-0.035856988015282726,0.4630857893875916
N. Harding,116,16,13.557879,0.13793103448275862,0.11687827110290527,25.9263243857094,182.36063409869183,0.12447406488798982,0.08909011949021299,0.1639628733081814,0.0075957937850845425,0.44307602912792343
J. Nobbs,325,42,35.04496,0.12923076923076923,0.10783064622145433,51.9263243857094,365.36063409869183,0.12443792773756307,0.09894985455789541,0.15197392284526864,0.01660728151610874,0.22115946019398747
K. Snoeijs,100,14,12.920542,0.14,0.12920541763305665,23.9263243857094,168.36063409869183,0.12443030236837596,0.0877133831940651,0.16559458110809447,-0.0047751152646806905,0.4799439296965514
D. Turner,68,10,5.769233,0.14705882352941177,0.08484166509964887,19.9263243857094,140.36063409869183,0.12431656682566963,0.08439784445632863,0.1695734220078415,0.039474901726020764,0.5757608688630917
S. Baltimore,36,6,3.7446647,0.16666666666666666,0.10401846302880181,15.9263243857094,112.36063409869185,0.12414609071619641,0.07998542487102941,0.1749817823052142,0.020127627687394595,0.7193791136269135
R. Petzelberger,36,6,4.91393,0.16666666666666666,0.13649805386861166,15.9263243857094,112.36063409869185,0.12414609071619641,0.07998542487102941,0.1749817823052142,-0.012351963152415255,0.7193791136269135
C. Weir,296,38,27.917444,0.12837837837837837,0.09431568996326344,47.9263243857094,340.36063409869183,0.12343016765945478,0.09715076310062244,0.1519164310316272,0.02911447769619134,0.23767720359350786
M. Sargeant,29,5,5.006254,0.1724137931034483,0.1726294550402411,14.9263243857094,106.36063409869185,0.12306619419126648,0.0779662271006799,0.1752471862252409,-0.049563260848974625,0.7608976235995752
A. McManus,29,5,4.3815556,0.1724137931034483,0.1510881226638268,14.9263243857094,106.36063409869185,0.12306619419126648,0.0779662271006799,0.1752471862252409,-0.028021928472560312,0.7608976235995752
A. Nildén,29,5,5.2890844,0.1724137931034483,0.18238222187963024,14.9263243857094,106.36063409869185,0.12306619419126648,0.0779662271006799,0.1752471862252409,-0.05931602768836376,0.7608976235995752
D. Kerkdijk,13,3,2.0452852,0.23076923076923078,0.1573296326857347,12.9263243857094,92.36063409869185,0.12277232215445272,0.07477297868940043,0.1789372067328875,-0.03455731053128197,0.8765279177294687
D. Corboz,13,3,1.9030523,0.23076923076923078,0.14638864077054536,12.9263243857094,92.36063409869185,0.12277232215445272,0.07477297868940043,0.1789372067328875,-0.023616318616092646,0.8765279177294687
A. Engman,13,3,2.2973983,0.23076923076923078,0.17672294836777908,12.9263243857094,92.36063409869185,0.12277232215445272,0.07477297868940043,0.1789372067328875,-0.05395062621332636,0.8765279177294687
S. Tierney,62,9,6.87586,0.14516129032258066,0.11090097119731288,18.9263243857094,135.36063409869183,0.12266963177981693,0.08230913430692739,0.1686002580321007,0.011768660582504059,0.5981513887561116
M. Finnigan,63,9,8.48869,0.14285714285714285,0.13474111708383713,18.9263243857094,136.36063409869183,0.12187967727895561,0.08176531747187263,0.16753972492191982,-0.012861439804881511,0.5942994787528887
L. Parker,22,4,3.636807,0.18181818181818182,0.16530940749428488,13.9263243857094,100.36063409869185,0.12185401178219446,0.07575936075284573,0.17548807310011547,-0.04345539571209042,0.8075020956743483
J. Sigsworth,47,7,7.470228,0.14893617021276595,0.1589410254295836,16.9263243857094,122.36063409869185,0.12152124340919526,0.0794263818130471,0.16980562769562488,-0.03741978202038834,0.6625671167536942
J. Rybrink,6,2,2.0567505,0.3333333333333333,0.34279175599416095,11.9263243857094,86.36063409869185,0.12134188064840953,0.0721431538820834,0.1793215957359938,-0.22144987534575142,0.9389542611499954
S. Kumagai,6,2,0.9663704,0.3333333333333333,0.16106173396110535,11.9263243857094,86.36063409869185,0.12134188064840953,0.0721431538820834,0.1793215957359938,-0.03971985331269581,0.9389542611499954
C. Sáez,6,2,1.524298,0.3333333333333333,0.2540496587753296,11.9263243857094,86.36063409869185,0.12134188064840953,0.0721431538820834,0.1793215957359938,-0.13270777812692006,0.9389542611499954
E. Powell,6,2,1.6201513,0.3333333333333333,0.27002521355946857,11.9263243857094,86.36063409869185,0.12134188064840953,0.0721431538820834,0.1793215957359938,-0.14868333291105904,0.9389542611499954
A. Oshoala,39,6,6.334324,0.15384615384615385,0.16241856110401642,15.9263243857094,115.36063409869185,0.12130926460301593,0.0781059268846566,0.1710835354962196,-0.041109296501000495,0.7029407913000458
M. Ramírez,48,7,5.901191,0.14583333333333334,0.12294148405392964,16.9263243857094,123.36063409869185,0.12065501004921614,0.07884477614471827,0.1686244974478098,-0.002286474004713504,0.6578441751209738
C. Lacasse,15,3,1.5323346,0.2,0.10215563774108886,12.9263243857094,94.36063409869185,0.12048365028065171,0.0733353107852331,0.17569296494619688,0.018328012539562843,0.8601880395166492
R. Williams,223,28,32.03392,0.12556053811659193,0.1436498667627172,37.9263243857094,277.36063409869183,0.12029144677605115,0.09163024710853764,0.15169342084051735,-0.02335841998666606,0.29270782060897393
L. Petermann,32,5,4.4230285,0.15625,0.13821963965892792,14.9263243857094,109.36063409869185,0.12009566062060116,0.07602972134959192,0.17112522353343995,-0.018123979038326757,0.7425313130981785
K. Lampson,74,10,11.571866,0.13513513513513514,0.15637656804677602,19.9263243857094,146.36063409869183,0.11983095106991577,0.08127691116227012,0.16359115264274013,-0.03654561697686025,0.5549861475941198
M. Farrow,24,4,3.9210436,0.16666666666666666,0.16337681810061136,13.9263243857094,102.36063409869185,0.11975826496122073,0.07441730694692993,0.17254927132641396,-0.04361855313939063,0.7936140018382252
K. Harrop,66,9,7.326321,0.13636363636363635,0.11100486553076541,18.9263243857094,139.36063409869183,0.11956970155298385,0.08017616785522395,0.16443659926682672,0.008564836022218442,0.5830357685058161
M. Gejl,16,3,2.0245934,0.1875,0.12653708457946777,12.9263243857094,95.36063409869185,0.11937101721784381,0.07263702329575629,0.17411449343366847,-0.007166067361623965,0.8522444417689984
O. Ahtinen,16,3,1.5338253,0.1875,0.09586407989263535,12.9263243857094,95.36063409869185,0.11937101721784381,0.07263702329575629,0.17411449343366847,0.023506937325208463,0.8522444417689984
G. Clinton,100,13,10.287111,0.13,0.10287111282348632,22.9263243857094,169.36063409869183,0.11922974166534148,0.08326092749787994,0.1597070429761414,0.016358628841855155,0.4799439296965511
C. Kapocs,33,5,5.3198705,0.15151515151515152,0.16120819611982865,14.9263243857094,110.36063409869185,0.11913709588191328,0.07540543312225537,0.16979392966369636,-0.04207110023791537,0.7366046682016896
N. Watts,8,2,1.2958721,0.25,0.16198401153087616,11.9263243857094,88.36063409869185,0.11892198712521962,0.0706579054531785,0.17584575080410197,-0.04306202440565654,0.9202289099111094
H. Cissoko,8,2,1.421381,0.25,0.1776726245880127,11.9263243857094,88.36063409869185,0.11892198712521962,0.0706579054531785,0.17584575080410197,-0.058750637462793076,0.9202289099111094
K. Buchanan,8,2,1.9693816,0.25,0.246172696352005,11.9263243857094,88.36063409869185,0.11892198712521962,0.0706579054531785,0.17584575080410197,-0.12725070922678539,0.9202289099111094
S. Murray,8,2,1.115829,0.25,0.1394786238670349,11.9263243857094,88.36063409869185,0.11892198712521962,0.0706579054531785,0.17584575080410197,-0.020556636741815293,0.9202289099111094
E. Murphy,8,2,0.87307537,0.25,0.10913442075252533,11.9263243857094,88.36063409869185,0.11892198712521962,0.0706579054531785,0.17584575080410197,0.00978756637269429,0.9202289099111094
O. Smith,84,11,8.753437,0.13095238095238096,0.10420758383614677,20.9263243857094,155.36063409869183,0.11870602661490168,0.08134579489588854,0.16099114461521016,0.014498442778754908,0.5235041734103499
A. Heatherson,42,6,5.1104774,0.14285714285714285,0.12167803446451823,15.9263243857094,118.36063409869185,0.11859918912050867,0.0763127780560845,0.16735496450611018,-0.0030788453440095676,0.6872369403996983
L. Quinn,135,17,16.605473,0.1259259259259259,0.12300350047923901,26.9263243857094,200.36063409869183,0.11846840912149106,0.08528965947800385,0.15546829351620456,-0.004535091357747947,0.40603719236594327
A. Asante,9,2,0.75640506,0.2222222222222222,0.08404500616921319,11.9263243857094,89.36063409869185,0.11774787755667596,0.06993799412114735,0.1741577916370002,0.033702871387462766,0.9111435456778372
E. Koivisto,60,8,9.374459,0.13333333333333333,0.15624098777770995,17.9263243857094,134.36063409869183,0.11771411396035988,0.07792585079357645,0.16321915766946432,-0.038526873817350066,0.6060069713313896
C. Grant,35,5,5.1643195,0.14285714285714285,0.14755198614937917,14.9263243857094,112.36063409869185,0.11726515083270364,0.07418713305336512,0.16719244772463626,-0.03028683531667553,0.7250307461444356
F. Rolfö,18,3,4.0086,0.16666666666666666,0.22270001305474174,12.9263243857094,97.36063409869185,0.11720628225990719,0.07127961910279511,0.17104100950023557,-0.10549373079483455,0.8367894060425478
N. Charles,121,15,17.984512,0.12396694214876033,0.14863233329836,24.9263243857094,188.36063409869183,0.11686755047206691,0.08291604439470311,0.15490822512388508,-0.031764782826293095,0.43268917677941565
I. Christiansen,121,15,14.077434,0.12396694214876033,0.11634242633157525,24.9263243857094,188.36063409869183,0.11686755047206691,0.08291604439470311,0.15490822512388508,0.0005251241404916618,0.43268917677941565
D. Janssen,104,13,12.069656,0.125,0.11605438819298378,22.9263243857094,173.36063409869183,0.11680003889576462,0.08152611255088776,0.1565184385766375,0.0007456507027808479,0.4701634749296655
S. Holmberg,10,2,1.8349644,0.2,0.1834964394569397,11.9263243857094,90.36063409869185,0.1165967251585466,0.06923261309684706,0.17250187890745883,-0.06689971429839309,0.902235826070388
B. Leon,10,2,1.0858357,0.2,0.10858356952667236,11.9263243857094,90.36063409869185,0.1165967251585466,0.06923261309684706,0.17250187890745883,0.008013155631874241,0.902235826070388
N. Karczewska,10,2,2.3931615,0.2,0.23931615352630614,11.9263243857094,90.36063409869185,0.1165967251585466,0.06923261309684706,0.17250187890745883,-0.12271942836775954,0.902235826070388
H. Kitagawa,10,2,1.7161324,0.2,0.1716132402420044,11.9263243857094,90.36063409869185,0.1165967251585466,0.06923261309684706,0.17250187890745883,-0.055016515083457784,0.902235826070388
I. Beney,10,2,1.3207928,0.2,0.13207927942276002,11.9263243857094,90.36063409869185,0.1165967251585466,0.06923261309684706,0.17250187890745883,-0.01548255426421341,0.902235826070388
H. Sharp,10,2,2.1813445,0.2,0.21813445091247557,11.9263243857094,90.36063409869185,0.1165967251585466,0.06923261309684706,0.17250187890745883,-0.10153772575392897,0.902235826070388
I. Riley,10,2,1.401031,0.2,0.14010310173034668,11.9263243857094,90.36063409869185,0.1165967251585466,0.06923261309684706,0.17250187890745883,-0.023506376571800075,0.902235826070388
J. Blakstad,28,4,4.6813807,0.14285714285714285,0.16719216959817068,13.9263243857094,106.36063409869185,0.11577584603667036,0.0718710383926569,0.16695698229186812,-0.05141632356150032,0.7672233103838016
A. Anvegård,28,4,3.0722423,0.14285714285714285,0.10972293785640172,13.9263243857094,106.36063409869185,0.11577584603667036,0.0718710383926569,0.16695698229186812,0.006052908180268643,0.7672233103838016
K. Robinson,54,7,5.475324,0.12962962962962962,0.1013948917388916,16.9263243857094,129.36063409869183,0.11570631149265624,0.07552657502915733,0.1618685442746731,0.01431141975376464,0.6308625146119347
S. Mewis,54,7,6.724796,0.12962962962962962,0.12453325589497884,16.9263243857094,129.36063409869183,0.11570631149265624,0.07552657502915733,0.1618685442746731,-0.008826944402322595,0.6308625146119347
M. Le Tissier,54,7,5.644169,0.12962962962962962,0.10452164543999566,16.9263243857094,129.36063409869183,0.11570631149265624,0.07552657502915733,0.1618685442746731,0.01118466605266058,0.6308625146119347
B. Aspin,11,2,2.139056,0.18181818181818182,0.19445963339372116,11.9263243857094,91.36063409869185,0.11546786313308426,0.06854132661259155,0.17087711014380502,-0.0789917702606369,0.8935005913485073
C. Hayes,11,2,1.8982306,0.18181818181818182,0.17256641387939453,11.9263243857094,91.36063409869185,0.11546786313308426,0.06854132661259155,0.17087711014380502,-0.057098550746310275,0.8935005913485073
A. Lawrence,11,2,1.3520966,0.18181818181818182,0.12291786887428978,11.9263243857094,91.36063409869185,0.11546786313308426,0.06854132661259155,0.17087711014380502,-0.007450005741205523,0.8935005913485073
R. Rowe,115,14,11.019775,0.12173913043478261,0.09582413383152173,23.9263243857094,183.36063409869183,0.11542609607786737,0.08122834928751245,0.15384720231510132,0.01960196224634564,0.4452135298774511
E. van Egmond,46,6,3.904585,0.13043478260869565,0.08488228010094684,15.9263243857094,122.36063409869185,0.1151686649287748,0.07404624896733315,0.1626288955243549,0.03028638482782796,0.6673583647789261
T. Wullaert,46,6,5.1471834,0.13043478260869565,0.11189529170160709,15.9263243857094,122.36063409869185,0.1151686649287748,0.07404624896733315,0.1626288955243549,0.0032733732271677113,0.6673583647789261
A. Fujino,46,6,6.0206976,0.13043478260869565,0.13088473029758618,15.9263243857094,122.36063409869185,0.1151686649287748,0.07404624896733315,0.1626288955243549,-0.015716065368811385,0.6673583647789261
S. Worm,20,3,1.597977,0.15,0.07989885210990906,12.9263243857094,99.36063409869185,0.1151186616877249,0.06997204461759662,0.16807399402770343,0.03521980957781584,0.821884925284726
A. Denton,20,3,2.7713006,0.15,0.13856502771377563,12.9263243857094,99.36063409869185,0.1151186616877249,0.06997204461759662,0.16807399402770343,-0.023446366026050727,0.821884925284726
Y. Momiki,55,7,5.3030024,0.12727272727272726,0.09641822468150746,16.9263243857094,130.36063409869183,0.11492072726521828,0.07500051982274669,0.16079477181164176,0.01850250258371082,0.6265792941482653
M. Agyemang,29,4,4.8247085,0.13793103448275862,0.16636925730211982,13.9263243857094,107.36063409869185,0.11482128466021735,0.0712614808886703,0.16561501637615228,-0.05154797264190247,0.760897623599575
J. Park,151,18,14.4662485,0.11920529801324503,0.09580297027992098,27.9263243857094,215.36063409869183,0.11478759305341041,0.08312885763634884,0.1500501552482575,0.018984622773489432,0.37933376724884327
A. Nouwen,12,2,2.815845,0.16666666666666666,0.23465375105539957,11.9263243857094,92.36063409869185,0.11436065025804049,0.06786371616351711,0.16928261638245265,-0.12029310079735908,0.8849328796774247
H. Raso,82,10,9.827192,0.12195121951219512,0.11984380861607993,19.9263243857094,154.36063409869183,0.11433055323811171,0.07745801026750743,0.15624120856809284,-0.005513255377968221,0.5295115554653544
A. Weerden,21,3,2.2017682,0.14285714285714285,0.10484610285077776,12.9263243857094,100.36063409869185,0.11410249298456764,0.06933609338698371,0.16662870069810265,0.009256390133789871,0.8146300308442693
H. Ladd,100,12,9.667566,0.12,0.09667566299438476,21.9263243857094,170.36063409869183,0.11402918096230699,0.07883232522556871,0.15379559514706947,0.017353517967922227,0.4799439296965503
K. Svitková,39,5,4.074263,0.1282051282051282,0.10446828450912084,14.9263243857094,116.36063409869185,0.11369236181583761,0.07186499729320855,0.16222122499543176,0.009224077306716774,0.7029407913000456
C. Ubogagu,48,6,5.378566,0.125,0.11205345392227173,15.9263243857094,124.36063409869185,0.11352676369756975,0.07296275867383584,0.16036444403360933,0.0014733097752980262,0.6578441751209738
B. Chaplen,198,23,19.380505,0.11616161616161616,0.09788133640481968,32.9263243857094,257.36063409869183,0.11342681241216945,0.08444697300834555,0.14543718528688587,0.015545476007349776,0.3179163093176296
L. Wilms,13,2,1.3265043,0.15384615384615385,0.10203879613142747,11.9263243857094,93.36063409869185,0.11327446967210417,0.06719937966062788,0.16771756063021298,0.0112356735406767,0.8765279177294686
D. Brynjarsdóttir,75,9,8.90594,0.12,0.11874586741129557,18.9263243857094,148.36063409869183,0.11313687903217032,0.07575909895486671,0.15577991154883494,-0.005608988379125254,0.5516685778766568
M. Iwabuchi,22,3,2.6071792,0.13636363636363635,0.11850814385847612,12.9263243857094,101.36063409869185,0.11310410704011939,0.0687116039730798,0.16520801742718424,-0.0054040368183567306,0.8075020956743479
A. Addison,31,4,3.3835654,0.12903225806451613,0.10914727180234847,13.9263243857094,109.36063409869185,0.11295861749620023,0.0700728832348672,0.16299469467388988,0.0038113456938517615,0.7485541019010358
E. Salmon,164,19,15.173536,0.11585365853658537,0.09252156280889744,28.9263243857094,227.36063409869183,0.11286693851599158,0.08221834126334887,0.1469533627290877,0.020345375707094146,0.3600922927571355
M. Marcetto,5,1,0.7755831,0.2,0.15511661767959595,10.9263243857094,86.36063409869185,0.11231026805572608,0.06481085089571009,0.1688891159850127,-0.042806349623869866,0.948605649946373
L. León,5,1,0.7915108,0.2,0.1583021640777588,10.9263243857094,86.36063409869185,0.11231026805572608,0.06481085089571009,0.1688891159850127,-0.04599189602203271,0.948605649946373
S. Kees,5,1,1.1941457,0.2,0.2388291358947754,10.9263243857094,86.36063409869185,0.11231026805572608,0.06481085089571009,0.1688891159850127,-0.1265188678390493,0.948605649946373
M. Alexander,5,1,0.8852176,0.2,0.17704352140426635,10.9263243857094,86.36063409869185,0.11231026805572608,0.06481085089571009,0.1688891159850127,-0.06473325334854027,0.948605649946373
L. Karlseng Utland,5,1,1.1335843,0.2,0.22671685218811036,10.9263243857094,86.36063409869185,0.11231026805572608,0.06481085089571009,0.1688891159850127,-0.11440658413238428,0.948605649946373
A. Baker,5,1,0.8353462,0.2,0.16706924438476561,10.9263243857094,86.36063409869185,0.11231026805572608,0.06481085089571009,0.1688891159850127,-0.05475897632903953,0.948605649946373
R. Pitman,5,1,0.60162795,0.2,0.12032558917999267,10.9263243857094,86.36063409869185,0.11231026805572608,0.06481085089571009,0.1688891159850127,-0.008015321124266589,0.948605649946373
E. Donovan,5,1,0.43807003,0.2,0.0876140058040619,10.9263243857094,86.36063409869185,0.11231026805572608,0.06481085089571009,0.1688891159850127,0.024696262251664186,0.948605649946373
Y. Endo,5,1,1.2888415,0.2,0.2577682971954346,10.9263243857094,86.36063409869185,0.11231026805572608,0.06481085089571009,0.1688891159850127,-0.1454580291397085,0.948605649946373
E. Carpenter,14,2,1.9420503,0.14285714285714285,0.13871788127081736,11.9263243857094,94.36063409869185,0.11220872772890303,0.06654793063325068,0.16618113641032398,-0.026509153541914326,0.8682811118162284
L. Smith,14,2,2.4087658,0.14285714285714285,0.17205469948904856,11.9263243857094,94.36063409869185,0.11220872772890303,0.06654793063325068,0.16618113641032398,-0.05984597176014553,0.8682811118162284
S. Takarada,14,2,2.217573,0.14285714285714285,0.15839806624821254,11.9263243857094,94.36063409869185,0.11220872772890303,0.06654793063325068,0.16618113641032398,-0.04618933851930951,0.8682811118162284
M. Paví,14,2,1.4778762,0.14285714285714285,0.10556258474077497,11.9263243857094,94.36063409869185,0.11220872772890303,0.06654793063325068,0.16618113641032398,0.006646142988128059,0.8682811118162284
J. Šimić,14,2,1.2015672,0.14285714285714285,0.0858262266431536,11.9263243857094,94.36063409869185,0.11220872772890303,0.06654793063325068,0.16618113641032398,0.026382501085749424,0.8682811118162284
G. Bergsvand,14,2,2.2996743,0.14285714285714285,0.16426244803837367,11.9263243857094,94.36063409869185,0.11220872772890303,0.06654793063325068,0.16618113641032398,-0.05205372030947064,0.8682811118162284
Rafaelle,23,3,1.4263723,0.13043478260869565,0.06201618650685186,12.9263243857094,102.36063409869185,0.11212304111100631,0.06809826911166214,0.16381132188791112,0.05010685460415445,0.8004978160377786
E. Snerle,23,3,1.3713467,0.13043478260869565,0.05962377009184464,12.9263243857094,102.36063409869185,0.11212304111100631,0.06809826911166214,0.16381132188791112,0.052499271019161665,0.8004978160377786
,478,54,55.766357,0.11297071129707113,0.11666601971103556,63.9263243857094,506.36063409869183,0.11209501363243597,0.09118252152003316,0.1345548684660596,-0.004571006078599588,0.161825475949271
J. Clarke,148,17,16.619339,0.11486486486486487,0.11229283100849874,26.9263243857094,213.36063409869183,0.11205903373011142,0.08058411892889607,0.1472084739023747,-0.000233797278387321,0.3840697766807515
A. Plumptre,32,4,4.3857656,0.125,0.1370551735162735,13.9263243857094,110.36063409869185,0.11204976415491924,0.06949333775092335,0.16171534314265398,-0.02500540936135426,0.7425313130981784
N. Nadim,32,4,3.8963833,0.125,0.1217619776725769,13.9263243857094,110.36063409869185,0.11204976415491924,0.06949333775092335,0.16171534314265398,-0.009712213517657664,0.7425313130981784
E. Summanen,59,7,5.2157583,0.11864406779661017,0.0884026834520243,16.9263243857094,134.36063409869183,0.11188224388458855,0.07296762836905114,0.15663830187928862,0.023479560432564245,0.6100126501909702
Vicky Losada,68,8,7.218644,0.11764705882352941,0.1061565315022188,17.9263243857094,142.36063409869183,0.11183894532164293,0.07394158804979825,0.15524999996927788,0.005682413819424123,0.5757608688630904
A. Whelan,167,19,21.397865,0.11377245508982035,0.12813092991263567,28.9263243857094,230.36063409869183,0.11156104632022831,0.08124905148530995,0.1452824490387237,-0.016569883592407353,0.35592595564328156
R. Kmita,6,1,0.6954273,0.16666666666666666,0.11590454975763957,10.9263243857094,87.36063409869185,0.11116759084007544,0.06413066726580856,0.16721741963021597,-0.004736958917564135,0.9389542611499954
L. Schüller,6,1,0.90893066,0.16666666666666666,0.15148844321568808,10.9263243857094,87.36063409869185,0.11116759084007544,0.06413066726580856,0.16721741963021597,-0.04032085237561264,0.9389542611499954
M. Vanegas,6,1,0.6359324,0.16666666666666666,0.10598873098691304,10.9263243857094,87.36063409869185,0.11116759084007544,0.06413066726580856,0.16721741963021597,0.005178859853162396,0.9389542611499954
L. Rafferty,6,1,0.7012483,0.16666666666666666,0.11687471469243367,10.9263243857094,87.36063409869185,0.11116759084007544,0.06413066726580856,0.16721741963021597,-0.005707123852358234,0.9389542611499954
R. Jarrett,15,2,1.7212592,0.13333333333333333,0.11475061575571696,11.9263243857094,95.36063409869185,0.11116285291509499,0.06590899747756791,0.1646725663869414,-0.003587762840621969,0.8601880395166492
L. Hurtig,15,2,1.3804219,0.13333333333333333,0.09202812512715658,11.9263243857094,95.36063409869185,0.11116285291509499,0.06590899747756791,0.1646725663869414,0.019134727787938413,0.8601880395166492
F. Whelan,15,2,1.3858008,0.13333333333333333,0.09238672256469727,11.9263243857094,95.36063409869185,0.11116285291509499,0.06590899747756791,0.1646725663869414,0.018776130350397727,0.8601880395166492
Tatiana Pinto,15,2,2.3344991,0.13333333333333333,0.15563327471415203,11.9263243857094,95.36063409869185,0.11116285291509499,0.06590899747756791,0.1646725663869414,-0.04447042179905704,0.8601880395166492
C. Hunt,24,3,3.759928,0.125,0.15666366616884866,12.9263243857094,103.36063409869185,0.11115884837114678,0.06749579242990249,0.16243801252637496,-0.04550481779770188,0.793614001838225
C. Tandberg,42,5,5.7715387,0.11904761904761904,0.1374175889151437,14.9263243857094,119.36063409869185,0.11115244960621577,0.07021665265811704,0.1586823471164942,-0.026265139308927918,0.687236940399698
C. Jones,42,5,7.7577715,0.11904761904761904,0.18470884504772367,14.9263243857094,119.36063409869185,0.11115244960621577,0.07021665265811704,0.1586823471164942,-0.0735563954415079,0.687236940399698
J. Carter,42,5,4.807689,0.11904761904761904,0.11446879023597353,14.9263243857094,119.36063409869185,0.11115244960621577,0.07021665265811704,0.1586823471164942,-0.0033163406297577608,0.687236940399698
M. Connolly,51,6,5.665794,0.11764705882352941,0.11109399795532227,15.9263243857094,127.36063409869185,0.11114985309317733,0.07139572809442568,0.1570834513885668,5.5855137855068127e-05,0.6440708872639513
G. Fisk,60,7,9.061226,0.11666666666666667,0.15102043151855468,16.9263243857094,135.36063409869183,0.11114756348254973,0.07247651699466391,0.15563250746979151,-0.039872868036004955,0.6060069713313881
C. Kelly,359,40,38.952694,0.11142061281337047,0.10850332573595817,49.9263243857094,401.36063409869183,0.1106309930900321,0.08738752644177056,0.135837382687937,0.0021276673540739366,0.20449728659196498
S. O’Brien,79,9,11.754937,0.11392405063291139,0.14879667306248145,18.9263243857094,152.36063409869183,0.11049483599437597,0.07394851484678876,0.1522180786464428,-0.038301837068105485,0.5387856688038812
M. Hamano,52,6,9.615142,0.11538461538461539,0.1849065743959867,15.9263243857094,128.36063409869183,0.11037951421944475,0.07088824323948385,0.15601938570290133,-0.07452706017654195,0.639607068121669
A. Galli,34,4,3.32496,0.11764705882352941,0.09779294098124784,13.9263243857094,112.36063409869185,0.11027523786179041,0.0683625519024443,0.15921588428443625,0.012482296880542573,0.7307718832724945
R. Corsie,25,3,5.0059304,0.12,0.2002372169494629,12.9263243857094,104.36063409869185,0.11021109723318943,0.06690388796776416,0.1610875077037587,-0.09002611971627346,0.7868475717756387
M. Taylor,25,3,2.0710125,0.12,0.08284049987792969,12.9263243857094,104.36063409869185,0.11021109723318943,0.06690388796776416,0.1610875077037587,0.02737059735525975,0.7868475717756387
K. Ramshaw,25,3,2.7302787,0.12,0.10921114921569824,12.9263243857094,104.36063409869185,0.11021109723318943,0.06690388796776416,0.1610875077037587,0.0009999480174911896,0.7868475717756387
N. Björn,25,3,3.481701,0.12,0.13926803588867187,12.9263243857094,104.36063409869185,0.11021109723318943,0.06690388796776416,0.1610875077037587,-0.029056938655482437,0.7868475717756387
A. Mannion,16,2,1.4058039,0.125,0.08786274492740631,11.9263243857094,96.36063409869185,0.11013629482840621,0.06528222274814924,0.1631911010632088,0.022273549900999903,0.8522444417689979
T. Primmer,16,2,1.7021049,0.125,0.10638155788183212,11.9263243857094,96.36063409869185,0.11013629482840621,0.06528222274814924,0.1631911010632088,0.0037547369465740915,0.8522444417689979
A. Larkin,7,1,0.5744337,0.14285714285714285,0.08206195490700859,10.9263243857094,88.36063409869185,0.1100479312942798,0.06346461959364356,0.16557844345976142,0.02798597638727121,0.9294972863822819
G. Prior,7,1,1.2165974,0.14285714285714285,0.17379963397979736,10.9263243857094,88.36063409869185,0.1100479312942798,0.06346461959364356,0.16557844345976142,-0.06375170268551757,0.9294972863822819
M. Mpome,7,1,0.5719986,0.14285714285714285,0.08171408517020089,10.9263243857094,88.36063409869185,0.1100479312942798,0.06346461959364356,0.16557844345976142,0.02833384612407891,0.9294972863822819
E. Mastrantonio,7,1,0.48712623,0.14285714285714285,0.0695894615990775,10.9263243857094,88.36063409869185,0.1100479312942798,0.06346461959364356,0.16557844345976142,0.040458469695202295,0.9294972863822819
J. Kemppi,7,1,0.5012555,0.14285714285714285,0.07160793031964983,10.9263243857094,88.36063409869185,0.1100479312942798,0.06346461959364356,0.16557844345976142,0.03844000097462996,0.9294972863822819
S. Cooke,7,1,1.2362473,0.14285714285714285,0.17660675730024064,10.9263243857094,88.36063409869185,0.1100479312942798,0.06346461959364356,0.16557844345976142,-0.06655882600596084,0.9294972863822819
A. Ilestedt,7,1,1.2677629,0.14285714285714285,0.18110898562840053,10.9263243857094,88.36063409869185,0.1100479312942798,0.06346461959364356,0.16557844345976142,-0.07106105433412073,0.9294972863822819
S. Wiltshire,7,1,1.3799468,0.14285714285714285,0.19713526112692698,10.9263243857094,88.36063409869185,0.1100479312942798,0.06346461959364356,0.16557844345976142,-0.08708732983264718,0.9294972863822819
L. Dykes,7,1,1.197602,0.14285714285714285,0.1710860048021589,10.9263243857094,88.36063409869185,0.1100479312942798,0.06346461959364356,0.16557844345976142,-0.06103807350787911,0.9294972863822819
Diana Silva,7,1,1.0568905,0.14285714285714285,0.1509843553815569,10.9263243857094,88.36063409869185,0.1100479312942798,0.06346461959364356,0.16557844345976142,-0.040936424087277115,0.9294972863822819
M. Turner,98,11,13.86575,0.11224489795918367,0.14148724808984872,20.9263243857094,169.36063409869183,0.10997245713728108,0.0752285691914591,0.14938207088622793,-0.03151479095256764,0.4849883524307098
J. Vanhaevermaet,53,6,7.559606,0.11320754716981132,0.142634076892205,15.9263243857094,129.36063409869183,0.10961977972316995,0.0703879252877155,0.154969622608924,-0.03301429716903505,0.635204697290906
Ornella Vignola,35,4,2.2310832,0.11428571428571428,0.06374523299080985,13.9263243857094,113.36063409869185,0.10940888643683037,0.067810854220093,0.1579948707006835,0.045663653446020525,0.7250307461444356
D. Stokes,35,4,3.1408072,0.11428571428571428,0.08973734719412667,13.9263243857094,113.36063409869185,0.10940888643683037,0.067810854220093,0.1579948707006835,0.019671539242703706,0.7250307461444356
A. Rodgers,26,3,2.9158988,0.11538461538461539,0.11214995384216309,12.9263243857094,105.36063409869185,0.10927937070437077,0.0663222797244312,0.15975924488039536,-0.0028705831377923152,0.7801955487474239
Inma Gabarro,17,2,1.4266847,0.11764705882352941,0.08392263160032384,11.9263243857094,97.36063409869185,0.10912852321177616,0.06466726248963763,0.1617360175483599,0.025205891611452313,0.8444462153969958
E. Westwood,17,2,1.8117152,0.11764705882352941,0.10657148501452278,11.9263243857094,97.36063409869185,0.10912852321177616,0.06466726248963763,0.1617360175483599,0.002557038197253378,0.8444462153969958
M. Green,17,2,1.196915,0.11764705882352941,0.07040676649879007,11.9263243857094,97.36063409869185,0.10912852321177616,0.06466726248963763,0.1617360175483599,0.03872175671298608,0.8444462153969958
J. Pennock,17,2,1.86931,0.11764705882352941,0.10995941302355598,11.9263243857094,97.36063409869185,0.10912852321177616,0.06466726248963763,0.1617360175483599,-0.0008308898117798252,0.8444462153969958
M. Cato,17,2,1.6570296,0.11764705882352941,0.09747233110315659,11.9263243857094,97.36063409869185,0.10912852321177616,0.06466726248963763,0.1617360175483599,0.011656192108619567,0.8444462153969958
Z. Kramžar,8,1,1.4112399,0.125,0.17640498280525208,10.9263243857094,89.36063409869185,0.1089506008641083,0.06281227151072726,0.16397123766842114,-0.06745438194114378,0.9202289099111092
K. Pearce,8,1,1.2479755,0.125,0.15599693357944489,10.9263243857094,89.36063409869185,0.1089506008641083,0.06281227151072726,0.16397123766842114,-0.04704633271533659,0.9202289099111092
L. Wade,8,1,0.41964287,0.125,0.0524553582072258,10.9263243857094,89.36063409869185,0.1089506008641083,0.06281227151072726,0.16397123766842114,0.056495242656882494,0.9202289099111092
A. Sandberg,8,1,0.82700384,0.125,0.10337547957897186,10.9263243857094,89.36063409869185,0.1089506008641083,0.06281227151072726,0.16397123766842114,0.005575121285136431,0.9202289099111092
A. Csillag,8,1,1.1496291,0.125,0.1437036395072937,10.9263243857094,89.36063409869185,0.1089506008641083,0.06281227151072726,0.16397123766842114,-0.03475303864318541,0.9202289099111092
C. Rule,8,1,0.6505206,0.125,0.08131507784128189,10.9263243857094,89.36063409869185,0.1089506008641083,0.06281227151072726,0.16397123766842114,0.027635523022826403,0.9202289099111092
N. Girma,8,1,0.9235773,0.125,0.11544716358184814,10.9263243857094,89.36063409869185,0.1089506008641083,0.06281227151072726,0.16397123766842114,-0.006496562717739851,0.9202289099111092
M. van den Berg,8,1,1.2359209,0.125,0.15449011325836182,10.9263243857094,89.36063409869185,0.1089506008641083,0.06281227151072726,0.16397123766842114,-0.04553951239425352,0.9202289099111092
G. Davison,109,12,10.48321,0.11009174311926606,0.09617623495399405,21.9263243857094,179.36063409869183,0.10893067564239928,0.07523230007973904,0.1470512557147541,0.012754440688405227,0.45848453958109836
A. Neville,100,11,14.002356,0.11,0.14002355575561523,20.9263243857094,171.36063409869183,0.10882862025927251,0.07442901824006146,0.14785878751137266,-0.031194935496342724,0.47994392969654665
H. Bennison,45,5,4.5474887,0.1111111111111111,0.10105530420939128,14.9263243857094,122.36063409869185,0.10872354191898971,0.06864226237043562,0.15529439921001828,0.00766823770959843,0.672219411830635
J. Purfield,36,4,3.8909097,0.1111111111111111,0.10808082421620686,13.9263243857094,114.36063409869185,0.10855604147324717,0.06726799404260594,0.15679241973854427,0.0004752172570403057,0.719379113626911
S. Nüsken,110,12,16.802193,0.10909090909090909,0.1527472062544389,21.9263243857094,180.36063409869183,0.10839217985177321,0.07485249980010467,0.14633818869156337,-0.0443550264026657,0.45621803390511506
R. Sevecke,27,3,4.6777735,0.1111111111111111,0.1732508694684064,12.9263243857094,106.36063409869185,0.10836326577477227,0.06575070122825447,0.158452679839545,-0.06488760369363412,0.7736550554809325
L. Maier,18,2,2.3019347,0.1111111111111111,0.1278852621714274,11.9263243857094,98.36063409869185,0.10813902704004874,0.06406378560595827,0.16030661838964091,-0.01974623513137866,0.8367894060425456
Gabi Nunes,18,2,3.1548662,0.1111111111111111,0.1752703454759386,11.9263243857094,98.36063409869185,0.10813902704004874,0.06406378560595827,0.16030661838964091,-0.06713131843588985,0.8367894060425456
K. Simon,18,2,1.5862169,0.1111111111111111,0.08812316258748372,11.9263243857094,98.36063409869185,0.10813902704004874,0.06406378560595827,0.16030661838964091,0.02001586445256502,0.8367894060425456
E. Follis,46,5,4.520313,0.10869565217391304,0.09826766926309337,14.9263243857094,123.36063409869185,0.1079373250326645,0.0681330456546455,0.15419696823261328,0.009669655769571128,0.6673583647789242
E. Nyström,9,1,1.5251938,0.1111111111111111,0.16946597894032797,10.9263243857094,90.36063409869185,0.10787493818754676,0.062173204435637223,0.16239488879649086,-0.06159104075278121,0.911143545677835
G. Lawley,9,1,0.93310636,0.1111111111111111,0.10367848475774129,10.9263243857094,90.36063409869185,0.10787493818754676,0.062173204435637223,0.16239488879649086,0.004196453429805472,0.911143545677835
C. Scofield,9,1,0.43215182,0.1111111111111111,0.04801686935954624,10.9263243857094,90.36063409869185,0.10787493818754676,0.062173204435637223,0.16239488879649086,0.05985806882800052,0.911143545677835
Gio Garbelini,9,1,1.2964988,0.1111111111111111,0.14405541949801975,10.9263243857094,90.36063409869185,0.10787493818754676,0.062173204435637223,0.16239488879649086,-0.036180481310472995,0.911143545677835
E. Stenevik,9,1,1.4555336,0.1111111111111111,0.16172595818837485,10.9263243857094,90.36063409869185,0.10787493818754676,0.062173204435637223,0.16239488879649086,-0.05385102000082809,0.911143545677835
M. Campbell,9,1,0.77490413,0.1111111111111111,0.08610045909881592,10.9263243857094,90.36063409869185,0.10787493818754676,0.062173204435637223,0.16239488879649086,0.02177447908873084,0.911143545677835
L. Vetterlein,9,1,0.75980306,0.1111111111111111,0.08442256185743544,10.9263243857094,90.36063409869185,0.10787493818754676,0.062173204435637223,0.16239488879649086,0.023452376330111324,0.911143545677835
M. Thomas,213,23,25.938776,0.107981220657277,0.12177829115603452,32.9263243857094,272.36063409869183,0.10785368804868808,0.08022685445991198,0.13840335776951448,-0.013924603107346431,0.302295777528637
C. Bizet,74,8,8.101106,0.10810810810810811,0.10947440121624921,17.9263243857094,148.36063409869183,0.10780354965354065,0.0712110007729288,0.14976527940543638,-0.0016708515627085613,0.5549861475940809
G. Flaherty,65,7,8.31324,0.1076923076923077,0.127896000788762,16.9263243857094,140.36063409869183,0.1076142901408323,0.07011693758506424,0.1507910630074563,-0.020281710647929704,0.5867425969301611
S. Piubel,28,3,4.297431,0.10714285714285714,0.15347967829023088,12.9263243857094,107.36063409869185,0.10746239283609185,0.0651888951288033,0.15716728594864815,-0.04601728545413902,0.7672233103838059
J. Carabalí,19,2,2.4104047,0.10526315789473684,0.1268634043241802,11.9263243857094,99.36063409869185,0.10716731365590404,0.06347147326461297,0.15890223046510787,-0.019696090668276156,0.8292702014795144
E. Bissell,19,2,2.173309,0.10526315789473684,0.11438468882912084,11.9263243857094,99.36063409869185,0.10716731365590404,0.06347147326461297,0.15890223046510787,-0.0072173751732168,0.8292702014795144
I. Goodwin,47,5,8.357062,0.10638297872340426,0.1778098370166535,14.9263243857094,124.36063409869185,0.10716239731360779,0.06763133187126877,0.1531149217329687,-0.07064743970304573,0.6625671167536983
S. van de Sanden,47,5,4.895248,0.10638297872340426,0.10415421140954849,14.9263243857094,124.36063409869185,0.10716239731360779,0.06763133187126877,0.1531149217329687,0.003008185904059296,0.6625671167536983
M. Leupolz,47,5,4.2450542,0.10638297872340426,0.0903203030850025,14.9263243857094,124.36063409869185,0.10716239731360779,0.06763133187126877,0.1531149217329687,0.01684209422860529,0.6625671167536983
K. McCabe,215,23,15.906821,0.10697674418604651,0.07398521512053734,32.9263243857094,274.36063409869183,0.10715171430674575,0.07969584089389774,0.13751655594787807,0.03316649918620841,0.3003282630007743
S. Chossenotte,10,1,1.2568337,0.1,0.12568336725234985,10.9263243857094,91.36063409869185,0.1068203077655854,0.0615470166763925,0.16084851801101824,-0.01886305948676445,0.9022358260703877
K. Leine,10,1,2.2302794,0.1,0.22302794456481934,10.9263243857094,91.36063409869185,0.1068203077655854,0.0615470166763925,0.16084851801101824,-0.11620763679923393,0.9022358260703877
C. Nevin,10,1,1.2304944,0.1,0.12304943799972534,10.9263243857094,91.36063409869185,0.1068203077655854,0.0615470166763925,0.16084851801101824,-0.016229130234139938,0.9022358260703877
Lucía Corrales,10,1,1.2564235,0.1,0.12564234733581542,10.9263243857094,91.36063409869185,0.1068203077655854,0.0615470166763925,0.16084851801101824,-0.018822039570230015,0.9022358260703877
Bruna Vilamala,10,1,1.3816384,0.1,0.13816384077072144,10.9263243857094,91.36063409869185,0.1068203077655854,0.0615470166763925,0.16084851801101824,-0.03134353300513604,0.9022358260703877
A. Scott,10,1,0.64633405,0.1,0.06463340520858765,10.9263243857094,91.36063409869185,0.1068203077655854,0.0615470166763925,0.16084851801101824,0.04218690255699775,0.9022358260703877
I. Linden,10,1,1.5780005,0.1,0.1578000545501709,10.9263243857094,91.36063409869185,0.1068203077655854,0.0615470166763925,0.16084851801101824,-0.0509797467845855,0.9022358260703877
C. Siems,10,1,1.928184,0.1,0.19281840324401855,10.9263243857094,91.36063409869185,0.1068203077655854,0.0615470166763925,0.16084851801101824,-0.08599809547843315,0.9022358260703877
R. Shimizu,10,1,1.3958409,0.1,0.13958408832550048,10.9263243857094,91.36063409869185,0.1068203077655854,0.0615470166763925,0.16084851801101824,-0.03276378055991508,0.9022358260703877
A. Gaylor,10,1,0.58179307,0.1,0.05817930698394776,10.9263243857094,91.36063409869185,0.1068203077655854,0.0615470166763925,0.16084851801101824,0.04864100078163765,0.9022358260703877
S. Houghton,160,17,14.7212305,0.10625,0.09200769066810607,26.9263243857094,225.36063409869183,0.10672895875184227,0.07667922534766335,0.14032604352050385,0.014721268083736194,0.36580154217567795
E. Gielnik,29,3,2.2550085,0.10344827586206896,0.0777589123824547,12.9263243857094,108.36063409869185,0.10657637512916822,0.06463661280970745,0.15590255345597337,0.028817462746713512,0.7608976235995768
L. Coombs,198,21,17.659533,0.10606060606060606,0.08918955831816702,30.9263243857094,259.36063409869183,0.1065370781628526,0.07841696634105458,0.13774140239301272,0.017347519844685577,0.3179163093176407
L. Hope,142,15,16.010159,0.1056338028169014,0.11274759534379127,24.9263243857094,209.36063409869183,0.10639228298048434,0.07533912653866394,0.14126876470897465,-0.006355312363306928,0.3939056577515315
C. Macário,67,7,7.986462,0.1044776119402985,0.11920092710808142,16.9263243857094,142.36063409869183,0.10626308987729824,0.0692155901110981,0.14893770519391258,-0.012937837230783178,0.5793754828549903
A. Blanchard,20,2,3.4256148,0.1,0.17128074169158936,11.9263243857094,100.36063409869185,0.1062129079519612,0.06289001833380369,0.1575222039336488,-0.06506783373962816,0.8218849252847256
R. White,39,4,4.010376,0.10256410256410256,0.1028301532451923,13.9263243857094,117.36063409869185,0.1060754590286593,0.06569036390675803,0.1532923091932278,0.0032453057834669896,0.7029407913000452
H. Short,11,1,1.2114387,0.09090909090909091,0.11013078689575195,10.9263243857094,92.36063409869185,0.1057860987102213,0.060933322586673395,0.15933127948345732,-0.00434468818553066,0.8935005913485077
E. de Graaf,11,1,1.0137622,0.09090909090909091,0.0921602032401345,10.9263243857094,92.36063409869185,0.1057860987102213,0.060933322586673395,0.15933127948345732,0.013625895470086788,0.8935005913485077
I. Atkinson,11,1,1.4401847,0.09090909090909091,0.1309258829463612,10.9263243857094,92.36063409869185,0.1057860987102213,0.060933322586673395,0.15933127948345732,-0.02513978423613991,0.8935005913485077
Laia Aleixandri,30,3,4.015387,0.1,0.13384623527526857,12.9263243857094,109.36063409869185,0.10570484821861248,0.06409361402106374,0.1546579888206953,-0.028141387056656086,0.7546753932568642
C. Dunn,30,3,6.4400935,0.1,0.21466978391011557,12.9263243857094,109.36063409869185,0.10570484821861248,0.06409361402106374,0.1546579888206953,-0.10896493569150309,0.7546753932568642
S. Troelsgaard,30,3,2.796582,0.1,0.09321939945220947,12.9263243857094,109.36063409869185,0.10570484821861248,0.06409361402106374,0.1546579888206953,0.012485448766403007,0.7546753932568642
J. Matthews,30,3,5.109721,0.1,0.17032403945922853,12.9263243857094,109.36063409869185,0.10570484821861248,0.06409361402106374,0.1546579888206953,-0.06461919124061605,0.7546753932568642
J. Rytting Kaneryd,106,11,12.417441,0.10377358490566038,0.11714567328399082,20.9263243857094,177.36063409869183,0.10553555587144489,0.07212922833983414,0.14346964784195038,-0.011610117412545931,0.465421221797912
M. Fishel,21,2,2.115021,0.09523809523809523,0.10071528525579543,11.9263243857094,101.36063409869185,0.10527535159619951,0.06231912485029231,0.15616591123880733,0.004560066340404081,0.8146300308442693
A. Harrison,40,4,3.6820548,0.1,0.09205136895179748,13.9263243857094,118.36063409869185,0.10527360024950257,0.06518081134788738,0.1521600361530974,0.013222231297705084,0.6976270340003573
L. Wubben-Moy,78,8,9.830373,0.10256410256410256,0.12603042064568934,17.9263243857094,152.36063409869183,0.1052712700095087,0.06950000474744206,0.14631893987694086,-0.02075915063618064,0.5419496554861288
K. Chapman,69,7,6.1501718,0.10144927536231885,0.08913292401078818,16.9263243857094,144.36063409869183,0.10494540007924087,0.06833713163356844,0.1471293089012194,0.015812476068452694,0.5721910770195793
S. Gaupset,31,3,3.0170298,0.0967741935483871,0.09732354071832472,12.9263243857094,110.36063409869185,0.10484745949300785,0.06355966653026193,0.15343311407457053,0.007523918774683128,0.7485541019010367
A. Bergström,12,1,2.138729,0.08333333333333333,0.17822742462158203,10.9263243857094,93.36063409869185,0.10477172356449256,0.06033175177215327,0.15784235885750347,-0.07345570105708947,0.8849328796774252
J. Riviere,12,1,0.64177704,0.08333333333333333,0.0534814198811849,10.9263243857094,93.36063409869185,0.10477172356449256,0.06033175177215327,0.15784235885750347,0.05129030368330766,0.8849328796774252
L. Whipp,12,1,1.0195833,0.08333333333333333,0.08496527870496114,10.9263243857094,93.36063409869185,0.10477172356449256,0.06033175177215327,0.15784235885750347,0.019806444859531425,0.8849328796774252
N. Hanssen,12,1,1.2313019,0.08333333333333333,0.10260849197705586,10.9263243857094,93.36063409869185,0.10477172356449256,0.06033175177215327,0.15784235885750347,0.002163231587436698,0.8849328796774252
M. Haley,60,6,9.486626,0.1,0.1581104278564453,15.9263243857094,136.36063409869183,0.10458101300473957,0.0670742152756336,0.14799864458824527,-0.05352941485170573,0.6060069713313934
M. Höbinger,60,6,3.6236465,0.1,0.060394108295440674,15.9263243857094,136.36063409869183,0.10458101300473957,0.0670742152756336,0.14799864458824527,0.044186904709298896,0.6060069713313934
W. Kaptein,41,4,6.146886,0.0975609756097561,0.14992404565578554,13.9263243857094,119.36063409869185,0.10448377353692272,0.06467910645520157,0.15104434872390246,-0.045440272118862826,0.6923930107925886
E. Toone,309,32,31.83314,0.10355987055016182,0.10301986867170118,41.9263243857094,359.36063409869183,0.10447965850686661,0.08056115028593228,0.13064050039574757,0.001459789835165426,0.2299774675782007
M. Bartrip,22,2,1.6747429,0.09090909090909091,0.07612467895854604,11.9263243857094,102.36063409869185,0.1043542022980443,0.06175850751605526,0.15483274616323228,0.02822952333949827,0.8075020956743483
J. Brett,22,2,3.5519736,0.09090909090909091,0.16145334460518576,11.9263243857094,102.36063409869185,0.1043542022980443,0.06175850751605526,0.15483274616323228,-0.05709914230714146,0.8075020956743483
N. Mouchon,22,2,2.0068557,0.09090909090909091,0.0912207148291848,11.9263243857094,102.36063409869185,0.1043542022980443,0.06175850751605526,0.15483274616323228,0.013133487468859506,0.8075020956743483
A. Grant,22,2,2.92549,0.09090909090909091,0.13297681374983353,11.9263243857094,102.36063409869185,0.1043542022980443,0.06175850751605526,0.15483274616323228,-0.028622611451789223,0.8075020956743483
C. Emslie,128,13,12.919617,0.1015625,0.10093450546264648,22.9263243857094,197.36063409869183,0.10407481470280883,0.07246718490771309,0.13977265914569542,0.0031403092401623423,0.41893972806808943
N. Fahey,32,3,4.9143324,0.09375,0.15357288718223572,12.9263243857094,111.36063409869185,0.10400386768923732,0.06303454579016213,0.15222746621348815,-0.0495690194929984,0.7425313130981788
E. Cuthbert,369,38,31.671194,0.10298102981029811,0.08582979424536066,47.9263243857094,413.36063409869183,0.1038969853888251,0.08156791176551702,0.12817948772067778,0.01806719114346443,0.20006409630053057
J. Naz,90,9,9.617923,0.1,0.1068658086988661,18.9263243857094,163.36063409869183,0.10382708967810758,0.06938829455479661,0.14321249272669273,-0.003038719020758515,0.5062729624308195
Carla Camacho,13,1,2.2549832,0.07692307692307693,0.1734602451324463,10.9263243857094,94.36063409869185,0.1037766171897556,0.05974194834350129,0.15638097180133534,-0.06968362794269069,0.8765279177294688
N. Lawrence,13,1,1.6656451,0.07692307692307693,0.12812654788677508,10.9263243857094,94.36063409869185,0.1037766171897556,0.05974194834350129,0.15638097180133534,-0.024349930697019476,0.8765279177294688
R. Siemsen,13,1,2.6461582,0.07692307692307693,0.20355063218336839,10.9263243857094,94.36063409869185,0.1037766171897556,0.05974194834350129,0.15638097180133534,-0.09977401499361278,0.8765279177294688
G. Geyoro,13,1,1.0443698,0.07692307692307693,0.08033613975231464,10.9263243857094,94.36063409869185,0.1037766171897556,0.05974194834350129,0.15638097180133534,0.02344047743744096,0.8765279177294688
G. Mullett,13,1,1.6382695,0.07692307692307693,0.12602073412675124,10.9263243857094,94.36063409869185,0.1037766171897556,0.05974194834350129,0.15638097180133534,-0.022244116936995642,0.8765279177294688
M. Piemonte,33,3,3.0613692,0.09090909090909091,0.09276876305088852,12.9263243857094,112.36063409869185,0.10317374243959143,0.06251803462362533,0.15104059661727853,0.010404979388702912,0.7366046682016897
J. Rantala,72,7,7.440031,0.09722222222222222,0.10333376460605198,16.9263243857094,147.36063409869183,0.1030290203304027,0.06706048842766821,0.14449750588107715,-0.00030474427564927686,0.5617424495272031
T. Duggan,140,14,16.736706,0.1,0.11954789842878069,23.9263243857094,208.36063409869183,0.10300330479946478,0.07231784490285662,0.13757794665969011,-0.016544593629315915,0.3972972012141567
V. Hanshaw,14,1,0.91133463,0.07142857142857142,0.06509533098765782,10.9263243857094,95.36063409869185,0.1028002357157765,0.05916357021288435,0.1549463626388904,0.037704904728118674,0.8682811118162287
J. Rose,14,1,2.1339622,0.07142857142857142,0.15242586817060197,10.9263243857094,95.36063409869185,0.1028002357157765,0.05916357021288435,0.1549463626388904,-0.04962563245482547,0.8682811118162287
O. Jean-François,14,1,1.5484911,0.07142857142857142,0.11060650859560285,10.9263243857094,95.36063409869185,0.1028002357157765,0.05916357021288435,0.1549463626388904,-0.007806272879826354,0.8682811118162287
F. Morgan,24,2,1.4719646,0.08333333333333333,0.061331858237584434,11.9263243857094,104.36063409869185,0.10255943178107284,0.0606670105965796,0.15223347535349718,0.041227573543488404,0.7936140018382255
S. Hayles,24,2,3.1280503,0.08333333333333333,0.13033543030420938,11.9263243857094,104.36063409869185,0.10255943178107284,0.0606670105965796,0.15223347535349718,-0.027775998523136544,0.7936140018382255
R. Kafaji,34,3,5.152436,0.08823529411764706,0.15154222881092744,12.9263243857094,113.36063409869185,0.1023567638403932,0.062009922923463856,0.14987207049626647,-0.049185464970534234,0.7307718832724948
C. Press,44,4,4.378788,0.09090909090909091,0.09951790896329013,13.9263243857094,122.36063409869185,0.10218383725470943,0.06321930500547139,0.14779323838690406,0.0026659282914193033,0.6771517943513571
O. Babajide,54,5,5.724261,0.09259259259259259,0.10600482975995099,14.9263243857094,131.36063409869183,0.10203455277457979,0.06431616565444667,0.14594548695428333,-0.003970276985371196,0.6308625146119375
S. Perry-Campbell,5,0,0.08571429,0.0,0.01714285761117935,9.9263243857094,87.36063409869185,0.10203139804500068,0.05685566320987597,0.15652224059878858,0.08488854043382132,0.9486056499463731
L. Bühler,5,0,0.0,0.0,0.0,9.9263243857094,87.36063409869185,0.10203139804500068,0.05685566320987597,0.15652224059878858,0.10203139804500068,0.9486056499463731
L. Bassett,5,0,0.46202272,0.0,0.09240454435348511,9.9263243857094,87.36063409869185,0.10203139804500068,0.05685566320987597,0.15652224059878858,0.009626853691515572,0.9486056499463731
C. Redisch Kvamme,5,0,0.34224808,0.0,0.06844961643218994,9.9263243857094,87.36063409869185,0.10203139804500068,0.05685566320987597,0.15652224059878858,0.03358178161281074,0.9486056499463731
I. Wold,5,0,0.36856312,0.0,0.07371262311935425,9.9263243857094,87.36063409869185,0.10203139804500068,0.05685566320987597,0.15652224059878858,0.028318774925646426,0.9486056499463731
E. Curson,5,0,0.15116279,0.0,0.0302325576543808,9.9263243857094,87.36063409869185,0.10203139804500068,0.05685566320987597,0.15652224059878858,0.07179884039061987,0.9486056499463731
María Pérez,5,0,0.31799677,0.0,0.06359935402870179,9.9263243857094,87.36063409869185,0.10203139804500068,0.05685566320987597,0.15652224059878858,0.03843204401629889,0.9486056499463731
K. Lipka,5,0,0.0,0.0,0.0,9.9263243857094,87.36063409869185,0.10203139804500068,0.05685566320987597,0.15652224059878858,0.10203139804500068,0.9486056499463731
T. Kyvåg,5,0,0.21250896,0.0,0.042501792311668396,9.9263243857094,87.36063409869185,0.10203139804500068,0.05685566320987597,0.15652224059878858,0.05952960573333228,0.9486056499463731
S. Franssi,5,0,0.24275362,0.0,0.04855072498321533,9.9263243857094,87.36063409869185,0.10203139804500068,0.05685566320987597,0.15652224059878858,0.05348067306178535,0.9486056499463731
L. Wandeler,5,0,0.10963455,0.0,0.021926909685134888,9.9263243857094,87.36063409869185,0.10203139804500068,0.05685566320987597,0.15652224059878858,0.08010448835986579,0.9486056499463731
A. Ale,15,1,2.7515004,0.06666666666666667,0.18343335787455242,10.9263243857094,96.36063409869185,0.10184205554953828,0.05859628843103978,0.1535378030552026,-0.08159130232501415,0.8601880395166492
L. Potter,15,1,1.5641958,0.06666666666666667,0.10427971680959065,10.9263243857094,96.36063409869185,0.10184205554953828,0.05859628843103978,0.1535378030552026,-0.002437661260052376,0.8601880395166492
A. Palmer,15,1,0.67449385,0.06666666666666667,0.044966256618499754,10.9263243857094,96.36063409869185,0.10184205554953828,0.05859628843103978,0.1535378030552026,0.05687579893103852,0.8601880395166492
F. Gregory,25,2,2.558693,0.08,0.10234771728515625,11.9263243857094,105.36063409869185,0.10168500010421498,0.0601356095792178,0.15096625602088912,-0.0006627171809412691,0.7868475717756387
E. Morgan,25,2,2.3032532,0.08,0.092130126953125,11.9263243857094,105.36063409869185,0.10168500010421498,0.0601356095792178,0.15096625602088912,0.00955487315108998,0.7868475717756387
V. Gauvin,35,3,3.932233,0.08571428571428572,0.1123495170048305,12.9263243857094,114.36063409869185,0.10155262204095711,0.06151000736693943,0.14872146636313982,-0.010796894963873385,0.7250307461444356
D. Rose,45,4,3.8472466,0.08888888888888889,0.08549436993069119,13.9263243857094,123.36063409869185,0.10143952884855942,0.0627472445184727,0.14674038225199665,0.015945158917868227,0.672219411830637
G. Bonner,124,12,16.77221,0.0967741935483871,0.13525975135064894,21.9263243857094,194.36063409869183,0.10137608175432705,0.06991150109011271,0.1370346920081701,-0.033883669596321886,0.4266875780726158
S. Bruun,6,0,0.075581394,0.0,0.012596899022658667,9.9263243857094,88.36063409869185,0.10099330103174134,0.05625987240093881,0.15497045943296348,0.08839640200908268,0.9389542611499955
A. Goddard,6,0,0.7785382,0.0,0.12975637118021646,9.9263243857094,88.36063409869185,0.10099330103174134,0.05625987240093881,0.15497045943296348,-0.028763070148475123,0.9389542611499955
L. Lindström,6,0,0.8392247,0.0,0.13987078269322714,9.9263243857094,88.36063409869185,0.10099330103174134,0.05625987240093881,0.15497045943296348,-0.0388774816614858,0.9389542611499955
L. Robertson,6,0,0.28809035,0.0,0.048015058040618896,9.9263243857094,88.36063409869185,0.10099330103174134,0.05625987240093881,0.15497045943296348,0.05297824299112244,0.9389542611499955
Li Mengwen,6,0,0.39285713,0.0,0.06547618905703227,9.9263243857094,88.36063409869185,0.10099330103174134,0.05625987240093881,0.15497045943296348,0.03551711197470907,0.9389542611499955
J. Nighswonger,6,0,0.24770986,0.0,0.04128497590621313,9.9263243857094,88.36063409869185,0.10099330103174134,0.05625987240093881,0.15497045943296348,0.05970832512552821,0.9389542611499955
L. Reichardt,6,0,0.3613763,0.0,0.06022938092549642,9.9263243857094,88.36063409869185,0.10099330103174134,0.05625987240093881,0.15497045943296348,0.04076392010624492,0.9389542611499955
L. Little,6,0,0.8784347,0.0,0.14640578627586365,9.9263243857094,88.36063409869185,0.10099330103174134,0.05625987240093881,0.15497045943296348,-0.04541248524412231,0.9389542611499955
O. Tvedten,6,0,0.14886731,0.0,0.02481121818224589,9.9263243857094,88.36063409869185,0.10099330103174134,0.05625987240093881,0.15497045943296348,0.07618208284949544,0.9389542611499955
M. Gut,6,0,0.074433655,0.0,0.012405609091122946,9.9263243857094,88.36063409869185,0.10099330103174134,0.05625987240093881,0.15497045943296348,0.0885876919406184,0.9389542611499955
A. Holmes,6,0,0.74433434,0.0,0.12405572334925334,9.9263243857094,88.36063409869185,0.10099330103174134,0.05625987240093881,0.15497045943296348,-0.023062422317512002,0.9389542611499955
J. Hutton,6,0,0.18521595,0.0,0.030869325002034504,9.9263243857094,88.36063409869185,0.10099330103174134,0.05625987240093881,0.15497045943296348,0.07012397602970684,0.9389542611499955
B. Horwood,6,0,0.074433655,0.0,0.012405609091122946,9.9263243857094,88.36063409869185,0.10099330103174134,0.05625987240093881,0.15497045943296348,0.0885876919406184,0.9389542611499955
F. Brown,6,0,0.14886731,0.0,0.02481121818224589,9.9263243857094,88.36063409869185,0.10099330103174134,0.05625987240093881,0.15497045943296348,0.07618208284949544,0.9389542611499955
H. Godfrey,6,0,0.89510715,0.0,0.14918452501296997,9.9263243857094,88.36063409869185,0.10099330103174134,0.05625987240093881,0.15497045943296348,-0.04819122398122863,0.9389542611499955
Z. Wyne,16,1,2.564924,0.0625,0.16030775010585785,10.9263243857094,97.36063409869185,0.1009015724389686,0.058039786562213626,0.15215459087117816,-0.05940617766688924,0.8522444417689984
M. Þórisdóttir,26,2,3.1712701,0.07692307692307693,0.1219719281563392,11.9263243857094,106.36063409869185,0.10082535334850248,0.05961344101464662,0.14971993552906185,-0.021146574807836716,0.7801955487474247
A. Stringer,36,3,4.474518,0.08333333333333333,0.1242921617296007,12.9263243857094,115.36063409869185,0.10076101685177255,0.06101809114399161,0.14758837552880139,-0.023531144877828147,0.7193791136269141
M. Goodwin,46,4,4.3484945,0.08695652173913043,0.09453248977661133,13.9263243857094,124.36063409869185,0.1007059851365542,0.062282184388963505,0.14570240547311775,0.006173495359942868,0.6673583647789263
J. Zigiotti Olme,66,6,7.299086,0.09090909090909091,0.1105922135439786,15.9263243857094,142.36063409869183,0.1006167819396119,0.0644726838520081,0.14250369658958978,-0.009975431604366702,0.5830357685058186
D. Spence,246,24,30.774101,0.0975609756097561,0.12509797259074887,33.9263243857094,304.36063409869183,0.10028859681055005,0.0748699393948688,0.1283953957296339,-0.024809375780198817,0.2728067286361464
L. Bronze,97,9,9.437642,0.09278350515463918,0.09729527935539324,18.9263243857094,170.36063409869183,0.09998747159999975,0.06676822004519353,0.13801590324484586,0.0026921922446065116,0.48755053820576144
S. Howard,47,4,6.619596,0.0851063829787234,0.14084246818055499,13.9263243857094,125.36063409869185,0.09998297426581404,0.06182396998318583,0.14467899518716296,-0.040859493914740946,0.6625671167536942
N. Sørensen,47,4,3.655027,0.0851063829787234,0.07776653005721722,13.9263243857094,125.36063409869185,0.09998297426581404,0.06182396998318583,0.14467899518716296,0.022216444208596822,0.6625671167536942
K. Smith,27,2,3.4862092,0.07407407407407407,0.1291188575603344,11.9263243857094,107.36063409869185,0.09998011968147351,0.05910026626925804,0.14849400174746466,-0.029138737878860885,0.7736550554809334
V. Bøe Risa,27,2,1.8239908,0.07407407407407407,0.06755521562364367,11.9263243857094,107.36063409869185,0.09998011968147351,0.05910026626925804,0.14849400174746466,0.03242490405782984,0.7736550554809334
E. Rutherford,27,2,2.5401907,0.07407407407407407,0.09408113691541883,11.9263243857094,107.36063409869185,0.09998011968147351,0.05910026626925804,0.14849400174746466,0.005898982766054675,0.7736550554809334
J. Clark,27,2,3.5147605,0.07407407407407407,0.13017631460119178,11.9263243857094,107.36063409869185,0.09998011968147351,0.05910026626925804,0.14849400174746466,-0.03019619491971827,0.7736550554809334
C. Haines,17,1,1.567863,0.058823529411764705,0.09222723455990062,10.9263243857094,98.36063409869185,0.09997830058807004,0.057493760094463796,0.150796048883505,0.007751066028169426,0.8444462153969962
N. Heroum,7,0,0.8896829,0.0,0.12709755556924002,9.9263243857094,89.36063409869185,0.09997611506317722,0.05567644399182012,0.1534491057925877,-0.0271214405060628,0.929497286382282
D. Caldwell,7,0,0.28231138,0.0,0.040330197129930766,9.9263243857094,89.36063409869185,0.09997611506317722,0.05567644399182012,0.1534491057925877,0.05964591793324645,0.929497286382282
L. Gunning-Williams,7,0,0.25892857,0.0,0.036989795310156684,9.9263243857094,89.36063409869185,0.09997611506317722,0.05567644399182012,0.1534491057925877,0.06298631975302053,0.929497286382282
K. MacLean,7,0,0.8802573,0.0,0.1257510440690177,9.9263243857094,89.36063409869185,0.09997611506317722,0.05567644399182012,0.1534491057925877,-0.02577492900584047,0.929497286382282
D. Scott,7,0,0.15773809,0.0,0.02253401279449463,9.9263243857094,89.36063409869185,0.09997611506317722,0.05567644399182012,0.1534491057925877,0.07744210226868259,0.929497286382282
R. Yankey,7,0,0.38350186,0.0,0.05478597964559283,9.9263243857094,89.36063409869185,0.09997611506317722,0.05567644399182012,0.1534491057925877,0.04519013541758439,0.929497286382282
È. Périsset,7,0,0.38740936,0.0,0.055344194173812866,9.9263243857094,89.36063409869185,0.09997611506317722,0.05567644399182012,0.1534491057925877,0.04463192088936435,0.929497286382282
M. Lundorf,7,0,0.56307006,0.0,0.08043857983180455,9.9263243857094,89.36063409869185,0.09997611506317722,0.05567644399182012,0.1534491057925877,0.019537535231372666,0.929497286382282
C. Stoney,7,0,1.2071054,0.0,0.17244362831115723,9.9263243857094,89.36063409869185,0.09997611506317722,0.05567644399182012,0.1534491057925877,-0.07246751324798001,0.929497286382282
O. Deslandes,7,0,0.51852524,0.0,0.07407503468649727,9.9263243857094,89.36063409869185,0.09997611506317722,0.05567644399182012,0.1534491057925877,0.025901080376679944,0.929497286382282
V. Sarri,108,10,10.240931,0.09259259259259259,0.09482343108565719,19.9263243857094,180.36063409869183,0.09948887604312641,0.06719748445099463,0.13633076311279688,0.00466544495746922,0.46077367784078127
K. Walsh,88,8,6.615055,0.09090909090909091,0.07517108050259677,17.9263243857094,162.36063409869183,0.09943217488612976,0.06556197246147803,0.13835871352959364,0.024261094383532994,0.5118892639834857
A. Eikeland,78,7,9.965582,0.08974358974358974,0.12776387043488333,16.9263243857094,153.36063409869183,0.09939882969522824,0.06464519766148982,0.1395063663867351,-0.02836504073965508,0.5419496554861256
J. Andersson,48,4,5.7070627,0.08333333333333333,0.11889714002609253,13.9263243857094,126.36063409869185,0.099270270994277,0.061372451190341064,0.14366984723097814,-0.019626869031815528,0.657844175120974
J. Scott,169,16,22.690361,0.09467455621301775,0.13426249126005455,25.9263243857094,235.36063409869183,0.0992254819608886,0.07069747568398535,0.13124339905172686,-0.03503700929916595,0.35320154905439394
R. Lavelle,18,1,0.8390223,0.05555555555555555,0.04661234882142809,10.9263243857094,99.36063409869185,0.09907177182019028,0.05695791588301452,0.1494615237657082,0.05245942299876219,0.8367894060425478
R. McLauchlan,18,1,2.3242714,0.05555555555555555,0.1291261911392212,10.9263243857094,99.36063409869185,0.09907177182019028,0.05695791588301452,0.1494615237657082,-0.03005441931903091,0.8367894060425478
A. Joice,18,1,1.9385538,0.05555555555555555,0.10769743389553493,10.9263243857094,99.36063409869185,0.09907177182019028,0.05695791588301452,0.1494615237657082,-0.008625662075344653,0.8367894060425478
E. Morris,18,1,2.6485612,0.05555555555555555,0.14714229106903076,10.9263243857094,99.36063409869185,0.09907177182019028,0.05695791588301452,0.1494615237657082,-0.04807051924884048,0.8367894060425478
E. Kelly,8,0,0.66672444,0.0,0.08334055542945862,9.9263243857094,90.36063409869185,0.09897921460299697,0.05510499699724806,0.1519572946570455,0.01563865917353835,0.9202289099111094
J. Galabadaarachchi,8,0,0.2761506,0.0,0.03451882675290108,9.9263243857094,90.36063409869185,0.09897921460299697,0.05510499699724806,0.1519572946570455,0.06446038785009589,0.9202289099111094
Alejandra Bernabé,8,0,0.42800507,0.0,0.05350063368678093,9.9263243857094,90.36063409869185,0.09897921460299697,0.05510499699724806,0.1519572946570455,0.04547858091621604,0.9202289099111094
D. Cascarino,8,0,0.31718728,0.0,0.03964840993285179,9.9263243857094,90.36063409869185,0.09897921460299697,0.05510499699724806,0.1519572946570455,0.059330804670145176,0.9202289099111094
L. Robe,8,0,0.24711049,0.0,0.030888810753822327,9.9263243857094,90.36063409869185,0.09897921460299697,0.05510499699724806,0.1519572946570455,0.06809040384917464,0.9202289099111094
S. Lundgaard,8,0,0.7455669,0.0,0.09319586306810379,9.9263243857094,90.36063409869185,0.09897921460299697,0.05510499699724806,0.1519572946570455,0.0057833515348931774,0.9202289099111094
E. Hughes,8,0,1.163742,0.0,0.14546774327754974,9.9263243857094,90.36063409869185,0.09897921460299697,0.05510499699724806,0.1519572946570455,-0.046488528674552776,0.9202289099111094
Wang Shuang,8,0,0.64471376,0.0,0.08058921992778778,9.9263243857094,90.36063409869185,0.09897921460299697,0.05510499699724806,0.1519572946570455,0.018389994675209187,0.9202289099111094
K. Carney,99,9,9.159938,0.09090909090909091,0.092524624834157,18.9263243857094,172.36063409869183,0.09894205300594382,0.0660555950635563,0.1365996657824936,0.006417428171786824,0.48245295557839685
M. Enderby,39,3,4.2516522,0.07692307692307693,0.10901672412187625,12.9263243857094,118.36063409869185,0.09845855624148098,0.059588462716339975,0.1442902779403607,-0.010558167880395278,0.7029407913000455
K. Asllani,39,3,5.1511507,0.07692307692307693,0.1320807872674404,12.9263243857094,118.36063409869185,0.09845855624148098,0.059588462716339975,0.1442902779403607,-0.03362223102595943,0.7029407913000455
H. O'Reilly,29,2,2.373623,0.06896551724137931,0.08184906532024515,11.9263243857094,109.36063409869185,0.09833146559811909,0.05809998414234344,0.14610132800633985,0.01648240027787394,0.7608976235995755
D. Cooper,19,1,1.4229084,0.05263157894736842,0.0748899171226903,10.9263243857094,100.36063409869185,0.09818153478640454,0.05643197162451984,0.14815038502662525,0.023291617663714237,0.8292702014795097
L. Wienroither,19,1,1.9270794,0.05263157894736842,0.10142523364016884,10.9263243857094,100.36063409869185,0.09818153478640454,0.05643197162451984,0.14815038502662525,-0.0032436988537642986,0.8292702014795097
L. Woodham,19,1,1.6729643,0.05263157894736842,0.08805075444673237,10.9263243857094,100.36063409869185,0.09818153478640454,0.05643197162451984,0.14815038502662525,0.010130780339672171,0.8292702014795097
E. Syme,19,1,0.9611028,0.05263157894736842,0.05058435703578748,10.9263243857094,100.36063409869185,0.09818153478640454,0.05643197162451984,0.14815038502662525,0.04759717775061706,0.8292702014795097
A. Patten,60,5,5.897053,0.08333333333333333,0.09828421274820963,14.9263243857094,137.36063409869183,0.09801446252692941,0.06172293667526598,0.1403135406200572,-0.00026975022128021553,0.6060069713313916
M. Filis,9,0,0.2869426,0.0,0.03188251124487983,9.9263243857094,91.36063409869185,0.09800199881841755,0.05454516593448699,0.15049417494797482,0.06611948757353772,0.9111435456778372
D. Susi,9,0,0.8458659,0.0,0.09398510058720906,9.9263243857094,91.36063409869185,0.09800199881841755,0.05454516593448699,0.15049417494797482,0.004016898231208488,0.9111435456778372
G. Brougham,9,0,1.1787131,0.0,0.13096812036302355,9.9263243857094,91.36063409869185,0.09800199881841755,0.05454516593448699,0.15049417494797482,-0.032966121544606,0.9111435456778372
J. Baijings,9,0,0.5062117,0.0,0.05624574422836304,9.9263243857094,91.36063409869185,0.09800199881841755,0.05454516593448699,0.15049417494797482,0.04175625459005451,0.9111435456778372
B. Hendrix,9,0,0.90099806,0.0,0.10011089510387844,9.9263243857094,91.36063409869185,0.09800199881841755,0.05454516593448699,0.15049417494797482,-0.00210889628546089,0.9111435456778372
N. Las,9,0,0.075581394,0.0,0.008397932681772444,9.9263243857094,91.36063409869185,0.09800199881841755,0.05454516593448699,0.15049417494797482,0.08960406613664511,0.9111435456778372
M. Hijikata,9,0,1.0991669,0.0,0.12212965223524305,9.9263243857094,91.36063409869185,0.09800199881841755,0.05454516593448699,0.15049417494797482,-0.024127653416825504,0.9111435456778372
E. Kullberg,9,0,1.3456185,0.0,0.14951316515604654,9.9263243857094,91.36063409869185,0.09800199881841755,0.05454516593448699,0.15049417494797482,-0.05151116633762899,0.9111435456778372
L. Bruton,91,8,9.568981,0.08791208791208792,0.10515363923795931,17.9263243857094,165.36063409869183,0.09780469125540665,0.06446616252486374,0.13613669284187055,-0.007348947982552659,0.5035107748392009
R. Dean,30,2,4.0231743,0.06666666666666667,0.1341058095296224,11.9263243857094,110.36063409869185,0.09752736132717459,0.05761243891453667,0.14493364403811845,-0.03657844820244781,0.7546753932568634
J. Biesmans,20,1,1.3340098,0.05,0.06670048832893372,10.9263243857094,101.36063409869185,0.09730715421619751,0.055915655360251275,0.14686202402283807,0.030606665887263795,0.8218849252847261
C. Walker,123,11,10.437407,0.08943089430894309,0.08485696373916254,20.9263243857094,194.36063409869183,0.09720200672176635,0.06632307228914498,0.13233811560933081,0.012345042982603804,0.4286695261714526
D. Carter,226,21,20.053099,0.09292035398230089,0.08873052512649941,30.9263243857094,287.36063409869183,0.09716491223194447,0.07140942666241828,0.12579969319520531,0.008434387105445057,0.28994891566983294
S. Awujo,10,0,0.58569527,0.0,0.05856952667236328,9.9263243857094,92.36063409869185,0.09704389037262422,0.053996600042425416,0.14905892792011805,0.03847436370026094,0.9022358260703881
E. Stewart,10,0,0.71712613,0.0,0.07171261310577393,9.9263243857094,92.36063409869185,0.09704389037262422,0.053996600042425416,0.14905892792011805,0.02533127726685029,0.9022358260703881
Marta Corredera,10,0,0.9788145,0.0,0.09788144826889038,9.9263243857094,92.36063409869185,0.09704389037262422,0.053996600042425416,0.14905892792011805,-0.0008375578962661612,0.9022358260703881
M. Sharpe,10,0,0.99464494,0.0,0.09946449398994446,9.9263243857094,92.36063409869185,0.09704389037262422,0.053996600042425416,0.14905892792011805,-0.002420603617320244,0.9022358260703881
M. Lambert,10,0,1.1822487,0.0,0.11822487115859985,9.9263243857094,92.36063409869185,0.09704389037262422,0.053996600042425416,0.14905892792011805,-0.021180980785975634,0.9022358260703881
Laia Codina,10,0,0.90974015,0.0,0.0909740149974823,9.9263243857094,92.36063409869185,0.09704389037262422,0.053996600042425416,0.14905892792011805,0.00606987537514192,0.9022358260703881
R. van Gool,10,0,0.7905133,0.0,0.0790513277053833,9.9263243857094,92.36063409869185,0.09704389037262422,0.053996600042425416,0.14905892792011805,0.01799256266724092,0.9022358260703881
A. Johnson,10,0,0.4863763,0.0,0.04863762855529785,9.9263243857094,92.36063409869185,0.09704389037262422,0.053996600042425416,0.14905892792011805,0.048406261817326365,0.9022358260703881
C. Wellings,186,17,17.669167,0.0913978494623656,0.09499551916635164,26.9263243857094,251.36063409869183,0.09675740657181639,0.06939389661442431,0.12741754823081788,0.0017618874054647488,0.33162516485505467
R. Roberts,31,2,1.9291371,0.06451612903225806,0.06223022937774658,11.9263243857094,111.36063409869185,0.09673630148981545,0.05713301117316461,0.1437844575273822,0.03450607211206887,0.748554101901036
N. Cousins,21,1,1.8573047,0.047619047619047616,0.08844308058420818,10.9263243857094,102.36063409869185,0.09644821020783138,0.055408705006369074,0.14559585302183733,0.008005129623623208,0.8146300308442693
L. Sanderson,11,0,0.554079,0.0,0.05037081783468073,9.9263243857094,93.36063409869185,0.09610433428735833,0.05345896254741824,0.14765076564270121,0.0457335164526776,0.8935005913485075
D. Egurrola,11,0,0.7602135,0.0,0.06911031766371294,9.9263243857094,93.36063409869185,0.09610433428735833,0.05345896254741824,0.14765076564270121,0.026994016623645395,0.8935005913485075
N. Layzell,11,0,1.147443,0.0,0.10431300510059703,9.9263243857094,93.36063409869185,0.09610433428735833,0.05345896254741824,0.14765076564270121,-0.0082086708132387,0.8935005913485075
H. Eiríksdóttir,11,0,1.600153,0.0,0.14546845176003195,9.9263243857094,93.36063409869185,0.09610433428735833,0.05345896254741824,0.14765076564270121,-0.04936411747267362,0.8935005913485075
Tang Jiali,11,0,0.8853354,0.0,0.08048503507267345,9.9263243857094,93.36063409869185,0.09610433428735833,0.05345896254741824,0.14765076564270121,0.015619299214684884,0.8935005913485075
Maite Oroz,11,0,0.41672444,0.0,0.03788404031233354,9.9263243857094,93.36063409869185,0.09610433428735833,0.05345896254741824,0.14765076564270121,0.05822029397502479,0.8935005913485075
W. Sangaré,11,0,0.39162093,0.0,0.03560190309177746,9.9263243857094,93.36063409869185,0.09610433428735833,0.05345896254741824,0.14765076564270121,0.06050243119558087,0.8935005913485075
F. Bryson,32,2,2.5067656,0.0625,0.07833642512559891,11.9263243857094,112.36063409869185,0.0959579712235554,0.05666149978302509,0.14265333288653761,0.017621546097956492,0.7425313130981785
A. Hodson,32,2,4.256662,0.0625,0.13302068412303925,11.9263243857094,112.36063409869185,0.0959579712235554,0.05666149978302509,0.14265333288653761,-0.037062712899483846,0.7425313130981785
J. Beattie,105,9,11.545984,0.08571428571428572,0.10996175493512834,18.9263243857094,178.36063409869183,0.09593297261565233,0.06400618922103957,0.1325200098123793,-0.014028782319476019,0.4677803296952251
F. Ayisi,53,4,6.4762797,0.07547169811320754,0.12219395727481482,13.9263243857094,131.36063409869183,0.09585391924358168,0.05921033403983941,0.1388279689038315,-0.026340038031233137,0.6352046972909116
J. Napier,22,1,2.0489545,0.045454545454545456,0.09313429485667836,10.9263243857094,103.36063409869185,0.09560429755596923,0.054910867909569415,0.14435130431290644,0.002470002699290874,0.8075020956743484
Jana Fernández,22,1,1.7085209,0.045454545454545456,0.07766004042191939,10.9263243857094,103.36063409869185,0.09560429755596923,0.054910867909569415,0.14435130431290644,0.017944257134049846,0.8075020956743484
I. Kaagman,117,10,8.91016,0.08547008547008547,0.07615521422818176,19.9263243857094,189.36063409869183,0.09521054025540042,0.06425153462899477,0.13057022817540268,0.019055326027218655,0.4409589548852838
L. Williamson,117,10,12.349087,0.08547008547008547,0.10554775009807359,19.9263243857094,189.36063409869183,0.09521054025540042,0.06425153462899477,0.13057022817540268,-0.010337209842673167,0.4409589548852838
M. Eriksson,117,10,16.501087,0.08547008547008547,0.1410349332369291,19.9263243857094,189.36063409869183,0.09521054025540042,0.06425153462899477,0.13057022817540268,-0.04582439298152867,0.4409589548852838
L. Kendall,12,0,0.83687997,0.0,0.06973999738693237,9.9263243857094,94.36063409869185,0.09518279687094462,0.05293192997264832,0.1462689295654616,0.02544279948401225,0.8849328796774248
H. Payne,12,0,0.91760176,0.0,0.07646681368350983,9.9263243857094,94.36063409869185,0.09518279687094462,0.05293192997264832,0.1462689295654616,0.018715983187434795,0.8849328796774248
Paula Tomás,12,0,1.0385418,0.0,0.08654514948527019,9.9263243857094,94.36063409869185,0.09518279687094462,0.05293192997264832,0.1462689295654616,0.008637647385674435,0.8849328796774248
B. Jane,12,0,2.185209,0.0,0.18210075298945108,9.9263243857094,94.36063409869185,0.09518279687094462,0.05293192997264832,0.1462689295654616,-0.08691795611850646,0.8849328796774248
V. Asseyi,192,17,25.307106,0.08854166666666667,0.13180784384409586,26.9263243857094,257.36063409869183,0.09471529939065722,0.06790510177361744,0.12476872564056897,-0.03709254445343864,0.3246260714047676
J. Sonis,76,6,7.9856763,0.07894736842105263,0.10507468800795705,15.9263243857094,152.36063409869183,0.09463790022199275,0.06055816956680686,0.13419865446990153,-0.010436787785964297,0.5483904356911626
C. Lloyd,13,0,0.7184885,0.0,0.05526834726333618,9.9263243857094,95.36063409869185,0.09427876470740705,0.052415191488025696,0.144912689163888,0.03901041744407087,0.8765279177294688
J. Ziu,13,0,1.0111507,0.0,0.07778082444117619,9.9263243857094,95.36063409869185,0.09427876470740705,0.052415191488025696,0.144912689163888,0.01649794026623086,0.8765279177294688
J. Thibaud,24,1,2.6841817,0.041666666666666664,0.11184090375900269,10.9263243857094,105.36063409869185,0.09396001519099889,0.05394156752562262,0.1419248980144335,-0.017880888568003794,0.7936140018382254
O. Siren,24,1,0.91195714,0.041666666666666664,0.03799821436405182,10.9263243857094,105.36063409869185,0.09396001519099889,0.05394156752562262,0.1419248980144335,0.05596180082694707,0.7936140018382254
L. Blindkilde Brown,35,2,4.902083,0.05714285714285714,0.14005951200212752,11.9263243857094,115.36063409869185,0.09369635764508384,0.05529254966967668,0.1393641745030749,-0.046363154357043676,0.7250307461444356
Y. Daniëls,78,6,7.8831596,0.07692307692307693,0.10106614919809195,15.9263243857094,154.36063409869183,0.09352638938094779,0.059831642712433464,0.13265237927653753,-0.007539759817144165,0.5419496554861251
F. Williams,260,23,20.116318,0.08846153846153847,0.07737045288085938,32.9263243857094,319.36063409869183,0.0934644998706852,0.06936599276989325,0.12018804931643759,0.01609404698982582,0.2619652992022061
R. Littlejohn,14,0,0.930668,0.0,0.06647628545761108,9.9263243857094,96.36063409869185,0.09339174370264997,0.051908448297874284,0.14358134065861677,0.02691545824503888,0.8682811118162286
C. Estcourt,14,0,2.1697328,0.0,0.1549809149333409,9.9263243857094,96.36063409869185,0.09339174370264997,0.051908448297874284,0.14358134065861677,-0.06158917123069094,0.8682811118162286
K. Johnston,14,0,0.8555752,0.0,0.061112514563969204,9.9263243857094,96.36063409869185,0.09339174370264997,0.051908448297874284,0.14358134065861677,0.03227922913868076,0.8682811118162286
T. Middag,14,0,0.9930255,0.0,0.07093039155006409,9.9263243857094,96.36063409869185,0.09339174370264997,0.051908448297874284,0.14358134065861677,0.02246135215258588,0.8682811118162286
K. Kühl,14,0,1.4354231,0.0,0.10253022398267474,9.9263243857094,96.36063409869185,0.09339174370264997,0.051908448297874284,0.14358134065861677,-0.009138480280024772,0.8682811118162286
S. Bradley-Auckland,14,0,1.1588731,0.0,0.08277664865766253,9.9263243857094,96.36063409869185,0.09339174370264997,0.051908448297874284,0.14358134065861677,0.010615095044987435,0.8682811118162286
L. Murphy,14,0,1.7201984,0.0,0.12287131377628871,9.9263243857094,96.36063409869185,0.09339174370264997,0.051908448297874284,0.14358134065861677,-0.029479570073638744,0.8682811118162286
R. Furness,132,11,9.3589525,0.08333333333333333,0.07090115547180176,20.9263243857094,203.36063409869183,0.09330156566889639,0.0636122978321576,0.12711622265404085,0.022400410197094628,0.4114682329637982
R. Mace,47,3,4.580875,0.06382978723404255,0.0974654238274757,12.9263243857094,126.36063409869185,0.09280355121802031,0.05608448027270517,0.13617483529180324,-0.004661872609455386,0.6625671167536944
N. Noordam,15,0,1.520952,0.0,0.10139679908752441,9.9263243857094,97.36063409869185,0.09252125818398156,0.051411413063867185,0.14227420580430264,-0.008875540903542853,0.8601880395166492
R. Holloway,15,0,0.8122809,0.0,0.054152059555053714,9.9263243857094,97.36063409869185,0.09252125818398156,0.051411413063867185,0.14227420580430264,0.03836919862892785,0.8601880395166492
O. McLoughlin,15,0,0.74533373,0.0,0.049688915411631264,9.9263243857094,97.36063409869185,0.09252125818398156,0.051411413063867185,0.14227420580430264,0.0428323427723503,0.8601880395166492
L. Crichton,15,0,0.47917563,0.0,0.03194504181543986,9.9263243857094,97.36063409869185,0.09252125818398156,0.051411413063867185,0.14227420580430264,0.0605762163685417,0.8601880395166492
S. Zadorsky,26,1,2.2593532,0.038461538461538464,0.0868981984945444,10.9263243857094,107.36063409869185,0.0923713359926342,0.05300590615836812,0.13957863283577865,0.0054731374980897946,0.7801955487474246
N. Flint,59,4,4.3565063,0.06779661016949153,0.07383909063824153,13.9263243857094,137.36063409869183,0.09205237864006172,0.05680879091805889,0.13343140878739176,0.01821328800182019,0.610012650190973
M. Kearns,81,6,9.852271,0.07407407407407407,0.12163297629650728,15.9263243857094,157.36063409869183,0.0919072302093815,0.05877397093927676,0.13039859340072674,-0.029725746087125776,0.5325672473656389
J. Moore,103,8,8.833459,0.07766990291262135,0.08576173689758894,17.9263243857094,177.36063409869183,0.09179478509386117,0.060426383926543425,0.127918760803702,0.006033048196272234,0.4725710267630231
K. Barton,103,8,12.231796,0.07766990291262135,0.1187553035402761,17.9263243857094,177.36063409869183,0.09179478509386117,0.060426383926543425,0.127918760803702,-0.02696051844641492,0.4725710267630231
Cho So-Hyun,16,0,1.5401086,0.0,0.096256785094738,9.9263243857094,98.36063409869185,0.09166685004953101,0.050923809360864804,0.14099063074361348,-0.004589935045206994,0.8522444417689985
J. Jones,16,0,0.88033813,0.0,0.05502113327383995,9.9263243857094,98.36063409869185,0.09166685004953101,0.050923809360864804,0.14099063074361348,0.03664571677569106,0.8522444417689985
C. Wheeler,16,0,0.7845643,0.0,0.049035269767045975,9.9263243857094,98.36063409869185,0.09166685004953101,0.050923809360864804,0.14099063074361348,0.04263158028248504,0.8522444417689985
D. O'Sullivan,16,0,1.0123633,0.0,0.06327270716428757,9.9263243857094,98.36063409869185,0.09166685004953101,0.050923809360864804,0.14099063074361348,0.028394142885243445,0.8522444417689985
K. Ómarsdottir,27,1,1.7775387,0.037037037037037035,0.06583476508105243,10.9263243857094,108.36063409869185,0.09159697358817476,0.05255014738892016,0.13843432389621999,0.025762208507122325,0.7736550554809336
F. Nagano,27,1,1.3284615,0.037037037037037035,0.04920227880831118,10.9263243857094,108.36063409869185,0.09159697358817476,0.05255014738892016,0.13843432389621999,0.04239469477986358,0.7736550554809336
J. Fishlock,38,2,3.580663,0.05263157894736842,0.09422797278354042,11.9263243857094,118.36063409869185,0.09153889632888539,0.053988209270897695,0.1362231353171108,-0.0026890764546550344,0.7083361186564996
S. Catley,49,3,2.7986555,0.061224489795918366,0.057115418570382256,12.9263243857094,128.36063409869183,0.0914898623650146,0.05527196210350211,0.13428651136167521,0.03437444379463234,0.6531880895050213
V. Pelova,60,4,4.8247905,0.06666666666666667,0.08041317462921142,13.9263243857094,138.36063409869183,0.09144791204911926,0.05642735269533947,0.13257247565558855,0.011034737419907834,0.6060069713313911
R. Ueki,148,12,13.583287,0.08108108108108109,0.09177896783158586,21.9263243857094,218.36063409869183,0.0912505802395963,0.06280495572987077,0.12356600077828317,-0.0005283875919895598,0.3840697766807528
K. Zelem,170,14,13.558081,0.08235294117647059,0.07975341572481043,23.9263243857094,238.36063409869183,0.09122193693489472,0.06390619872936683,0.1220830370027282,0.011468521210084293,0.3518549264426726
C. Boye-Hlorkah,72,5,5.571207,0.06944444444444445,0.0773778756459554,14.9263243857094,149.36063409869183,0.09085519948393608,0.057117204144850185,0.130259260465522,0.013477323837980684,0.5617424495272021
J. Green,39,2,4.011117,0.05128205128205128,0.10284915337195763,11.9263243857094,119.36063409869185,0.09084165345430266,0.05356700217741214,0.1352073229152916,-0.01200749991765497,0.7029407913000456
T. Yallop,28,1,3.4438481,0.03571428571428571,0.12299457618168422,10.9263243857094,109.36063409869185,0.09083548643493483,0.05210216193453039,0.1373086069946309,-0.032159089746749386,0.7672233103838018
K. Natkiel,17,0,0.35722953,0.0,0.02101350181242999,9.9263243857094,99.36063409869185,0.09082807796436392,0.050445371163486685,0.13972998492230576,0.06981457615193393,0.8444462153969959
Y. Hasegawa,73,5,7.326623,0.0684931506849315,0.10036469812262548,14.9263243857094,150.36063409869183,0.09030551788584128,0.056764237498320116,0.12948600808199892,-0.010059180236784204,0.5583438604632004
E. Brazil,62,4,7.432932,0.06451612903225806,0.11988599838749055,13.9263243857094,140.36063409869183,0.09026248571176146,0.05567964429707858,0.1308873362932917,-0.02962351267572909,0.5981513887561127
R. Percival,51,3,4.785514,0.058823529411764705,0.09383360544840495,12.9263243857094,130.36063409869183,0.09021284646164507,0.05448265782864215,0.13244979753058803,-0.003620758986759884,0.6440708872639516
S. Mayling,40,2,3.7762825,0.05,0.09440706372261047,11.9263243857094,120.36063409869185,0.09015495194952043,0.053152318736721875,0.13420653459717746,-0.004252111773090039,0.6976270340003573
T. Payne,29,1,3.8425126,0.034482758620689655,0.132500434743947,10.9263243857094,110.36063409869185,0.09008655606706996,0.05166175253885776,0.13620103314093868,-0.04241387867687703,0.7608976235995754
O. Chance,18,0,0.8951719,0.0,0.04973177115122477,9.9263243857094,100.36063409869185,0.09000451660033183,0.049975842361410006,0.13849166006162178,0.04027274544910706,0.8367894060425479
E. Pusey,18,0,1.7325699,0.0,0.09625388516320123,9.9263243857094,100.36063409869185,0.09000451660033183,0.049975842361410006,0.13849166006162178,-0.006249368562869395,0.8367894060425479
K. Linnett,85,6,6.218367,0.07058823529411765,0.07315725999719956,15.9263243857094,161.36063409869183,0.08983359250934803,0.05742058815422289,0.1275099528939916,0.016676332512148465,0.5205513099967887
M. Pacheco,63,4,7.891067,0.06349206349206349,0.12525503219120085,13.9263243857094,141.36063409869183,0.08968122321172461,0.05531317432589503,0.1300607173891813,-0.035573808979476235,0.5942994787528899
Geyse,52,3,4.388071,0.057692307692307696,0.08438598192655124,12.9263243857094,131.36063409869183,0.08958761430338735,0.054096402116450004,0.1315501382823155,0.005201632376836116,0.6396070681216722
I. Umotong,52,3,5.8234,0.057692307692307696,0.11198846193460318,12.9263243857094,131.36063409869183,0.08958761430338735,0.054096402116450004,0.1315501382823155,-0.02240084763121583,0.6396070681216722
S. Ingle,108,8,9.1636305,0.07407407407407407,0.0848484304216173,17.9263243857094,182.36063409869183,0.08950320341054827,0.058888813986531674,0.12478007066619404,0.004654772988930966,0.4607736778407807
Ona Batlle,41,2,2.098836,0.04878048780487805,0.05119112061291206,11.9263243857094,121.36063409869185,0.08947855455119529,0.052744008505720884,0.13322043981226364,0.038287433938283225,0.6923930107925879
M. Vinberg,41,2,3.8033814,0.04878048780487805,0.09276540104935808,11.9263243857094,121.36063409869185,0.08947855455119529,0.052744008505720884,0.13322043981226364,-0.0032868464981627987,0.6923930107925879
E. Fox,30,1,1.4261663,0.03333333333333333,0.0475388765335083,10.9263243857094,111.36063409869185,0.0893498744357367,0.051228728566015916,0.13511116767098763,0.041810997902228406,0.7546753932568635
K. Dali,144,11,10.240093,0.0763888888888889,0.07111175855000813,20.9263243857094,215.36063409869183,0.08856317978755851,0.06032490519030288,0.12076234123316856,0.017451421237550377,0.3905715282652543
F. Gibbons,20,0,1.2241657,0.0,0.0612082839012146,9.9263243857094,102.36063409869185,0.08840140048043381,0.049062535355305345,0.1360796456924331,0.02719311657921921,0.821884925284726
K. Hines,20,0,0.9567282,0.0,0.0478364109992981,9.9263243857094,102.36063409869185,0.08840140048043381,0.049062535355305345,0.1360796456924331,0.04056498948113571,0.821884925284726
C. Bott,20,0,1.080456,0.0,0.054022800922393796,9.9263243857094,102.36063409869185,0.08840140048043381,0.049062535355305345,0.1360796456924331,0.03437859955804001,0.821884925284726
R. Bachmann,100,7,10.241546,0.07,0.10241545677185059,16.9263243857094,175.36063409869183,0.08802637744713458,0.05710437655427782,0.12382209075538167,-0.014389079324716003,0.4799439296965521
O. Fergusson,32,1,2.774785,0.03125,0.08671203255653381,10.9263243857094,113.36063409869185,0.08791207475787348,0.05038410580798713,0.13298289148479223,0.0012000422013396655,0.7425313130981785
H. Miyazawa,55,3,3.8684258,0.05454545454545454,0.0703350153836337,12.9263243857094,134.36063409869183,0.0877628577487286,0.05296982090503992,0.12892296909767129,0.01742784236509491,0.6265792941482675
K. Graham,113,8,10.114258,0.07079646017699115,0.08950670630530974,17.9263243857094,187.36063409869183,0.08732324994269684,0.05742757168165101,0.12179162224562354,-0.0021834563626128983,0.449551004923743
L. Le Garrec,33,1,1.6527544,0.030303030303030304,0.050083467454621285,10.9263243857094,114.36063409869185,0.0872103889972696,0.049972156440952945,0.13194367810578836,0.037126921542648315,0.7366046682016898
K. Gorry,56,3,4.6143503,0.05357142857142857,0.0823991128376552,12.9263243857094,135.36063409869183,0.08717101299956301,0.052604652431577234,0.12807039210360338,0.004771900161907802,0.6223538430327252
K. Longhurst,68,4,6.1508484,0.058823529411764705,0.09045365277458639,13.9263243857094,146.36063409869183,0.08688370231358954,0.053550900213471246,0.12607933078887312,-0.003569950460996854,0.5757608688630926
M. Harris,22,0,0.91732377,0.0,0.041696534915403885,9.9263243857094,104.36063409869185,0.08685439281389415,0.048182020979447134,0.13375013115236678,0.045157857898490264,0.8075020956743483
M. Clémaron,22,0,0.92523164,0.0,0.04205598343502392,9.9263243857094,104.36063409869185,0.08685439281389415,0.048182020979447134,0.13375013115236678,0.04479840937887023,0.8075020956743483
K. Cooney-Cross,22,0,1.0288217,0.0,0.046764623035084114,9.9263243857094,104.36063409869185,0.08685439281389415,0.048182020979447134,0.13375013115236678,0.040089769778810035,0.8075020956743483
B. Visalli,34,1,1.7030199,0.029411764705882353,0.05008881933548871,10.9263243857094,115.36063409869185,0.08651981579759876,0.04956689084716284,0.13092056677998984,0.03643099646211005,0.7307718832724945
M. Pike,46,2,5.305746,0.043478260869565216,0.11534230605415675,11.9263243857094,126.36063409869185,0.08624330534433358,0.05079310191172074,0.12849945375265145,-0.029099000709823172,0.6673583647789261
K. Veje,23,0,0.9121292,0.0,0.03965779231942218,9.9263243857094,105.36063409869185,0.08610101711593396,0.04775351384209178,0.13261500113966743,0.04644322479651178,0.8004978160377787
J. Bailey,23,0,1.6007665,0.0,0.0695985451988552,9.9263243857094,105.36063409869185,0.08610101711593396,0.04775351384209178,0.13261500113966743,0.016502471917078765,0.8004978160377787
D. Bruinenberg,47,2,3.4455767,0.0425531914893617,0.07331014186777968,11.9263243857094,127.36063409869185,0.08562412817022656,0.05042011704478111,0.12759509365919458,0.012313986302446886,0.6625671167536942
N. Maritz,24,0,1.7777467,0.0,0.07407277822494507,9.9263243857094,106.36063409869185,0.08536059860092496,0.04733256368956742,0.13149895904440417,0.01128782037597989,0.7936140018382254
Leila Ouahabi,36,1,3.3931391,0.027777777777777776,0.09425386455323961,10.9263243857094,117.36063409869185,0.08517096760882331,0.04877577051620073,0.128921177523209,-0.009082896944416302,0.7193791136269139
P. Williams,25,0,1.226681,0.0,0.04906723976135254,9.9263243857094,107.36063409869185,0.08463280584626606,0.04691897230017343,0.1304015278811503,0.03556556608491352,0.7868475717756386
M. Ewers,25,0,1.6630117,0.0,0.0665204668045044,9.9263243857094,107.36063409869185,0.08463280584626606,0.04691897230017343,0.1304015278811503,0.01811233904176167,0.7868475717756386
C. Peplow,25,0,1.9375274,0.0,0.07750109672546386,9.9263243857094,107.36063409869185,0.08463280584626606,0.04691897230017343,0.1304015278811503,0.0071317091208022015,0.7868475717756386
S. Zambra,38,1,2.2168238,0.02631578947368421,0.058337468849985225,10.9263243857094,119.36063409869185,0.08386353103037221,0.048009514243137104,0.12698188864816437,0.025526062180386985,0.7083361186564995
D. Bowman,50,2,3.018082,0.04,0.06036163806915283,11.9263243857094,130.36063409869183,0.08381881595295236,0.0493333300277048,0.12495675352540514,0.02345717788379953,0.6485974503033501
A. Kennedy,62,3,6.8917947,0.04838709677419355,0.11115797873466246,12.9263243857094,141.36063409869183,0.08378105649815037,0.05051520231629009,0.123182529410283,-0.027376922236512086,0.5981513887561127
H. Blundell,87,5,7.934814,0.05747126436781609,0.09120475834813611,14.9263243857094,164.36063409869183,0.08325382120310808,0.05224439997037368,0.11954987730197934,-0.007950937145028036,0.5147444034108632
E. Simpkins,39,1,2.3513963,0.02564102564102564,0.06029221339103503,10.9263243857094,120.36063409869185,0.08322475066712434,0.047635346573139316,0.12603394206679985,0.022932537276089314,0.7029407913000456
A. Hegerberg,27,0,1.3846694,0.0,0.051284052707530836,9.9263243857094,109.36063409869185,0.08321382749487599,0.04611310700133307,0.12826066849001638,0.031929774787345155,0.7736550554809335
C. Holland,112,7,9.902679,0.0625,0.08841678074428014,16.9263243857094,187.36063409869183,0.08285562872581435,0.053688529504650036,0.11666675954894135,-0.005561152018465784,0.4517515908459132
F. Angeldahl,52,2,4.131543,0.038461538461538464,0.0794527530670166,11.9263243857094,132.36063409869183,0.08265698099803488,0.04863447179002919,0.12325760688185194,0.0032042279310182803,0.639607068121672
T. Hinds,89,5,9.083322,0.056179775280898875,0.10205979293651796,14.9263243857094,166.36063409869183,0.08233534563377724,0.05165682077636322,0.11825348399022158,-0.019724447302740714,0.5090656231200554
G. Evans,53,2,3.8207395,0.03773584905660377,0.07208942467311644,11.9263243857094,133.36063409869183,0.08208805876399342,0.048292417489697446,0.12242523247623126,0.009998634090876979,0.6352046972909113
H. Scott,29,0,2.2426553,0.0,0.07733294059490335,9.9263243857094,111.36063409869185,0.08184164653602083,0.04533446444860201,0.12618891061332588,0.004508705941117477,0.7608976235995752
L. Wälti,42,1,2.243288,0.023809523809523808,0.053411620003836494,10.9263243857094,123.36063409869185,0.0813654915490442,0.0465470467736351,0.12327309762504661,0.027953871545207704,0.6872369403996985
C. Arthur,83,4,5.0687714,0.04819277108433735,0.061069534485598646,13.9263243857094,161.36063409869183,0.07944871943766828,0.04887920079097149,0.1154738520622128,0.01837918495206963,0.5264907285878538
G. George,71,3,5.816899,0.04225352112676056,0.08192815243358344,12.9263243857094,150.36063409869183,0.07916323817706636,0.04767482235312792,0.11651198067009216,-0.0027649142565170787,0.5651826657866094
S. Sandbech,34,0,3.2301633,0.0,0.09500480399412267,9.9263243857094,116.36063409869185,0.07860134177620155,0.04349826968813248,0.12129074830473768,-0.01640346221792112,0.7307718832724948
D. Castellanos,47,1,4.0932593,0.02127659574468085,0.08709062413966402,10.9263243857094,128.36063409869183,0.07844470512243285,0.04483969291432461,0.11893082788320687,-0.008645919017231177,0.6625671167536945
C. Harrison-Murray,64,2,3.5996475,0.03125,0.056244492530822754,11.9263243857094,144.36063409869183,0.07631042603532238,0.0448246409882189,0.11395935906421094,0.02006593350449963,0.5904968615382729
J. Groenen,39,0,3.4697323,0.0,0.08896749447553585,9.9263243857094,121.36063409869185,0.07560784787994602,0.04180506254336274,0.11675837322776259,-0.01335964659558983,0.7029407913000456
M. Symonds,55,1,3.2557788,0.01818181818181818,0.05919597799127752,10.9263243857094,136.36063409869183,0.07418392299048376,0.04235406390421634,0.1125851609794522,0.014987944999206242,0.6265792941482673
H. Cain,125,6,10.842816,0.048,0.0867425308227539,15.9263243857094,201.36063409869183,0.07329627372391395,0.0466737542774904,0.10438319360838466,-0.013446257098839953,0.4247238726526077
A. Greenwood,112,5,9.184897,0.044642857142857144,0.08200801270348686,14.9263243857094,189.36063409869183,0.07306547856234852,0.045740986952422555,0.10514084735539422,-0.008942534141138339,0.4517515908459131
J. Potter,73,2,4.595662,0.0273972602739726,0.06295427557540266,11.9263243857094,153.36063409869183,0.07215526557610977,0.04233731935015215,0.1078565201244803,0.009200990000707107,0.5583438604632002
C. Humphrey,75,2,4.444406,0.02666666666666667,0.05925874710083008,11.9263243857094,155.36063409869183,0.07129261296732511,0.04182161938076178,0.1065880089815034,0.012033865866495033,0.5516685778766588
M. Bright,174,9,16.187103,0.05172413793103448,0.09302932914646192,18.9263243857094,247.36063409869183,0.07107492042956388,0.047175836795328094,0.09863580458022336,-0.021954408716898036,0.3465695767065038
A. James-Turner,148,7,13.464124,0.0472972972972973,0.09097380895872374,16.9263243857094,223.36063409869183,0.07044212674908118,0.04552023912280657,0.09942771963399476,-0.020531682209642563,0.3840697766807526
P. Pattinson,51,0,1.8499718,0.0,0.036273956298828125,9.9263243857094,133.36063409869183,0.06927583983011279,0.03823333273787409,0.10714820085504793,0.033001883531284665,0.6440708872639513
M. Lawley,116,4,7.3037996,0.034482758620689655,0.06296378990699505,13.9263243857094,194.36063409869183,0.06686124031501643,0.041009044386314156,0.0974391782982791,0.0038974504080213773,0.4430760291279242
L. Staniforth,193,9,13.05654,0.046632124352331605,0.06765046391462415,18.9263243857094,266.36063409869183,0.06634135849131093,0.04399086663822041,0.09214690103560956,-0.0013091054233132227,0.3234881782703267
R. Ayane,110,3,8.039011,0.02727272727272727,0.07308191819624467,12.9263243857094,189.36063409869183,0.06390092808037437,0.03833489466369526,0.09436503602812807,-0.0091809901158703,0.4562180339051255
