player_name,season,shots_n,goals,xg,psxg,placement_mean,power_mean,conv_rate,goals_minus_xg,goals_minus_psxg
,WSL 2015,188,26,23.485424,21.02127,96.59969992708618,47.8936170212766,0.13829787234042554,2.514575958251953,4.978729248046875
,WSL 2016,281,28,32.309807,22.27818,112.77567818641332,47.94306049822064,0.099644128113879,-4.309806823730469,5.721820831298828
,WSL 2017,3,0,0.43202114,0.0,66.66666666666667,42.0,0.0,-0.4320211410522461,0.0
,WSL 2017-2018,12,4,4.0756907,4.0426707,46.31753054967675,51.583333333333336,0.3333333333333333,-0.07569074630737305,-0.04267072677612305
A. Addison,WSL 2019-2020,3,1,0.26666668,0.80487806,39.03212275575123,55.666666666666664,0.3333333333333333,0.7333333194255829,0.19512194395065308
A. Addison,WSL 2020-2021,17,2,1.9878497,2.013322,39.120020206563176,50.05882352941177,0.11764705882352941,0.012150287628173828,-0.013322114944458008
A. Addison,WSL 2021-2022,12,1,1.8851466,1.2680023,74.48515122746372,49.833333333333336,0.08333333333333333,-0.8851466178894043,-0.2680022716522217
A. Ale,WSL 2020-2021,2,0,0.0,0.0,10.000000000000025,54.5,0.0,0.0,0.0
A. Ale,WSL 2021-2022,3,1,0.953125,0.97959185,71.81155532741933,55.666666666666664,0.3333333333333333,0.046875,0.020408153533935547
A. Ale,WSL 2022-2023,1,0,0.2857143,0.0,78.3701331999492,50.0,0.0,-0.2857142984867096,0.0
A. Ale,WSL 2023-2024,1,0,0.39285713,0.5119048,17.811980986590658,42.0,0.0,-0.3928571343421936,-0.511904776096344
A. Ale,WSL 2024-2025,3,0,0.9114417,0.68115944,55.96805554719676,50.0,0.0,-0.9114416837692261,-0.6811594367027283
A. Ale,WSL 2025-2026,5,0,0.20836222,0.0,51.676588673332844,44.4,0.0,-0.20836222171783447,0.0
A. Anvegård,WSL 2021-2022,28,4,3.0722423,4.3652897,46.55845101937869,49.42857142857143,0.14285714285714285,0.927757740020752,-0.36528968811035156
A. Asante,WSL 2017-2018,1,0,0.0,0.0,,50.0,0.0,0.0,0.0
A. Asante,WSL 2020-2021,4,1,0.43807003,0.80487806,46.16470635158713,46.0,0.25,0.5619299709796906,0.19512194395065308
A. Asante,WSL 2021-2022,4,1,0.31833503,0.7660407,25.322220143890036,52.25,0.25,0.6816649734973907,0.23395931720733643
A. Baker,WSL 2021-2022,2,0,0.24275362,0.0,42.449115882637436,50.0,0.0,-0.24275362491607666,0.0
A. Baker,WSL 2022-2023,1,1,0.5925926,0.68115944,24.123524710216916,50.0,1.0,0.40740740299224854,0.31884056329727173
A. Baker,WSL 2023-2024,2,0,0.0,0.0,26.58752148900937,62.5,0.0,0.0,0.0
A. Beever-Jones,WSL 2022-2023,19,2,1.439453,3.5464573,35.66102429345583,46.63157894736842,0.10526315789473684,0.5605469942092896,-1.546457290649414
A. Beever-Jones,WSL 2023-2024,40,11,8.16333,9.019244,46.53681871066617,51.775,0.275,2.836669921875,1.9807558059692383
A. Beever-Jones,WSL 2024-2025,46,9,8.422823,7.859088,40.19814946660417,50.130434782608695,0.1956521739130435,0.5771770477294922,1.1409120559692383
A. Beever-Jones,WSL 2025-2026,27,4,3.9707701,3.7847815,44.11902995396227,51.22222222222222,0.14814814814814814,0.02922987937927246,0.21521854400634766
A. Bergström,WSL 2025-2026,12,1,2.138729,1.9598076,44.184170214067024,50.5,0.08333333333333333,-1.1387290954589844,-0.9598076343536377
A. Blanchard,WSL 2024-2025,22,4,4.93781,4.247707,52.410319572241775,50.45454545454545,0.18181818181818182,-0.937809944152832,-0.24770689010620117
A. Csiki,WSL 2024-2025,2,0,0.26666668,0.0,55.98873426235649,50.0,0.0,-0.2666666805744171,0.0
A. Csiki,WSL 2025-2026,1,1,0.39285713,0.8582677,18.90355639673245,50.0,1.0,0.6071428656578064,0.14173227548599243
A. Csillag,WSL 2025-2026,8,1,1.1496291,2.3286536,41.694689702775065,47.0,0.125,-0.1496291160583496,-1.3286535739898682
A. Dahlkemper,WSL 2020-2021,2,0,0.074433655,0.0,69.93448421153641,42.0,0.0,-0.07443365454673767,0.0
A. Dennis,WSL 2025-2026,1,0,0.4516129,0.0,77.86205751198719,42.0,0.0,-0.4516128897666931,0.0
A. Denton,WSL 2023-2024,3,0,0.1380753,0.0,52.04131181689001,42.0,0.0,-0.1380753070116043,0.0
A. Denton,WSL 2024-2025,13,2,1.842767,1.7736886,49.05165976907675,46.15384615384615,0.15384615384615385,0.15723299980163574,0.22631144523620605
A. Denton,WSL 2025-2026,4,1,0.7904582,1.3167828,60.24270848484679,46.0,0.25,0.20954179763793945,-0.3167828321456909
A. Eikeland,WSL 2019-2020,21,2,3.417563,3.1251547,48.041288866323214,52.523809523809526,0.09523809523809523,-1.4175629615783691,-1.125154733657837
A. Eikeland,WSL 2020-2021,32,2,3.8234506,2.4992347,37.91758664101141,46.75,0.0625,-1.8234505653381348,-0.499234676361084
A. Eikeland,WSL 2021-2022,12,2,1.0123633,1.7193708,53.20280005606431,48.75,0.16666666666666666,0.9876366853713989,0.28062915802001953
A. Eikeland,WSL 2022-2023,13,1,1.7122054,1.1067826,43.128097460846874,50.53846153846154,0.07692307692307693,-0.7122054100036621,-0.10678255558013916
A. Engman,WSL 2018-2019,10,2,1.6030319,2.215103,52.18993680244383,46.8,0.2,0.39696812629699707,-0.2151029109954834
A. Engman,WSL 2019-2020,3,1,0.6943665,0.68115944,51.78883509642694,47.333333333333336,0.3333333333333333,0.3056334853172302,0.31884056329727173
A. Everett,WSL 2024-2025,2,0,0.14886731,0.0,70.89649778962496,58.5,0.0,-0.14886730909347534,0.0
A. Filbey,WSL 2017-2018,1,0,0.075581394,0.0,77.84093467521515,42.0,0.0,-0.075581394135952,0.0
A. Filbey,WSL 2019-2020,1,1,0.969697,0.97959185,47.31173216021583,50.0,1.0,0.030303001403808594,0.020408153533935547
A. Filbey,WSL 2020-2021,1,1,0.31182796,0.8148148,52.273745268963125,42.0,1.0,0.6881720423698425,0.18518519401550293
A. Fujino,WSL 2024-2025,20,1,1.7821815,0.6756757,44.89537389547022,50.1,0.05,-0.7821815013885498,0.3243243098258972
A. Fujino,WSL 2025-2026,26,5,4.2385163,5.4758525,39.82754498136906,50.61538461538461,0.19230769230769232,0.7614836692810059,-0.47585248947143555
A. Galli,WSL 2021-2022,6,1,0.7725232,0.6756757,179.97373134255773,54.333333333333336,0.16666666666666666,0.22747677564620972,0.3243243098258972
A. Galli,WSL 2022-2023,10,0,0.4933795,0.0,48.759402764000335,43.6,0.0,-0.49337950348854065,0.0
A. Galli,WSL 2023-2024,14,3,1.7358233,2.1985579,42.78154880620222,44.92857142857143,0.21428571428571427,1.2641767263412476,0.8014421463012695
A. Galli,WSL 2024-2025,2,0,0.10963455,0.5119048,34.49532778670151,42.0,0.0,-0.10963454842567444,-0.511904776096344
A. Galli,WSL 2025-2026,3,1,0.969697,0.8582677,22.294027302563165,46.333333333333336,0.3333333333333333,0.030303001403808594,0.14173227548599243
A. Gaylor,WSL 2018-2019,10,1,0.58179307,1.3544638,68.74874148150438,46.1,0.1,0.41820693016052246,-0.3544638156890869
A. Goddard,WSL 2018-2019,6,0,0.7785382,0.0,100.9847925046663,44.666666666666664,0.0,-0.7785382270812988,0.0
A. Grant,WSL 2019-2020,21,2,2.92549,2.4624119,70.70638898951579,47.095238095238095,0.09523809523809523,-0.9254899024963379,-0.46241188049316406
A. Grant,WSL 2020-2021,1,0,0.0,0.0,20.00000000000005,42.0,0.0,0.0,0.0
A. Green,WSL 2017,2,0,0.0,0.0,21.66666666666662,50.0,0.0,0.0,0.0
A. Green,WSL 2017-2018,2,0,0.14886731,0.118421055,255.8857171752189,42.0,0.0,-0.14886730909347534,-0.1184210553765297
A. Greenwood,WSL 2015,15,1,1.113327,0.75609756,65.71850748276073,47.53333333333333,0.06666666666666667,-0.1133270263671875,0.24390244483947754
A. Greenwood,WSL 2016,6,1,0.94016576,0.75609756,75.37977390344287,44.666666666666664,0.16666666666666666,0.05983424186706543,0.24390244483947754
A. Greenwood,WSL 2017,7,2,2.0264099,1.7560976,67.31158890038405,44.857142857142854,0.2857142857142857,-0.02640986442565918,0.24390244483947754
A. Greenwood,WSL 2017-2018,13,2,2.2949178,1.8836298,100.28333734620452,48.23076923076923,0.15384615384615385,-0.2949178218841553,0.11637020111083984
A. Greenwood,WSL 2020-2021,11,0,0.49785706,0.0,28.84237250183563,51.0,0.0,-0.49785706400871277,0.0
A. Greenwood,WSL 2021-2022,17,4,3.36947,4.039973,33.2530788250877,47.705882352941174,0.23529411764705882,0.6305301189422607,-0.039972782135009766
A. Greenwood,WSL 2022-2023,15,0,1.5125027,1.1478692,34.96063557651811,44.666666666666664,0.0,-1.512502670288086,-1.1478692293167114
A. Greenwood,WSL 2023-2024,17,1,1.4801447,2.7873495,49.0356537988783,45.88235294117647,0.058823529411764705,-0.480144739151001,-1.7873494625091553
A. Greenwood,WSL 2024-2025,5,0,0.7011494,0.0,52.38331807859097,42.8,0.0,-0.7011494040489197,0.0
A. Greenwood,WSL 2025-2026,13,0,0.541636,0.7526455,45.30072794058519,51.76923076923077,0.0,-0.5416359901428223,-0.7526454925537109
A. Harrison,WSL 2018-2019,10,0,0.074433655,0.0,38.92635736360989,50.6,0.0,-0.07443365454673767,0.0
A. Harrison,WSL 2019-2020,5,1,1.0441307,1.0,45.76103091263596,45.6,0.2,-0.044130682945251465,0.0
A. Harrison,WSL 2020-2021,11,2,1.4295636,1.4404762,74.17846743161643,47.90909090909091,0.18181818181818182,0.5704363584518433,0.5595238208770752
A. Harrison,WSL 2023-2024,14,1,1.1339267,0.6756757,54.58564280270709,59.0,0.07142857142857142,-0.13392674922943115,0.3243243098258972
A. Hazard,WSL 2018-2019,1,0,0.0,0.0,,50.0,0.0,0.0,0.0
A. Heatherson,WSL 2017,5,2,1.3106939,1.9081633,98.2637052122581,51.8,0.4,0.6893061399459839,0.09183669090270996
A. Heatherson,WSL 2017-2018,16,2,2.1110008,2.6098077,63.195866451768914,48.125,0.125,-0.11100077629089355,-0.6098077297210693
A. Heatherson,WSL 2018-2019,21,2,1.688783,2.3604116,68.01785910376823,52.0,0.09523809523809523,0.31121695041656494,-0.3604116439819336
A. Hegerberg,WSL 2016,10,0,0.7203814,0.0,131.66666666666666,49.4,0.0,-0.7203813791275024,0.0
A. Hegerberg,WSL 2017,11,0,0.20787773,0.24074075,58.62160867332682,46.18181818181818,0.0,-0.2078777253627777,-0.24074074625968933
A. Hegerberg,WSL 2017-2018,6,0,0.45641035,0.0,68.91661135943589,47.5,0.0,-0.45641034841537476,0.0
A. Hodson,WSL 2015,9,0,0.7095529,0.0,172.5,46.44444444444444,0.0,-0.7095528841018677,0.0
A. Hodson,WSL 2016,6,0,0.5359721,0.0,144.12385038898805,47.333333333333336,0.0,-0.5359721183776855,0.0
A. Hodson,WSL 2017,3,0,0.14886731,0.0,263.3333333333333,44.666666666666664,0.0,-0.14886730909347534,0.0
A. Hodson,WSL 2017-2018,12,1,2.5504413,1.0,193.85461073795014,51.833333333333336,0.08333333333333333,-1.5504412651062012,0.0
A. Hodson,WSL 2018-2019,1,1,0.31182796,0.24074075,21.704838170325065,42.0,1.0,0.6881720423698425,0.7592592537403107
A. Hodson,WSL 2019-2020,1,0,0.0,0.0,,50.0,0.0,0.0,0.0
A. Holmes,WSL 2017,6,0,0.74433434,0.0,119.16666666666667,44.666666666666664,0.0,-0.74433434009552,0.0
A. Ilestedt,WSL 2023-2024,7,1,1.2677629,1.343254,48.79045703545054,47.857142857142854,0.14285714285714285,-0.2677628993988037,-0.3432539701461792
A. James-Turner,WSL 2015,19,1,1.0264019,0.31944445,168.05006617418485,45.8421052631579,0.05263157894736842,-0.026401877403259277,0.6805555522441864
A. James-Turner,WSL 2016,18,0,1.3705074,0.13392857,122.08333333333336,45.111111111111114,0.0,-1.3705073595046997,-0.1339285671710968
A. James-Turner,WSL 2017,3,1,0.31718728,0.8148148,156.37560354094626,44.666666666666664,0.3333333333333333,0.6828127205371857,0.18518519401550293
A. James-Turner,WSL 2017-2018,6,0,0.35722953,0.15492958,62.204843299989776,46.833333333333336,0.0,-0.3572295308113098,-0.15492957830429077
A. James-Turner,WSL 2018-2019,18,0,1.6595224,0.65,73.71956881873469,46.94444444444444,0.0,-1.6595224142074585,-0.6499999761581421
A. James-Turner,WSL 2019-2020,16,1,1.9214175,1.4725335,134.83704644031542,45.875,0.0625,-0.9214174747467041,-0.4725334644317627
A. James-Turner,WSL 2020-2021,41,1,2.9625642,1.4076098,55.59369668934351,46.41463414634146,0.024390243902439025,-1.96256422996521,-0.40760982036590576
A. James-Turner,WSL 2022-2023,14,1,2.2182252,1.799638,48.76936147828637,46.07142857142857,0.07142857142857142,-1.2182252407073975,-0.799638032913208
A. James-Turner,WSL 2023-2024,12,2,1.5566343,1.768421,35.606241737762346,50.833333333333336,0.16666666666666666,0.4433656930923462,0.23157894611358643
A. James-Turner,WSL 2024-2025,1,0,0.074433655,0.0,78.24640566824779,42.0,0.0,-0.07443365454673767,0.0
A. Johnson,WSL 2017,1,0,0.0,0.0,10.000000000000025,50.0,0.0,0.0,0.0
A. Johnson,WSL 2017-2018,8,0,0.4119426,0.6111111,48.817792493336384,49.125,0.0,-0.41194260120391846,-0.6111111044883728
A. Johnson,WSL 2018-2019,1,0,0.074433655,0.0,78.10427502882142,42.0,0.0,-0.07443365454673767,0.0
A. Joice,WSL 2017,7,0,0.31799677,0.13392857,269.5833333333333,45.42857142857143,0.0,-0.3179967701435089,-0.1339285671710968
A. Joice,WSL 2017-2018,11,1,1.6205571,0.68115944,107.67711698282154,46.0,0.09090909090909091,-0.6205570697784424,0.31884056329727173
A. Jordan,WSL 2019-2020,2,0,0.0,0.0,26.66666666666669,46.0,0.0,0.0,0.0
A. Jøsendal,WSL 2025-2026,1,0,0.10963455,0.0,78.02570801416103,42.0,0.0,-0.10963454842567444,0.0
A. Kennedy,WSL 2020-2021,28,1,2.5192375,1.5650172,55.229048830037854,46.285714285714285,0.03571428571428571,-1.5192375183105469,-0.5650172233581543
A. Kennedy,WSL 2021-2022,4,1,0.35758752,1.1261904,24.99967889948547,50.25,0.25,0.6424124836921692,-0.1261904239654541
A. Kennedy,WSL 2022-2023,5,0,0.125,0.0,36.35527398841123,46.8,0.0,-0.125,0.0
A. Kennedy,WSL 2023-2024,11,0,1.6192034,1.8257253,52.0174498727261,42.72727272727273,0.0,-1.6192034482955933,-1.8257253170013428
A. Kennedy,WSL 2024-2025,1,0,0.0,0.0,36.097245201138456,75.0,0.0,0.0,0.0
A. Kennedy,WSL 2025-2026,13,1,2.270766,1.6811595,51.89683339679198,47.38461538461539,0.07692307692307693,-1.270766019821167,-0.681159496307373
A. Kuyken,WSL 2017-2018,1,0,0.44444445,0.0,78.38622327934928,50.0,0.0,-0.4444444477558136,0.0
A. Kuyken,WSL 2018-2019,1,0,0.0,0.0,3.3333333333333806,42.0,0.0,0.0,0.0
A. Lahmari,WSL 2017,1,0,0.0,0.0,38.333333333333286,42.0,0.0,0.0,0.0
A. Larkin,WSL 2024-2025,7,1,0.5744337,0.8582677,32.85501230051732,46.57142857142857,0.14285714285714285,0.42556631565093994,0.14173227548599243
A. Lawrence,WSL 2023-2024,5,1,0.65133893,0.9285714,36.42529715883343,53.4,0.2,0.34866106510162354,0.07142859697341919
A. Lawrence,WSL 2024-2025,6,1,0.70075756,0.9766888,17.06593379882051,46.0,0.16666666666666666,0.29924243688583374,0.023311197757720947
A. Lehmann,WSL 2018-2019,35,6,5.260053,6.1721406,61.36991713833796,49.31428571428572,0.17142857142857143,0.7399468421936035,-0.17214059829711914
A. Lehmann,WSL 2019-2020,16,3,2.9054852,2.8733964,102.03085656971743,48.375,0.1875,0.09451484680175781,0.1266036033630371
A. Lehmann,WSL 2020-2021,14,1,1.416692,0.94902635,41.378974205230136,45.42857142857143,0.07142857142857142,-0.41669201850891113,0.05097365379333496
A. Lehmann,WSL 2021-2022,30,2,2.4313245,1.9201374,41.60602241841801,46.6,0.06666666666666667,-0.43132448196411133,0.07986259460449219
A. Lehmann,WSL 2022-2023,24,5,3.7048564,4.177753,33.73243065020509,48.0,0.20833333333333334,1.2951436042785645,0.8222470283508301
A. Lehmann,WSL 2023-2024,12,2,2.6918714,1.6097308,55.174921552694435,52.083333333333336,0.16666666666666666,-0.6918714046478271,0.3902691602706909
A. Lehmann,WSL 2025-2026,8,1,1.3270154,0.9285714,43.94848148149164,59.375,0.125,-0.32701539993286133,0.07142859697341919
A. Leon,WSL 2018-2019,11,1,1.249212,1.6143953,55.941142815852736,50.90909090909091,0.09090909090909091,-0.24921202659606934,-0.614395260810852
A. Leon,WSL 2019-2020,21,5,4.2280703,5.7412343,98.3920892869361,51.0,0.23809523809523808,0.7719297409057617,-0.741234302520752
A. Leon,WSL 2020-2021,27,1,1.443997,1.6459486,38.84988461516169,47.407407407407405,0.037037037037037035,-0.44399702548980713,-0.6459486484527588
A. Leon,WSL 2021-2022,25,2,2.0373063,3.5907242,34.99521337470457,48.2,0.08,-0.03730630874633789,-1.590724229812622
A. Leon,WSL 2022-2023,1,1,0.36363637,0.80487806,27.065558269587648,50.0,1.0,0.6363636255264282,0.19512194395065308
A. Leon,WSL 2023-2024,25,5,3.799076,5.2567663,45.31884574997554,50.4,0.2,1.2009239196777344,-0.25676631927490234
A. Leon,WSL 2024-2025,13,3,1.279908,2.6278703,30.21670604324117,48.15384615384615,0.23076923076923078,1.7200920581817627,0.3721296787261963
A. Luik,WSL 2016,2,0,0.074433655,0.0,77.49999999999997,42.0,0.0,-0.07443365454673767,0.0
A. Mannion,WSL 2015,3,1,0.21250896,0.8582677,85.29258005548216,44.666666666666664,0.3333333333333333,0.787491038441658,0.14173227548599243
A. Mannion,WSL 2016,2,1,0.83053124,0.75609756,95.8651835758757,50.0,0.5,0.16946876049041748,0.24390244483947754
A. Mannion,WSL 2017,1,0,0.074433655,0.15492958,37.773594539631006,42.0,0.0,-0.07443365454673767,-0.15492957830429077
A. Mannion,WSL 2017-2018,8,3,3.098824,3.0243902,58.350628482415836,46.0,0.375,-0.09882402420043945,-0.024390220642089844
A. Mannion,WSL 2018-2019,4,2,1.8888773,1.7529359,213.11804912295656,46.0,0.5,0.111122727394104,0.24706411361694336
A. Mannion,WSL 2021-2022,4,0,0.5188781,0.0,53.68129685915147,48.0,0.0,-0.5188781023025513,0.0
A. Mannion,WSL 2022-2023,1,0,0.074433655,0.0,78.95322103062745,75.0,0.0,-0.07443365454673767,0.0
A. Masaka,WSL 2024-2025,1,0,0.0,0.0,27.2680113767844,50.0,0.0,0.0,0.0
A. McManus,WSL 2015,3,0,0.31718728,0.0,236.66666666666666,55.666666666666664,0.0,-0.31718727946281433,0.0
A. McManus,WSL 2016,4,0,0.38082892,0.0,112.5,56.25,0.0,-0.3808289170265198,0.0
A. McManus,WSL 2017-2018,8,2,0.78521883,0.9305556,62.92589602747798,46.0,0.25,1.2147811651229858,1.0694444179534912
A. McManus,WSL 2018-2019,6,1,1.2162004,0.9726027,69.84414936468826,52.833333333333336,0.16666666666666666,-0.2162003517150879,0.0273972749710083
A. McManus,WSL 2019-2020,1,0,0.26666668,0.5119048,20.641382382647375,50.0,0.0,-0.2666666805744171,-0.511904776096344
A. McManus,WSL 2020-2021,1,1,0.969697,0.9722222,29.012257945756513,50.0,1.0,0.030303001403808594,0.027777791023254395
A. McManus,WSL 2021-2022,5,1,0.44575652,0.6111111,105.17390360330009,42.0,0.2,0.5542434751987457,0.3888888955116272
A. McManus,WSL 2022-2023,1,0,0.0,0.0,9.887702800280088,55.0,0.0,0.0,0.0
A. Morgan,WSL 2020-2021,5,2,1.5979095,1.5121951,34.79250565796305,46.8,0.4,0.40209054946899414,0.4878048896789551
A. Neville,WSL 2019-2020,5,1,1.1589087,1.0980129,43.10923568898889,53.4,0.2,-0.15890872478485107,-0.09801292419433594
A. Neville,WSL 2020-2021,8,2,1.0590637,1.0006039,38.76274055505578,45.625,0.25,0.9409363269805908,0.9993960857391357
A. Neville,WSL 2021-2022,30,3,5.498074,5.7258143,51.27544750852865,47.56666666666667,0.1,-2.4980740547180176,-2.7258143424987793
A. Neville,WSL 2022-2023,24,3,2.6268935,4.1186275,41.46908251294493,45.333333333333336,0.125,0.3731064796447754,-1.1186275482177734
A. Neville,WSL 2023-2024,14,1,2.10195,1.6631458,46.91663184845997,49.0,0.07142857142857142,-1.10194993019104,-0.6631457805633545
A. Neville,WSL 2024-2025,11,0,0.35722953,0.35175437,52.248972887909844,50.0,0.0,-0.3572295308113098,-0.351754367351532
A. Neville,WSL 2025-2026,8,1,1.2002355,1.0,51.38465048842556,45.125,0.125,-0.2002354860305786,0.0
A. Nildén,WSL 2018-2019,1,1,0.24275362,0.8582677,41.506358281325724,50.0,1.0,0.7572463750839233,0.14173227548599243
A. Nildén,WSL 2019-2020,2,0,0.13392857,0.15492958,19.625858711079292,50.0,0.0,-0.1339285671710968,-0.15492957830429077
A. Nildén,WSL 2023-2024,8,0,0.92678887,0.0,61.12863045847229,46.0,0.0,-0.926788866519928,0.0
A. Nildén,WSL 2024-2025,8,2,1.2520074,1.0910238,44.00998403991832,43.0,0.25,0.7479926347732544,0.9089761972427368
A. Nildén,WSL 2025-2026,10,2,2.7336059,2.7771003,31.9109913492822,49.3,0.2,-0.7336058616638184,-0.7771003246307373
A. Nouwen,WSL 2021-2022,6,1,1.8954265,0.97959185,85.82940371739306,50.166666666666664,0.16666666666666666,-0.8954265117645264,0.020408153533935547
A. Nouwen,WSL 2022-2023,2,0,0.10963455,0.0,56.57272421751239,42.0,0.0,-0.10963454842567444,0.0
A. Nouwen,WSL 2024-2025,4,1,0.810784,0.8582677,35.78101070507445,51.5,0.25,0.1892160177230835,0.14173227548599243
A. Oshoala,WSL 2015,22,3,2.9850638,1.9858,84.19833318753976,52.81818181818182,0.13636363636363635,0.014936208724975586,1.01419997215271
A. Oshoala,WSL 2016,17,3,3.34926,2.917808,72.84924097272788,48.11764705882353,0.17647058823529413,-0.3492600917816162,0.08219194412231445
A. Palmer,WSL 2017,1,0,0.074433655,0.0,150.0,42.0,0.0,-0.07443365454673767,0.0
A. Palmer,WSL 2017-2018,5,0,0.15001506,0.0,58.70654562313447,43.6,0.0,-0.15001505613327026,0.0
A. Palmer,WSL 2020-2021,6,0,0.37446374,0.0,65.68197150161296,45.5,0.0,-0.3744637370109558,0.0
A. Palmer,WSL 2023-2024,3,1,0.075581394,0.6756757,37.36890712574891,42.0,0.3333333333333333,0.924418605864048,0.3243243098258972
A. Patten,WSL 2017,6,0,0.39162093,0.0,184.33333333333334,43.333333333333336,0.0,-0.391620934009552,0.0
A. Patten,WSL 2021-2022,7,0,0.074433655,0.15492958,25.98670354063457,44.285714285714285,0.0,-0.07443365454673767,-0.15492957830429077
A. Patten,WSL 2022-2023,15,0,1.48376,0.71944445,42.85577951463102,42.53333333333333,0.0,-1.4837599992752075,-0.7194444537162781
A. Patten,WSL 2023-2024,13,2,2.4047523,1.8308704,50.42688146092298,55.92307692307692,0.15384615384615385,-0.404752254486084,0.1691296100616455
A. Patten,WSL 2024-2025,10,2,0.96222365,1.3568351,33.426652462624865,46.9,0.2,1.0377763509750366,0.643164873123169
A. Patten,WSL 2025-2026,9,1,0.5802626,1.484127,47.99909280054329,60.333333333333336,0.1111111111111111,0.41973739862442017,-0.4841270446777344
A. Plumptre,WSL 2021-2022,18,3,3.3044925,2.9887877,64.35460638567386,48.333333333333336,0.16666666666666666,-0.3044924736022949,0.011212348937988281
A. Plumptre,WSL 2022-2023,14,1,1.0812733,1.3642857,38.60242997409959,47.0,0.07142857142857142,-0.08127331733703613,-0.3642857074737549
A. Riley,WSL 2018-2019,3,0,0.4516129,0.0,63.351733266641254,55.666666666666664,0.0,-0.4516128897666931,0.0
A. Rodgers,WSL 2017-2018,1,0,0.074433655,0.0,78.48566748139434,42.0,0.0,-0.07443365454673767,0.0
A. Rodgers,WSL 2018-2019,5,1,1.0870535,1.2055556,35.02956726558703,45.2,0.2,-0.08705353736877441,-0.20555555820465088
A. Rodgers,WSL 2019-2020,2,0,0.15001506,0.118421055,51.93129474546341,42.0,0.0,-0.15001505613327026,-0.1184210553765297
A. Rodgers,WSL 2023-2024,18,2,1.6043966,2.4417164,37.239712760780925,46.94444444444444,0.1111111111111111,0.3956034183502197,-0.44171643257141113
A. Russo,WSL 2020-2021,14,3,2.6795542,2.5764694,80.9482009774504,47.142857142857146,0.21428571428571427,0.3204457759857178,0.42353057861328125
A. Russo,WSL 2021-2022,61,9,7.6031485,8.933687,59.06521728126209,45.78688524590164,0.14754098360655737,1.3968515396118164,0.06631278991699219
A. Russo,WSL 2022-2023,72,10,9.686297,9.718863,44.085489782873395,47.986111111111114,0.1388888888888889,0.3137025833129883,0.28113746643066406
A. Russo,WSL 2023-2024,79,12,14.19869,13.14734,40.79579034130531,49.70886075949367,0.1518987341772152,-2.198690414428711,-1.1473398208618164
A. Russo,WSL 2024-2025,73,12,11.171034,9.255409,44.01640036154912,49.19178082191781,0.1643835616438356,0.8289661407470703,2.7445907592773438
A. Russo,WSL 2025-2026,85,13,9.452642,12.313054,40.281050952360566,49.6,0.15294117647058825,3.5473575592041016,0.686945915222168
A. Sandberg,WSL 2024-2025,4,0,0.4234234,0.68115944,42.391220174505115,46.0,0.0,-0.4234234094619751,-0.6811594367027283
A. Sandberg,WSL 2025-2026,4,1,0.4035804,0.83060527,55.93307728853667,50.25,0.25,0.5964196026325226,0.16939473152160645
A. Scott,WSL 2015,6,1,0.57190037,0.8148148,83.6015506474809,48.666666666666664,0.16666666666666666,0.4280996322631836,0.18518519401550293
A. Scott,WSL 2016,3,0,0.074433655,0.0,53.33333333333334,44.666666666666664,0.0,-0.07443365454673767,0.0
A. Scott,WSL 2017,1,0,0.0,0.0,,42.0,0.0,0.0,0.0
A. Stringer,WSL 2016,7,0,1.0166043,0.24275362,102.00000000000003,45.42857142857143,0.0,-1.0166043043136597,-0.24275362491607666
A. Stringer,WSL 2017,5,0,0.2869426,0.0,155.41666666666669,47.0,0.0,-0.28694260120391846,0.0
A. Stringer,WSL 2017-2018,1,0,0.0,0.0,,42.0,0.0,0.0,0.0
A. Stringer,WSL 2018-2019,5,1,0.6908358,0.80487806,55.492075945345164,50.2,0.2,0.30916422605514526,0.19512194395065308
A. Stringer,WSL 2020-2021,9,0,0.49945158,0.0,95.29020504246878,42.0,0.0,-0.49945157766342163,0.0
A. Stringer,WSL 2021-2022,3,2,1.90625,1.9726027,35.37422283336753,44.666666666666664,0.6666666666666666,0.09375,0.0273972749710083
A. Stringer,WSL 2022-2023,4,0,0.0,0.0,32.42663014250365,46.0,0.0,0.0,0.0
A. Stringer,WSL 2023-2024,2,0,0.074433655,0.24074075,20.356730589035937,58.5,0.0,-0.07443365454673767,-0.24074074625968933
A. Swaby,WSL 2024-2025,2,1,0.969697,0.9726027,43.88800761462973,46.0,0.5,0.030303001403808594,0.0273972749710083
A. Thestrup,WSL 2022-2023,13,0,0.2630753,0.0,36.15645078647385,52.0,0.0,-0.2630752921104431,0.0
A. Thestrup,WSL 2023-2024,30,9,5.0217485,7.5456486,36.952352098435334,49.96666666666667,0.3,3.9782514572143555,1.4543514251708984
A. Thompson,WSL 2025-2026,38,7,5.765429,6.962248,45.291965628964384,48.921052631578945,0.18421052631578946,1.2345709800720215,0.03775215148925781
A. Tysiak,WSL 2023-2024,7,1,0.499371,1.3067957,29.958122978472762,45.0,0.14285714285714285,0.5006290078163147,-0.30679571628570557
A. Tysiak,WSL 2024-2025,11,3,3.0455723,3.261111,43.87790368482781,51.09090909090909,0.2727272727272727,-0.04557228088378906,-0.2611110210418701
A. Tysiak,WSL 2025-2026,5,1,0.5260465,0.71428573,33.21733944454628,43.6,0.2,0.4739534854888916,0.2857142686843872
A. Weerden,WSL 2024-2025,21,3,2.2017682,2.3542418,42.620479557977426,46.76190476190476,0.14285714285714285,0.798231840133667,0.6457581520080566
A. Whelan,WSL 2015,6,1,1.2063968,0.8582677,89.8604143761704,50.0,0.16666666666666666,-0.20639681816101074,0.14173227548599243
A. Whelan,WSL 2016,10,2,1.5450797,1.4693788,93.03945573703783,46.0,0.2,0.45492029190063477,0.5306211709976196
A. Whelan,WSL 2018-2019,32,1,2.3079958,2.348744,50.45636844017138,46.4375,0.03125,-1.3079957962036133,-1.3487439155578613
A. Whelan,WSL 2019-2020,33,5,5.3220778,5.6441445,75.69548260639857,48.15151515151515,0.15151515151515152,-0.32207775115966797,-0.6441445350646973
A. Whelan,WSL 2020-2021,23,4,5.3805923,5.2698116,63.830102076092906,48.69565217391305,0.17391304347826086,-1.3805923461914062,-1.2698116302490234
A. Whelan,WSL 2021-2022,18,4,2.7212958,3.1701708,64.11211206032827,49.5,0.2222222222222222,1.2787041664123535,0.829829216003418
A. Whelan,WSL 2022-2023,24,1,1.6770551,1.1777122,41.68509786331763,51.166666666666664,0.041666666666666664,-0.6770551204681396,-0.17771220207214355
A. Whelan,WSL 2023-2024,21,1,1.237373,1.0489765,38.75742501256695,50.523809523809526,0.047619047619047616,-0.2373729944229126,-0.04897654056549072
A. Yamashita,WSL 2025-2026,1,0,0.0,0.0,16.666666666666664,42.0,0.0,0.0,0.0
Alejandra Bernabé,WSL 2024-2025,3,0,0.21964285,0.0,65.42682629396546,53.0,0.0,-0.21964284777641296,0.0
Alejandra Bernabé,WSL 2025-2026,5,0,0.20836222,0.0,41.0141882780171,51.8,0.0,-0.20836222171783447,0.0
B. Aspin,WSL 2023-2024,10,2,2.139056,1.92834,39.559012437548645,44.1,0.2,-0.13905596733093262,0.07166004180908203
B. Aspin,WSL 2024-2025,1,0,0.0,0.0,27.400121654231146,42.0,0.0,0.0,0.0
B. Chaplen,WSL 2015,17,3,2.0339472,2.404376,77.74810700472446,49.0,0.17647058823529413,0.966052770614624,0.5956239700317383
B. Chaplen,WSL 2016,14,3,1.5977869,2.051332,104.34569232811825,45.214285714285715,0.21428571428571427,1.4022130966186523,0.9486680030822754
B. Chaplen,WSL 2017,3,1,0.2761506,0.24074075,9.69047162050748,42.0,0.3333333333333333,0.7238493859767914,0.7592592537403107
B. Chaplen,WSL 2017-2018,64,8,9.4099045,9.477841,80.17195257706206,47.40625,0.125,-1.4099044799804688,-1.4778413772583008
B. Chaplen,WSL 2018-2019,52,7,5.3718367,7.4891634,47.7868415631091,47.73076923076923,0.1346153846153846,1.6281633377075195,-0.4891633987426758
B. Chaplen,WSL 2019-2020,31,3,2.7234955,2.8989863,114.9458618837783,46.12903225806452,0.0967741935483871,0.2765045166015625,0.1010136604309082
B. Chaplen,WSL 2020-2021,17,1,1.3715711,1.9456698,47.47736521466919,43.1764705882353,0.058823529411764705,-0.37157106399536133,-0.9456697702407837
B. Chaplen,WSL 2021-2022,5,0,0.37630123,0.5532408,23.35681730048463,46.8,0.0,-0.37630122900009155,-0.5532407760620117
B. England,WSL 2016,24,3,4.4277315,2.8367348,141.87283966202654,46.541666666666664,0.125,-1.4277315139770508,0.16326522827148438
B. England,WSL 2017,7,0,0.7029463,0.0,57.49999999999999,62.0,0.0,-0.7029463052749634,0.0
B. England,WSL 2017-2018,48,10,11.436544,13.901208,47.49424172947498,50.0625,0.20833333333333334,-1.436544418334961,-3.90120792388916
B. England,WSL 2018-2019,58,12,10.310082,14.069669,82.15252584002855,49.13793103448276,0.20689655172413793,1.6899175643920898,-2.069668769836426
B. England,WSL 2019-2020,75,14,10.100603,11.849741,58.38851766303736,48.44,0.18666666666666668,3.8993968963623047,2.150259017944336
B. England,WSL 2020-2021,45,6,7.3649693,5.6684785,89.98998330901769,47.422222222222224,0.13333333333333333,-1.364969253540039,0.33152151107788086
B. England,WSL 2021-2022,33,8,5.828643,7.871989,40.610758908469855,50.39393939393939,0.24242424242424243,2.1713571548461914,0.12801122665405273
B. England,WSL 2022-2023,40,14,7.6765943,11.145377,42.827661463490095,47.025,0.35,6.323405742645264,2.8546228408813477
B. England,WSL 2023-2024,32,5,5.5491767,6.234633,34.69906241499543,47.875,0.15625,-0.5491766929626465,-1.234632968902588
B. England,WSL 2024-2025,40,8,7.5029407,7.092106,52.00140512077038,47.175,0.2,0.49705934524536133,0.9078941345214844
B. England,WSL 2025-2026,44,7,7.635241,7.4281387,46.91076116711343,51.02272727272727,0.1590909090909091,-0.6352410316467285,-0.42813873291015625
B. Galloway,WSL 2017-2018,10,3,1.621027,2.3765025,41.10810622694373,51.8,0.3,1.3789730072021484,0.623497486114502
B. Hendrix,WSL 2018-2019,7,0,0.51358867,0.6111111,184.04134091585047,43.142857142857146,0.0,-0.5135886669158936,-0.6111111044883728
B. Hendrix,WSL 2019-2020,1,0,0.075581394,0.0,220.00000000000006,42.0,0.0,-0.075581394135952,0.0
B. Hendrix,WSL 2022-2023,1,0,0.31182796,0.6111111,35.24580353271391,42.0,0.0,-0.31182795763015747,-0.6111111044883728
B. Horwood,WSL 2018-2019,6,0,0.074433655,0.23333333,51.96775931645957,53.0,0.0,-0.07443365454673767,-0.23333333432674408
B. Jane,WSL 2017,4,0,1.6708465,1.6708465,33.333333333333336,57.5,0.0,-1.6708464622497559,-1.6708464622497559
B. Jane,WSL 2017-2018,1,0,0.0,0.0,,42.0,0.0,0.0,0.0
B. Jane,WSL 2018-2019,2,0,0.10963455,0.0,46.67291608083902,42.0,0.0,-0.10963454842567444,0.0
B. Jane,WSL 2019-2020,5,0,0.40472814,0.5119048,65.96849570325838,43.6,0.0,-0.40472814440727234,-0.511904776096344
B. Leon,WSL 2017,10,2,1.0858357,1.3899615,64.9538525663847,50.9,0.2,0.9141643047332764,0.6100385189056396
B. Mead,WSL 2015,4,1,0.4234234,0.68115944,87.2760435334524,52.25,0.25,0.5765765905380249,0.31884056329727173
B. Mead,WSL 2016,2,0,0.24356312,0.0,134.16666666666663,46.0,0.0,-0.24356311559677124,0.0
B. Mead,WSL 2017,16,1,2.0191875,0.68115944,137.48415297497976,47.0625,0.0625,-1.0191874504089355,0.31884056329727173
B. Mead,WSL 2017-2018,51,8,5.2346425,6.5559273,69.15535947300164,49.09803921568628,0.1568627450980392,2.765357494354248,1.4440727233886719
B. Mead,WSL 2018-2019,36,7,4.2318172,4.7162514,96.56697475487847,48.94444444444444,0.19444444444444445,2.7681827545166016,2.2837486267089844
B. Mead,WSL 2019-2020,31,3,2.4088342,4.205167,51.628629221884985,47.096774193548384,0.0967741935483871,0.5911657810211182,-1.2051668167114258
B. Mead,WSL 2020-2021,40,4,3.9367323,3.4685616,44.52421715330723,48.1,0.1,0.06326770782470703,0.5314383506774902
B. Mead,WSL 2021-2022,60,11,6.3718495,8.909961,55.516829832394976,50.11666666666667,0.18333333333333332,4.628150463104248,2.0900392532348633
B. Mead,WSL 2022-2023,24,3,2.8281794,3.6991258,37.99919939384892,49.25,0.125,0.17182064056396484,-0.6991257667541504
B. Mead,WSL 2023-2024,45,8,6.9338713,7.820365,33.6931817995611,50.77777777777778,0.17777777777777778,1.0661287307739258,0.17963504791259766
B. Mead,WSL 2024-2025,27,7,4.343338,5.4174414,35.219197492944176,53.48148148148148,0.25925925925925924,2.6566619873046875,1.5825586318969727
B. Mead,WSL 2025-2026,19,2,2.4411757,2.493751,47.898206074041354,48.63157894736842,0.10526315789473684,-0.4411756992340088,-0.49375104904174805
B. Olsson,WSL 2025-2026,18,6,4.6985326,5.307706,45.720570256501404,46.888888888888886,0.3333333333333333,1.3014674186706543,0.6922941207885742
B. Rayner,WSL 2016,1,0,0.31182796,0.0,60.00000000000002,50.0,0.0,-0.31182795763015747,0.0
B. Rayner,WSL 2025-2026,1,0,0.0,0.0,33.33333333333333,50.0,0.0,0.0,0.0
B. Roberts,WSL 2020-2021,2,0,0.075581394,0.0,63.17952067374717,46.0,0.0,-0.075581394135952,0.0
B. Roe,WSL 2018-2019,1,0,0.0,0.0,43.33333333333336,50.0,0.0,0.0,0.0
B. Roe,WSL 2020-2021,1,0,0.0,0.0,23.333333333333307,50.0,0.0,0.0,0.0
B. Visalli,WSL 2018-2019,22,1,1.207715,1.1712962,75.5224993511043,44.90909090909091,0.045454545454545456,-0.20771503448486328,-0.17129623889923096
B. Visalli,WSL 2019-2020,11,0,0.4208712,0.22936323,51.12974288615684,44.54545454545455,0.0,-0.42087119817733765,-0.22936323285102844
B. Visalli,WSL 2022-2023,1,0,0.074433655,0.15492958,16.51598552245001,42.0,0.0,-0.07443365454673767,-0.15492957830429077
Bruna Vilamala,WSL 2024-2025,10,1,1.3816384,1.4914966,42.862645678788326,44.9,0.1,-0.38163840770721436,-0.49149656295776367
C. Arthur,WSL 2017,22,1,1.041644,0.8582677,155.75011754879955,45.31818181818182,0.045454545454545456,-0.04164397716522217,0.14173227548599243
C. Arthur,WSL 2017-2018,18,1,0.9031007,0.63251245,60.65612330147904,45.888888888888886,0.05555555555555555,0.09689927101135254,0.3674875497817993
C. Arthur,WSL 2018-2019,18,1,1.1346773,1.3115621,77.53870728070464,43.333333333333336,0.05555555555555555,-0.13467729091644287,-0.31156206130981445
C. Arthur,WSL 2019-2020,9,0,0.3226919,0.0,61.14407897518729,44.666666666666664,0.0,-0.3226918876171112,0.0
C. Arthur,WSL 2020-2021,13,1,1.5922239,1.0006039,61.794368928684435,48.30769230769231,0.07692307692307693,-0.5922238826751709,-0.0006039142608642578
C. Arthur,WSL 2021-2022,3,0,0.074433655,0.24074075,53.53508672693241,44.666666666666664,0.0,-0.07443365454673767,-0.24074074625968933
C. Berryhill,WSL 2020-2021,4,1,0.75609756,0.75609756,29.920982409444974,59.5,0.25,0.24390244483947754,0.24390244483947754
C. Bizet,WSL 2022-2023,19,2,2.2260766,1.8983158,55.00711271684328,47.94736842105263,0.10526315789473684,-0.22607660293579102,0.10168421268463135
C. Bizet,WSL 2023-2024,27,4,2.886788,3.3981714,36.43490210178457,51.0,0.14814814814814814,1.1132121086120605,0.6018285751342773
C. Bizet,WSL 2024-2025,25,2,2.9138076,1.9501467,48.228197047468,49.48,0.08,-0.9138076305389404,0.04985332489013672
C. Bizet,WSL 2025-2026,3,0,0.074433655,0.118421055,10.545553794319787,42.0,0.0,-0.07443365454673767,-0.1184210553765297
C. Bott,WSL 2022-2023,10,0,0.47492537,0.38826293,39.876345371763975,46.0,0.0,-0.47492536902427673,-0.38826292753219604
C. Bott,WSL 2023-2024,4,0,0.0,0.0,18.055879812662152,49.25,0.0,0.0,0.0
C. Bott,WSL 2024-2025,6,0,0.60553074,0.0,61.495212916686455,46.0,0.0,-0.6055307388305664,0.0
C. Boureille,WSL 2025-2026,2,0,0.125,0.0,60.78244921597079,58.5,0.0,-0.125,0.0
C. Boye-Hlorkah,WSL 2017-2018,11,1,1.2071952,0.91800153,73.90654980035886,46.90909090909091,0.09090909090909091,-0.20719516277313232,0.08199846744537354
C. Boye-Hlorkah,WSL 2018-2019,28,3,1.5892019,2.2663786,90.07977013273279,49.75,0.10714285714285714,1.4107980728149414,0.73362135887146
C. Boye-Hlorkah,WSL 2019-2020,12,0,0.7191474,0.10963455,60.603419364197876,48.5,0.0,-0.7191473841667175,-0.10963454842567444
C. Boye-Hlorkah,WSL 2020-2021,3,1,0.5330579,1.1243225,54.35551940173306,44.666666666666664,0.3333333333333333,0.46694207191467285,-0.12432253360748291
C. Boye-Hlorkah,WSL 2021-2022,17,0,1.4481711,0.118421055,109.64511860627543,43.88235294117647,0.0,-1.4481711387634277,-0.1184210553765297
C. Boye-Hlorkah,WSL 2022-2023,1,0,0.074433655,0.118421055,19.074706929450926,42.0,0.0,-0.07443365454673767,-0.1184210553765297
C. Buxton,WSL 2017-2018,3,0,0.513458,0.0,158.41672688946156,42.0,0.0,-0.5134580135345459,0.0
C. Buxton,WSL 2018-2019,1,0,0.0,0.0,10.000000000000025,42.0,0.0,0.0,0.0
C. Devlin,WSL 2021-2022,3,0,0.125,0.0,68.78634711583148,47.333333333333336,0.0,-0.125,0.0
C. Dunn,WSL 2017,17,1,4.142684,0.97959185,101.2488331466069,50.05882352941177,0.058823529411764705,-3.142683982849121,0.020408153533935547
C. Dunn,WSL 2017-2018,13,2,2.2974095,3.9540114,38.15611020078961,48.76923076923077,0.15384615384615385,-0.2974095344543457,-1.9540114402770996
C. Emslie,WSL 2017,20,1,2.8006904,1.3672087,154.26395269991642,46.65,0.05,-1.8006904125213623,-0.36720871925354004
C. Emslie,WSL 2017-2018,38,4,2.8505385,2.9313462,59.13943236682644,48.71052631578947,0.10526315789473684,1.1494615077972412,1.0686538219451904
C. Emslie,WSL 2018-2019,21,4,3.3785744,3.9940891,74.37436309626308,48.76190476190476,0.19047619047619047,0.6214256286621094,0.0059108734130859375
C. Emslie,WSL 2020-2021,31,3,3.3505983,2.7655656,50.12502851405149,46.61290322580645,0.0967741935483871,-0.3505983352661133,0.2344343662261963
C. Emslie,WSL 2021-2022,19,2,1.295313,2.7539968,61.18117355661959,47.526315789473685,0.10526315789473684,0.7046869993209839,-0.7539968490600586
C. Estcourt,WSL 2017,2,0,0.26666668,0.0,111.6666666666667,46.0,0.0,-0.2666666805744171,0.0
C. Estcourt,WSL 2017-2018,9,0,1.5394298,1.8330256,51.83565571020424,52.888888888888886,0.0,-1.539429783821106,-1.833025574684143
C. Estcourt,WSL 2018-2019,3,0,0.36363637,0.0,44.98105695840551,44.666666666666664,0.0,-0.3636363744735718,0.0
C. Ferguson,WSL 2022-2023,1,0,0.0,0.0,17.48936184592734,50.0,0.0,0.0,0.0
C. Foord,WSL 2020-2021,33,10,8.03854,9.788359,58.54482826927308,49.27272727272727,0.30303030303030304,1.9614601135253906,0.2116413116455078
C. Foord,WSL 2021-2022,31,4,1.0310109,3.2759843,29.653619686884074,49.45161290322581,0.12903225806451613,2.968989133834839,0.7240157127380371
C. Foord,WSL 2022-2023,51,6,5.651218,6.20486,37.99237454147194,48.80392156862745,0.11764705882352941,0.3487820625305176,-0.20486021041870117
C. Foord,WSL 2023-2024,48,4,4.403859,4.543914,40.25148450372441,50.083333333333336,0.08333333333333333,-0.40385913848876953,-0.5439138412475586
C. Foord,WSL 2024-2025,36,6,5.3203015,7.286272,43.485447869985016,54.361111111111114,0.16666666666666666,0.6796984672546387,-1.2862720489501953
C. Foord,WSL 2025-2026,28,2,1.8686423,1.5251021,38.54920622189407,48.5,0.07142857142857142,0.13135766983032227,0.4748978614807129
C. Grant,WSL 2023-2024,4,0,0.6669865,0.0,62.92861364159024,48.0,0.0,-0.6669865250587463,0.0
C. Grant,WSL 2024-2025,17,4,2.928709,3.5982327,48.223398212911945,49.588235294117645,0.23529411764705882,1.0712909698486328,0.4017672538757324
C. Grant,WSL 2025-2026,14,1,1.5686243,1.7101196,46.412680211456966,53.0,0.07142857142857142,-0.5686242580413818,-0.7101196050643921
C. Haines,WSL 2015,4,0,0.2720039,0.15492958,70.89893459064724,58.5,0.0,-0.2720038890838623,-0.15492957830429077
C. Haines,WSL 2016,5,1,0.6356811,0.9722222,108.2708454223014,51.8,0.2,0.3643189072608948,0.027777791023254395
C. Haines,WSL 2017,5,0,0.22444871,0.78869045,70.65244730528698,42.0,0.0,-0.22444871068000793,-0.788690447807312
C. Haines,WSL 2019-2020,3,0,0.43572935,0.0,75.0353634172435,44.666666666666664,0.0,-0.43572935461997986,0.0
C. Harrison-Murray,WSL 2015,21,1,0.8697332,0.7660407,75.89394491608932,47.0,0.047619047619047616,0.13026678562164307,0.23395931720733643
C. Harrison-Murray,WSL 2016,12,0,1.1239392,0.118421055,89.01313383571797,48.083333333333336,0.0,-1.1239391565322876,-0.1184210553765297
C. Harrison-Murray,WSL 2018-2019,14,0,0.6512705,0.0,57.262998891626104,46.0,0.0,-0.6512705087661743,0.0
C. Harrison-Murray,WSL 2019-2020,2,0,0.074433655,0.0,140.8333333333334,46.0,0.0,-0.07443365454673767,0.0
C. Harrison-Murray,WSL 2020-2021,9,2,1.4636917,1.555678,43.69331244830202,45.55555555555556,0.2222222222222222,0.5363082885742188,0.44432199001312256
C. Harrison-Murray,WSL 2021-2022,8,1,0.9287744,0.75609756,63.84304781380268,47.125,0.125,0.07122558355331421,0.24390244483947754
C. Hayes,WSL 2024-2025,1,0,0.0,0.0,31.666666666666643,42.0,0.0,0.0,0.0
C. Hayes,WSL 2025-2026,10,2,1.8982306,1.8522323,37.42162657694921,42.8,0.2,0.10176944732666016,0.14776766300201416
C. Holland,WSL 2022-2023,27,4,2.967072,3.4017892,50.45368226571383,47.7037037037037,0.14814814814814814,1.0329279899597168,0.5982108116149902
C. Holland,WSL 2023-2024,33,2,2.04112,2.64289,41.128532027103574,50.42424242424242,0.06060606060606061,-0.041120052337646484,-0.6428899765014648
C. Holland,WSL 2024-2025,26,0,1.5503355,1.1663835,52.561997441187486,44.46153846153846,0.0,-1.5503355264663696,-1.1663835048675537
C. Holland,WSL 2025-2026,28,3,4.8563476,3.278632,51.1782765997639,47.0,0.10714285714285714,-1.8563475608825684,-0.27863192558288574
C. Humphrey,WSL 2015,2,1,0.7011494,0.8582677,28.352419085162545,50.0,0.5,0.2988505959510803,0.14173227548599243
C. Humphrey,WSL 2016,18,1,1.2029815,0.9722222,102.36342477284242,45.611111111111114,0.05555555555555555,-0.20298147201538086,0.027777791023254395
C. Humphrey,WSL 2017,1,0,0.074433655,0.0,88.33333333333329,42.0,0.0,-0.07443365454673767,0.0
C. Humphrey,WSL 2017-2018,9,0,0.19943365,0.6369048,46.03425489344783,42.888888888888886,0.0,-0.19943365454673767,-0.636904776096344
C. Humphrey,WSL 2018-2019,21,0,1.3270271,1.5719001,83.37842021246077,46.857142857142854,0.0,-1.3270270824432373,-1.5719001293182373
C. Humphrey,WSL 2019-2020,8,0,0.47215855,0.15492958,55.9934652772791,47.125,0.0,-0.4721585512161255,-0.15492957830429077
C. Humphrey,WSL 2020-2021,15,0,0.46722203,0.0,67.59601456763104,54.06666666666667,0.0,-0.46722203493118286,0.0
C. Humphrey,WSL 2022-2023,1,0,0.0,0.0,60.00000000000002,42.0,0.0,0.0,0.0
C. Hunt,WSL 2024-2025,11,3,2.2158341,2.469379,49.836726898055616,46.90909090909091,0.2727272727272727,0.7841658592224121,0.5306210517883301
C. Hunt,WSL 2025-2026,13,0,1.5440938,0.7852554,44.7927523600658,47.0,0.0,-1.5440938472747803,-0.7852553725242615
C. Jones,WSL 2021-2022,1,0,0.39285713,0.0,78.00064102300699,50.0,0.0,-0.3928571343421936,0.0
C. Jones,WSL 2022-2023,21,2,3.2577052,2.092205,36.05650873666258,49.76190476190476,0.09523809523809523,-1.2577052116394043,-0.09220504760742188
C. Jones,WSL 2023-2024,20,3,4.107209,3.8607805,33.34452569347614,50.45,0.15,-1.1072092056274414,-0.8607804775238037
C. Kapocs,WSL 2024-2025,19,2,2.4837773,2.1617131,37.753373864871506,48.0,0.10526315789473684,-0.4837772846221924,-0.1617131233215332
C. Kapocs,WSL 2025-2026,14,3,2.8360932,2.3052676,47.054317302615665,46.57142857142857,0.21428571428571427,0.16390681266784668,0.6947324275970459
C. Kelly,WSL 2015,1,0,0.0,0.0,61.666666666666714,50.0,0.0,0.0,0.0
C. Kelly,WSL 2016,3,1,1.1371932,0.97959185,112.746715209927,47.333333333333336,0.3333333333333333,-0.1371932029724121,0.020408153533935547
C. Kelly,WSL 2017,11,2,1.9633425,1.9722222,174.70566340644572,50.09090909090909,0.18181818181818182,0.03665745258331299,0.027777791023254395
C. Kelly,WSL 2017-2018,21,3,2.1761682,2.4270847,58.724138414604035,44.857142857142854,0.14285714285714285,0.8238317966461182,0.5729153156280518
C. Kelly,WSL 2018-2019,27,1,1.0848298,0.8582677,54.9786581591222,46.370370370370374,0.037037037037037035,-0.08482980728149414,0.14173227548599243
C. Kelly,WSL 2019-2020,45,9,7.2340746,9.020031,102.90014898296839,46.666666666666664,0.2,1.765925407409668,-0.020030975341796875
C. Kelly,WSL 2020-2021,54,10,8.726681,8.8212385,41.801730591991294,50.351851851851855,0.18518518518518517,1.2733192443847656,1.1787614822387695
C. Kelly,WSL 2021-2022,9,1,0.63682884,0.65,32.67380364196959,47.333333333333336,0.1111111111111111,0.36317116022109985,0.3500000238418579
C. Kelly,WSL 2022-2023,77,5,7.0651855,5.002061,41.444433171307,49.36363636363637,0.06493506493506493,-2.065185546875,-0.0020608901977539062
C. Kelly,WSL 2023-2024,71,5,6.660203,5.087053,38.13007378220225,47.70422535211268,0.07042253521126761,-1.660202980041504,-0.08705282211303711
C. Kelly,WSL 2024-2025,22,2,2.4051015,1.7241379,41.10399090772285,51.86363636363637,0.09090909090909091,-0.4051015377044678,0.27586209774017334
C. Kelly,WSL 2025-2026,23,5,3.6435754,3.8571994,47.07215990017827,49.47826086956522,0.21739130434782608,1.3564245700836182,1.1428005695343018
C. Lacasse,WSL 2023-2024,15,3,1.5323346,1.9033816,38.1536904301389,45.733333333333334,0.2,1.467665433883667,1.096618413925171
C. Laris­ey,WSL 2024-2025,4,0,0.6714995,0.0,78.20422711517979,48.0,0.0,-0.671499490737915,0.0
C. Lloyd,WSL 2017,11,0,0.7184885,0.10963455,145.92592592592592,44.18181818181818,0.0,-0.7184885144233704,-0.10963454842567444
C. Lloyd,WSL 2017-2018,2,0,0.0,0.0,33.33333333333333,44.5,0.0,0.0,0.0
C. Macário,WSL 2023-2024,16,2,1.7195331,2.0456188,33.98938136113986,49.375,0.125,0.2804669141769409,-0.04561877250671387
C. Macário,WSL 2024-2025,35,6,5.661724,6.20137,39.11239093151111,49.142857142857146,0.17142857142857143,0.3382759094238281,-0.2013697624206543
C. Macário,WSL 2025-2026,17,0,1.3613024,0.0,40.79515918579538,49.588235294117645,0.0,-1.361302375793457,0.0
C. McCarron,WSL 2020-2021,3,0,0.14886731,0.118421055,35.49333405286941,42.0,0.0,-0.14886730909347534,-0.1184210553765297
C. Mustaki,WSL 2023-2024,1,0,0.0,0.0,14.78400036075038,75.0,0.0,0.0,0.0
C. Nevin,WSL 2022-2023,1,0,0.0,0.0,37.93473928267396,50.0,0.0,0.0,0.0
C. Nevin,WSL 2023-2024,7,1,1.154913,1.484127,40.35873870221115,45.42857142857143,0.14285714285714285,-0.15491294860839844,-0.4841270446777344
C. Nevin,WSL 2024-2025,2,0,0.075581394,0.0,44.55438112169473,42.0,0.0,-0.075581394135952,0.0
C. Peplow,WSL 2016,1,0,0.0,0.0,,42.0,0.0,0.0,0.0
C. Peplow,WSL 2017,4,0,0.0,0.0,26.66666666666669,46.0,0.0,0.0,0.0
C. Peplow,WSL 2018-2019,10,0,1.231935,0.0,134.14872035456196,46.1,0.0,-1.2319350242614746,0.0
C. Peplow,WSL 2019-2020,8,0,0.5454445,0.5119048,65.86428342688059,43.0,0.0,-0.5454444885253906,-0.511904776096344
C. Peplow,WSL 2020-2021,1,0,0.074433655,0.0,78.00064102300699,42.0,0.0,-0.07443365454673767,0.0
C. Peplow,WSL 2021-2022,1,0,0.08571429,0.0,265.00000000000006,50.0,0.0,-0.08571428805589676,0.0
C. Press,WSL 2020-2021,44,4,4.378788,3.6351225,47.079402634641475,48.52272727272727,0.09090909090909091,-0.3787879943847656,0.36487746238708496
C. Rafferty,WSL 2015,5,1,0.66412187,0.8148148,68.87529067409542,46.8,0.2,0.3358781337738037,0.18518519401550293
C. Rafferty,WSL 2016,10,3,2.587341,2.8304899,134.98390718734044,58.4,0.3,0.4126589298248291,0.1695101261138916
C. Rafferty,WSL 2018-2019,6,2,1.7736981,1.8378596,164.14585036745675,50.833333333333336,0.3333333333333333,0.226301908493042,0.1621403694152832
C. Redisch Kvamme,WSL 2020-2021,5,0,0.34224808,0.0,43.503408478440555,61.0,0.0,-0.3422480821609497,0.0
C. Rule,WSL 2023-2024,1,0,0.24275362,0.7241379,56.73241284016274,50.0,0.0,-0.24275362491607666,-0.7241379022598267
C. Rule,WSL 2024-2025,1,1,0.2857143,0.80487806,50.02765901645472,50.0,1.0,0.7142857015132904,0.19512194395065308
C. Rule,WSL 2025-2026,6,0,0.1220527,0.0,50.800690507614206,43.333333333333336,0.0,-0.12205269932746887,0.0
C. Schröder,WSL 2015,1,0,0.074433655,0.0,150.0,42.0,0.0,-0.07443365454673767,0.0
C. Schröder,WSL 2016,1,1,0.39285713,0.8582677,45.19082994492475,50.0,1.0,0.6071428656578064,0.14173227548599243
C. Scofield,WSL 2018-2019,5,1,0.29822326,0.68115944,64.06406839400549,56.8,0.2,0.7017767429351807,0.31884056329727173
C. Scofield,WSL 2019-2020,3,0,0.13392857,0.31944445,53.48455586625023,44.666666666666664,0.0,-0.1339285671710968,-0.3194444477558136
C. Scofield,WSL 2020-2021,1,0,0.0,0.0,29.999999999999954,42.0,0.0,0.0,0.0
C. Siems,WSL 2020-2021,10,1,1.928184,1.9492962,44.30670966668538,47.7,0.1,-0.9281840324401855,-0.949296236038208
C. Stoney,WSL 2015,1,0,0.074433655,0.0,266.66666666666663,75.0,0.0,-0.07443365454673767,0.0
C. Stoney,WSL 2016,2,0,0.5996138,0.0,108.33333333333333,58.5,0.0,-0.5996137857437134,0.0
C. Stoney,WSL 2017,1,0,0.0,0.0,4.999999999999952,42.0,0.0,0.0,0.0
C. Stoney,WSL 2017-2018,3,0,0.5330579,0.4234234,299.16666666666663,47.333333333333336,0.0,-0.5330579280853271,-0.4234234094619751
C. Swaby,WSL 2024-2025,4,0,0.075581394,0.0,38.70725018883197,44.0,0.0,-0.075581394135952,0.0
C. Sweetman-Kirk,WSL 2017-2018,35,5,6.4756317,6.354292,89.76119850765686,47.97142857142857,0.14285714285714285,-1.4756317138671875,-1.3542919158935547
C. Sweetman-Kirk,WSL 2018-2019,34,10,7.27346,7.823724,48.74465600608786,51.088235294117645,0.29411764705882354,2.7265400886535645,2.176276206970215
C. Sweetman-Kirk,WSL 2019-2020,12,0,1.1076455,0.23684211,65.06153656459277,50.833333333333336,0.0,-1.1076455116271973,-0.2368421107530594
C. Sáez,WSL 2024-2025,6,2,1.524298,2.0916011,29.508452428847956,44.666666666666664,0.3333333333333333,0.47570204734802246,-0.09160113334655762
C. Tandberg,WSL 2025-2026,43,6,6.5276365,7.3292375,43.29479335859727,46.627906976744185,0.13953488372093023,-0.5276365280151367,-1.329237461090088
C. Ubogagu,WSL 2015,32,6,5.1070466,5.041511,81.085951007085,47.9375,0.1875,0.8929533958435059,0.958488941192627
C. Ubogagu,WSL 2021-2022,14,0,0.2715194,0.0,33.31741355848706,48.92857142857143,0.0,-0.27151939272880554,0.0
C. Ubogagu,WSL 2022-2023,2,0,0.0,0.0,30.526920550116223,46.0,0.0,0.0,0.0
C. Walker,WSL 2017-2018,16,1,0.38082892,0.6111111,41.65465218270653,47.0,0.0625,0.6191710829734802,0.3888888955116272
C. Walker,WSL 2018-2019,23,1,2.0783544,1.1966498,46.729669234945874,50.34782608695652,0.043478260869565216,-1.0783543586730957,-0.19664978981018066
C. Walker,WSL 2019-2020,24,0,1.3588071,0.9880952,65.27977850477116,46.541666666666664,0.0,-1.35880708694458,-0.988095223903656
C. Walker,WSL 2020-2021,30,6,4.757996,4.8191776,48.22398138287049,47.9,0.2,1.2420039176940918,1.1808223724365234
C. Walker,WSL 2021-2022,25,3,2.2312558,3.4101553,36.76603718143067,48.8,0.12,0.7687442302703857,-0.4101552963256836
C. Walker,WSL 2022-2023,6,0,0.3862616,0.0,51.31725178456623,50.0,0.0,-0.38626161217689514,0.0
C. Weir,WSL 2015,28,3,4.090021,3.1686285,68.73838200301515,45.17857142857143,0.10714285714285714,-1.0900211334228516,-0.16862845420837402
C. Weir,WSL 2016,43,7,3.1524634,5.105132,59.81532591126867,45.76744186046512,0.16279069767441862,3.847536563873291,1.8948678970336914
C. Weir,WSL 2017,21,5,3.680152,4.100864,94.38575405569317,48.23809523809524,0.23809523809523808,1.3198480606079102,0.8991360664367676
C. Weir,WSL 2017-2018,42,1,1.7415091,1.8773583,44.62287332335097,44.30952380952381,0.023809523809523808,-0.7415090799331665,-0.8773583173751831
C. Weir,WSL 2018-2019,35,5,3.655963,4.389508,57.06941308006087,47.22857142857143,0.14285714285714285,1.3440370559692383,0.6104922294616699
C. Weir,WSL 2019-2020,35,3,1.6872491,2.4505713,49.4448928108958,47.142857142857146,0.08571428571428572,1.3127509355545044,0.5494287014007568
C. Weir,WSL 2020-2021,44,8,6.3379483,7.568066,44.673489801406454,47.38636363636363,0.18181818181818182,1.6620516777038574,0.4319338798522949
C. Weir,WSL 2021-2022,50,6,5.084333,8.258415,35.66038556876951,48.32,0.12,0.9156670570373535,-2.2584152221679688
C. Wellings,WSL 2016,16,2,2.2764127,1.6482785,95.52017632351861,48.125,0.125,-0.2764127254486084,0.35172152519226074
C. Wellings,WSL 2017,7,1,1.4448795,0.9726027,90.90073936422921,50.142857142857146,0.14285714285714285,-0.44487953186035156,0.0273972749710083
C. Wellings,WSL 2017-2018,42,4,4.0977044,2.9524179,70.53771429898342,49.57142857142857,0.09523809523809523,-0.09770441055297852,1.0475821495056152
C. Wellings,WSL 2018-2019,49,3,2.526405,2.5345473,86.57030074673955,47.714285714285715,0.061224489795918366,0.47359490394592285,0.4654526710510254
C. Wellings,WSL 2019-2020,15,1,2.0644057,1.6143653,130.2260627080965,45.733333333333334,0.06666666666666667,-1.0644056797027588,-0.6143653392791748
C. Wellings,WSL 2020-2021,28,2,2.1515386,2.4609673,41.340272180293596,49.857142857142854,0.07142857142857142,-0.15153861045837402,-0.4609673023223877
C. Wellings,WSL 2022-2023,30,4,3.8639183,4.906012,50.48164529055796,48.96666666666667,0.13333333333333333,0.13608169555664062,-0.9060120582580566
C. Wheeler,WSL 2022-2023,2,0,0.0,0.0,37.07175240698848,46.0,0.0,0.0,0.0
C. Wheeler,WSL 2023-2024,2,0,0.25892857,0.0,78.3944759015412,46.0,0.0,-0.2589285671710968,0.0
C. Wheeler,WSL 2024-2025,8,0,0.29100117,0.0,49.93686117201972,53.25,0.0,-0.29100117087364197,0.0
C. Wheeler,WSL 2025-2026,4,0,0.23463455,0.118421055,46.3634350206154,58.5,0.0,-0.23463454842567444,-0.1184210553765297
Carla Camacho,WSL 2025-2026,13,1,2.2549832,1.2922705,42.99179470821126,46.07692307692308,0.07692307692307693,-1.2549831867218018,-0.2922705411911011
Cho So-Hyun,WSL 2018-2019,4,0,0.21250896,0.0,53.843890571458,42.0,0.0,-0.21250896155834198,0.0
Cho So-Hyun,WSL 2019-2020,2,0,0.2195122,0.5119048,47.272731157731016,46.0,0.0,-0.2195121943950653,-0.511904776096344
Cho So-Hyun,WSL 2020-2021,6,0,0.76709056,2.0270271,40.54882560704212,44.666666666666664,0.0,-0.7670905590057373,-2.027027130126953
Cho So-Hyun,WSL 2021-2022,1,0,0.023809524,0.0,78.27650420854977,42.0,0.0,-0.02380952425301075,0.0
Cho So-Hyun,WSL 2022-2023,3,0,0.31718728,0.0,56.10270359313258,44.666666666666664,0.0,-0.31718727946281433,0.0
D. Bowman,WSL 2015,8,0,0.45881656,0.0,129.7222222222222,46.125,0.0,-0.4588165581226349,0.0
D. Bowman,WSL 2016,4,1,0.074433655,0.15492958,57.44132963557877,42.0,0.25,0.9255663454532623,0.8450704216957092
D. Bowman,WSL 2018-2019,19,1,1.407401,0.8622801,118.92674253973397,45.89473684210526,0.05263157894736842,-0.4074009656906128,0.13771992921829224
D. Bowman,WSL 2019-2020,7,0,0.22330096,0.23333333,84.23104065564112,41.42857142857143,0.0,-0.223300963640213,-0.23333333432674408
D. Bowman,WSL 2020-2021,12,0,0.8541299,0.27335063,48.53017625825537,44.083333333333336,0.0,-0.8541299104690552,-0.27335062623023987
D. Bruinenberg,WSL 2017,11,0,0.65129024,0.0,78.7037037037037,44.90909090909091,0.0,-0.651290237903595,0.0
D. Bruinenberg,WSL 2017-2018,28,2,2.6102183,2.9674604,49.82879040585756,45.67857142857143,0.07142857142857142,-0.6102182865142822,-0.9674603939056396
D. Bruinenberg,WSL 2018-2019,8,0,0.1840682,0.118421055,30.168986069642315,45.0,0.0,-0.1840682029724121,-0.1184210553765297
D. Brynjarsdóttir,WSL 2020-2021,10,0,0.7898021,0.0,67.4116811139756,44.4,0.0,-0.789802074432373,0.0
D. Brynjarsdóttir,WSL 2021-2022,32,4,4.1598315,5.2444997,48.57519097270039,46.03125,0.125,-0.15983152389526367,-1.244499683380127
D. Brynjarsdóttir,WSL 2022-2023,27,6,5.065995,6.6719513,41.409576067026684,46.370370370370374,0.2222222222222222,0.9340047836303711,-0.6719512939453125
D. Brynjarsdóttir,WSL 2024-2025,8,0,0.40250674,0.0,59.74983946990804,43.625,0.0,-0.4025067389011383,0.0
D. Caldwell,WSL 2021-2022,3,0,0.0,0.0,57.222222222222236,47.333333333333336,0.0,0.0,0.0
D. Caldwell,WSL 2022-2023,4,0,0.28231138,0.0,78.11985195382286,44.0,0.0,-0.2823113799095154,0.0
D. Carter,WSL 2015,42,2,3.0555036,1.6133864,99.5409411084377,48.166666666666664,0.047619047619047616,-1.0555036067962646,0.3866136074066162
D. Carter,WSL 2016,33,6,2.881175,3.9151745,135.56382471225726,48.06060606060606,0.18181818181818182,3.1188249588012695,2.0848255157470703
D. Carter,WSL 2017,17,4,2.9430926,3.5117311,94.25789039774456,45.88235294117647,0.23529411764705882,1.0569074153900146,0.4882688522338867
D. Carter,WSL 2017-2018,38,2,3.874891,3.1084917,53.88328715177368,47.60526315789474,0.05263157894736842,-1.8748910427093506,-1.1084916591644287
D. Carter,WSL 2018-2019,5,0,0.14886731,0.118421055,43.52343887550476,42.0,0.0,-0.14886730909347534,-0.1184210553765297
D. Carter,WSL 2020-2021,38,3,3.0835562,2.441601,55.832510113999575,46.21052631578947,0.07894736842105263,-0.0835561752319336,0.558398962020874
D. Carter,WSL 2021-2022,33,2,2.4855304,2.0172653,55.632680633161215,48.03030303030303,0.06060606060606061,-0.48553037643432617,-0.01726531982421875
D. Carter,WSL 2022-2023,23,5,3.848775,4.176456,31.599519978751232,49.69565217391305,0.21739130434782608,1.1512250900268555,0.8235440254211426
D. Cascarino,WSL 2025-2026,8,0,0.31718728,0.7660407,35.26187025124029,45.0,0.0,-0.31718727946281433,-0.7660406827926636
D. Castellanos,WSL 2022-2023,42,1,3.566065,2.3119378,43.97617775470329,50.80952380952381,0.023809523809523808,-2.5660650730133057,-1.3119378089904785
D. Castellanos,WSL 2023-2024,5,0,0.52719426,0.0,41.89976958535739,45.2,0.0,-0.5271942615509033,0.0
D. Cooper,WSL 2017,1,0,0.31182796,0.0,171.6666666666666,75.0,0.0,-0.31182795763015747,0.0
D. Cooper,WSL 2018-2019,1,0,0.0,0.0,33.33333333333333,42.0,0.0,0.0,0.0
D. Cooper,WSL 2020-2021,8,0,0.5933118,0.0,102.01080287536755,48.75,0.0,-0.5933117866516113,0.0
D. Cooper,WSL 2021-2022,2,0,0.0,0.0,28.33333333333332,46.0,0.0,0.0,0.0
D. Cooper,WSL 2022-2023,7,1,0.5177687,0.7241379,54.10545217420684,44.285714285714285,0.14285714285714285,0.4822313189506531,0.27586209774017334
D. Corboz,WSL 2015,7,1,1.1942205,0.8582677,74.06835332566726,52.42857142857143,0.14285714285714285,-0.19422054290771484,0.14173227548599243
D. Corboz,WSL 2016,6,2,0.70883185,1.5725534,45.72809914634093,46.0,0.3333333333333333,1.2911681532859802,0.4274466037750244
D. Draper,WSL 2023-2024,2,1,1.1096345,1.0,51.74753980136822,52.5,0.5,-0.10963451862335205,0.0
D. Egurrola,WSL 2020-2021,11,0,0.7602135,0.0,77.31881180114131,44.18181818181818,0.0,-0.7602134943008423,0.0
D. Janssen,WSL 2015,10,1,0.7234447,0.83134925,62.53629787894324,42.8,0.1,0.27655529975891113,0.16865074634552002
D. Janssen,WSL 2016,14,3,2.2544105,2.4788837,100.86247299099875,42.92857142857143,0.21428571428571427,0.7455894947052002,0.5211162567138672
D. Janssen,WSL 2017,5,0,0.36775362,0.0,72.08333333333331,45.2,0.0,-0.36775362491607666,0.0
D. Janssen,WSL 2017-2018,22,3,2.892758,2.3089123,48.801666284462584,44.22727272727273,0.13636363636363635,0.10724210739135742,0.6910877227783203
D. Janssen,WSL 2018-2019,27,3,3.5231302,3.2402186,96.80633461833509,44.77777777777778,0.1111111111111111,-0.5231301784515381,-0.2402186393737793
D. Janssen,WSL 2024-2025,18,2,1.702793,1.9271128,49.17168891918737,47.5,0.1111111111111111,0.2972069978713989,0.07288718223571777
D. Janssen,WSL 2025-2026,8,1,0.6053661,0.6756757,64.58877005434498,46.125,0.125,0.3946338891983032,0.3243243098258972
D. Kerkdijk,WSL 2017-2018,3,0,0.1380753,0.0,265.00000000000006,44.666666666666664,0.0,-0.1380753070116043,0.0
D. Kerkdijk,WSL 2018-2019,8,2,1.6405433,2.3452053,35.731851646897574,57.375,0.25,0.3594566583633423,-0.34520530700683594
D. Kerkdijk,WSL 2019-2020,2,1,0.26666668,0.6111111,30.875233886369138,58.5,0.5,0.7333333194255829,0.3888888955116272
D. O'Sullivan,WSL 2020-2021,11,0,0.90272874,0.68115944,41.27610356467624,47.63636363636363,0.0,-0.9027287364006042,-0.6811594367027283
D. O'Sullivan,WSL 2025-2026,5,0,0.10963455,0.0,41.25063542215675,45.2,0.0,-0.10963454842567444,0.0
D. Rose,WSL 2021-2022,30,4,3.073396,4.167509,73.17501932530318,46.56666666666667,0.13333333333333333,0.9266040325164795,-0.1675090789794922
D. Rose,WSL 2022-2023,2,0,0.0,0.0,34.451227943009116,46.0,0.0,0.0,0.0
D. Rose,WSL 2023-2024,10,0,0.66421616,0.7995805,28.988201538879377,47.6,0.0,-0.664216160774231,-0.7995805144309998
D. Rose,WSL 2024-2025,3,0,0.10963455,0.0,41.78296491516309,50.0,0.0,-0.10963454842567444,0.0
D. Scott,WSL 2015,7,0,0.15773809,0.023809524,55.999999999999986,47.857142857142854,0.0,-0.1577380895614624,-0.02380952425301075
D. Spence,WSL 2015,23,2,3.6169708,1.8041754,106.57857409066172,47.608695652173914,0.08695652173913043,-1.6169707775115967,0.19582462310791016
D. Spence,WSL 2016,19,2,1.6487927,1.2261906,51.28960381766239,47.36842105263158,0.10526315789473684,0.35120725631713867,0.7738094329833984
D. Spence,WSL 2017,16,4,3.8867486,3.6153402,79.40271202364897,50.125,0.25,0.1132514476776123,0.3846597671508789
D. Spence,WSL 2017-2018,15,2,2.4401245,2.1562295,47.710640111013234,46.666666666666664,0.13333333333333333,-0.44012451171875,-0.15622949600219727
D. Spence,WSL 2018-2019,35,1,3.9693084,1.3980906,56.16190078155233,46.285714285714285,0.02857142857142857,-2.969308376312256,-0.3980906009674072
D. Spence,WSL 2019-2020,17,3,2.331855,3.7320833,127.50400780241723,50.0,0.17647058823529413,0.668144941329956,-0.7320833206176758
D. Spence,WSL 2020-2021,5,0,0.24770986,0.0,43.46917484778139,46.8,0.0,-0.24770985543727875,0.0
D. Spence,WSL 2021-2022,9,1,1.7320358,0.97959185,53.574535369471796,49.666666666666664,0.1111111111111111,-0.732035756111145,0.020408153533935547
D. Spence,WSL 2022-2023,37,4,4.386764,4.710457,41.791471996236375,47.351351351351354,0.10810810810810811,-0.3867640495300293,-0.7104568481445312
D. Spence,WSL 2023-2024,22,2,2.3762598,2.4038277,45.50140821655944,48.27272727272727,0.09090909090909091,-0.37625980377197266,-0.4038276672363281
D. Spence,WSL 2024-2025,31,3,1.9485834,2.7563822,40.71814000270936,48.54838709677419,0.0967741935483871,1.0514166355133057,0.24361777305603027
D. Spence,WSL 2025-2026,17,0,2.1889482,1.4805537,45.22119274376333,47.23529411764706,0.0,-2.188948154449463,-1.4805537462234497
D. Stefanović,WSL 2022-2023,2,0,0.075581394,0.0,41.48204714993812,42.0,0.0,-0.075581394135952,0.0
D. Stokes,WSL 2015,4,0,0.10963455,0.0,58.888888888888935,48.0,0.0,-0.10963454842567444,0.0
D. Stokes,WSL 2016,12,2,1.584976,1.5824056,73.30280936830039,47.333333333333336,0.16666666666666666,0.4150240421295166,0.41759443283081055
D. Stokes,WSL 2017,3,0,0.0,0.0,29.999999999999954,55.666666666666664,0.0,0.0,0.0
D. Stokes,WSL 2017-2018,2,0,0.24275362,0.0,62.90166306493759,46.0,0.0,-0.24275362491607666,0.0
D. Stokes,WSL 2018-2019,3,1,0.66617703,1.3708646,48.08674439075623,50.0,0.3333333333333333,0.33382296562194824,-0.3708646297454834
D. Stokes,WSL 2019-2020,3,0,0.1840682,0.0,84.35917519184859,55.666666666666664,0.0,-0.1840682029724121,0.0
D. Stokes,WSL 2020-2021,5,0,0.10963455,0.0,32.374117128151525,50.2,0.0,-0.10963454842567444,0.0
D. Stokes,WSL 2021-2022,3,1,0.24356312,0.31944445,40.29391831311901,44.666666666666664,0.3333333333333333,0.7564368844032288,0.6805555522441864
D. Susi,WSL 2015,9,0,0.8458659,0.0,124.7459011132341,50.22222222222222,0.0,-0.8458659052848816,0.0
D. Turner,WSL 2017-2018,16,5,2.3412967,4.685283,42.65449335627626,46.5,0.3125,2.658703327178955,0.31471681594848633
D. Turner,WSL 2018-2019,6,0,0.17382458,0.0,65.55456891078329,42.666666666666664,0.0,-0.17382457852363586,0.0
D. Turner,WSL 2019-2020,7,1,0.3255814,0.80487806,58.8449338175315,50.142857142857146,0.14285714285714285,0.6744185984134674,0.19512194395065308
D. Turner,WSL 2020-2021,9,1,0.8357322,1.6278143,33.76482991709914,46.55555555555556,0.1111111111111111,0.16426777839660645,-0.6278142929077148
D. Turner,WSL 2021-2022,11,2,1.0909437,1.161711,110.0404517457925,44.90909090909091,0.18181818181818182,0.9090563058853149,0.8382890224456787
D. Turner,WSL 2022-2023,8,0,0.5296962,0.6293036,36.49656852941088,50.25,0.0,-0.5296962261199951,-0.6293035745620728
D. Turner,WSL 2023-2024,8,1,0.47215855,0.65,56.03258901721042,47.125,0.125,0.5278414487838745,0.3500000238418579
D. Turner,WSL 2024-2025,3,0,0.0,0.0,30.976010776891343,42.0,0.0,0.0,0.0
D. van Domselaar,WSL 2025-2026,1,1,0.969697,1.0,50.05707853152354,50.0,1.0,0.030303001403808594,0.0
D. van de Donk,WSL 2016,22,2,3.8303554,1.5339434,143.08213076297574,49.36363636363637,0.09090909090909091,-1.8303554058074951,0.46605658531188965
D. van de Donk,WSL 2017,12,2,1.6392872,1.728963,182.78431458782936,45.333333333333336,0.16666666666666666,0.36071276664733887,0.2710369825363159
D. van de Donk,WSL 2017-2018,29,5,2.311627,4.0962253,43.67870705082604,50.206896551724135,0.1724137931034483,2.68837308883667,0.9037747383117676
D. van de Donk,WSL 2018-2019,39,11,8.601417,9.726156,49.80269286700316,49.51282051282051,0.28205128205128205,2.39858341217041,1.273843765258789
D. van de Donk,WSL 2019-2020,21,5,5.746403,7.0314913,81.10114694208862,50.57142857142857,0.23809523809523808,-0.7464032173156738,-2.031491279602051
D. van de Donk,WSL 2020-2021,17,2,1.3950404,2.2185562,44.504920733296984,49.64705882352941,0.11764705882352941,0.6049596071243286,-0.21855616569519043
D. van de Donk,WSL 2025-2026,3,1,0.71428573,0.8582677,47.4784874350399,47.333333333333336,0.3333333333333333,0.2857142686843872,0.14173227548599243
Diana Silva,WSL 2020-2021,7,1,1.0568905,1.3256973,54.600461864206174,47.714285714285715,0.14285714285714285,-0.05689048767089844,-0.32569730281829834
E. Aluko,WSL 2015,39,6,5.224009,4.632537,69.08629154324136,46.717948717948715,0.15384615384615385,0.7759909629821777,1.3674631118774414
E. Aluko,WSL 2016,49,9,6.9744473,6.9606285,106.99678671175836,48.673469387755105,0.1836734693877551,2.025552749633789,2.0393714904785156
E. Aluko,WSL 2017,2,0,0.0,0.0,,54.5,0.0,0.0,0.0
E. Aluko,WSL 2017-2018,29,6,6.168756,5.5699043,79.30369423141822,50.241379310344826,0.20689655172413793,-0.16875600814819336,0.4300956726074219
E. Bissell,WSL 2020-2021,4,1,0.7306679,0.6111111,53.374408852608155,48.0,0.25,0.2693321108818054,0.3888888955116272
E. Bissell,WSL 2023-2024,9,1,0.80630934,0.80487806,50.613369777977,51.0,0.1111111111111111,0.19369065761566162,0.19512194395065308
E. Bissell,WSL 2024-2025,6,0,0.6363318,0.6111111,69.68770529219158,48.166666666666664,0.0,-0.6363317966461182,-0.6111111044883728
E. Bloomfield,WSL 2018-2019,3,0,0.24275362,0.0,77.96409429987628,47.333333333333336,0.0,-0.24275362491607666,0.0
E. Brazil,WSL 2017,3,0,0.33865672,0.15492958,76.31632110824783,53.0,0.0,-0.3386567234992981,-0.15492957830429077
E. Brazil,WSL 2018-2019,22,4,3.3547657,2.8746762,106.73323448160778,49.36363636363637,0.18181818181818182,0.6452343463897705,1.12532377243042
E. Brazil,WSL 2019-2020,7,0,1.1958786,0.9722222,38.719643480923665,48.857142857142854,0.0,-1.1958786249160767,-0.9722222089767456
E. Brazil,WSL 2020-2021,13,0,1.1454823,0.6111111,103.0771837850826,47.53846153846154,0.0,-1.1454823017120361,-0.6111111044883728
E. Brazil,WSL 2021-2022,13,0,1.2885139,0.6111111,57.64807418173473,50.84615384615385,0.0,-1.2885138988494873,-0.6111111044883728
E. Brazil,WSL 2022-2023,2,0,0.0,0.0,22.0879623915448,58.5,0.0,0.0,0.0
E. Brazil,WSL 2023-2024,2,0,0.10963455,0.0,45.25959593794463,50.0,0.0,-0.10963454842567444,0.0
E. Brownlie,WSL 2018-2019,1,0,0.0,0.0,,50.0,0.0,0.0,0.0
E. Carpenter,WSL 2025-2026,14,2,1.9420503,1.9420091,44.52543427393537,50.714285714285715,0.14285714285714285,0.05794966220855713,0.0579909086227417
E. Curson,WSL 2017,3,0,0.075581394,0.0,208.33333333333334,42.0,0.0,-0.075581394135952,0.0
E. Curson,WSL 2017-2018,2,0,0.075581394,0.0,44.00032051150351,42.0,0.0,-0.075581394135952,0.0
E. Cuthbert,WSL 2017,18,4,2.5386486,3.433071,123.20229003558211,46.44444444444444,0.2222222222222222,1.4613513946533203,0.5669291019439697
E. Cuthbert,WSL 2017-2018,38,2,2.999309,1.8524557,59.96094241430643,50.6578947368421,0.05263157894736842,-0.9993090629577637,0.147544264793396
E. Cuthbert,WSL 2018-2019,58,8,6.6198506,8.940825,70.51191157733183,47.3448275862069,0.13793103448275862,1.3801493644714355,-0.9408254623413086
E. Cuthbert,WSL 2019-2020,28,2,2.259559,2.317332,86.63037371447395,47.785714285714285,0.07142857142857142,-0.25955891609191895,-0.31733202934265137
E. Cuthbert,WSL 2020-2021,34,2,2.0470657,2.3682208,57.40022288262216,47.55882352941177,0.058823529411764705,-0.04706573486328125,-0.36822080612182617
E. Cuthbert,WSL 2021-2022,44,4,2.9759789,3.7717805,60.01856170271665,46.34090909090909,0.09090909090909091,1.0240211486816406,0.22821950912475586
E. Cuthbert,WSL 2022-2023,41,5,3.6452484,4.754089,33.83526616771406,47.53658536585366,0.12195121951219512,1.3547515869140625,0.2459111213684082
E. Cuthbert,WSL 2023-2024,43,5,4.1099544,3.366076,43.629439135667916,47.604651162790695,0.11627906976744186,0.8900456428527832,1.6339240074157715
E. Cuthbert,WSL 2024-2025,28,4,2.2883008,3.6122134,39.408633191596486,48.25,0.14285714285714285,1.7116992473602295,0.3877866268157959
E. Cuthbert,WSL 2025-2026,37,2,2.1872792,2.2538052,36.729521618935095,46.972972972972975,0.05405405405405406,-0.18727922439575195,-0.25380516052246094
E. Dale,WSL 2023-2024,2,0,0.2857143,0.0,70.66082577344113,50.0,0.0,-0.2857142984867096,0.0
E. Donovan,WSL 2018-2019,5,1,0.43807003,0.9726027,59.93375692457866,51.8,0.2,0.5619299709796906,0.0273972749710083
E. Follis,WSL 2016,3,1,0.4754224,0.118421055,104.3161305200236,55.666666666666664,0.3333333333333333,0.5245775878429413,0.8815789446234703
E. Follis,WSL 2017-2018,13,0,1.2017852,0.49785706,54.316812518172746,49.46153846153846,0.0,-1.2017852067947388,-0.49785706400871277
E. Follis,WSL 2018-2019,22,4,2.6109335,3.2154107,59.96371339533849,48.59090909090909,0.18181818181818182,1.389066457748413,0.7845892906188965
E. Follis,WSL 2020-2021,8,0,0.23217174,0.0,66.73100677068382,51.25,0.0,-0.23217174410820007,0.0
E. Fox,WSL 2023-2024,9,0,0.075581394,0.0,34.36758069212689,47.333333333333336,0.0,-0.075581394135952,0.0
E. Fox,WSL 2024-2025,10,1,0.42201892,0.6111111,41.38529237843291,45.2,0.1,0.5779810845851898,0.3888888955116272
E. Fox,WSL 2025-2026,11,0,0.928566,0.6224219,52.07304442008775,47.09090909090909,0.0,-0.9285659790039062,-0.62242192029953
E. Franklin-Fraiture,WSL 2020-2021,3,0,0.125,0.0,55.31935721939135,58.333333333333336,0.0,-0.125,0.0
E. Gielnik,WSL 2021-2022,22,2,1.7663487,2.5563166,95.77865073127137,48.59090909090909,0.09090909090909091,0.2336512804031372,-0.556316614151001
E. Gielnik,WSL 2022-2023,7,1,0.48865956,1.3701725,56.78447604352614,49.57142857142857,0.14285714285714285,0.5113404393196106,-0.37017250061035156
E. Harries,WSL 2020-2021,7,1,0.82112664,1.3344582,26.278816758990562,56.0,0.14285714285714285,0.17887336015701294,-0.33445823192596436
E. Harries,WSL 2021-2022,12,3,1.944103,2.9539814,46.092095598274504,49.416666666666664,0.25,1.0558969974517822,0.04601860046386719
E. Harries,WSL 2022-2023,12,2,0.89448035,1.754607,36.836108965851516,50.166666666666664,0.16666666666666666,1.1055196523666382,0.2453930377960205
E. Harries,WSL 2023-2024,7,0,1.3923173,0.0,55.876584334981075,56.0,0.0,-1.392317295074463,0.0
E. Harries,WSL 2024-2025,5,2,1.6542745,1.7874175,21.81046079304662,48.8,0.4,0.34572553634643555,0.21258246898651123
E. Hughes,WSL 2018-2019,7,0,0.8001056,0.0,46.15427911651446,47.714285714285715,0.0,-0.8001055717468262,0.0
E. Hughes,WSL 2019-2020,1,0,0.36363637,0.0,150.0,75.0,0.0,-0.3636363744735718,0.0
E. Jansson,WSL 2025-2026,2,0,0.0,0.0,38.57169913264632,42.0,0.0,0.0,0.0
E. Jones,WSL 2020-2021,1,0,0.0,0.0,38.333333333333286,50.0,0.0,0.0,0.0
E. Kelly,WSL 2015,1,0,0.0,0.0,,42.0,0.0,0.0,0.0
E. Kelly,WSL 2019-2020,2,0,0.0,0.0,,50.0,0.0,0.0,0.0
E. Kelly,WSL 2020-2021,5,0,0.66672444,0.0,63.066064596874014,45.2,0.0,-0.666724443435669,0.0
E. Koivisto,WSL 2020-2021,5,0,0.7011494,0.0,101.0,48.4,0.0,-0.7011494040489197,0.0
E. Koivisto,WSL 2021-2022,18,3,2.0941427,2.342779,62.71886597118474,52.5,0.16666666666666666,0.9058573246002197,0.6572210788726807
E. Koivisto,WSL 2022-2023,22,3,3.3750417,2.6740932,38.76406100380868,51.04545454545455,0.13636363636363635,-0.3750417232513428,0.32590675354003906
E. Koivisto,WSL 2023-2024,15,2,3.204126,1.7906246,56.09670451862461,52.666666666666664,0.13333333333333333,-1.2041258811950684,0.20937538146972656
E. Kullberg,WSL 2021-2022,2,0,0.0,0.0,67.50000000000003,58.5,0.0,0.0,0.0
E. Kullberg,WSL 2022-2023,5,0,0.769861,0.80487806,66.08647886049224,46.8,0.0,-0.7698609828948975,-0.8048780560493469
E. Kullberg,WSL 2023-2024,2,0,0.57575756,0.0,74.94911588263743,40.0,0.0,-0.5757575631141663,0.0
E. Linari,WSL 2025-2026,5,1,1.0740943,0.75609756,55.4510145242543,45.2,0.2,-0.07409429550170898,0.24390244483947754
E. Lundh,WSL 2016,4,1,0.57575756,0.80487806,48.871032092414225,50.0,0.25,0.42424243688583374,0.19512194395065308
E. Mason,WSL 2018-2019,19,4,3.9162579,4.081889,66.60576202298277,46.68421052631579,0.21052631578947367,0.08374214172363281,-0.08188915252685547
E. Mastrantonio,WSL 2020-2021,7,1,0.48712623,0.15492958,60.19311794846972,45.57142857142857,0.14285714285714285,0.5128737688064575,0.8450704216957092
E. Mayi Kith,WSL 2022-2023,1,0,0.075581394,0.0,78.27650420854977,42.0,0.0,-0.075581394135952,0.0
E. Morgan,WSL 2017-2018,2,0,0.10963455,0.0,278.33333333333337,42.0,0.0,-0.10963454842567444,0.0
E. Morgan,WSL 2018-2019,4,0,0.21250896,0.118421055,93.49032994182281,48.0,0.0,-0.21250896155834198,-0.1184210553765297
E. Morgan,WSL 2019-2020,4,1,0.25892857,0.30985916,16.512655824550585,46.0,0.25,0.7410714328289032,0.6901408433914185
E. Morgan,WSL 2020-2021,5,1,0.5933118,1.0916011,49.559303409139076,42.8,0.2,0.40668821334838867,-0.09160113334655762
E. Morgan,WSL 2021-2022,1,0,0.074433655,0.0,77.91733511299722,67.0,0.0,-0.07443365454673767,0.0
E. Morgan,WSL 2022-2023,6,0,0.9800019,0.118421055,52.956369626376265,46.0,0.0,-0.9800019264221191,-0.1184210553765297
E. Morgan,WSL 2023-2024,3,0,0.074433655,0.0,45.50230977679683,44.666666666666664,0.0,-0.07443365454673767,0.0
E. Morris,WSL 2024-2025,14,1,0.7459663,0.27335063,34.51796702519666,47.714285714285715,0.07142857142857142,0.2540336847305298,0.7266493737697601
E. Morris,WSL 2025-2026,4,0,1.9025949,0.9766888,58.34819411191122,54.25,0.0,-1.9025949239730835,-0.976688802242279
E. Mukandi,WSL 2015,4,0,0.3683795,0.0,77.91666666666664,42.0,0.0,-0.36837950348854065,0.0
E. Mukandi,WSL 2016,3,0,0.42787442,0.0,179.44444444444449,44.666666666666664,0.0,-0.4278744161128998,0.0
E. Mukandi,WSL 2017-2018,15,1,1.1092386,1.9835608,65.74991376639763,47.733333333333334,0.06666666666666667,-0.1092386245727539,-0.9835608005523682
E. Mukandi,WSL 2018-2019,4,1,0.21250896,0.66683435,33.891812043442165,42.0,0.25,0.787491038441658,0.33316564559936523
E. Mukandi,WSL 2019-2020,6,3,1.0173196,1.7546483,50.577164638378655,51.5,0.5,1.9826804399490356,1.2453516721725464
E. Mukandi,WSL 2020-2021,8,0,0.26642203,0.118421055,42.24526281329453,43.0,0.0,-0.2664220333099365,-0.1184210553765297
E. Mukandi,WSL 2022-2023,9,3,3.1867144,3.1890368,39.962659223625266,47.44444444444444,0.3333333333333333,-0.18671441078186035,-0.18903684616088867
E. Murphy,WSL 2019-2020,2,1,0.4516129,0.80487806,34.90956570594626,46.0,0.5,0.5483871102333069,0.19512194395065308
E. Murphy,WSL 2020-2021,6,1,0.4214625,0.7295322,29.575749722739165,51.5,0.16666666666666666,0.5785374939441681,0.2704678177833557
E. N'Dow,WSL 2020-2021,1,0,0.125,0.6111111,54.20854791143799,42.0,0.0,-0.125,-0.6111111044883728
E. Nyström,WSL 2024-2025,6,0,0.26978248,0.0,43.03765719255688,42.0,0.0,-0.26978248357772827,0.0
E. Nyström,WSL 2025-2026,3,1,1.2554113,1.2990363,11.062771783333751,47.333333333333336,0.3333333333333333,-0.2554112672805786,-0.29903626441955566
E. Pelgander,WSL 2023-2024,2,0,0.15001506,0.0,77.97053705924387,46.0,0.0,-0.15001505613327026,0.0
E. Pelgander,WSL 2024-2025,1,0,0.0,0.0,10.000000000000025,80.0,0.0,0.0,0.0
E. Powell,WSL 2023-2024,6,2,1.6201513,2.157304,35.20192125922254,46.0,0.3333333333333333,0.3798487186431885,-0.157304048538208
E. Pusey,WSL 2017-2018,18,0,1.7325699,0.63032585,66.59203023113922,44.0,0.0,-1.732569932937622,-0.6303258538246155
E. Ramsey,WSL 2021-2022,1,1,1.0,0.9726027,38.700990512733206,50.0,1.0,0.0,0.0273972749710083
E. Rutherford,WSL 2018-2019,27,2,2.5401907,2.5747354,64.99496950385992,48.888888888888886,0.07407407407407407,-0.5401906967163086,-0.5747354030609131
E. Ryan-Doyle,WSL 2021-2022,4,0,0.36775362,0.0,76.67586663332061,49.25,0.0,-0.36775362491607666,0.0
E. Salmon,WSL 2019-2020,22,5,2.9016395,4.4878664,49.063442312916,47.27272727272727,0.22727272727272727,2.098360538482666,0.5121335983276367
E. Salmon,WSL 2020-2021,63,6,6.1859,6.345189,58.313086471384786,49.19047619047619,0.09523809523809523,-0.18590021133422852,-0.34518909454345703
E. Salmon,WSL 2023-2024,15,3,2.170951,2.7003994,51.391877068040664,48.4,0.2,0.8290491104125977,0.29960060119628906
E. Salmon,WSL 2024-2025,29,4,2.501682,4.1546836,47.98141653796827,49.41379310344828,0.13793103448275862,1.4983179569244385,-0.15468358993530273
E. Salmon,WSL 2025-2026,36,2,2.169461,1.9825902,35.65062023559459,48.47222222222222,0.05555555555555555,-0.16946101188659668,0.017409801483154297
E. Simon,WSL 2018-2019,2,0,0.0,0.0,,42.0,0.0,0.0,0.0
E. Simon,WSL 2022-2023,1,0,0.0,0.0,13.856807392437528,42.0,0.0,0.0,0.0
E. Simpkins,WSL 2015,1,0,0.0,0.0,,50.0,0.0,0.0,0.0
E. Simpkins,WSL 2016,12,1,0.54129773,0.65,140.6641004114041,46.5,0.08333333333333333,0.4587022662162781,0.3500000238418579
E. Simpkins,WSL 2018-2019,4,0,0.6927831,0.0,70.68212630805105,46.0,0.0,-0.6927831172943115,0.0
E. Simpkins,WSL 2019-2020,7,0,0.67077124,0.15492958,49.51465466577528,52.57142857142857,0.0,-0.6707712411880493,-0.15492957830429077
E. Simpkins,WSL 2020-2021,7,0,0.14886731,0.0,38.558266855627856,50.142857142857146,0.0,-0.14886730909347534,0.0
E. Simpkins,WSL 2021-2022,8,0,0.29767683,0.68115944,47.160639204411794,50.25,0.0,-0.29767683148384094,-0.6811594367027283
E. Snerle,WSL 2021-2022,7,1,0.60639,0.80487806,39.13428724700255,52.57142857142857,0.14285714285714285,0.39361000061035156,0.19512194395065308
E. Snerle,WSL 2022-2023,13,2,0.76495665,1.1619048,51.34317252675475,43.84615384615385,0.15384615384615385,1.2350433468818665,0.8380951881408691
E. Snerle,WSL 2023-2024,3,0,0.0,0.0,21.111111111111097,44.666666666666664,0.0,0.0,0.0
E. Stenevik,WSL 2022-2023,3,0,0.24275362,0.0,55.01239718225446,47.333333333333336,0.0,-0.24275362491607666,0.0
E. Stenevik,WSL 2023-2024,3,1,0.60639,0.55982196,36.310983159112574,42.0,0.3333333333333333,0.39361000061035156,0.4401780366897583
E. Stenevik,WSL 2024-2025,2,0,0.60639,0.0,78.14773848054028,46.0,0.0,-0.6063899993896484,0.0
E. Stenevik,WSL 2025-2026,1,0,0.0,0.0,35.65202191554734,42.0,0.0,0.0,0.0
E. Stewart,WSL 2017-2018,10,0,0.71712613,0.8756752,66.55155699911244,48.5,0.0,-0.7171261310577393,-0.8756752014160156
E. Summanen,WSL 2021-2022,13,0,1.2656757,0.0,122.34783617056065,46.38461538461539,0.0,-1.265675663948059,0.0
E. Summanen,WSL 2022-2023,16,3,2.0197473,3.139948,36.707804142585154,45.5,0.1875,0.980252742767334,-0.13994789123535156
E. Summanen,WSL 2023-2024,11,1,0.66336066,1.5,50.163082202286496,42.72727272727273,0.09090909090909091,0.3366393446922302,-0.5
E. Summanen,WSL 2024-2025,9,2,1.3628426,1.6219434,39.30010003066926,42.888888888888886,0.2222222222222222,0.6371574401855469,0.3780566453933716
E. Summanen,WSL 2025-2026,11,2,0.6602298,1.6042471,33.680327109195176,43.45454545454545,0.18181818181818182,1.3397701978683472,0.3957529067993164
E. Syme,WSL 2018-2019,9,1,0.6670263,1.6868885,33.24300869516035,46.44444444444444,0.1111111111111111,0.3329737186431885,-0.6868884563446045
E. Syme,WSL 2020-2021,2,0,0.0,0.0,44.16666666666664,42.0,0.0,0.0,0.0
E. Syme,WSL 2023-2024,8,0,0.2940765,0.24074075,35.88600353805051,47.125,0.0,-0.29407650232315063,-0.24074074625968933
E. Terland,WSL 2022-2023,56,7,6.406399,5.93619,44.68879908828585,48.30357142857143,0.125,0.5936012268066406,1.063809871673584
E. Terland,WSL 2023-2024,71,13,8.564157,11.909295,39.64291938309836,48.84507042253521,0.18309859154929578,4.435843467712402,1.0907049179077148
E. Terland,WSL 2024-2025,65,10,11.154816,10.946043,43.20099576050008,49.43076923076923,0.15384615384615385,-1.154815673828125,-0.9460430145263672
E. Terland,WSL 2025-2026,42,6,6.7712917,7.5888586,40.39511081400495,50.0,0.14285714285714285,-0.7712917327880859,-1.5888586044311523
E. Toone,WSL 2017,1,0,0.0,0.0,,50.0,0.0,0.0,0.0
E. Toone,WSL 2017-2018,5,0,0.21250896,0.23333333,58.51835023666695,45.2,0.0,-0.21250896155834198,-0.23333333432674408
E. Toone,WSL 2019-2020,18,1,2.7199526,1.8280121,94.28479965651877,50.44444444444444,0.05555555555555555,-1.7199525833129883,-0.8280121088027954
E. Toone,WSL 2020-2021,75,9,9.475326,8.937476,48.352269877416454,47.266666666666666,0.12,-0.4753255844116211,0.06252384185791016
E. Toone,WSL 2021-2022,66,7,6.4156837,7.32582,44.36228101404094,48.27272727272727,0.10606060606060606,0.5843162536621094,-0.3258199691772461
E. Toone,WSL 2022-2023,42,3,3.1718664,3.66735,36.137496022318686,50.214285714285715,0.07142857142857142,-0.17186641693115234,-0.6673500537872314
E. Toone,WSL 2023-2024,33,6,5.035733,6.846907,46.88833759234709,49.39393939393939,0.18181818181818182,0.9642667770385742,-0.8469071388244629
E. Toone,WSL 2024-2025,36,5,3.6988008,4.6690426,42.17549297243933,51.19444444444444,0.1388888888888889,1.301199197769165,0.33095741271972656
E. Toone,WSL 2025-2026,35,3,2.6154647,3.7436872,38.65824710846555,52.74285714285714,0.08571428571428572,0.3845353126525879,-0.7436871528625488
E. Wangerheim,WSL 2025-2026,4,0,0.6510465,0.118421055,46.84155537268511,46.0,0.0,-0.6510465145111084,-0.1184210553765297
E. Watson,WSL 2024-2025,1,0,0.0,0.0,51.085331662925604,42.0,0.0,0.0,0.0
E. Westwood,WSL 2015,6,0,1.072509,0.0,292.22222222222223,44.666666666666664,0.0,-1.0725090503692627,0.0
E. Westwood,WSL 2016,7,1,0.21250896,0.6756757,56.470391136886384,56.142857142857146,0.14285714285714285,0.787491038441658,0.3243243098258972
E. Westwood,WSL 2017,3,1,0.45111585,0.9305556,43.0290340937471,47.333333333333336,0.3333333333333333,0.5488841533660889,0.06944441795349121
E. Westwood,WSL 2017-2018,1,0,0.075581394,0.0,78.20230175640613,42.0,0.0,-0.075581394135952,0.0
E. Whelan,WSL 2021-2022,4,0,0.20836222,0.0,104.67021507536487,46.0,0.0,-0.20836222171783447,0.0
E. White,WSL 2015,28,3,2.7802958,2.811395,105.27748195954402,49.25,0.10714285714285714,0.21970415115356445,0.18860507011413574
E. White,WSL 2016,25,3,3.0136344,2.5447757,92.90534930746198,51.8,0.12,-0.013634443283081055,0.45522427558898926
E. White,WSL 2017,15,2,1.2421956,2.259009,92.37084013857444,51.8,0.13333333333333333,0.7578043937683105,-0.25900888442993164
E. White,WSL 2017-2018,47,15,10.161755,14.109066,43.96333103330365,50.808510638297875,0.3191489361702128,4.838245391845703,0.8909339904785156
E. White,WSL 2018-2019,30,6,4.9924197,5.616892,62.94257835398676,49.0,0.2,1.007580280303955,0.38310813903808594
E. White,WSL 2019-2020,37,6,8.95749,8.738866,73.39002684134081,54.13513513513514,0.16216216216216217,-2.9574899673461914,-2.738865852355957
E. White,WSL 2020-2021,54,10,10.731237,9.962545,61.07852581384628,50.03703703703704,0.18518518518518517,-0.7312374114990234,0.03745460510253906
E. White,WSL 2021-2022,39,4,6.7423086,5.4110003,47.70432888699411,49.07692307692308,0.10256410256410256,-2.7423086166381836,-1.4110002517700195
E. Wilson,WSL 2017,1,0,0.0,0.0,,50.0,0.0,0.0,0.0
E. de Graaf,WSL 2018-2019,3,1,0.31833503,0.9726027,64.26351607521936,58.333333333333336,0.3333333333333333,0.6816649734973907,0.0273972749710083
E. de Graaf,WSL 2021-2022,8,0,0.6954273,0.0,38.24654080362555,53.25,0.0,-0.6954272985458374,0.0
E. van Egmond,WSL 2020-2021,35,5,3.1942189,4.91347,46.801332665167465,47.22857142857143,0.14285714285714285,1.8057811260223389,0.08653020858764648
E. van Egmond,WSL 2025-2026,11,1,0.710366,0.6756757,41.899939043816,47.27272727272727,0.09090909090909091,0.28963398933410645,0.3243243098258972
F. Allen,WSL 2017,1,0,0.0,0.0,,42.0,0.0,0.0,0.0
F. Allen,WSL 2017-2018,1,0,0.0,0.0,23.333333333333307,50.0,0.0,0.0,0.0
F. Allen,WSL 2019-2020,1,0,0.10963455,0.0,77.84093467521515,75.0,0.0,-0.10963454842567444,0.0
F. Allen,WSL 2020-2021,1,0,0.074433655,0.24074075,37.53753676876872,42.0,0.0,-0.07443365454673767,-0.24074074625968933
F. Angeldahl,WSL 2021-2022,15,0,1.5154676,1.0668691,49.12091239144555,49.06666666666667,0.0,-1.515467643737793,-1.0668691396713257
F. Angeldahl,WSL 2022-2023,23,2,2.058724,1.6443788,43.283883555940015,50.82608695652174,0.08695652173913043,-0.05872392654418945,0.35562121868133545
F. Angeldahl,WSL 2023-2024,14,0,0.55735195,0.118421055,37.82388703303301,48.214285714285715,0.0,-0.5573519468307495,-0.1184210553765297
F. Ayisi,WSL 2015,18,1,2.7975583,1.1045918,138.15757582982903,49.05555555555556,0.05555555555555555,-1.797558307647705,-0.10459184646606445
F. Ayisi,WSL 2016,25,3,2.8352869,3.3012538,83.0588960672122,46.48,0.12,0.16471314430236816,-0.3012537956237793
F. Ayisi,WSL 2017,5,0,0.4552626,0.15492958,70.9172899956832,45.2,0.0,-0.45526260137557983,-0.15492957830429077
F. Ayisi,WSL 2017-2018,6,0,1.1442698,1.3568351,62.902578468635944,47.333333333333336,0.0,-1.1442698240280151,-1.356835126876831
F. Brown,WSL 2017,1,0,0.0,0.0,8.333333333333332,42.0,0.0,0.0,0.0
F. Brown,WSL 2017-2018,1,0,0.0,0.0,,50.0,0.0,0.0,0.0
F. Brown,WSL 2018-2019,1,0,0.074433655,0.118421055,16.00555459138411,42.0,0.0,-0.07443365454673767,-0.1184210553765297
F. Brown,WSL 2019-2020,3,0,0.074433655,0.0,73.35173326664128,42.0,0.0,-0.07443365454673767,0.0
F. Bryson,WSL 2017-2018,4,0,0.1840682,0.0,51.96817579845234,44.0,0.0,-0.1840682029724121,0.0
F. Bryson,WSL 2018-2019,2,0,0.1840682,0.118421055,50.16787291557269,46.0,0.0,-0.1840682029724121,-0.1184210553765297
F. Bryson,WSL 2020-2021,7,1,0.7429341,1.0329138,44.56351851018776,51.285714285714285,0.14285714285714285,0.25706589221954346,-0.032913804054260254
F. Bryson,WSL 2021-2022,11,1,1.1019924,1.0980129,44.7707326384595,46.90909090909091,0.09090909090909091,-0.10199236869812012,-0.09801292419433594
F. Bryson,WSL 2022-2023,8,0,0.29370275,0.31944445,40.70844450787297,46.0,0.0,-0.29370275139808655,-0.3194444477558136
F. Gibbons,WSL 2018-2019,5,0,0.57190037,0.0,62.69308855684134,46.8,0.0,-0.5719003677368164,0.0
F. Gibbons,WSL 2019-2020,3,0,0.13392857,0.0,37.2134973602883,47.333333333333336,0.0,-0.1339285671710968,0.0
F. Gibbons,WSL 2020-2021,6,0,0.2950936,0.0,37.967772202265444,46.0,0.0,-0.2950935959815979,0.0
F. Gibbons,WSL 2021-2022,5,0,0.22324318,0.15492958,68.15239543110825,50.2,0.0,-0.22324317693710327,-0.15492957830429077
F. Gibbons,WSL 2024-2025,1,0,0.0,0.0,23.534608086343365,42.0,0.0,0.0,0.0
F. Godfrey,WSL 2022-2023,1,0,0.31182796,0.0,78.5199196241169,75.0,0.0,-0.31182795763015747,0.0
F. Godfrey,WSL 2025-2026,26,6,4.1248035,6.4867525,45.876834329258365,49.07692307692308,0.23076923076923078,1.8751964569091797,-0.4867525100708008
F. Gregory,WSL 2019-2020,1,0,0.0,0.0,,42.0,0.0,0.0,0.0
F. Gregory,WSL 2020-2021,5,1,0.84447,1.3741379,37.438297938849495,52.6,0.2,0.15552997589111328,-0.37413787841796875
F. Gregory,WSL 2021-2022,13,1,1.6397892,1.8166666,52.483044260508464,48.23076923076923,0.07692307692307693,-0.6397892236709595,-0.8166666030883789
F. Gregory,WSL 2022-2023,5,0,0.074433655,0.0,56.833146223148944,55.0,0.0,-0.07443365454673767,0.0
F. Gregory,WSL 2023-2024,1,0,0.0,0.0,66.66666666666666,50.0,0.0,0.0,0.0
F. Kirby,WSL 2015,12,4,3.1806889,2.7710955,45.82105422210565,48.0,0.3333333333333333,0.8193111419677734,1.2289044857025146
F. Kirby,WSL 2016,21,5,2.8483603,3.640237,79.93845742970777,50.04761904761905,0.23809523809523808,2.151639699935913,1.3597629070281982
F. Kirby,WSL 2017,16,6,4.2924166,5.516134,100.62506117931352,49.0,0.375,1.7075834274291992,0.48386621475219727
F. Kirby,WSL 2017-2018,51,8,5.671077,7.296787,53.2730010606241,47.666666666666664,0.1568627450980392,2.328923225402832,0.7032132148742676
F. Kirby,WSL 2018-2019,53,9,7.2738814,9.462757,47.451936165552816,49.943396226415096,0.16981132075471697,1.726118564605713,-0.4627571105957031
F. Kirby,WSL 2019-2020,11,0,0.7919865,0.31944445,61.00150435459865,53.09090909090909,0.0,-0.7919865250587463,-0.3194444477558136
F. Kirby,WSL 2020-2021,43,16,7.9237075,13.273256,51.93497751471069,49.69767441860465,0.37209302325581395,8.076292514801025,2.726743698120117
F. Kirby,WSL 2021-2022,33,6,4.8951473,6.5132694,45.06247232424392,48.03030303030303,0.18181818181818182,1.1048526763916016,-0.5132694244384766
F. Kirby,WSL 2022-2023,16,6,4.64209,5.7158327,43.822977741057926,48.5,0.375,1.35791015625,0.2841672897338867
F. Kirby,WSL 2023-2024,25,3,4.1672325,4.1497626,42.406738200911335,49.76,0.12,-1.1672325134277344,-1.1497626304626465
F. Kirby,WSL 2024-2025,27,7,6.0019255,5.6109276,42.005268764596394,48.44444444444444,0.25925925925925924,0.9980745315551758,1.3890724182128906
F. Kirby,WSL 2025-2026,13,2,0.9633225,1.8349565,26.460892535050593,48.53846153846154,0.15384615384615385,1.0366774797439575,0.16504347324371338
F. Maanum,WSL 2021-2022,27,3,2.2197733,3.0683537,38.58041943325874,44.25925925925926,0.1111111111111111,0.7802267074584961,-0.06835365295410156
F. Maanum,WSL 2022-2023,62,9,7.5769634,10.313219,37.66522682466264,46.12903225806452,0.14516129032258066,1.4230365753173828,-1.3132190704345703
F. Maanum,WSL 2023-2024,40,3,3.227549,3.1585677,40.26778921257363,47.325,0.075,-0.22754907608032227,-0.1585676670074463
F. Maanum,WSL 2024-2025,57,7,8.729255,8.607762,44.827124626417,48.175438596491226,0.12280701754385964,-1.7292547225952148,-1.607762336730957
F. Maanum,WSL 2025-2026,32,7,4.675125,6.695199,36.259565678064085,49.0625,0.21875,2.3248748779296875,0.30480098724365234
F. Morgan,WSL 2023-2024,12,1,0.77490413,0.23333333,33.984916818772284,49.416666666666664,0.08333333333333333,0.22509586811065674,0.7666666656732559
F. Morgan,WSL 2025-2026,12,1,0.6970605,0.836089,32.90259799036478,48.0,0.08333333333333333,0.3029394745826721,0.16391098499298096
F. Nagano,WSL 2022-2023,1,0,0.075581394,0.15492958,11.548929724341454,42.0,0.0,-0.075581394135952,-0.15492957830429077
F. Nagano,WSL 2023-2024,7,0,0.26785713,0.118421055,37.18445197655269,45.57142857142857,0.0,-0.2678571343421936,-0.1184210553765297
F. Nagano,WSL 2024-2025,9,1,0.7022271,0.8582677,31.52815793884445,46.44444444444444,0.1111111111111111,0.2977728843688965,0.14173227548599243
F. Nagano,WSL 2025-2026,10,0,0.28279588,0.0,38.39376587050551,43.6,0.0,-0.28279587626457214,0.0
F. Rolfö,WSL 2025-2026,18,3,4.0086,4.9745445,36.79906922282482,50.111111111111114,0.16666666666666666,-1.0086002349853516,-1.9745445251464844
F. Tsunoda,WSL 2025-2026,2,2,1.5457176,1.9285715,37.35049549286501,52.5,1.0,0.45428240299224854,0.07142853736877441
F. Whelan,WSL 2015,2,2,0.66617703,1.4693788,20.344259734014603,42.0,1.0,1.3338229656219482,0.5306211709976196
F. Whelan,WSL 2016,10,0,0.7196238,0.0,102.5,46.0,0.0,-0.7196238040924072,0.0
F. Whelan,WSL 2018-2019,3,0,0.0,0.0,10.000000000000025,42.0,0.0,0.0,0.0
F. Williams,WSL 2015,19,2,1.6085742,1.9181622,82.7373546628812,43.473684210526315,0.10526315789473684,0.39142584800720215,0.08183777332305908
F. Williams,WSL 2016,26,2,3.51202,3.2162206,97.14661786711748,44.34615384615385,0.07692307692307693,-1.5120201110839844,-1.2162206172943115
F. Williams,WSL 2017,6,0,0.27501506,0.6111111,76.06797181058933,43.333333333333336,0.0,-0.27501505613327026,-0.6111111044883728
F. Williams,WSL 2017-2018,53,7,3.4119992,5.9070415,49.68188823581343,46.77358490566038,0.1320754716981132,3.588000774383545,1.0929584503173828
F. Williams,WSL 2018-2019,82,11,7.9545426,9.238546,81.15925635612575,45.26829268292683,0.13414634146341464,3.045457363128662,1.761453628540039
F. Williams,WSL 2019-2020,57,5,7.9735365,7.3524623,61.91490226680177,45.56140350877193,0.08771929824561403,-2.973536491394043,-2.3524622917175293
F. Williams,WSL 2020-2021,28,3,3.697704,2.9232407,72.93441216216473,44.892857142857146,0.10714285714285714,-0.6977040767669678,0.07675933837890625
G. Bergsvand,WSL 2022-2023,2,0,0.13392857,0.0,43.26781754486973,42.0,0.0,-0.1339285671710968,0.0
G. Bergsvand,WSL 2023-2024,7,2,1.6640635,1.6607513,29.96624336497631,45.42857142857143,0.2857142857142857,0.3359365463256836,0.3392486572265625
G. Bergsvand,WSL 2024-2025,5,0,0.50168216,0.0,53.3398844878659,45.2,0.0,-0.5016821622848511,0.0
G. Bonner,WSL 2015,13,0,1.3986568,1.467183,85.0018430682598,44.53846153846154,0.0,-1.3986568450927734,-1.467182993888855
G. Bonner,WSL 2016,13,0,1.051782,0.0,194.83333333333334,43.92307692307692,0.0,-1.0517820119857788,0.0
G. Bonner,WSL 2017,13,3,3.1172667,2.1849873,145.39119428960177,52.07692307692308,0.23076923076923078,-0.11726665496826172,0.8150126934051514
G. Bonner,WSL 2017-2018,11,1,1.1068567,1.5503747,62.315881780473546,48.54545454545455,0.09090909090909091,-0.10685670375823975,-0.5503747463226318
G. Bonner,WSL 2018-2019,16,1,1.6450484,1.0131973,97.51380127043926,46.0625,0.0625,-0.6450483798980713,-0.01319730281829834
G. Bonner,WSL 2019-2020,15,3,2.239247,2.5893707,72.81238279865038,48.53333333333333,0.2,0.7607529163360596,0.4106292724609375
G. Bonner,WSL 2020-2021,4,1,1.1687379,0.9726027,71.34791122795764,44.0,0.25,-0.16873788833618164,0.0273972749710083
G. Bonner,WSL 2022-2023,4,0,0.35238817,0.47619048,29.624120906216113,52.25,0.0,-0.3523881733417511,-0.4761904776096344
G. Bonner,WSL 2023-2024,17,3,2.1428075,2.7986915,44.819618415562296,51.705882352941174,0.17647058823529413,0.8571925163269043,0.2013084888458252
G. Bonner,WSL 2024-2025,15,0,2.255472,1.193141,54.667634761057506,44.13333333333333,0.0,-2.25547194480896,-1.193140983581543
G. Bonner,WSL 2025-2026,3,0,0.29394585,0.0,57.02731799119233,44.666666666666664,0.0,-0.293945848941803,0.0
G. Brougham,WSL 2017-2018,2,0,0.074433655,0.31944445,43.240048179824925,42.0,0.0,-0.07443365454673767,-0.3194444477558136
G. Brougham,WSL 2018-2019,4,0,1.0185652,0.0,76.57479054206865,44.0,0.0,-1.0185651779174805,0.0
G. Brougham,WSL 2020-2021,2,0,0.08571429,0.0,56.6535793737658,62.5,0.0,-0.08571428805589676,0.0
G. Brougham,WSL 2021-2022,1,0,0.0,0.0,53.33333333333338,42.0,0.0,0.0,0.0
G. Clinton,WSL 2020-2021,1,0,0.0,0.0,4.999999999999952,42.0,0.0,0.0,0.0
G. Clinton,WSL 2021-2022,3,0,0.0,0.0,34.44444444444446,44.666666666666664,0.0,0.0,0.0
G. Clinton,WSL 2023-2024,40,4,2.2752953,3.114799,42.27608661737227,46.675,0.1,1.7247047424316406,0.8852009773254395
G. Clinton,WSL 2024-2025,43,8,6.729152,9.190361,37.77863646844794,48.372093023255815,0.18604651162790697,1.2708477973937988,-1.1903610229492188
G. Clinton,WSL 2025-2026,13,1,1.2826638,1.3568351,45.50068543898583,45.69230769230769,0.07692307692307693,-0.28266382217407227,-0.35683512687683105
G. Davison,WSL 2015,29,6,5.3811135,4.915619,69.51388999429209,48.37931034482759,0.20689655172413793,0.6188864707946777,1.084381103515625
G. Davison,WSL 2016,29,3,3.6713293,3.2775111,102.26882270007154,45.86206896551724,0.10344827586206896,-0.6713292598724365,-0.2775111198425293
G. Davison,WSL 2017,5,0,1.431562,0.75609756,89.16666666666666,43.6,0.0,-1.4315619468688965,-0.7560975551605225
G. Davison,WSL 2017-2018,12,2,1.1315364,1.8349565,132.7525892592908,44.666666666666664,0.16666666666666666,0.8684636354446411,0.16504347324371338
G. Davison,WSL 2018-2019,14,2,1.3358219,1.6710796,51.102535699039166,46.57142857142857,0.14285714285714285,0.6641781330108643,0.3289203643798828
G. Davison,WSL 2019-2020,13,0,0.22330096,0.24074075,55.51609569045672,45.46153846153846,0.0,-0.223300963640213,-0.24074074625968933
G. Davison,WSL 2020-2021,9,1,0.3329355,0.39567032,78.20710395964579,54.77777777777778,0.1111111111111111,0.6670644879341125,0.6043296754360199
G. Davison,WSL 2021-2022,2,0,0.0,0.0,49.99999999999999,50.0,0.0,0.0,0.0
G. Eaton-Collins,WSL 2022-2023,1,0,0.0,0.0,78.24640566824779,42.0,0.0,0.0,0.0
G. Evans,WSL 2015,8,0,0.23458159,0.0,57.70833333333334,46.125,0.0,-0.2345815896987915,0.0
G. Evans,WSL 2017,3,0,0.18521595,0.0,60.55555555555558,42.0,0.0,-0.18521595001220703,0.0
G. Evans,WSL 2017-2018,10,0,0.29773462,0.0,57.322842383153116,45.8,0.0,-0.2977346181869507,0.0
G. Evans,WSL 2018-2019,8,1,0.52554953,0.68115944,47.618157432750365,43.0,0.125,0.4744504690170288,0.31884056329727173
G. Evans,WSL 2019-2020,3,0,0.0,0.0,39.166666666666686,44.666666666666664,0.0,0.0,0.0
G. Evans,WSL 2020-2021,3,1,0.13392857,0.65,38.092218760453,44.666666666666664,0.3333333333333333,0.8660714328289032,0.3500000238418579
G. Evans,WSL 2021-2022,11,0,1.698484,1.8308704,43.50707087127996,44.90909090909091,0.0,-1.698483943939209,-1.8308703899383545
G. Evans,WSL 2022-2023,5,0,0.63561076,0.15492958,53.65286099922223,55.2,0.0,-0.6356107592582703,-0.15492957830429077
G. Evans,WSL 2024-2025,2,0,0.10963455,0.0,41.47021654774035,42.0,0.0,-0.10963454842567444,0.0
G. Fisk,WSL 2020-2021,7,1,1.7731174,1.8940847,70.63426639384888,43.142857142857146,0.14285714285714285,-0.7731174230575562,-0.8940846920013428
G. Fisk,WSL 2021-2022,7,4,2.5347645,3.1434808,63.25549169159773,49.0,0.5714285714285714,1.4652354717254639,0.8565192222595215
G. Fisk,WSL 2022-2023,8,0,0.31799677,0.6311201,31.370905492562336,48.125,0.0,-0.3179967701435089,-0.6311200857162476
G. Fisk,WSL 2023-2024,10,1,1.5013505,0.97959185,60.97293225044312,50.7,0.1,-0.5013505220413208,0.020408153533935547
G. Fisk,WSL 2024-2025,13,0,0.70818394,0.0,46.91921919265168,49.53846153846154,0.0,-0.7081839442253113,0.0
G. Fisk,WSL 2025-2026,15,1,2.2258127,1.117378,49.70182249273399,47.266666666666666,0.06666666666666667,-1.2258126735687256,-0.11737799644470215
G. Flaherty,WSL 2015,10,3,1.3605435,2.3445606,62.9938371670877,52.6,0.3,1.6394565105438232,0.6554393768310547
G. Flaherty,WSL 2016,9,1,1.2513939,0.6111111,107.77439253295384,42.888888888888886,0.1111111111111111,-0.2513939142227173,0.3888888955116272
G. Flaherty,WSL 2017,3,1,0.24275362,0.6111111,56.95835798815129,42.0,0.3333333333333333,0.7572463750839233,0.3888888955116272
G. Flaherty,WSL 2017-2018,9,1,1.4323007,0.97959185,80.30515719769143,52.0,0.1111111111111111,-0.4323006868362427,0.020408153533935547
G. Flaherty,WSL 2018-2019,14,1,1.1866477,1.1930642,52.59463225334816,43.142857142857146,0.07142857142857142,-0.18664765357971191,-0.19306421279907227
G. Flaherty,WSL 2019-2020,4,0,0.63561076,0.0,63.73179508308217,52.25,0.0,-0.6356107592582703,0.0
G. Flaherty,WSL 2020-2021,3,0,0.21250896,0.0,65.00894965150245,47.333333333333336,0.0,-0.21250896155834198,0.0
G. Flaherty,WSL 2021-2022,7,0,0.4956628,0.6756757,33.70454478215451,46.57142857142857,0.0,-0.4956628084182739,-0.6756756901741028
G. Flaherty,WSL 2022-2023,6,0,1.4958184,1.8385093,19.290471915981232,46.0,0.0,-1.4958183765411377,-1.8385093212127686
G. George,WSL 2017-2018,10,0,1.0148442,0.0,136.38248897298325,50.2,0.0,-1.0148441791534424,0.0
G. George,WSL 2018-2019,18,1,0.79485047,1.241437,70.52211755342367,43.166666666666664,0.05555555555555555,0.20514953136444092,-0.24143695831298828
G. George,WSL 2019-2020,7,0,0.63437456,0.074433655,75.73991853676384,45.42857142857143,0.0,-0.6343745589256287,-0.07443365454673767
G. George,WSL 2021-2022,10,0,1.0591283,0.0,137.08649136405103,43.6,0.0,-1.0591282844543457,0.0
G. George,WSL 2022-2023,19,2,1.3600235,1.4603529,41.537885386533176,46.0,0.10526315789473684,0.6399765014648438,0.539647102355957
G. George,WSL 2023-2024,1,0,0.10963455,0.0,77.91733511299722,42.0,0.0,-0.10963454842567444,0.0
G. George,WSL 2024-2025,6,0,0.8440433,1.2737188,59.084900006161384,46.166666666666664,0.0,-0.8440433144569397,-1.2737188339233398
G. Geyoro,WSL 2025-2026,13,1,1.0443698,0.9726027,38.70850108088451,46.30769230769231,0.07692307692307693,-0.04436981678009033,0.0273972749710083
G. Lawley,WSL 2021-2022,9,1,0.93310636,1.0238096,36.97723114591228,46.55555555555556,0.1111111111111111,0.06689363718032837,-0.02380955219268799
G. McCatty,WSL 2015,2,0,0.24356312,0.0,250.0,42.0,0.0,-0.24356311559677124,0.0
G. Mullett,WSL 2022-2023,1,0,0.0,0.0,31.666666666666643,42.0,0.0,0.0,0.0
G. Mullett,WSL 2023-2024,1,0,0.0,0.0,19.597618902985776,42.0,0.0,0.0,0.0
G. Mullett,WSL 2025-2026,11,1,1.6382695,1.9960318,29.285210945814356,55.36363636363637,0.09090909090909091,-0.6382695436477661,-0.9960317611694336
G. Prior,WSL 2024-2025,2,1,0.4234234,0.8148148,38.884569226426,46.0,0.5,0.5765765905380249,0.18518519401550293
G. Prior,WSL 2025-2026,5,0,0.793174,0.47619048,48.70341809298824,46.8,0.0,-0.7931740283966064,-0.4761904776096344
G. Reiten,WSL 2019-2020,28,5,3.4247162,3.7055888,64.50818905021427,50.607142857142854,0.17857142857142858,1.5752837657928467,1.2944111824035645
G. Reiten,WSL 2020-2021,28,1,2.6857293,1.9800763,52.026461674883066,49.285714285714285,0.03571428571428571,-1.6857292652130127,-0.9800763130187988
G. Reiten,WSL 2021-2022,38,7,3.78438,5.5106664,47.673365127964544,46.55263157894737,0.18421052631578946,3.2156200408935547,1.4893336296081543
G. Reiten,WSL 2022-2023,33,9,5.584879,7.389889,43.33598058708734,49.60606060606061,0.2727272727272727,3.415121078491211,1.6101112365722656
G. Reiten,WSL 2023-2024,28,7,5.342469,6.12768,46.248129078438645,51.75,0.25,1.6575307846069336,0.8723201751708984
G. Reiten,WSL 2024-2025,30,8,6.3420315,6.2435875,54.052995148124246,50.06666666666667,0.26666666666666666,1.657968521118164,1.7564125061035156
G. Reiten,WSL 2025-2026,5,0,0.3766822,0.0,45.046346458732174,60.0,0.0,-0.37668219208717346,0.0
G. Stanway,WSL 2015,5,1,0.31718728,0.8582677,122.79134724379719,56.8,0.2,0.6828127205371857,0.14173227548599243
G. Stanway,WSL 2016,23,4,2.3966844,2.7043335,112.5709388327425,46.78260869565217,0.17391304347826086,1.6033155918121338,1.2956664562225342
G. Stanway,WSL 2017,18,1,1.8573735,0.6756757,145.4772161775879,46.05555555555556,0.05555555555555555,-0.8573734760284424,0.3243243098258972
G. Stanway,WSL 2017-2018,47,5,5.6021833,4.9347525,82.19944866366404,45.5531914893617,0.10638297872340426,-0.6021833419799805,0.0652475357055664
G. Stanway,WSL 2018-2019,72,11,8.465578,8.893489,70.37424111385916,48.041666666666664,0.1527777777777778,2.534421920776367,2.106511116027832
G. Stanway,WSL 2019-2020,34,5,5.62761,5.779006,49.543354665746065,47.470588235294116,0.14705882352941177,-0.6276102066040039,-0.7790060043334961
G. Stanway,WSL 2020-2021,53,5,6.746874,5.057738,64.36417169687863,48.867924528301884,0.09433962264150944,-1.7468738555908203,-0.05773782730102539
G. Stanway,WSL 2021-2022,53,8,7.9196944,9.47984,53.84147454435292,47.924528301886795,0.1509433962264151,0.08030557632446289,-1.4798402786254883
G. Wilson,WSL 2019-2020,2,0,0.0,0.0,53.33333333333338,46.0,0.0,0.0,0.0
Gabi Nunes,WSL 2024-2025,18,2,3.1548662,3.9148731,42.36266616036522,46.77777777777778,0.1111111111111111,-1.1548662185668945,-1.9148731231689453
Geyse,WSL 2023-2024,42,2,3.828644,2.9954977,44.74682471246282,51.523809523809526,0.047619047619047616,-1.828644037246704,-0.9954977035522461
Geyse,WSL 2024-2025,10,1,0.5594271,1.4106916,36.15958163694655,58.4,0.1,0.44057291746139526,-0.41069161891937256
Gio Garbelini,WSL 2022-2023,9,1,1.2964988,0.9119048,31.744802773642455,58.333333333333336,0.1111111111111111,-0.29649877548217773,0.08809518814086914
H. Bennison,WSL 2021-2022,13,1,1.1037616,0.71428573,79.6150393150343,47.61538461538461,0.07692307692307693,-0.10376155376434326,0.2857142686843872
H. Bennison,WSL 2022-2023,19,3,3.0755908,2.6730826,53.7234080019836,45.63157894736842,0.15789473684210525,-0.07559084892272949,0.3269174098968506
H. Bennison,WSL 2023-2024,13,1,0.3681364,1.0238096,32.37704872413586,44.23076923076923,0.07692307692307693,0.6318635940551758,-0.02380955219268799
H. Bleazard,WSL 2017,2,0,0.074433655,0.0,103.33333333333334,42.0,0.0,-0.07443365454673767,0.0
H. Blundell,WSL 2015,4,0,0.2192691,0.0,61.666666666666636,46.0,0.0,-0.21926909685134888,0.0
H. Blundell,WSL 2016,3,0,0.24275362,0.0,83.33333333333333,47.333333333333336,0.0,-0.24275362491607666,0.0
H. Blundell,WSL 2017,11,1,1.3924304,1.0,88.58134543464578,49.09090909090909,0.09090909090909091,-0.3924304246902466,0.0
H. Blundell,WSL 2017-2018,7,0,0.58385396,0.0,149.95302877542287,46.57142857142857,0.0,-0.5838539600372314,0.0
H. Blundell,WSL 2018-2019,16,1,1.2141701,1.1243225,57.14248614341822,47.8125,0.0625,-0.21417009830474854,-0.12432253360748291
H. Blundell,WSL 2019-2020,7,1,1.4443979,0.95980763,56.402648180672465,54.285714285714285,0.14285714285714285,-0.4443979263305664,0.040192365646362305
H. Blundell,WSL 2020-2021,2,0,0.2195122,0.0,64.6714946927203,50.0,0.0,-0.2195121943950653,0.0
H. Blundell,WSL 2021-2022,10,0,0.7126615,0.31944445,36.770266444459935,45.2,0.0,-0.7126615047454834,-0.3194444477558136
H. Blundell,WSL 2022-2023,11,1,1.0873295,0.9144928,44.66988889013283,50.09090909090909,0.09090909090909091,-0.08732950687408447,0.08550721406936646
H. Blundell,WSL 2023-2024,12,1,0.74400187,0.68115944,43.63160428147771,46.333333333333336,0.08333333333333333,0.2559981346130371,0.31884056329727173
H. Blundell,WSL 2025-2026,4,0,0.074433655,0.118421055,45.97106477727695,60.5,0.0,-0.07443365454673767,-0.1184210553765297
H. Cain,WSL 2018-2019,19,2,1.6264364,2.1503148,79.59638849415613,47.473684210526315,0.10526315789473684,0.37356364727020264,-0.1503148078918457
H. Cain,WSL 2019-2020,16,0,0.869635,0.118421055,76.61749943567789,46.5625,0.0,-0.8696349859237671,-0.1184210553765297
H. Cain,WSL 2022-2023,39,2,4.862741,2.870931,43.2060007913688,48.15384615384615,0.05128205128205128,-2.862740993499756,-0.8709309101104736
H. Cain,WSL 2023-2024,3,0,0.074433655,0.118421055,22.8678809531642,44.666666666666664,0.0,-0.07443365454673767,-0.1184210553765297
H. Cain,WSL 2024-2025,25,3,3.0625832,3.7644932,50.06884790407432,49.08,0.12,-0.06258320808410645,-0.7644932270050049
H. Cain,WSL 2025-2026,24,0,1.1030852,0.23684211,43.45623465651027,50.541666666666664,0.0,-1.1030851602554321,-0.2368421107530594
H. Cissoko,WSL 2020-2021,3,0,0.13392857,0.0,60.40937806226401,58.333333333333336,0.0,-0.1339285671710968,0.0
H. Cissoko,WSL 2022-2023,2,1,0.99350655,0.9722222,47.42278097910133,61.0,0.5,0.0064934492111206055,0.027777791023254395
H. Cissoko,WSL 2023-2024,3,1,0.29394585,0.5119048,39.858806492862016,58.333333333333336,0.3333333333333333,0.706054151058197,0.488095223903656
H. Eiríksdóttir,WSL 2024-2025,7,0,1.390643,0.0,57.59290488207198,47.714285714285715,0.0,-1.3906430006027222,0.0
H. Eiríksdóttir,WSL 2025-2026,4,0,0.20950997,0.0,61.653191531952274,46.0,0.0,-0.2095099687576294,0.0
H. Godfrey,WSL 2019-2020,6,0,0.89510715,0.6111111,62.876080817226146,44.666666666666664,0.0,-0.8951071500778198,-0.6111111044883728
H. Hampton,WSL 2018-2019,1,1,1.0,0.97959185,36.76819277582191,50.0,1.0,0.0,0.020408153533935547
H. Hampton,WSL 2021-2022,1,1,1.0,0.9726027,17.37654869197117,50.0,1.0,0.0,0.0273972749710083
H. Hayashi,WSL 2022-2023,12,1,1.6865855,0.5927951,45.419197189146054,48.083333333333336,0.08333333333333333,-0.686585545539856,0.40720492601394653
H. Hayashi,WSL 2023-2024,13,2,1.7202955,1.6537621,45.35949348396893,48.84615384615385,0.15384615384615385,0.2797044515609741,0.3462378978729248
H. Hayashi,WSL 2024-2025,15,4,2.5445147,3.1348329,36.94054965658786,49.93333333333333,0.26666666666666666,1.4554853439331055,0.8651671409606934
H. Hayashi,WSL 2025-2026,10,4,2.7752848,3.2678344,44.96463107866787,52.6,0.4,1.224715232849121,0.7321655750274658
H. Houssein,WSL 2022-2023,1,0,0.0,0.0,15.066887903980392,42.0,0.0,0.0,0.0
H. Kitagawa,WSL 2025-2026,10,2,1.7161324,1.9028909,51.64677353341595,47.7,0.2,0.28386759757995605,0.09710907936096191
H. Ladd,WSL 2017,1,0,0.0,0.0,,50.0,0.0,0.0,0.0
H. Ladd,WSL 2017-2018,12,1,1.2244639,1.1342592,85.36806555772782,46.416666666666664,0.08333333333333333,-0.22446393966674805,-0.13425922393798828
H. Ladd,WSL 2018-2019,15,2,0.98179597,1.1852554,72.35953071737202,47.266666666666666,0.13333333333333333,1.0182040333747864,0.8147445917129517
H. Ladd,WSL 2019-2020,16,0,0.80699456,0.7660407,160.3889360304178,46.625,0.0,-0.8069945573806763,-0.7660406827926636
H. Ladd,WSL 2020-2021,10,1,1.6057653,0.6111111,84.98141855287504,56.0,0.1,-0.6057653427124023,0.3888888955116272
H. Ladd,WSL 2021-2022,12,2,1.1652186,1.678648,68.93137093940267,47.166666666666664,0.16666666666666666,0.8347814083099365,0.3213520050048828
H. Ladd,WSL 2022-2023,25,4,2.3125186,3.2678597,40.26471283297425,48.16,0.16,1.68748140335083,0.732140302658081
H. Ladd,WSL 2023-2024,7,2,1.4611745,1.6896169,40.59988419226984,51.285714285714285,0.2857142857142857,0.538825511932373,0.3103830814361572
H. Ladd,WSL 2024-2025,2,0,0.10963455,0.31944445,24.447222023837867,42.0,0.0,-0.10963454842567444,-0.3194444477558136
H. Lundkvist,WSL 2025-2026,3,1,0.77581155,1.433805,22.224873482689826,44.666666666666664,0.3333333333333333,0.2241884469985962,-0.433804988861084
H. Miyazawa,WSL 2023-2024,19,1,1.6594938,1.4697725,37.44404754266025,47.526315789473685,0.05263157894736842,-0.6594938039779663,-0.46977245807647705
H. Miyazawa,WSL 2024-2025,17,1,0.64047855,1.1930642,37.14146651795231,48.294117647058826,0.058823529411764705,0.35952144861221313,-0.19306421279907227
H. Miyazawa,WSL 2025-2026,19,1,1.5684536,1.9940825,45.31972410973802,48.473684210526315,0.05263157894736842,-0.5684535503387451,-0.9940824508666992
H. Nolan,WSL 2024-2025,1,0,0.0,0.0,25.51687894533948,42.0,0.0,0.0,0.0
H. O'Reilly,WSL 2017,12,2,1.2113602,1.4317732,117.08444164594691,49.333333333333336,0.16666666666666666,0.7886397838592529,0.5682268142700195
H. O'Reilly,WSL 2017-2018,18,1,1.9183605,1.9677229,57.44421688503878,45.22222222222222,0.05555555555555555,-0.9183604717254639,-0.9677228927612305
H. Payne,WSL 2018-2019,3,0,0.2195122,0.0,71.44740042672937,58.333333333333336,0.0,-0.2195121943950653,0.0
H. Payne,WSL 2023-2024,4,0,0.31182796,0.0,29.89064982698863,51.25,0.0,-0.31182795763015747,0.0
H. Payne,WSL 2024-2025,5,0,0.3862616,0.0,53.1035507002156,46.8,0.0,-0.38626161217689514,0.0
H. Raso,WSL 2020-2021,31,5,4.055433,4.981534,40.84585260665393,50.096774193548384,0.16129032258064516,0.9445672035217285,0.01846599578857422
H. Raso,WSL 2021-2022,16,3,2.2489784,2.5011249,36.51648239382755,54.5,0.1875,0.7510216236114502,0.49887514114379883
H. Raso,WSL 2022-2023,14,1,2.2620444,1.7868391,42.438841232845256,51.214285714285715,0.07142857142857142,-1.2620444297790527,-0.7868391275405884
H. Raso,WSL 2024-2025,21,1,1.2607366,1.368273,32.63324359855916,47.95238095238095,0.047619047619047616,-0.2607365846633911,-0.3682730197906494
H. Scott,WSL 2016,1,0,0.0,0.0,66.66666666666666,42.0,0.0,0.0,0.0
H. Scott,WSL 2017,2,0,0.0,0.0,36.66666666666666,46.0,0.0,0.0,0.0
H. Scott,WSL 2018-2019,11,0,0.57975703,0.118421055,93.38530151978766,46.45454545454545,0.0,-0.579757034778595,-0.1184210553765297
H. Scott,WSL 2019-2020,2,0,0.24275362,0.0,58.21880418107735,46.0,0.0,-0.24275362491607666,0.0
H. Scott,WSL 2020-2021,8,0,0.6869276,0.23333333,55.90542418027524,45.0,0.0,-0.6869276165962219,-0.23333333432674408
H. Scott,WSL 2021-2022,5,0,0.7332171,0.6111111,68.13841376618582,45.2,0.0,-0.7332171201705933,-0.6111111044883728
H. Sharp,WSL 2015,1,0,0.0,0.0,,50.0,0.0,0.0,0.0
H. Sharp,WSL 2017,2,1,1.0793315,0.97959185,31.935516046207102,46.0,0.5,-0.07933151721954346,0.020408153533935547
H. Sharp,WSL 2017-2018,7,1,1.1020129,0.6756757,52.324038730054404,49.57142857142857,0.14285714285714285,-0.10201287269592285,0.3243243098258972
H. Short,WSL 2017,3,0,0.4516129,0.0,123.33333333333333,44.666666666666664,0.0,-0.4516128897666931,0.0
H. Short,WSL 2018-2019,8,1,0.75982577,0.8709016,36.371652855120345,53.25,0.125,0.24017423391342163,0.12909841537475586
H. Silcock,WSL 2025-2026,1,0,0.0,0.0,3.3333333333333806,42.0,0.0,0.0,0.0
H. Wijk,WSL 2025-2026,3,0,0.0,0.0,35.14827415275432,55.666666666666664,0.0,0.0,0.0
I. Atkinson,WSL 2022-2023,5,1,0.49785706,0.9285714,40.05208891105706,51.8,0.2,0.5021429359912872,0.07142859697341919
I. Atkinson,WSL 2023-2024,5,0,0.8042523,1.2867868,36.64830132993526,50.0,0.0,-0.8042523264884949,-1.2867867946624756
I. Atkinson,WSL 2024-2025,1,0,0.1380753,0.0,78.68086030145946,42.0,0.0,-0.1380753070116043,0.0
I. Belloumou,WSL 2025-2026,1,0,0.0,0.0,10.000000000000025,72.0,0.0,0.0,0.0
I. Beney,WSL 2025-2026,10,2,1.3207928,1.6533816,42.820002448223484,51.4,0.2,0.6792072057723999,0.3466184139251709
I. Christiansen,WSL 2015,29,6,5.3543015,5.20169,80.97322167352463,45.758620689655174,0.20689655172413793,0.6456985473632812,0.7983098030090332
I. Christiansen,WSL 2016,11,3,1.5105162,1.6349206,100.60425011701955,51.63636363636363,0.2727272727272727,1.4894838333129883,1.365079402923584
I. Christiansen,WSL 2017,3,0,0.14886731,0.0,134.44444444444443,42.0,0.0,-0.14886730909347534,0.0
I. Christiansen,WSL 2017-2018,32,9,7.3597703,7.646316,58.269360267432674,48.25,0.28125,1.6402297019958496,1.3536839485168457
I. Christiansen,WSL 2020-2021,29,6,4.42237,4.752492,51.52807975051173,47.275862068965516,0.20689655172413793,1.5776300430297852,1.2475080490112305
I. Christiansen,WSL 2021-2022,18,0,2.7452939,2.874514,75.1974808487198,48.333333333333336,0.0,-2.7452938556671143,-2.874514102935791
I. Christiansen,WSL 2022-2023,10,0,0.8533881,0.0,54.12902475129674,48.5,0.0,-0.8533880710601807,0.0
I. Goodwin,WSL 2025-2026,47,5,8.357062,5.983633,48.10412196389632,48.297872340425535,0.10638297872340426,-3.357062339782715,-0.9836330413818359
I. Hobson,WSL 2023-2024,2,1,0.21250896,0.31944445,49.294782142209506,42.0,0.5,0.787491038441658,0.6805555522441864
I. Hobson,WSL 2025-2026,2,0,0.1840682,0.0,78.09769262462325,42.0,0.0,-0.1840682029724121,0.0
I. Kaagman,WSL 2018-2019,44,4,4.2862825,5.3719516,72.36216462577657,47.95454545454545,0.09090909090909091,-0.2862825393676758,-1.3719515800476074
I. Kaagman,WSL 2019-2020,18,1,1.0123633,2.4572425,45.262680930083604,51.333333333333336,0.05555555555555555,-0.012363314628601074,-1.457242488861084
I. Kaagman,WSL 2020-2021,39,8,6.051546,5.958708,63.62333435964212,46.41025641025641,0.20512820512820512,1.9484539031982422,2.041292190551758
I. Kaagman,WSL 2021-2022,24,4,3.6087482,3.6759024,46.79514953121264,46.375,0.16666666666666666,0.391251802444458,0.3240976333618164
I. Kardinaal,WSL 2025-2026,1,0,0.074433655,0.23333333,38.520701505092596,50.0,0.0,-0.07443365454673767,-0.23333333432674408
I. Linden,WSL 2016,10,1,1.5780005,0.47619048,207.46514209426556,48.5,0.1,-0.578000545501709,0.5238095223903656
I. Riley,WSL 2024-2025,10,2,1.401031,2.215103,34.706016413605965,48.4,0.2,0.5989689826965332,-0.2151029109954834
I. Ryland,WSL 2015,3,0,0.26079732,0.0,307.9513441334242,42.0,0.0,-0.26079732179641724,0.0
I. Umotong,WSL 2018-2019,38,2,3.2159557,3.1500936,88.33615077368675,48.5,0.05263157894736842,-1.2159557342529297,-1.1500935554504395
I. Umotong,WSL 2019-2020,14,1,2.6074445,1.1147641,146.45154553353066,49.285714285714285,0.07142857142857142,-1.6074445247650146,-0.11476409435272217
I. Wold,WSL 2020-2021,5,0,0.36856312,0.82176393,31.72165573390901,45.2,0.0,-0.36856311559677124,-0.8217639327049255
Inma Gabarro,WSL 2024-2025,2,0,0.0,0.0,29.883919816716492,46.0,0.0,0.0,0.0
Inma Gabarro,WSL 2025-2026,15,2,1.4266847,1.9129782,42.83422760916712,53.93333333333333,0.13333333333333333,0.5733152627944946,0.0870218276977539
Irene Guerrero,WSL 2023-2024,1,0,0.0,0.0,48.333333333333314,42.0,0.0,0.0,0.0
Ivana Fuso,WSL 2020-2021,3,0,0.31021595,0.118421055,57.07032779807137,61.333333333333336,0.0,-0.31021595001220703,-0.1184210553765297
Ivana Fuso,WSL 2021-2022,1,0,0.0,0.0,6.666666666666643,50.0,0.0,0.0,0.0
J. Anderson,WSL 2025-2026,1,0,0.0,0.0,31.666666666666643,50.0,0.0,0.0,0.0
J. Andersson,WSL 2017-2018,8,4,3.1586068,3.4308212,45.924522242458224,53.75,0.5,0.841393232345581,0.5691788196563721
J. Andersson,WSL 2018-2019,14,0,0.6744168,0.71428573,88.93988479230278,48.07142857142857,0.0,-0.6744167804718018,-0.7142857313156128
J. Andersson,WSL 2019-2020,8,0,0.2869426,0.074433655,52.63053301544412,49.125,0.0,-0.28694260120391846,-0.07443365454673767
J. Andersson,WSL 2020-2021,9,0,0.85268795,0.31944445,50.71086912544562,44.22222222222222,0.0,-0.8526879549026489,-0.3194444477558136
J. Andersson,WSL 2021-2022,9,0,0.73440874,0.6111111,80.42993814254334,43.77777777777778,0.0,-0.7344087362289429,-0.6111111044883728
J. Arnth,WSL 2018-2019,2,1,0.38082892,1.2222222,44.695971066389255,46.0,0.5,0.6191710829734802,-0.2222222089767456
J. Baijings,WSL 2024-2025,8,0,0.5062117,1.2005999,28.724963082020526,45.0,0.0,-0.5062116980552673,-1.2005999088287354
J. Baijings,WSL 2025-2026,1,0,0.0,0.0,50.90197551285323,42.0,0.0,0.0,0.0
J. Bailey,WSL 2015,2,0,0.075581394,0.0,119.99999999999997,44.5,0.0,-0.075581394135952,0.0
J. Bailey,WSL 2016,5,0,0.074433655,0.0,97.91666666666666,45.2,0.0,-0.07443365454673767,0.0
J. Bailey,WSL 2018-2019,7,0,0.25850186,0.0,90.81637196087915,44.285714285714285,0.0,-0.2585018575191498,0.0
J. Bailey,WSL 2019-2020,9,0,1.1922498,1.0940065,52.40514485163772,45.22222222222222,0.0,-1.1922497749328613,-1.0940065383911133
J. Beattie,WSL 2015,22,0,2.4803371,0.24074075,126.10159938100193,43.09090909090909,0.0,-2.480337142944336,-0.24074074625968933
J. Beattie,WSL 2016,20,3,3.0942118,2.5192742,88.34397538981078,43.3,0.15,-0.09421181678771973,0.4807257652282715
J. Beattie,WSL 2017,7,0,0.5366995,0.29394585,16.33333333333333,43.857142857142854,0.0,-0.5366994738578796,-0.293945848941803
J. Beattie,WSL 2017-2018,15,2,2.3094032,3.0803304,59.55588919676699,44.733333333333334,0.13333333333333333,-0.3094031810760498,-1.0803303718566895
J. Beattie,WSL 2018-2019,14,1,0.91955435,0.815088,121.39114460434308,42.0,0.07142857142857142,0.08044564723968506,0.18491202592849731
J. Beattie,WSL 2019-2020,7,0,0.9283449,0.37881607,143.7900534806834,46.714285714285715,0.0,-0.9283449053764343,-0.37881606817245483
J. Beattie,WSL 2020-2021,7,2,0.62358254,1.5357144,24.140262527799784,43.857142857142854,0.2857142857142857,1.3764174580574036,0.46428561210632324
J. Beattie,WSL 2021-2022,5,1,0.1840682,0.6111111,46.55568014618626,51.8,0.2,0.8159317970275879,0.3888888955116272
J. Beattie,WSL 2022-2023,7,0,0.1840682,0.3517544,42.92094723090114,45.42857142857143,0.0,-0.1840682029724121,-0.35175439715385437
J. Beattie,WSL 2023-2024,1,0,0.2857143,0.24074075,10.540925533894596,50.0,0.0,-0.2857142984867096,-0.24074074625968933
J. Biesmans,WSL 2017-2018,11,1,0.7489653,0.9881757,75.7187754310496,43.81818181818182,0.09090909090909091,0.251034677028656,0.011824309825897217
J. Biesmans,WSL 2018-2019,9,0,0.5850444,0.0,52.930894033744,41.55555555555556,0.0,-0.5850443840026855,0.0
J. Blakstad,WSL 2021-2022,9,1,1.3589079,0.92190015,58.24775941068427,48.22222222222222,0.1111111111111111,-0.35890793800354004,0.07809984683990479
J. Blakstad,WSL 2022-2023,10,2,2.370469,4.157209,49.9557461209911,51.0,0.2,-0.3704690933227539,-2.1572089195251465
J. Blakstad,WSL 2023-2024,1,0,0.0,0.0,31.914991252805695,50.0,0.0,0.0,0.0
J. Blakstad,WSL 2025-2026,8,1,0.95200384,1.2539381,41.69331392042984,47.125,0.125,0.0479961633682251,-0.25393807888031006
J. Brett,WSL 2017,9,0,1.2461365,0.0,108.51851851851852,46.44444444444444,0.0,-1.2461365461349487,0.0
J. Brett,WSL 2017-2018,5,1,1.2866908,0.8582677,43.00785664122232,48.4,0.2,-0.2866908311843872,0.14173227548599243
J. Brett,WSL 2018-2019,8,1,1.0191462,0.8582677,47.97283422866592,48.125,0.125,-0.019146203994750977,0.14173227548599243
J. Carabalí,WSL 2023-2024,8,1,1.3662741,0.97959185,59.312675090572284,43.0,0.125,-0.3662741184234619,0.020408153533935547
J. Carabalí,WSL 2024-2025,11,1,1.0441307,1.0980129,37.20502260545675,47.90909090909091,0.09090909090909091,-0.044130682945251465,-0.09801292419433594
J. Carter,WSL 2015,3,0,0.074433655,0.0,21.666666666666657,42.0,0.0,-0.07443365454673767,0.0
J. Carter,WSL 2016,3,0,0.24356312,0.0,186.6666666666667,44.666666666666664,0.0,-0.24356311559677124,0.0
J. Carter,WSL 2017,9,0,0.530844,0.0,172.22222222222226,46.55555555555556,0.0,-0.53084397315979,0.0
J. Carter,WSL 2017-2018,6,1,0.6535804,0.91641647,65.99011593440031,44.666666666666664,0.16666666666666666,0.3464195728302002,0.0835835337638855
J. Carter,WSL 2018-2019,2,0,0.23463455,0.5119048,64.8510065919328,42.0,0.0,-0.23463454842567444,-0.511904776096344
J. Carter,WSL 2019-2020,2,1,0.953125,0.9285714,55.197020853585165,46.0,0.5,0.046875,0.07142859697341919
J. Carter,WSL 2020-2021,1,0,0.13392857,0.6111111,58.63019699779286,50.0,0.0,-0.1339285671710968,-0.6111111044883728
J. Carter,WSL 2021-2022,4,0,0.14886731,0.15492958,104.8577391434263,46.0,0.0,-0.14886730909347534,-0.15492957830429077
J. Carter,WSL 2022-2023,7,2,0.6525067,1.1930642,47.198506409301196,46.57142857142857,0.2857142857142857,1.347493290901184,0.8069357872009277
J. Carter,WSL 2023-2024,5,1,1.1822059,1.2133435,40.28221949654134,45.2,0.2,-0.1822059154510498,-0.21334350109100342
J. Cayman,WSL 2023-2024,25,4,3.975791,4.161376,46.73407985819614,49.48,0.16,0.024209022521972656,-0.1613759994506836
J. Cayman,WSL 2024-2025,20,4,1.9764799,2.496809,39.70636076447233,50.15,0.2,2.0235201120376587,1.5031909942626953
J. Cayman,WSL 2025-2026,4,0,0.09824318,0.24074075,37.832227285442386,61.75,0.0,-0.09824317693710327,-0.24074074625968933
J. Clark,WSL 2023-2024,8,1,1.1631721,0.8582677,57.62949404759221,42.0,0.125,-0.16317212581634521,0.14173227548599243
J. Clark,WSL 2024-2025,9,1,1.8722961,1.3194444,50.20253348687349,47.111111111111114,0.1111111111111111,-0.8722960948944092,-0.3194444179534912
J. Clark,WSL 2025-2026,10,0,0.47929245,0.0,49.312185731459024,42.8,0.0,-0.47929245233535767,0.0
J. Clarke,WSL 2015,28,7,4.3400927,4.9488697,67.30568837188973,48.92857142857143,0.25,2.659907341003418,2.0511302947998047
J. Clarke,WSL 2016,49,6,6.275276,4.024642,79.64313409260387,48.775510204081634,0.12244897959183673,-0.27527618408203125,1.975358009338379
J. Clarke,WSL 2017,17,1,1.240632,0.6111111,44.42783898854387,50.588235294117645,0.058823529411764705,-0.2406320571899414,0.3888888955116272
J. Clarke,WSL 2017-2018,28,4,4.320655,4.5486846,48.146165054585964,47.92857142857143,0.14285714285714285,-0.32065486907958984,-0.5486845970153809
J. Clarke,WSL 2018-2019,24,2,2.6552107,2.5563166,47.78261156764089,49.625,0.08333333333333333,-0.6552107334136963,-0.556316614151001
J. Clarke,WSL 2019-2020,6,0,0.81186163,0.0,70.4770030488769,46.0,0.0,-0.8118616342544556,0.0
J. Finn,WSL 2021-2022,1,0,0.075581394,0.0,78.14544843502475,50.0,0.0,-0.075581394135952,0.0
J. Fishlock,WSL 2020-2021,38,2,3.580663,3.467628,56.38067572744059,48.8421052631579,0.05263157894736842,-1.5806629657745361,-1.467628002166748
J. Fleming,WSL 2020-2021,5,0,0.20950997,0.0,62.97480074444603,46.8,0.0,-0.2095099687576294,0.0
J. Fleming,WSL 2021-2022,25,6,4.4036226,4.5040035,80.14745455675762,50.12,0.24,1.5963773727416992,1.4959964752197266
J. Fleming,WSL 2022-2023,13,3,2.4450622,3.2783358,47.90742528286636,47.53846153846154,0.23076923076923078,0.5549378395080566,-0.2783358097076416
J. Fleming,WSL 2023-2024,7,1,0.5855415,1.4693788,38.73625650740899,52.0,0.14285714285714285,0.4144585132598877,-0.46937882900238037
J. Fox,WSL 2022-2023,4,1,0.44444445,0.68115944,59.23715238941047,46.0,0.25,0.5555555522441864,0.31884056329727173
J. Galabadaarachchi,WSL 2019-2020,8,0,0.2761506,0.0,58.43119884880889,46.0,0.0,-0.2761506140232086,0.0
J. Green,WSL 2019-2020,11,0,0.964152,0.39567032,156.77042168872165,48.72727272727273,0.0,-0.9641519784927368,-0.3956703245639801
J. Green,WSL 2020-2021,8,0,0.5722907,0.0,44.757315096242394,44.0,0.0,-0.5722907185554504,0.0
J. Green,WSL 2021-2022,6,1,1.2266989,1.0910238,66.12399123200295,50.166666666666664,0.16666666666666666,-0.2266988754272461,-0.09102380275726318
J. Green,WSL 2022-2023,9,1,1.0627595,1.6482785,29.448729491872875,50.77777777777778,0.1111111111111111,-0.06275951862335205,-0.6482784748077393
J. Green,WSL 2023-2024,1,0,0.10963455,0.0,77.82037722287852,42.0,0.0,-0.10963454842567444,0.0
J. Green,WSL 2024-2025,4,0,0.075581394,0.15492958,18.9754834769326,54.25,0.0,-0.075581394135952,-0.15492957830429077
J. Groenen,WSL 2019-2020,16,0,1.0741779,0.0,41.86109835824393,49.375,0.0,-1.074177861213684,0.0
J. Groenen,WSL 2020-2021,12,0,1.4729307,0.71428573,114.22405796786722,49.5,0.0,-1.472930669784546,-0.7142857313156128
J. Groenen,WSL 2021-2022,11,0,0.9226237,0.15492958,51.384722034431825,45.63636363636363,0.0,-0.9226236939430237,-0.15492957830429077
J. Henning,WSL 2017-2018,2,0,0.10963455,0.0,55.66082577344116,42.0,0.0,-0.10963454842567444,0.0
J. Hutton,WSL 2020-2021,6,0,0.18521595,0.118421055,29.564095297962325,48.833333333333336,0.0,-0.18521595001220703,-0.1184210553765297
J. Jones,WSL 2017,4,0,0.41964287,0.0,90.83333333333333,46.0,0.0,-0.4196428656578064,0.0
J. Jones,WSL 2017-2018,12,0,0.46069527,0.0,92.41492658350394,46.0,0.0,-0.4606952667236328,0.0
J. Kemppi,WSL 2018-2019,7,1,0.5012555,0.38826293,39.12036867025391,47.714285714285715,0.14285714285714285,0.49874448776245117,0.611737072467804
J. Matthews,WSL 2015,1,0,0.074433655,0.0,376.6666666666667,42.0,0.0,-0.07443365454673767,0.0
J. Matthews,WSL 2017,2,0,0.075581394,0.0,133.33333333333331,42.0,0.0,-0.075581394135952,0.0
J. Matthews,WSL 2017-2018,1,0,0.10963455,0.0,829.9999999999999,42.0,0.0,-0.10963454842567444,0.0
J. Matthews,WSL 2018-2019,1,0,0.074433655,0.0,78.07752557554575,75.0,0.0,-0.07443365454673767,0.0
J. Matthews,WSL 2019-2020,4,0,0.57575756,0.0,63.150611343347016,44.0,0.0,-0.5757575631141663,0.0
J. Matthews,WSL 2020-2021,2,0,0.1380753,0.0,41.494159106774475,50.0,0.0,-0.1380753070116043,0.0
J. Matthews,WSL 2022-2023,7,0,0.24356312,0.0,35.92867383615971,44.285714285714285,0.0,-0.24356311559677124,0.0
J. Matthews,WSL 2023-2024,3,0,0.31182796,0.0,42.18610249555065,47.333333333333336,0.0,-0.31182795763015747,0.0
J. Matthews,WSL 2024-2025,9,3,3.506414,3.4807167,44.19157167099276,48.333333333333336,0.3333333333333333,-0.5064139366149902,-0.4807167053222656
J. Moore,WSL 2015,5,0,0.14886731,0.0,255.55555555555557,42.0,0.0,-0.14886730909347534,0.0
J. Moore,WSL 2016,12,0,0.6797113,0.0,73.66666666666666,46.083333333333336,0.0,-0.6797112822532654,0.0
J. Moore,WSL 2017,9,1,0.5896882,0.24074075,38.99690498148329,45.666666666666664,0.1111111111111111,0.41031181812286377,0.7592592537403107
J. Moore,WSL 2017-2018,21,2,1.7339513,2.6444468,66.32277015926888,46.23809523809524,0.09523809523809523,0.2660486698150635,-0.644446849822998
J. Moore,WSL 2018-2019,19,1,2.5075178,1.9011741,117.77220756806697,47.421052631578945,0.05263157894736842,-1.5075178146362305,-0.9011740684509277
J. Moore,WSL 2019-2020,23,4,2.1062558,3.1822844,51.635652266547666,47.69565217391305,0.17391304347826086,1.8937442302703857,0.8177156448364258
J. Moore,WSL 2021-2022,1,0,0.0,0.0,56.66666666666664,42.0,0.0,0.0,0.0
J. Moore,WSL 2022-2023,13,0,1.0674669,1.0131973,41.71894003588798,46.30769230769231,0.0,-1.0674668550491333,-1.0131973028182983
J. Napier,WSL 2020-2021,11,1,1.4083875,0.97959185,52.29157197708321,47.09090909090909,0.09090909090909091,-0.40838754177093506,0.020408153533935547
J. Napier,WSL 2023-2024,11,0,0.640567,0.0,37.47276559678458,49.81818181818182,0.0,-0.6405670046806335,0.0
J. Naz,WSL 2020-2021,5,0,0.074433655,0.0,32.35706004747281,46.2,0.0,-0.07443365454673767,0.0
J. Naz,WSL 2021-2022,19,2,2.0557299,2.701922,44.49965317725472,46.68421052631579,0.10526315789473684,-0.05572986602783203,-0.7019219398498535
J. Naz,WSL 2022-2023,8,2,1.2517185,1.6394371,48.51482536098579,50.125,0.25,0.7482814788818359,0.36056292057037354
J. Naz,WSL 2023-2024,22,3,2.3564441,2.3819861,45.31243814121948,49.18181818181818,0.13636363636363635,0.6435558795928955,0.618013858795166
J. Naz,WSL 2024-2025,27,2,3.123324,2.5115554,36.21022754488973,47.03703703703704,0.07407407407407407,-1.123323917388916,-0.5115554332733154
J. Naz,WSL 2025-2026,9,0,0.75627244,0.6111111,28.588550304774905,47.333333333333336,0.0,-0.7562724351882935,-0.6111111044883728
J. Nighswonger,WSL 2024-2025,1,0,0.0,0.0,1.6666666666666903,42.0,0.0,0.0,0.0
J. Nighswonger,WSL 2025-2026,5,0,0.24770986,0.0,51.65527879365253,42.0,0.0,-0.24770985543727875,0.0
J. Nobbs,WSL 2015,13,1,0.96585083,0.7995805,62.573449679845595,45.69230769230769,0.07692307692307693,0.034149169921875,0.20041948556900024
J. Nobbs,WSL 2016,36,4,3.8225172,3.1696718,103.617173937516,48.361111111111114,0.1111111111111111,0.17748284339904785,0.8303282260894775
J. Nobbs,WSL 2017,35,4,2.8687,2.8925495,91.42529260667523,46.885714285714286,0.11428571428571428,1.1312999725341797,1.1074504852294922
J. Nobbs,WSL 2017-2018,45,3,3.4054234,3.8659396,57.944609840114836,47.6,0.06666666666666667,-0.4054234027862549,-0.8659396171569824
J. Nobbs,WSL 2018-2019,36,9,6.799802,8.317991,48.78076888722005,47.72222222222222,0.25,2.200198173522949,0.6820087432861328
J. Nobbs,WSL 2019-2020,29,5,3.8219237,3.6377566,51.67525328858459,53.241379310344826,0.1724137931034483,1.1780762672424316,1.362243413925171
J. Nobbs,WSL 2020-2021,31,5,3.3278697,5.0876827,32.02858538025961,50.38709677419355,0.16129032258064516,1.6721303462982178,-0.08768272399902344
J. Nobbs,WSL 2021-2022,18,2,2.5622275,2.0205374,62.95522995890443,47.388888888888886,0.1111111111111111,-0.5622274875640869,-0.020537376403808594
J. Nobbs,WSL 2022-2023,30,6,2.6165097,4.6600523,32.085628487863076,47.333333333333336,0.2,3.3834903240203857,1.3399477005004883
J. Nobbs,WSL 2023-2024,24,2,2.8489766,2.268736,49.71680320561456,48.958333333333336,0.08333333333333333,-0.8489766120910645,-0.2687358856201172
J. Nobbs,WSL 2024-2025,28,1,2.0051603,1.051657,41.27802657487671,47.42857142857143,0.03571428571428571,-1.0051603317260742,-0.05165696144104004
J. Park,WSL 2018-2019,1,0,0.0,0.0,48.333333333333314,50.0,0.0,0.0,0.0
J. Park,WSL 2020-2021,3,0,0.10963455,0.118421055,21.573553874550715,44.666666666666664,0.0,-0.10963454842567444,-0.1184210553765297
J. Park,WSL 2021-2022,16,0,1.6067177,0.47437403,53.47196091522967,53.6875,0.0,-1.6067177057266235,-0.47437402606010437
J. Park,WSL 2022-2023,32,3,2.5669348,3.5859861,36.116080588251286,47.03125,0.09375,0.43306517601013184,-0.5859861373901367
J. Park,WSL 2023-2024,29,4,2.8380704,4.041298,43.70536525437161,49.758620689655174,0.13793103448275862,1.1619296073913574,-0.04129791259765625
J. Park,WSL 2024-2025,31,5,3.595157,4.7146707,43.88221443649054,51.25806451612903,0.16129032258064516,1.4048430919647217,0.28532934188842773
J. Park,WSL 2025-2026,39,6,3.7497337,5.4426384,40.04420133071282,48.0,0.15384615384615385,2.2502663135528564,0.5573616027832031
J. Pennock,WSL 2021-2022,17,2,1.86931,2.651241,56.41069875422853,48.23529411764706,0.11764705882352941,0.13068997859954834,-0.6512410640716553
J. Potter,WSL 2015,20,0,0.7892507,0.074433655,100.51282051282053,46.1,0.0,-0.7892506718635559,-0.07443365454673767
J. Potter,WSL 2016,25,1,1.8280013,0.31944445,152.52185341573278,44.28,0.04,-0.8280012607574463,0.6805555522441864
J. Potter,WSL 2017,2,0,0.08571429,0.0,195.00000000000003,42.0,0.0,-0.08571428805589676,0.0
J. Potter,WSL 2017-2018,15,0,0.3226919,0.0,55.27838937162633,42.0,0.0,-0.3226918876171112,0.0
J. Potter,WSL 2018-2019,6,0,0.46801183,0.0,76.87594968073006,43.333333333333336,0.0,-0.4680118262767792,0.0
J. Potter,WSL 2019-2020,5,1,1.1019924,1.2803698,43.34327905942816,48.6,0.2,-0.10199236869812012,-0.28036975860595703
J. Purfield,WSL 2018-2019,1,0,0.0,0.0,,42.0,0.0,0.0,0.0
J. Purfield,WSL 2020-2021,10,2,1.8476347,2.241862,41.366907835837274,46.0,0.2,0.1523653268814087,-0.24186205863952637
J. Purfield,WSL 2021-2022,14,2,1.7836255,1.5339434,48.94970336019685,43.42857142857143,0.14285714285714285,0.21637451648712158,0.46605658531188965
J. Purfield,WSL 2022-2023,11,0,0.2596496,0.118421055,32.55249023250379,44.18181818181818,0.0,-0.2596496045589447,-0.1184210553765297
J. Rantala,WSL 2023-2024,55,6,5.8437276,5.9712524,40.59673490314505,47.25454545454546,0.10909090909090909,0.15627241134643555,0.02874755859375
J. Rantala,WSL 2024-2025,7,1,1.1486115,0.6111111,55.511520471114565,47.714285714285715,0.14285714285714285,-0.14861154556274414,0.3888888955116272
J. Rantala,WSL 2025-2026,10,0,0.4476919,0.7151148,44.813763245054496,51.8,0.0,-0.4476918876171112,-0.7151147723197937
J. Riviere,WSL 2023-2024,4,0,0.074433655,0.0,45.64202413835332,44.0,0.0,-0.07443365454673767,0.0
J. Riviere,WSL 2024-2025,2,0,0.08283053,0.0,71.5128540070805,42.0,0.0,-0.0828305333852768,0.0
J. Riviere,WSL 2025-2026,6,1,0.48451284,0.24074075,47.61936585220496,51.5,0.16666666666666666,0.5154871642589569,0.7592592537403107
J. Roddar,WSL 2025-2026,3,0,0.24275362,0.80487806,36.92654063596117,55.666666666666664,0.0,-0.24275362491607666,-0.8048780560493469
J. Roord,WSL 2019-2020,20,2,2.3106785,2.2284403,45.633333375899305,47.25,0.1,-0.31067848205566406,-0.2284402847290039
J. Roord,WSL 2020-2021,46,7,4.217835,6.456422,58.779943799608965,48.5,0.15217391304347827,2.782165050506592,0.5435781478881836
J. Roord,WSL 2023-2024,27,6,4.0511985,6.1483865,29.648955355302952,48.370370370370374,0.2222222222222222,1.9488015174865723,-0.14838647842407227
J. Roord,WSL 2024-2025,47,5,6.5405617,5.4599476,40.99483894704284,49.234042553191486,0.10638297872340426,-1.5405616760253906,-0.4599475860595703
J. Rose,WSL 2015,6,0,0.7034489,0.074433655,177.66666666666666,48.833333333333336,0.0,-0.7034488916397095,-0.07443365454673767
J. Rose,WSL 2016,4,0,0.35238817,0.24275362,213.3333333333333,48.0,0.0,-0.3523881733417511,-0.24275362491607666
J. Rose,WSL 2017-2018,2,0,0.125,0.0,39.88547084774405,42.0,0.0,-0.125,0.0
J. Rose,WSL 2025-2026,2,1,0.953125,0.9726027,36.484900557525386,58.5,0.5,0.046875,0.0273972749710083
J. Ross,WSL 2016,38,8,5.7024007,6.4476376,101.10541175521463,45.36842105263158,0.21052631578947367,2.2975993156433105,1.5523624420166016
J. Ross,WSL 2017,11,2,2.022028,1.951814,59.28038906228269,54.63636363636363,0.18181818181818182,-0.022027969360351562,0.04818594455718994
J. Ross,WSL 2017-2018,19,3,2.7319179,2.866828,100.6070776520579,46.68421052631579,0.15789473684210525,0.2680821418762207,0.13317203521728516
J. Ross,WSL 2018-2019,37,7,5.570719,7.7233763,50.39600942288483,47.67567567567568,0.1891891891891892,1.429281234741211,-0.7233762741088867
J. Ross,WSL 2019-2020,9,1,1.1488674,1.3194444,59.79029106983454,47.0,0.1111111111111111,-0.14886736869812012,-0.3194444179534912
J. Ross,WSL 2020-2021,9,2,0.8308387,1.5725534,52.2019238022083,44.666666666666664,0.2222222222222222,1.169161319732666,0.4274466037750244
J. Rybrink,WSL 2024-2025,5,2,1.922822,1.9795918,22.257335042658564,50.0,0.4,0.0771780014038086,0.020408153533935547
J. Rybrink,WSL 2025-2026,1,0,0.13392857,0.0,78.85288693369303,42.0,0.0,-0.1339285671710968,0.0
J. Rytting Kaneryd,WSL 2022-2023,15,1,1.8041153,0.7295322,57.0765657403924,48.93333333333333,0.06666666666666667,-0.8041152954101562,0.2704678177833557
J. Rytting Kaneryd,WSL 2023-2024,22,4,3.5302575,3.8407955,42.2811618164035,49.90909090909091,0.18181818181818182,0.4697425365447998,0.15920448303222656
J. Rytting Kaneryd,WSL 2024-2025,46,4,4.5498343,4.5327387,48.11336522674565,50.21739130434783,0.08695652173913043,-0.5498342514038086,-0.5327386856079102
J. Rytting Kaneryd,WSL 2025-2026,23,2,2.5332348,1.5344102,40.648152813642184,48.608695652173914,0.08695652173913043,-0.5332348346710205,0.4655897617340088
J. Scott,WSL 2015,24,1,3.1785293,0.80487806,147.21913150382605,47.083333333333336,0.041666666666666664,-2.1785292625427246,0.19512194395065308
J. Scott,WSL 2016,36,2,3.0034666,1.727817,105.69204794538543,47.666666666666664,0.05555555555555555,-1.0034666061401367,0.2721829414367676
J. Scott,WSL 2017,16,3,3.552692,2.4308212,91.64062567711379,45.5625,0.1875,-0.5526919364929199,0.5691788196563721
J. Scott,WSL 2017-2018,30,7,4.3121495,7.351447,55.24905597281538,45.766666666666666,0.23333333333333334,2.6878504753112793,-0.35144710540771484
J. Scott,WSL 2018-2019,19,0,2.7605426,1.2007587,56.35076540987997,47.578947368421055,0.0,-2.760542631149292,-1.200758695602417
J. Scott,WSL 2019-2020,11,0,1.6803493,0.0,61.418427530315014,44.18181818181818,0.0,-1.680349349975586,0.0
J. Scott,WSL 2020-2021,20,3,3.0048094,3.1822257,61.53878392038049,43.6,0.15,-0.004809379577636719,-0.18222570419311523
J. Scott,WSL 2021-2022,13,0,1.1978223,0.80487806,111.33002284059918,45.07692307692308,0.0,-1.1978223323822021,-0.8048780560493469
J. Sigsworth,WSL 2016,7,1,1.141703,0.80487806,85.0226461527373,48.857142857142854,0.14285714285714285,-0.14170300960540771,0.19512194395065308
J. Sigsworth,WSL 2019-2020,11,2,2.7517664,2.1372643,90.56884786897866,51.63636363636363,0.18181818181818182,-0.7517664432525635,-0.13726425170898438
J. Sigsworth,WSL 2020-2021,10,3,2.774562,2.5823588,52.57154994826034,47.3,0.3,0.22543811798095703,0.41764116287231445
J. Sigsworth,WSL 2021-2022,20,2,1.5582947,1.2680023,36.37873385929255,46.0,0.1,0.4417053461074829,0.7319977283477783
J. Sonis,WSL 2018-2019,11,1,0.39162093,0.7487469,25.1231093190914,43.81818181818182,0.09090909090909091,0.608379065990448,0.2512531280517578
J. Sonis,WSL 2019-2020,24,0,1.8266914,0.47619048,66.58174834245638,49.375,0.0,-1.8266913890838623,-0.4761904776096344
J. Sonis,WSL 2020-2021,27,4,4.5095854,4.068016,76.58506938793177,47.22222222222222,0.14814814814814814,-0.5095853805541992,-0.06801605224609375
J. Sonis,WSL 2021-2022,14,1,1.2577785,1.1930642,44.17148206371241,47.5,0.07142857142857142,-0.257778525352478,-0.19306421279907227
J. Spetsmark,WSL 2017-2018,1,0,0.13392857,0.0,78.11785967370074,42.0,0.0,-0.1339285671710968,0.0
J. Taylor,WSL 2016,5,2,1.1626879,1.8304899,30.762701876743137,50.0,0.4,0.8373121023178101,0.1695101261138916
J. Taylor,WSL 2017,13,3,3.1987057,3.4129887,71.72230681763162,50.69230769230769,0.23076923076923078,-0.19870567321777344,-0.41298866271972656
J. Taylor,WSL 2017-2018,7,2,2.1930716,1.7356894,62.58017765471244,48.857142857142854,0.2857142857142857,-0.19307160377502441,0.2643105983734131
J. Taylor,WSL 2022-2023,4,0,0.7182796,0.0,65.22020791650277,46.0,0.0,-0.7182796001434326,0.0
J. Thibaud,WSL 2023-2024,4,0,0.15001506,0.0,46.91390647580566,46.0,0.0,-0.15001505613327026,0.0
J. Thibaud,WSL 2024-2025,9,1,1.7744093,2.2434673,59.35508668523752,46.22222222222222,0.1111111111111111,-0.774409294128418,-1.2434673309326172
J. Thibaud,WSL 2025-2026,11,0,0.75975734,0.66683435,48.56729989510597,51.72727272727273,0.0,-0.7597573399543762,-0.6668343544006348
J. Vanhaevermaet,WSL 2021-2022,14,2,2.3191967,1.6866531,65.68744940604816,44.285714285714285,0.14285714285714285,-0.3191967010498047,0.31334686279296875
J. Vanhaevermaet,WSL 2022-2023,18,4,2.8096104,3.588189,41.25487993761061,45.55555555555556,0.2222222222222222,1.190389633178711,0.41181111335754395
J. Vanhaevermaet,WSL 2023-2024,13,1,3.6506681,2.976716,45.684018745743316,48.23076923076923,0.07692307692307693,-2.650668144226074,-1.9767160415649414
J. Vanhaevermaet,WSL 2024-2025,11,1,1.0484233,0.9144928,40.44267520912417,43.45454545454545,0.09090909090909091,-0.04842329025268555,0.08550721406936646
J. Wik,WSL 2017-2018,1,0,0.0,0.0,,42.0,0.0,0.0,0.0
J. Zigiotti Olme,WSL 2021-2022,8,2,1.1830943,1.8571428,91.62483612652242,54.25,0.25,0.8169057369232178,0.14285719394683838
J. Zigiotti Olme,WSL 2022-2023,21,2,1.3878598,3.247192,34.08118420739745,44.714285714285715,0.09523809523809523,0.6121401786804199,-1.2471919059753418
J. Zigiotti Olme,WSL 2023-2024,12,0,1.014626,0.0,51.152010768584624,46.083333333333336,0.0,-1.0146260261535645,0.0
J. Zigiotti Olme,WSL 2025-2026,25,2,3.713506,1.5323696,54.32973250536993,44.96,0.08,-1.7135059833526611,0.46763038635253906
J. Ziu,WSL 2022-2023,1,0,0.0,0.0,15.687928834333443,50.0,0.0,0.0,0.0
J. Ziu,WSL 2023-2024,12,0,1.0111507,0.6756757,39.78848836250769,50.083333333333336,0.0,-1.0111507177352905,-0.6756756901741028
J. Čanković,WSL 2022-2023,11,4,2.6161673,3.7976532,51.72480045682683,46.36363636363637,0.36363636363636365,1.3838326930999756,0.2023468017578125
J. Čanković,WSL 2023-2024,7,0,0.24356312,0.6756757,46.378538301524934,44.285714285714285,0.0,-0.24356311559677124,-0.6756756901741028
J. Čanković,WSL 2024-2025,10,3,0.65135896,1.871465,29.72719139633271,54.3,0.3,2.348641037940979,1.1285350322723389
J. Čanković,WSL 2025-2026,14,2,3.029342,2.5521452,42.56223975999385,50.5,0.14285714285714285,-1.0293419361114502,-0.55214524269104
J. Šimić,WSL 2018-2019,13,2,1.2015672,1.8709182,56.83343004252422,50.53846153846154,0.15384615384615385,0.7984328269958496,0.1290818452835083
J. Šimić,WSL 2019-2020,1,0,0.0,0.0,,50.0,0.0,0.0,0.0
Jade Boho,WSL 2016,1,0,0.0,0.0,10.000000000000025,38.0,0.0,0.0,0.0
Jana Fernández,WSL 2025-2026,22,1,1.7085209,1.4872714,48.95523698136726,48.72727272727273,0.045454545454545456,-0.7085208892822266,-0.48727142810821533
Jeon Ga-Eul,WSL 2021-2022,2,0,0.13392857,0.0,78.18213267097426,42.0,0.0,-0.1339285671710968,0.0
Ji So-Yun,WSL 2015,34,5,4.5956383,4.1873407,99.01616080565391,49.35294117647059,0.14705882352941177,0.4043617248535156,0.8126592636108398
Ji So-Yun,WSL 2016,24,5,3.716166,5.1588964,63.41121064179801,51.458333333333336,0.20833333333333334,1.2838339805603027,-0.15889644622802734
Ji So-Yun,WSL 2017,25,4,3.564292,3.3531423,87.6019657941661,48.12,0.16,0.43570804595947266,0.646857738494873
Ji So-Yun,WSL 2017-2018,34,6,4.0413013,6.5934095,58.09588307358853,47.911764705882355,0.17647058823529413,1.9586987495422363,-0.593409538269043
Ji So-Yun,WSL 2018-2019,42,6,4.782554,5.466842,54.00550658730108,47.142857142857146,0.14285714285714285,1.2174458503723145,0.5331578254699707
Ji So-Yun,WSL 2019-2020,40,6,4.8772554,5.905789,66.08133869361917,46.225,0.15,1.1227445602416992,0.09421110153198242
Ji So-Yun,WSL 2020-2021,30,2,1.9524627,2.2459471,56.241377432014694,45.0,0.06666666666666667,0.04753732681274414,-0.24594712257385254
Ji So-Yun,WSL 2021-2022,17,0,1.0619776,0.31944445,51.52477795703012,46.23529411764706,0.0,-1.0619776248931885,-0.3194444477558136
Júlia Bartel,WSL 2024-2025,1,0,0.0,0.0,38.333333333333286,42.0,0.0,0.0,0.0
K. Aldridge,WSL 2017-2018,3,0,0.0,0.0,1.6666666666666903,50.0,0.0,0.0,0.0
K. Asllani,WSL 2016,18,1,2.2694411,1.0,94.73916289003468,48.27777777777778,0.05555555555555555,-1.2694411277770996,0.0
K. Asllani,WSL 2017,5,1,1.6581445,0.97959185,169.8925443732281,46.8,0.2,-0.658144474029541,0.020408153533935547
K. Asllani,WSL 2025-2026,18,2,2.7357602,2.6438136,38.74128288353606,45.833333333333336,0.1111111111111111,-0.7357602119445801,-0.6438136100769043
K. Barton,WSL 2017-2018,15,0,2.4778554,0.31944445,72.01283768573816,49.06666666666667,0.0,-2.4778554439544678,-0.3194444477558136
K. Barton,WSL 2018-2019,30,2,2.7809238,2.4058118,60.409034477826715,46.6,0.06666666666666667,-0.7809238433837891,-0.40581178665161133
K. Barton,WSL 2019-2020,21,2,3.2645192,2.5335784,85.25386688626982,47.80952380952381,0.09523809523809523,-1.264519214630127,-0.5335783958435059
K. Barton,WSL 2020-2021,16,0,1.4183147,0.3125,100.24279878510761,47.0625,0.0,-1.4183146953582764,-0.3125
K. Barton,WSL 2021-2022,15,3,1.5039272,3.206054,48.197219472412435,46.333333333333336,0.2,1.496072769165039,-0.2060539722442627
K. Barton,WSL 2022-2023,7,2,1.5423539,1.4174573,47.08471480859759,44.285714285714285,0.2857142857142857,0.45764613151550293,0.5825426578521729
K. Baunach,WSL 2019-2020,9,3,1.6776799,2.7540905,43.005479171631904,44.22222222222222,0.3333333333333333,1.3223201036453247,0.2459094524383545
K. Benameur,WSL 2021-2022,1,1,0.969697,0.9927799,56.084856343857346,50.0,1.0,0.030303001403808594,0.007220089435577393
K. Buchanan,WSL 2022-2023,2,1,1.0755814,1.0980129,24.90728712417895,46.0,0.5,-0.07558143138885498,-0.09801292419433594
K. Buchanan,WSL 2023-2024,2,1,0.4516129,0.5119048,14.966044655840971,46.0,0.5,0.5483871102333069,0.488095223903656
K. Buchanan,WSL 2024-2025,3,0,0.36775362,0.63032585,19.759689138490263,53.0,0.0,-0.36775362491607666,-0.6303258538246155
K. Buchanan,WSL 2025-2026,1,0,0.074433655,0.0,78.11785967370074,42.0,0.0,-0.07443365454673767,0.0
K. Carney,WSL 2015,24,3,3.8200932,2.8794038,103.9765109818249,46.541666666666664,0.125,-0.8200931549072266,0.12059617042541504
K. Carney,WSL 2016,36,3,4.118017,2.7784052,82.18482498189333,46.02777777777778,0.08333333333333333,-1.1180171966552734,0.22159481048583984
K. Carney,WSL 2017,12,4,2.1675413,3.1048558,31.63562685393201,48.75,0.3333333333333333,1.832458734512329,0.8951442241668701
K. Carney,WSL 2017-2018,15,3,1.0720326,2.2562313,51.0200525306536,47.2,0.2,1.9279674291610718,0.7437686920166016
K. Carney,WSL 2018-2019,18,1,2.5188386,2.866511,107.5582369591677,46.44444444444444,0.05555555555555555,-1.51883864402771,-1.8665111064910889
K. Casparij,WSL 2022-2023,4,0,0.075581394,0.0,49.66305116971653,54.25,0.0,-0.075581394135952,0.0
K. Casparij,WSL 2023-2024,4,1,1.0627595,1.0,47.378152436957166,50.0,0.25,-0.06275951862335205,0.0
K. Casparij,WSL 2024-2025,12,2,2.8441014,2.626365,54.21370308101626,48.833333333333336,0.16666666666666666,-0.8441014289855957,-0.6263649463653564
K. Casparij,WSL 2025-2026,15,3,2.2646801,2.7313988,27.549529728589825,49.6,0.2,0.7353198528289795,0.2686011791229248
K. Chapman,WSL 2015,18,1,1.0696211,0.47619048,110.31449428863392,47.888888888888886,0.05555555555555555,-0.06962108612060547,0.5238095223903656
K. Chapman,WSL 2016,28,6,3.3000727,4.089463,70.51329414028001,45.5,0.21428571428571427,2.69992733001709,1.910536766052246
K. Chapman,WSL 2017,6,0,1.1522652,0.0,173.0,51.5,0.0,-1.152265191078186,0.0
K. Chapman,WSL 2017-2018,17,0,0.6282127,0.118421055,198.9523083677283,42.94117647058823,0.0,-0.6282126903533936,-0.1184210553765297
K. Cooney-Cross,WSL 2023-2024,5,0,0.074433655,0.31944445,49.18916684393338,61.8,0.0,-0.07443365454673767,-0.3194444477558136
K. Cooney-Cross,WSL 2024-2025,11,0,0.7703199,0.51019275,44.1212664962941,46.45454545454545,0.0,-0.7703198790550232,-0.5101927518844604
K. Cooney-Cross,WSL 2025-2026,6,0,0.1840682,0.0,41.23632093277529,50.166666666666664,0.0,-0.1840682029724121,0.0
K. Dali,WSL 2019-2020,21,2,1.9066759,1.4802355,73.05022494548871,47.095238095238095,0.09523809523809523,0.09332406520843506,0.5197645425796509
K. Dali,WSL 2020-2021,34,3,2.805149,3.456984,49.27692711703172,44.85294117647059,0.08823529411764706,0.19485092163085938,-0.4569840431213379
K. Dali,WSL 2021-2022,26,0,1.2285175,0.4378655,44.04129004693659,45.61538461538461,0.0,-1.2285175323486328,-0.4378654956817627
K. Dali,WSL 2022-2023,34,5,4.302955,5.6525235,36.90859246812302,50.1764705882353,0.14705882352941177,0.697044849395752,-0.6525235176086426
K. Dali,WSL 2023-2024,25,1,0.9085101,1.8373866,33.62087361262193,44.44,0.04,0.09148991107940674,-0.8373866081237793
K. Dali,WSL 2024-2025,6,1,0.6004802,0.9285714,46.691303293936045,44.666666666666664,0.16666666666666666,0.39951980113983154,0.07142859697341919
K. Gago,WSL 2024-2025,17,4,3.211725,3.786873,40.14505350126285,47.76470588235294,0.23529411764705882,0.7882750034332275,0.21312689781188965
K. Gago,WSL 2025-2026,13,4,2.5845795,3.7753148,32.29580936713605,48.84615384615385,0.3076923076923077,1.4154205322265625,0.2246851921081543
K. Gorry,WSL 2023-2024,9,0,0.8936576,0.0,70.06088729884647,48.44444444444444,0.0,-0.8936576247215271,0.0
K. Gorry,WSL 2024-2025,27,3,2.508672,2.9023497,37.683334671375455,44.629629629629626,0.1111111111111111,0.49132800102233887,0.09765028953552246
K. Gorry,WSL 2025-2026,20,0,1.2120209,0.0,51.745432096064235,47.25,0.0,-1.2120208740234375,0.0
K. Graham,WSL 2019-2020,40,3,2.7900243,2.7663634,79.80368208348466,47.425,0.075,0.2099757194519043,0.23363661766052246
K. Graham,WSL 2020-2021,22,1,1.7371062,2.706602,68.41716395359518,46.63636363636363,0.045454545454545456,-0.737106204032898,-1.7066020965576172
K. Graham,WSL 2021-2022,26,2,2.0624313,2.2934716,53.70935929492425,45.88461538461539,0.07692307692307693,-0.06243133544921875,-0.2934715747833252
K. Graham,WSL 2022-2023,11,2,2.5340862,1.9677229,58.346214359276836,44.90909090909091,0.18181818181818182,-0.5340862274169922,0.03227710723876953
K. Graham,WSL 2023-2024,14,0,0.99060965,0.23684211,59.67577312123713,49.07142857142857,0.0,-0.9906096458435059,-0.2368421107530594
K. Hanson,WSL 2019-2020,16,3,3.866356,3.5397782,68.37230026906079,47.625,0.1875,-0.8663558959960938,-0.5397782325744629
K. Hanson,WSL 2020-2021,29,5,5.7363076,4.8609767,64.31477594213797,51.724137931034484,0.1724137931034483,-0.7363076210021973,0.1390233039855957
K. Hanson,WSL 2021-2022,14,1,1.3143786,1.2059361,47.78667670268998,46.0,0.07142857142857142,-0.31437861919403076,-0.20593607425689697
K. Hanson,WSL 2022-2023,37,7,4.299087,6.0540514,36.8670325697799,48.108108108108105,0.1891891891891892,2.7009129524230957,0.945948600769043
K. Hanson,WSL 2023-2024,21,0,2.1077938,2.8346682,41.718099568308155,48.57142857142857,0.0,-2.1077938079833984,-2.8346681594848633
K. Hanson,WSL 2024-2025,27,3,2.4747398,2.8293493,40.08459450875694,47.666666666666664,0.1111111111111111,0.5252602100372314,0.17065072059631348
K. Hanson,WSL 2025-2026,56,12,8.466088,10.566322,47.68156770823714,50.25,0.21428571428571427,3.53391170501709,1.4336776733398438
K. Harrop,WSL 2015,10,1,1.1918161,0.68115944,185.34412824958468,50.1,0.1,-0.19181609153747559,0.31884056329727173
K. Harrop,WSL 2016,8,2,0.7841198,1.098367,73.14006251058912,44.0,0.25,1.2158802151679993,0.9016330242156982
K. Harrop,WSL 2017,3,0,0.19943365,0.0,168.33333333333331,44.666666666666664,0.0,-0.19943365454673767,0.0
K. Harrop,WSL 2017-2018,11,0,0.5358002,0.9880953,71.85585086042197,50.90909090909091,0.0,-0.5358002185821533,-0.9880952835083008
K. Harrop,WSL 2018-2019,11,2,2.1116748,2.4918635,51.06061580763363,48.72727272727273,0.18181818181818182,-0.11167478561401367,-0.491863489151001
K. Harrop,WSL 2019-2020,7,2,1.3621274,1.6552675,113.8174336903945,44.285714285714285,0.2857142857142857,0.637872576713562,0.34473252296447754
K. Harrop,WSL 2020-2021,5,1,0.7841198,0.9881757,36.55336655403404,44.4,0.2,0.21588021516799927,0.011824309825897217
K. Harrop,WSL 2021-2022,7,1,0.28279588,0.6111111,46.52272521480115,43.142857142857146,0.14285714285714285,0.7172041237354279,0.3888888955116272
K. Harrop,WSL 2022-2023,4,0,0.074433655,0.0,46.875707630008165,46.0,0.0,-0.07443365454673767,0.0
K. Hines,WSL 2016,19,0,0.9567282,0.13392857,90.78431372549021,47.63157894736842,0.0,-0.9567282199859619,-0.1339285671710968
K. Hines,WSL 2017,1,0,0.0,0.0,60.00000000000002,42.0,0.0,0.0,0.0
K. Holmgaard,WSL 2022-2023,8,1,0.1380753,0.65,23.093214770122735,45.0,0.125,0.8619246929883957,0.3500000238418579
K. Holmgaard,WSL 2023-2024,6,2,0.72077155,2.248645,38.22408930190726,42.0,0.3333333333333333,1.2792284488677979,-0.24864506721496582
K. Holmgaard,WSL 2024-2025,4,2,1.8960574,2.3311594,29.08241923159415,47.25,0.5,0.1039426326751709,-0.3311593532562256
K. Holmgaard,WSL 2025-2026,2,0,0.074433655,0.0,48.81274704332434,46.0,0.0,-0.07443365454673767,0.0
K. Johnston,WSL 2015,10,0,0.43215182,0.31944445,75.03457035929044,45.2,0.0,-0.43215182423591614,-0.3194444477558136
K. Johnston,WSL 2016,4,0,0.4234234,0.0,79.16666666666666,46.0,0.0,-0.4234234094619751,0.0
K. Keating,WSL 2023-2024,1,1,0.969697,1.0,52.52311660381339,50.0,1.0,0.030303001403808594,0.0
K. Kühl,WSL 2022-2023,8,0,0.9734215,0.0,49.04041407312059,47.0,0.0,-0.9734215140342712,0.0
K. Kühl,WSL 2023-2024,6,0,0.46200165,0.0,63.04291940708683,43.333333333333336,0.0,-0.46200165152549744,0.0
K. Lampson,WSL 2022-2023,40,9,8.397612,9.58356,39.485341587261644,46.0,0.225,0.6023883819580078,-0.5835599899291992
K. Lampson,WSL 2024-2025,37,4,5.442547,3.8733275,43.75354481220594,50.027027027027025,0.10810810810810811,-1.4425468444824219,0.12667250633239746
K. Leine,WSL 2019-2020,6,1,1.7956979,1.7701725,53.06213281977371,51.5,0.16666666666666666,-0.7956979274749756,-0.7701724767684937
K. Leine,WSL 2020-2021,4,0,0.4345816,0.0,66.91013778539197,44.0,0.0,-0.43458160758018494,0.0
K. Levell,WSL 2021-2022,1,1,0.969697,0.97959185,47.49842102638783,50.0,1.0,0.030303001403808594,0.020408153533935547
K. Levell,WSL 2022-2023,1,1,0.969697,0.97959185,56.465722148731736,50.0,1.0,0.030303001403808594,0.020408153533935547
K. Linnett,WSL 2015,19,0,1.4015106,0.0,75.88888888888891,48.36842105263158,0.0,-1.4015105962753296,0.0
K. Linnett,WSL 2016,17,4,2.8086836,3.5213735,137.79595465986966,44.8235294117647,0.23529411764705882,1.1913163661956787,0.4786264896392822
K. Linnett,WSL 2017,13,0,0.48736933,0.0,60.49999999999998,45.69230769230769,0.0,-0.4873693287372589,0.0
K. Linnett,WSL 2017-2018,10,1,0.9447125,1.3167828,43.19434949160204,46.0,0.1,0.05528748035430908,-0.3167828321456909
K. Linnett,WSL 2018-2019,10,1,0.8500167,0.9285714,60.46755331082566,46.0,0.1,0.14998328685760498,0.07142859697341919
K. Linnett,WSL 2019-2020,17,0,0.48217174,0.0,88.03126263813373,48.0,0.0,-0.4821717441082001,0.0
K. Lipka,WSL 2016,1,0,0.0,0.0,,42.0,0.0,0.0,0.0
K. Lipka,WSL 2017-2018,4,0,0.0,0.0,4.999999999999952,46.0,0.0,0.0,0.0
K. Little,WSL 2017-2018,18,3,2.9160163,2.3672087,53.133316585977305,47.44444444444444,0.16666666666666666,0.0839836597442627,0.63279128074646
K. Little,WSL 2018-2019,22,8,5.282595,5.981005,45.12122865208457,49.90909090909091,0.36363636363636365,2.717404842376709,2.0189948081970215
K. Little,WSL 2019-2020,14,5,1.8078085,3.630186,36.87645463723378,49.5,0.35714285714285715,3.192191481590271,1.3698139190673828
K. Little,WSL 2020-2021,20,5,4.0676746,4.7265525,47.38053224075557,51.7,0.25,0.9323253631591797,0.27344751358032227
K. Little,WSL 2021-2022,22,6,2.8351758,3.5209744,36.95855954356328,46.22727272727273,0.2727272727272727,3.1648242473602295,2.4790256023406982
K. Little,WSL 2022-2023,12,4,4.2572064,4.0679727,40.608227130764675,48.666666666666664,0.3333333333333333,-0.25720643997192383,-0.06797266006469727
K. Little,WSL 2023-2024,17,1,3.1309106,2.501626,46.288240566626065,48.1764705882353,0.058823529411764705,-2.130910634994507,-1.5016260147094727
K. Little,WSL 2024-2025,7,1,0.50168216,0.68115944,38.21239349777705,47.714285714285715,0.14285714285714285,0.4983178377151489,0.31884056329727173
K. Little,WSL 2025-2026,10,0,0.74405485,0.0,45.74162737905802,49.4,0.0,-0.7440548539161682,0.0
K. Longhurst,WSL 2015,8,0,0.57190037,0.0,211.66666666666666,51.25,0.0,-0.5719003677368164,0.0
K. Longhurst,WSL 2016,1,0,0.0,0.0,,50.0,0.0,0.0,0.0
K. Longhurst,WSL 2017,2,0,0.10963455,0.0,13.333333333333286,46.0,0.0,-0.10963454842567444,0.0
K. Longhurst,WSL 2017-2018,7,1,1.482867,1.590703,91.41695167812851,43.142857142857146,0.14285714285714285,-0.4828670024871826,-0.590703010559082
K. Longhurst,WSL 2018-2019,20,2,2.633535,2.6280565,145.70486657927373,48.1,0.1,-0.6335349082946777,-0.628056526184082
K. Longhurst,WSL 2019-2020,11,0,0.21250896,0.24074075,146.46117843458805,47.18181818181818,0.0,-0.21250896155834198,-0.24074074625968933
K. Longhurst,WSL 2020-2021,6,0,0.6580579,0.6111111,61.47711848054964,51.666666666666664,0.0,-0.6580579280853271,-0.6111111044883728
K. Longhurst,WSL 2021-2022,8,1,0.24770986,1.0238096,36.882113045865765,46.625,0.125,0.7522901445627213,-0.02380955219268799
K. Longhurst,WSL 2022-2023,5,0,0.23463455,0.39177167,33.53792487003665,53.6,0.0,-0.23463454842567444,-0.39177167415618896
K. MacLean,WSL 2025-2026,7,0,0.8802573,0.67119884,42.780172416744016,46.57142857142857,0.0,-0.8802573084831238,-0.671198844909668
K. McCabe,WSL 2016,7,0,0.43807003,0.0,82.2222222222222,48.857142857142854,0.0,-0.43807002902030945,0.0
K. McCabe,WSL 2017,6,0,0.0,0.0,75.55555555555556,49.666666666666664,0.0,0.0,0.0
K. McCabe,WSL 2017-2018,10,2,0.91997373,1.803952,73.32435053127912,46.0,0.2,1.0800262689590454,0.19604802131652832
K. McCabe,WSL 2018-2019,42,5,2.7015157,4.0957437,66.06571945199994,47.11904761904762,0.11904761904761904,2.2984843254089355,0.9042563438415527
K. McCabe,WSL 2019-2020,13,0,1.2939465,0.83060527,59.35595056038826,47.53846153846154,0.0,-1.2939465045928955,-0.8306052684783936
K. McCabe,WSL 2020-2021,24,4,2.007674,3.3560522,48.15224736187556,45.875,0.16666666666666666,1.992326021194458,0.6439478397369385
K. McCabe,WSL 2021-2022,26,5,2.8650053,4.2486243,34.63135676197598,47.34615384615385,0.19230769230769232,2.1349947452545166,0.751375675201416
K. McCabe,WSL 2022-2023,24,3,3.9941146,5.2523217,48.808769518803246,52.083333333333336,0.125,-0.9941146373748779,-2.252321720123291
K. McCabe,WSL 2023-2024,29,3,2.305779,2.0229168,37.267875638961584,47.758620689655174,0.10344827586206896,0.694221019744873,0.9770832061767578
K. McCabe,WSL 2024-2025,17,1,0.90421,1.2673304,32.19640064290243,45.05882352941177,0.058823529411764705,0.09579002857208252,-0.2673304080963135
K. McCabe,WSL 2025-2026,20,1,0.7448252,1.394192,41.08368925688839,50.7,0.05,0.25517481565475464,-0.3941919803619385
K. McCarthy,WSL 2016,1,0,0.0,0.0,39.99999999999997,42.0,0.0,0.0,0.0
K. McDougall,WSL 2015,1,0,0.0,0.0,36.666666666666714,67.0,0.0,0.0,0.0
K. Mewis,WSL 2023-2024,3,0,0.075581394,0.0,40.248239870546705,42.0,0.0,-0.075581394135952,0.0
K. Natkiel,WSL 2018-2019,8,0,0.20836222,0.0,104.1666666666667,45.0,0.0,-0.20836222171783447,0.0
K. Natkiel,WSL 2019-2020,9,0,0.14886731,0.0,57.21275070142496,52.666666666666664,0.0,-0.14886730909347534,0.0
K. Olesen,WSL 2024-2025,2,0,0.0,0.0,45.59238168208661,52.5,0.0,0.0,0.0
K. Pearce,WSL 2018-2019,8,1,1.2479755,1.2133435,51.849554735182934,50.25,0.125,-0.24797546863555908,-0.21334350109100342
K. Ramshaw,WSL 2017,4,0,0.3862616,0.0,111.66666666666666,44.0,0.0,-0.38626161217689514,0.0
K. Ramshaw,WSL 2017-2018,21,3,2.3440173,3.4670148,55.56130157452829,47.0,0.14285714285714285,0.6559827327728271,-0.46701478958129883
K. Reid,WSL 2024-2025,1,0,0.074433655,0.0,78.23156509860823,42.0,0.0,-0.07443365454673767,0.0
K. Robinson,WSL 2018-2019,3,0,0.58385396,0.0,437.74385503286936,55.666666666666664,0.0,-0.5838539600372314,0.0
K. Robinson,WSL 2019-2020,1,0,0.074433655,0.0,77.94043309548074,50.0,0.0,-0.07443365454673767,0.0
K. Robinson,WSL 2021-2022,2,0,0.1380753,0.0,38.62677779721415,46.0,0.0,-0.1380753070116043,0.0
K. Robinson,WSL 2022-2023,28,4,2.6259866,3.3554215,47.31326464097475,49.214285714285715,0.14285714285714285,1.3740134239196777,0.6445784568786621
K. Robinson,WSL 2023-2024,12,3,1.4585153,2.7032454,31.411401958808284,54.916666666666664,0.25,1.5414847135543823,0.2967545986175537
K. Robinson,WSL 2024-2025,6,0,0.59445953,0.0,59.69282660682389,47.333333333333336,0.0,-0.5944595336914062,0.0
K. Robinson,WSL 2025-2026,2,0,0.0,0.0,24.166666666666654,48.5,0.0,0.0,0.0
K. Rood,WSL 2018-2019,1,1,0.26666668,0.8582677,19.713221733423257,50.0,1.0,0.7333333194255829,0.14173227548599243
K. Seike,WSL 2024-2025,38,6,5.1992292,5.6316986,42.92780065298786,51.421052631578945,0.15789473684210525,0.8007707595825195,0.3683013916015625
K. Seike,WSL 2025-2026,42,8,5.7432218,6.5943613,41.21081732647062,50.5,0.19047619047619047,2.2567782402038574,1.4056386947631836
K. Shaw,WSL 2021-2022,40,9,6.3923264,8.510304,46.995451225466994,48.0,0.225,2.6076736450195312,0.48969554901123047
K. Shaw,WSL 2022-2023,124,20,19.165562,21.794577,42.592639514179005,47.62096774193548,0.16129032258064516,0.8344383239746094,-1.794576644897461
K. Shaw,WSL 2023-2024,78,21,14.211783,20.748377,40.65138665439036,48.06410256410256,0.2692307692307692,6.788216590881348,0.25162315368652344
K. Shaw,WSL 2024-2025,52,12,10.9658985,11.481048,49.59621764265507,48.65384615384615,0.23076923076923078,1.0341014862060547,0.5189523696899414
K. Shaw,WSL 2025-2026,118,21,20.808208,20.871302,45.42334228813658,47.889830508474574,0.17796610169491525,0.19179153442382812,0.12869834899902344
K. Simon,WSL 2021-2022,19,3,2.3423145,3.0913465,47.48344515290914,54.31578947368421,0.15789473684210525,0.6576855182647705,-0.09134650230407715
K. Sjoman,WSL 2016,1,1,0.969697,0.97959185,40.28026812224566,50.0,1.0,0.030303001403808594,0.020408153533935547
K. Sjoman,WSL 2017-2018,3,0,0.21250896,0.0,76.77026728601545,47.333333333333336,0.0,-0.21250896155834198,0.0
K. Skeels,WSL 2020-2021,4,0,0.4911003,0.8244048,37.99107358069792,46.0,0.0,-0.4911003112792969,-0.824404776096344
K. Smith,WSL 2015,2,0,0.023809524,0.0,243.33333333333323,46.0,0.0,-0.02380952425301075,0.0
K. Smith,WSL 2016,4,1,0.25850186,0.15492958,84.57331613144757,42.0,0.25,0.7414981424808502,0.8450704216957092
K. Smith,WSL 2019-2020,2,0,0.075581394,0.118421055,13.856807392437528,42.0,0.0,-0.075581394135952,-0.1184210553765297
K. Smith,WSL 2020-2021,1,0,0.0,0.0,53.33333333333338,50.0,0.0,0.0,0.0
K. Smith,WSL 2021-2022,1,0,0.0,0.0,6.666666666666643,42.0,0.0,0.0,0.0
K. Smith,WSL 2022-2023,5,0,0.5305057,0.5562866,45.15841190044566,46.8,0.0,-0.5305057168006897,-0.5562865734100342
K. Smith,WSL 2023-2024,9,1,2.523377,0.9722222,47.33579032477379,51.0,0.1111111111111111,-1.5233769416809082,0.027777791023254395
K. Smith,WSL 2024-2025,3,0,0.074433655,0.0,62.09914254440321,55.666666666666664,0.0,-0.07443365454673767,0.0
K. Snoeijs,WSL 2022-2023,42,7,5.7010264,6.885153,41.18361364030064,50.214285714285715,0.16666666666666666,1.298973560333252,0.11484718322753906
K. Snoeijs,WSL 2023-2024,25,3,3.2733927,3.6754966,35.53041428366277,50.08,0.12,-0.2733926773071289,-0.6754965782165527
K. Snoeijs,WSL 2024-2025,27,4,4.011857,4.288307,40.1624117119264,50.7037037037037,0.14814814814814814,-0.011857032775878906,-0.28830718994140625
K. Snoeijs,WSL 2025-2026,8,2,1.4464606,1.5824056,41.3909753851837,49.125,0.25,0.5535393953323364,0.41759443283081055
K. Svitková,WSL 2020-2021,11,3,1.3399732,2.7596397,51.8732612570501,47.63636363636363,0.2727272727272727,1.6600267887115479,0.24036026000976562
K. Svitková,WSL 2021-2022,28,2,2.73429,1.5119047,69.6877936012773,48.0,0.07142857142857142,-0.7342898845672607,0.4880952835083008
K. Veje,WSL 2018-2019,6,0,0.075581394,0.15492958,44.972693895149575,46.0,0.0,-0.075581394135952,-0.15492957830429077
K. Veje,WSL 2022-2023,10,0,0.63711417,0.6756757,35.045523626888084,46.1,0.0,-0.6371141672134399,-0.6756756901741028
K. Veje,WSL 2023-2024,3,0,0.19943365,0.0,58.4751944665349,42.0,0.0,-0.19943365454673767,0.0
K. Veje,WSL 2024-2025,4,0,0.0,0.0,40.916254427821414,52.25,0.0,0.0,0.0
K. Walsh,WSL 2015,3,0,0.1840682,0.0,160.83333333333337,42.0,0.0,-0.1840682029724121,0.0
K. Walsh,WSL 2016,1,0,0.0,0.0,11.666666666666714,42.0,0.0,0.0,0.0
K. Walsh,WSL 2017,5,0,0.14886731,0.0,42.916666666666686,42.0,0.0,-0.14886730909347534,0.0
K. Walsh,WSL 2017-2018,12,0,0.93965054,0.39567032,89.24600727548854,44.75,0.0,-0.9396505355834961,-0.3956703245639801
K. Walsh,WSL 2018-2019,11,1,0.66251874,0.63032585,72.50035291514148,44.18181818181818,0.09090909090909091,0.3374812602996826,0.3696741461753845
K. Walsh,WSL 2019-2020,10,2,1.2400676,1.2916666,59.046252532195,44.6,0.2,0.7599323987960815,0.7083333730697632
K. Walsh,WSL 2020-2021,10,2,0.48631674,1.5661376,23.440189945211554,45.3,0.2,1.513683259487152,0.43386244773864746
K. Walsh,WSL 2021-2022,7,1,1.4354165,1.3608656,39.78847752331534,43.42857142857143,0.14285714285714285,-0.43541646003723145,-0.36086559295654297
K. Walsh,WSL 2024-2025,1,0,0.0,0.0,46.57121189938886,42.0,0.0,0.0,0.0
K. Walsh,WSL 2025-2026,28,2,1.5181496,2.1001759,46.59503211430969,48.142857142857146,0.07142857142857142,0.48185038566589355,-0.10017585754394531
K. Weir,WSL 2022-2023,1,0,0.0,0.0,26.66666666666669,42.0,0.0,0.0,0.0
K. Zelem,WSL 2015,11,0,0.7939037,0.13392857,110.62500000000001,46.36363636363637,0.0,-0.7939037084579468,-0.1339285671710968
K. Zelem,WSL 2016,29,6,3.638403,4.598903,96.75452046291441,43.93103448275862,0.20689655172413793,2.3615970611572266,1.4010968208312988
K. Zelem,WSL 2017,9,3,1.6987573,2.0133219,44.61876535673294,47.333333333333336,0.3333333333333333,1.301242709159851,0.9866781234741211
K. Zelem,WSL 2019-2020,25,5,4.3136644,4.887646,54.384040292739606,44.08,0.2,0.686335563659668,0.11235380172729492
K. Zelem,WSL 2020-2021,31,2,2.2818043,2.2941773,47.78590346770655,45.16129032258065,0.06451612903225806,-0.28180432319641113,-0.2941772937774658
K. Zelem,WSL 2021-2022,29,5,3.8810744,4.904485,59.40966858939934,44.827586206896555,0.1724137931034483,1.1189255714416504,0.09551477432250977
K. Zelem,WSL 2022-2023,26,3,4.268585,4.228532,43.061862226688504,44.15384615384615,0.11538461538461539,-1.268585205078125,-1.228531837463379
K. Zelem,WSL 2023-2024,18,1,1.5114961,1.2279518,50.695805788381385,46.611111111111114,0.05555555555555555,-0.5114960670471191,-0.2279517650604248
K. Zelem,WSL 2025-2026,4,0,0.24356312,0.6111111,52.46489343045852,42.0,0.0,-0.24356311559677124,-0.6111111044883728
K. van Es,WSL 2019-2020,1,0,0.074433655,0.0,496.6666666666667,67.0,0.0,-0.07443365454673767,0.0
K. Ómarsdottir,WSL 2015,4,0,0.37630123,0.0,35.00000000000002,44.0,0.0,-0.37630122900009155,0.0
K. Ómarsdottir,WSL 2016,23,1,1.4012375,0.68115944,68.29947546675487,50.17391304347826,0.043478260869565216,-0.40123748779296875,0.31884056329727173
Kerolin,WSL 2024-2025,31,3,3.0286427,2.9645512,44.71190971606597,50.225806451612904,0.0967741935483871,-0.028642654418945312,0.03544878959655762
Kerolin,WSL 2025-2026,30,9,5.8077345,8.687457,30.11612330588535,52.5,0.3,3.192265510559082,0.3125429153442383
L. Agg,WSL 2017,1,1,0.1380753,0.6111111,42.41082147020711,42.0,1.0,0.8619246929883957,0.3888888955116272
L. Arnot,WSL 2019-2020,1,0,0.7011494,0.8582677,29.243422812280013,50.0,0.0,-0.7011494040489197,-0.8582677245140076
L. Bance,WSL 2020-2021,1,0,0.0,0.0,26.66666666666669,42.0,0.0,0.0,0.0
L. Bance,WSL 2022-2023,3,0,0.4234234,0.0,51.88542733490775,50.0,0.0,-0.4234234094619751,0.0
L. Bassett,WSL 2015,2,0,0.24275362,0.0,4.999999999999952,50.0,0.0,-0.24275362491607666,0.0
L. Bassett,WSL 2016,3,0,0.2192691,0.0,97.22222222222221,42.0,0.0,-0.21926909685134888,0.0
L. Blindkilde Brown,WSL 2021-2022,3,0,0.0,0.0,44.97102411163818,42.0,0.0,0.0,0.0
L. Blindkilde Brown,WSL 2022-2023,6,0,0.4672908,0.0,45.05145019429552,46.0,0.0,-0.4672907888889313,0.0
L. Blindkilde Brown,WSL 2023-2024,11,1,2.4371717,2.8921006,43.401967696037765,52.09090909090909,0.09090909090909091,-1.4371716976165771,-1.8921005725860596
L. Blindkilde Brown,WSL 2024-2025,4,0,0.24275362,0.0,39.34038233324125,48.0,0.0,-0.24275362491607666,0.0
L. Blindkilde Brown,WSL 2025-2026,11,1,1.7548667,1.0906433,49.567875779202474,46.81818181818182,0.09090909090909091,-0.7548667192459106,-0.09064328670501709
L. Bronze,WSL 2015,5,2,1.5511662,1.8304899,85.38867411371524,56.8,0.4,0.4488338232040405,0.1695101261138916
L. Bronze,WSL 2016,19,2,1.1895323,2.5429666,63.06667687874864,51.31578947368421,0.10526315789473684,0.8104677200317383,-0.5429666042327881
L. Bronze,WSL 2017,6,1,0.6004802,1.0470364,74.26002276780811,43.333333333333336,0.16666666666666666,0.39951980113983154,-0.04703640937805176
L. Bronze,WSL 2020-2021,28,2,2.6995215,2.8686109,86.34717926345449,49.464285714285715,0.07142857142857142,-0.699521541595459,-0.8686108589172363
L. Bronze,WSL 2021-2022,11,0,0.9492698,0.0,217.901244253582,47.90909090909091,0.0,-0.9492697715759277,0.0
L. Bronze,WSL 2024-2025,20,2,1.393325,1.905638,38.99594619159154,51.4,0.1,0.6066750288009644,0.09436202049255371
L. Bronze,WSL 2025-2026,8,0,1.054347,0.0,44.173128094420896,51.25,0.0,-1.054347038269043,0.0
L. Bruton,WSL 2016,6,0,1.5654905,0.75609756,127.66666666666666,47.333333333333336,0.0,-1.565490484237671,-0.7560975551605225
L. Bruton,WSL 2017,14,2,2.0134506,1.5866288,73.0610851124881,49.0,0.14285714285714285,-0.01345062255859375,0.413371205329895
L. Bruton,WSL 2017-2018,33,3,2.9941568,4.557326,60.915292046575914,47.515151515151516,0.09090909090909091,0.005843162536621094,-1.557325839996338
L. Bruton,WSL 2018-2019,25,3,2.2215588,3.2100496,46.21905848483349,47.36,0.12,0.7784411907196045,-0.21004962921142578
L. Bruton,WSL 2020-2021,17,3,3.7987146,3.2374759,87.34099599533369,49.11764705882353,0.17647058823529413,-0.7987146377563477,-0.23747587203979492
L. Burridge,WSL 2017-2018,3,0,0.24356312,0.0,128.8699458472944,55.666666666666664,0.0,-0.24356311559677124,0.0
L. Bühler,WSL 2023-2024,4,0,0.0,0.0,26.51644647822556,47.25,0.0,0.0,0.0
L. Bühler,WSL 2024-2025,1,0,0.0,0.0,4.999999999999952,42.0,0.0,0.0,0.0
L. Coombs,WSL 2015,5,0,0.3846496,0.074433655,147.7777777777778,51.8,0.0,-0.3846496045589447,-0.07443365454673767
L. Coombs,WSL 2016,20,1,1.5898856,0.9338491,107.99978428886273,44.4,0.05,-0.5898855924606323,0.06615090370178223
L. Coombs,WSL 2017,21,1,1.7966713,1.0,91.69806080392523,47.80952380952381,0.047619047619047616,-0.7966712713241577,0.0
L. Coombs,WSL 2017-2018,22,3,2.0796425,3.0539362,53.02269362920931,45.86363636363637,0.13636363636363635,0.9203574657440186,-0.05393624305725098
L. Coombs,WSL 2018-2019,34,0,0.9880145,0.89659196,59.64964605888547,45.55882352941177,0.0,-0.9880145192146301,-0.8965919613838196
L. Coombs,WSL 2019-2020,2,0,0.1380753,0.0,74.11578254930414,42.0,0.0,-0.1380753070116043,0.0
L. Coombs,WSL 2020-2021,8,2,1.1311597,1.4595239,40.19545903303983,53.25,0.25,0.8688403367996216,0.5404760837554932
L. Coombs,WSL 2021-2022,12,4,1.7209437,3.0642676,48.72275324286269,47.166666666666664,0.3333333333333333,2.2790563106536865,0.935732364654541
L. Coombs,WSL 2022-2023,33,5,2.2994328,2.7519867,36.69808752740403,48.18181818181818,0.15151515151515152,2.7005672454833984,2.2480132579803467
L. Coombs,WSL 2023-2024,31,3,3.1567423,2.215103,44.237619232333664,50.645161290322584,0.0967741935483871,-0.15674233436584473,0.7848970890045166
L. Coombs,WSL 2024-2025,6,0,0.7200403,0.15492958,52.27299741530613,47.5,0.0,-0.7200403213500977,-0.15492957830429077
L. Coombs,WSL 2025-2026,4,2,1.6542745,1.6868885,31.73230551396803,51.25,0.5,0.34572553634643555,0.3131115436553955
L. Crichton,WSL 2015,4,0,0.074433655,0.0,87.22222222222223,42.0,0.0,-0.07443365454673767,0.0
L. Crichton,WSL 2016,11,0,0.404742,0.0,47.91666666666665,44.90909090909091,0.0,-0.4047420024871826,0.0
L. Dykes,WSL 2015,2,0,0.075581394,0.0,111.66666666666671,46.0,0.0,-0.075581394135952,0.0
L. Dykes,WSL 2017-2018,3,1,0.8500167,0.9765001,60.510537925291146,44.666666666666664,0.3333333333333333,0.14998328685760498,0.023499906063079834
L. Dykes,WSL 2018-2019,2,0,0.2720039,0.0,105.89265011868196,46.0,0.0,-0.2720038890838623,0.0
L. Evans,WSL 2017-2018,8,2,0.5855415,1.4052973,39.70771849000062,46.0,0.25,1.4144585132598877,0.5947027206420898
L. Evans,WSL 2018-2019,7,1,1.0385897,1.1342592,91.71359006867131,47.714285714285715,0.14285714285714285,-0.0385897159576416,-0.13425922393798828
L. Evans,WSL 2019-2020,13,2,2.8027258,2.2632275,45.97742861657721,53.92307692307692,0.15384615384615385,-0.8027257919311523,-0.2632274627685547
L. Evans,WSL 2020-2021,4,2,0.8324418,1.7413276,40.205392292529154,48.0,0.5,1.167558193206787,0.2586723566055298
L. Evans,WSL 2021-2022,15,1,0.7797016,0.79409677,45.80989341121629,47.4,0.06666666666666667,0.2202984094619751,0.20590323209762573
L. Evans,WSL 2022-2023,13,3,1.884733,3.0467405,54.8007503483381,51.38461538461539,0.23076923076923078,1.115267038345337,-0.04674053192138672
L. Evans,WSL 2023-2024,7,1,0.6356811,0.6756757,38.81636321577165,46.57142857142857,0.14285714285714285,0.3643189072608948,0.3243243098258972
L. Galton,WSL 2019-2020,31,4,4.414509,5.423228,75.3285001796153,49.0,0.12903225806451613,-0.4145088195800781,-1.4232277870178223
L. Galton,WSL 2020-2021,25,6,4.378087,5.280901,77.21647349797,48.44,0.24,1.621912956237793,0.7190990447998047
L. Galton,WSL 2021-2022,33,8,6.869953,7.667557,66.22801961793469,48.60606060606061,0.24242424242424243,1.1300468444824219,0.3324432373046875
L. Galton,WSL 2022-2023,37,10,8.774054,10.375403,41.26891670680081,50.5945945945946,0.2702702702702703,1.2259464263916016,-0.37540340423583984
L. Galton,WSL 2023-2024,19,2,2.4368427,3.1432,44.118618671996124,46.21052631578947,0.10526315789473684,-0.436842679977417,-1.1431999206542969
L. Galton,WSL 2024-2025,19,5,4.9133463,4.640189,40.287693219780074,51.21052631578947,0.2631578947368421,0.0866537094116211,0.35981082916259766
L. Galton,WSL 2025-2026,4,0,0.31718728,0.24074075,39.21363702356453,60.5,0.0,-0.31718727946281433,-0.24074074625968933
L. Gunning-Williams,WSL 2024-2025,3,0,0.125,0.0,38.19466725988798,47.333333333333336,0.0,-0.125,0.0
L. Gunning-Williams,WSL 2025-2026,4,0,0.13392857,0.0,37.44613158509186,44.0,0.0,-0.1339285671710968,0.0
L. Hemp,WSL 2017,11,1,1.5142329,0.8582677,117.94039184499701,45.27272727272727,0.09090909090909091,-0.514232873916626,0.14173227548599243
L. Hemp,WSL 2017-2018,51,7,8.562222,7.071864,57.20904237488402,46.333333333333336,0.13725490196078433,-1.5622215270996094,-0.07186412811279297
L. Hemp,WSL 2018-2019,26,2,1.8014357,2.2205865,50.75097053724118,49.30769230769231,0.07692307692307693,0.1985642910003662,-0.22058653831481934
L. Hemp,WSL 2019-2020,21,5,4.436745,4.689336,44.08516308834201,48.57142857142857,0.23809523809523808,0.5632548332214355,0.31066417694091797
L. Hemp,WSL 2020-2021,25,6,4.3079176,4.917674,53.67970051083938,47.68,0.24,1.692082405090332,1.0823259353637695
L. Hemp,WSL 2021-2022,62,10,9.318832,10.733149,46.40468412177858,50.096774193548384,0.16129032258064516,0.6811676025390625,-0.7331485748291016
L. Hemp,WSL 2022-2023,65,7,8.250936,8.5157175,42.709783684114576,49.83076923076923,0.1076923076923077,-1.2509355545043945,-1.5157175064086914
L. Hemp,WSL 2023-2024,62,11,8.055581,10.209395,45.128094414834166,50.145161290322584,0.1774193548387097,2.9444189071655273,0.7906045913696289
L. Hemp,WSL 2024-2025,30,2,3.7079244,3.253847,39.9064536718536,48.766666666666666,0.06666666666666667,-1.7079243659973145,-1.2538468837738037
L. Hemp,WSL 2025-2026,36,1,2.3515472,2.2472658,45.084107804147905,50.083333333333336,0.027777777777777776,-1.3515472412109375,-1.2472658157348633
L. Hope,WSL 2018-2019,39,7,4.9661865,5.01867,69.22389695047634,45.64102564102564,0.1794871794871795,2.0338134765625,1.9813299179077148
L. Hope,WSL 2019-2020,23,4,2.7191978,2.9287536,109.01323529822879,46.82608695652174,0.17391304347826086,1.2808022499084473,1.0712463855743408
L. Hope,WSL 2020-2021,23,5,4.849703,4.452744,55.587213321647916,46.91304347826087,0.21739130434782608,0.1502971649169922,0.5472559928894043
L. Hope,WSL 2021-2022,16,0,1.6909246,0.5119048,64.05271829753968,46.0625,0.0,-1.6909246444702148,-0.511904776096344
L. Hope,WSL 2022-2023,22,2,2.7752116,2.339263,52.306420633777456,50.90909090909091,0.09090909090909091,-0.7752115726470947,-0.3392629623413086
L. Hope,WSL 2023-2024,14,0,1.7007793,0.47619048,49.23991423475701,48.357142857142854,0.0,-1.7007793188095093,-0.4761904776096344
L. Hope,WSL 2024-2025,10,1,1.0886427,1.0337301,64.14912862307042,43.6,0.1,-0.08864271640777588,-0.033730149269104004
L. Hurtig,WSL 2022-2023,7,0,0.24275362,0.0,27.99399454141272,52.42857142857143,0.0,-0.24275362491607666,0.0
L. Hurtig,WSL 2023-2024,5,1,0.8324418,2.3848891,37.865450954390155,46.8,0.2,0.1675581932067871,-1.3848891258239746
L. Hurtig,WSL 2024-2025,3,1,0.30522648,0.68115944,41.528948909309676,42.0,0.3333333333333333,0.6947735249996185,0.31884056329727173
L. James,WSL 2017-2018,3,0,0.4035804,0.118421055,59.49185239603165,44.666666666666664,0.0,-0.4035803973674774,-0.1184210553765297
L. James,WSL 2019-2020,32,6,3.619731,5.6822867,35.333753212049615,48.53125,0.1875,2.3802690505981445,0.31771326065063477
L. James,WSL 2020-2021,17,2,2.1930897,3.5233438,43.177877380804574,44.35294117647059,0.11764705882352941,-0.19308972358703613,-1.523343801498413
L. James,WSL 2021-2022,3,1,0.65133893,0.92329913,47.86891600551331,44.666666666666664,0.3333333333333333,0.34866106510162354,0.07670086622238159
L. James,WSL 2022-2023,42,5,4.7809286,4.906384,42.807744336956176,48.333333333333336,0.11904761904761904,0.2190713882446289,0.09361600875854492
L. James,WSL 2023-2024,61,13,9.504016,13.739461,46.791477246412725,47.98360655737705,0.21311475409836064,3.4959840774536133,-0.7394609451293945
L. James,WSL 2024-2025,27,3,2.3082883,3.1490977,42.600930262015524,46.18518518518518,0.1111111111111111,0.6917116641998291,-0.14909768104553223
L. James,WSL 2025-2026,45,5,4.109975,4.7619014,45.753296766272534,46.955555555555556,0.1111111111111111,0.8900251388549805,0.2380986213684082
L. Joel,WSL 2020-2021,1,0,0.074433655,0.0,78.20230175640613,50.0,0.0,-0.07443365454673767,0.0
L. Joel,WSL 2021-2022,2,0,0.0,0.0,43.33333333333336,42.0,0.0,0.0,0.0
L. Karlseng Utland,WSL 2019-2020,5,1,1.1335843,1.3568351,63.66920175902247,45.2,0.2,-0.13358426094055176,-0.35683512687683105
L. Kendall,WSL 2025-2026,12,0,0.83687997,0.31944445,42.22623938115277,50.833333333333336,0.0,-0.8368799686431885,-0.3194444477558136
L. Kiernan,WSL 2018-2019,21,2,3.0931756,3.4476433,54.5990046423226,49.19047619047619,0.09523809523809523,-1.0931756496429443,-1.4476432800292969
L. Kiernan,WSL 2019-2020,5,1,0.67477477,0.6111111,64.34687787592263,51.0,0.2,0.32522523403167725,0.3888888955116272
L. Kiernan,WSL 2020-2021,1,0,0.1380753,0.6111111,43.93859351413057,75.0,0.0,-0.1380753070116043,-0.6111111044883728
L. Kiernan,WSL 2022-2023,1,0,0.074433655,0.3125,35.47784911431046,42.0,0.0,-0.07443365454673767,-0.3125
L. Kiernan,WSL 2023-2024,15,5,3.1086984,3.7282228,44.182034990671625,46.8,0.3333333333333333,1.8913016319274902,1.2717771530151367
L. Kiernan,WSL 2024-2025,16,2,3.1488335,2.3078482,56.99017019069652,46.0,0.125,-1.1488335132598877,-0.3078482151031494
L. Kiernan,WSL 2025-2026,2,0,0.13392857,0.0,63.74371592293389,50.0,0.0,-0.1339285671710968,0.0
L. Kop,WSL 2023-2024,1,1,0.969697,0.97959185,46.30406749591948,50.0,1.0,0.030303001403808594,0.020408153533935547
L. Le Garrec,WSL 2019-2020,33,1,1.6527544,1.5013925,67.22628847359574,46.333333333333336,0.030303030303030304,-0.6527544260025024,-0.5013924837112427
L. León,WSL 2019-2020,1,0,0.36363637,0.0,265.00000000000006,50.0,0.0,-0.3636363744735718,0.0
L. León,WSL 2020-2021,5,1,1.183972,1.2680023,72.41474172089428,43.6,0.2,-0.18397200107574463,-0.2680022716522217
L. Lindström,WSL 2025-2026,6,0,0.8392247,0.0,51.12137491502594,51.5,0.0,-0.8392246961593628,0.0
L. Little,WSL 2018-2019,6,0,0.8784347,0.23333333,85.88713065529964,44.666666666666664,0.0,-0.8784347176551819,-0.23333333432674408
L. Maier,WSL 2019-2020,5,0,0.18521595,0.118421055,36.754795060699784,42.0,0.0,-0.18521595001220703,-0.1184210553765297
L. Maier,WSL 2020-2021,5,0,0.3573444,0.0,73.04525191287198,51.8,0.0,-0.357344388961792,0.0
L. Maier,WSL 2021-2022,6,1,1.1667817,0.8582677,44.42005538669363,44.166666666666664,0.16666666666666666,-0.16678166389465332,0.14173227548599243
L. Maier,WSL 2022-2023,2,1,0.5925926,0.97959185,21.68973598010645,46.0,0.5,0.40740740299224854,0.020408153533935547
L. Murphy,WSL 2024-2025,12,0,1.5951984,1.6546935,49.02573921044756,47.333333333333336,0.0,-1.595198392868042,-1.6546934843063354
L. Murphy,WSL 2025-2026,2,0,0.125,0.0,51.03515378235066,46.0,0.0,-0.125,0.0
L. Naalsund,WSL 2023-2024,12,2,0.71181804,2.0528274,49.352354068406804,53.666666666666664,0.16666666666666666,1.2881819605827332,-0.05282735824584961
L. Naalsund,WSL 2024-2025,1,0,0.074433655,0.0,78.00064102300699,42.0,0.0,-0.07443365454673767,0.0
L. Naalsund,WSL 2025-2026,11,3,2.0246792,2.2909155,46.010675083999665,50.54545454545455,0.2727272727272727,0.9753208160400391,0.7090845108032227
L. Parker,WSL 2021-2022,2,0,1.0912004,0.0,78.01080507090933,50.0,0.0,-1.091200351715088,0.0
L. Parker,WSL 2022-2023,3,0,0.4214625,0.31944445,44.22630630209171,53.0,0.0,-0.4214625060558319,-0.3194444477558136
L. Parker,WSL 2023-2024,5,1,0.8121048,0.68115944,34.148695997766296,43.6,0.2,0.18789517879486084,0.31884056329727173
L. Parker,WSL 2024-2025,6,1,0.10963455,0.68115944,20.206586752901234,51.0,0.16666666666666666,0.8903654515743256,0.31884056329727173
L. Parker,WSL 2025-2026,6,2,1.2024049,1.6896169,59.10525309899017,47.5,0.3333333333333333,0.7975951433181763,0.3103830814361572
L. Parry,WSL 2023-2024,1,0,0.0,0.0,6.666666666666643,75.0,0.0,0.0,0.0
L. Parry,WSL 2024-2025,2,0,0.0,0.0,21.66666666666668,46.0,0.0,0.0,0.0
L. Parry,WSL 2025-2026,1,0,0.0,0.0,10.918384088825201,50.0,0.0,0.0,0.0
L. Paul,WSL 2021-2022,2,0,0.074433655,0.0,44.18506659997461,46.0,0.0,-0.07443365454673767,0.0
L. Petermann,WSL 2023-2024,32,5,4.4230285,3.9939137,46.353761636753205,47.8125,0.15625,0.5769715309143066,1.0060863494873047
L. Piggott,WSL 2017-2018,2,1,0.92066157,1.6552675,44.410708157575186,50.0,0.5,0.0793384313583374,-0.6552674770355225
L. Potter,WSL 2024-2025,7,0,0.24711049,0.0,52.97268485711116,51.42857142857143,0.0,-0.2471104860305786,0.0
L. Potter,WSL 2025-2026,8,1,1.3170853,1.4094263,53.0218717774122,55.375,0.125,-0.31708526611328125,-0.40942633152008057
L. Quinn,WSL 2017,22,5,2.9099877,4.4254775,112.65280833713825,48.72727272727273,0.22727272727272727,2.090012311935425,0.5745224952697754
L. Quinn,WSL 2017-2018,34,1,2.1836364,1.1766027,125.88326224910655,44.529411764705884,0.029411764705882353,-1.1836364269256592,-0.17660272121429443
L. Quinn,WSL 2018-2019,30,2,4.785301,3.9226046,76.46530882971037,44.56666666666667,0.06666666666666667,-2.7853012084960938,-1.9226045608520508
L. Quinn,WSL 2019-2020,7,2,0.7207677,1.335249,62.22086200241929,50.142857142857146,0.2857142857142857,1.2792323231697083,0.6647510528564453
L. Quinn,WSL 2020-2021,7,1,1.0025795,1.3317646,30.496903729350542,52.0,0.14285714285714285,-0.0025794506072998047,-0.3317645788192749
L. Quinn,WSL 2021-2022,36,6,5.7592974,5.767052,46.11365326365421,46.97222222222222,0.16666666666666666,0.24070262908935547,0.23294782638549805
L. Rafferty,WSL 2016,1,0,0.074433655,0.0,791.6666666666667,42.0,0.0,-0.07443365454673767,0.0
L. Rafferty,WSL 2018-2019,4,1,0.6268146,1.4693788,157.29760088450277,46.0,0.25,0.373185396194458,-0.46937882900238037
L. Rafferty,WSL 2020-2021,1,0,0.0,0.0,78.14544843502475,50.0,0.0,0.0,0.0
L. Reichardt,WSL 2018-2019,6,0,0.3613763,0.0,69.50890700181284,47.5,0.0,-0.3613762855529785,0.0
L. Ribadeira,WSL 2024-2025,1,0,0.0,0.0,5.680375574437555,50.0,0.0,0.0,0.0
L. Robe,WSL 2018-2019,3,0,0.074433655,0.0,79.16666666666667,44.666666666666664,0.0,-0.07443365454673767,0.0
L. Robe,WSL 2019-2020,3,0,0.09824318,0.0,87.77654206320229,42.0,0.0,-0.09824317693710327,0.0
L. Robe,WSL 2022-2023,2,0,0.074433655,0.0,55.922002441996376,42.0,0.0,-0.07443365454673767,0.0
L. Robertson,WSL 2021-2022,6,0,0.28809035,0.0,98.579796961393,47.5,0.0,-0.2880903482437134,0.0
L. Roche,WSL 2016,2,1,0.10963455,0.6111111,54.131642924811935,42.0,0.5,0.8903654515743256,0.3888888955116272
L. Sanderson,WSL 2015,11,0,0.554079,0.0,34.44444444444442,48.72727272727273,0.0,-0.554078996181488,0.0
L. Schüller,WSL 2025-2026,6,1,0.90893066,0.8582677,55.512880687871636,51.5,0.16666666666666666,0.09106934070587158,0.14173227548599243
L. Smith,WSL 2021-2022,14,2,2.4087658,1.8945029,52.262703182710155,49.5,0.14285714285714285,-0.4087657928466797,0.10549712181091309
L. Smørsgård,WSL 2015,1,0,0.0,0.0,,50.0,0.0,0.0,0.0
L. Staniforth,WSL 2015,8,0,0.17382458,0.0,59.523809523809526,46.125,0.0,-0.17382457852363586,0.0
L. Staniforth,WSL 2016,9,0,0.6116995,0.0,128.95833333333334,42.0,0.0,-0.6116995215415955,0.0
L. Staniforth,WSL 2017,12,1,1.1371366,0.99683833,80.39367828510709,47.083333333333336,0.08333333333333333,-0.1371365785598755,0.0031616687774658203
L. Staniforth,WSL 2017-2018,40,3,3.2634048,2.7477655,57.67967576269524,46.325,0.075,-0.26340484619140625,0.25223445892333984
L. Staniforth,WSL 2018-2019,44,2,3.6479099,2.3433282,86.71342820855222,46.34090909090909,0.045454545454545456,-1.6479098796844482,-0.34332823753356934
L. Staniforth,WSL 2019-2020,26,1,1.2256212,1.3771517,82.72260263489886,45.96153846153846,0.038461538461538464,-0.22562122344970703,-0.3771517276763916
L. Staniforth,WSL 2020-2021,17,0,0.6704445,0.79409677,40.98115262382868,43.705882352941174,0.0,-0.6704444885253906,-0.7940967679023743
L. Staniforth,WSL 2021-2022,15,2,1.2124771,1.4159892,52.88622112403386,46.86666666666667,0.13333333333333333,0.7875229120254517,0.5840108394622803
L. Staniforth,WSL 2022-2023,10,1,0.77512276,1.0197966,42.079015577373234,42.8,0.1,0.2248772382736206,-0.01979660987854004
L. Staniforth,WSL 2023-2024,7,0,0.075581394,0.0,32.00018715477888,46.714285714285715,0.0,-0.075581394135952,0.0
L. Staniforth,WSL 2024-2025,5,0,0.42682183,0.6756757,50.11200099716807,48.6,0.0,-0.42682182788848877,-0.6756756901741028
L. Staniforth,WSL 2025-2026,1,0,0.5925926,0.8582677,21.600154320436356,38.0,0.0,-0.5925925970077515,-0.8582677245140076
L. Vetterlein,WSL 2019-2020,5,1,0.57573485,0.6111111,282.0161757558959,48.6,0.2,0.42426514625549316,0.3888888955116272
L. Vetterlein,WSL 2020-2021,4,0,0.1840682,0.118421055,78.52534685794593,42.0,0.0,-0.1840682029724121,-0.1184210553765297
L. Wade,WSL 2022-2023,8,1,0.41964287,0.47619048,24.558383176142648,46.625,0.125,0.5803571343421936,0.5238095223903656
L. Wandeler,WSL 2025-2026,5,0,0.10963455,0.0,38.279480220065636,58.4,0.0,-0.10963454842567444,0.0
L. Whipp,WSL 2019-2020,6,1,0.7951346,0.9697444,69.95698804402154,47.333333333333336,0.16666666666666666,0.20486539602279663,0.030255615711212158
L. Whipp,WSL 2020-2021,3,0,0.074433655,0.0,63.25698056516271,50.333333333333336,0.0,-0.07443365454673767,0.0
L. Whipp,WSL 2021-2022,3,0,0.15001506,0.118421055,43.727099471687616,55.666666666666664,0.0,-0.15001505613327026,-0.1184210553765297
L. Wienroither,WSL 2021-2022,6,0,0.3766822,0.5119048,59.32718154889613,46.333333333333336,0.0,-0.37668219208717346,-0.511904776096344
L. Wienroither,WSL 2022-2023,9,1,1.4164686,1.3701725,44.87124672273735,52.0,0.1111111111111111,-0.41646862030029297,-0.37017250061035156
L. Wienroither,WSL 2023-2024,2,0,0.0,0.0,28.28065223860964,46.0,0.0,0.0,0.0
L. Wienroither,WSL 2024-2025,2,0,0.13392857,0.15492958,22.323884536795905,50.0,0.0,-0.1339285671710968,-0.15492957830429077
L. Williamson,WSL 2015,9,0,0.4119426,0.0,126.66666666666663,43.77777777777778,0.0,-0.41194260120391846,0.0
L. Williamson,WSL 2016,6,0,0.20787773,0.0,132.33333333333334,42.0,0.0,-0.2078777253627777,0.0
L. Williamson,WSL 2017,8,0,0.41668174,0.0,68.05555555555556,42.0,0.0,-0.4166817367076874,0.0
L. Williamson,WSL 2017-2018,3,1,0.56124747,0.95980763,45.13458554697534,64.0,0.3333333333333333,0.43875253200531006,0.040192365646362305
L. Williamson,WSL 2018-2019,8,1,1.4238882,1.9679463,73.30837226660901,47.125,0.125,-0.4238882064819336,-0.9679462909698486
L. Williamson,WSL 2019-2020,8,1,0.7388102,0.92329913,51.69985870780901,48.125,0.125,0.2611898183822632,0.07670086622238159
L. Williamson,WSL 2020-2021,23,1,3.189204,1.2606516,98.41565127121325,46.43478260869565,0.043478260869565216,-2.189203977584839,-0.2606515884399414
L. Williamson,WSL 2021-2022,13,2,0.9977081,1.4424603,50.79890765262613,45.76923076923077,0.15384615384615385,1.0022919178009033,0.557539701461792
L. Williamson,WSL 2022-2023,11,1,1.2043535,1.3167828,47.721194951194384,49.45454545454545,0.09090909090909091,-0.2043534517288208,-0.3167828321456909
L. Williamson,WSL 2023-2024,4,0,0.023809524,0.15492958,17.749926121670235,44.0,0.0,-0.02380952425301075,-0.15492957830429077
L. Williamson,WSL 2024-2025,22,2,2.821176,3.249802,49.26582463177608,49.40909090909091,0.09090909090909091,-0.8211760520935059,-1.2498021125793457
L. Williamson,WSL 2025-2026,2,1,0.35238817,0.68115944,49.00627002976418,42.0,0.5,0.6476118266582489,0.31884056329727173
L. Wilms,WSL 2025-2026,13,2,1.3265043,1.6612105,41.95604975900911,46.15384615384615,0.15384615384615385,0.6734956502914429,0.3387894630432129
L. Woodham,WSL 2017,2,0,0.24275362,0.0,106.6666666666667,50.0,0.0,-0.24275362491607666,0.0
L. Woodham,WSL 2020-2021,3,0,0.1840682,0.23333333,44.71973691740765,50.0,0.0,-0.1840682029724121,-0.23333333432674408
L. Woodham,WSL 2021-2022,5,0,0.074433655,0.5119048,39.54064987304324,50.2,0.0,-0.07443365454673767,-0.511904776096344
L. Woodham,WSL 2022-2023,2,0,0.24275362,0.0,56.04528510338742,50.0,0.0,-0.24275362491607666,0.0
L. Woodham,WSL 2024-2025,6,1,0.8193207,1.3722222,34.51221599493994,47.333333333333336,0.16666666666666666,0.1806793212890625,-0.3722221851348877
L. Woodham,WSL 2025-2026,1,0,0.10963455,0.0,78.41881860313322,42.0,0.0,-0.10963454842567444,0.0
L. Wubben-Moy,WSL 2017,4,0,0.24275362,0.0,161.6666666666667,42.0,0.0,-0.24275362491607666,0.0
L. Wubben-Moy,WSL 2020-2021,12,3,2.6079113,3.3086483,48.63522668220673,52.916666666666664,0.25,0.3920886516571045,-0.30864834785461426
L. Wubben-Moy,WSL 2021-2022,11,2,1.2379795,2.015873,46.11982252565908,46.45454545454545,0.18181818181818182,0.762020468711853,-0.015872955322265625
L. Wubben-Moy,WSL 2022-2023,16,1,2.0260298,1.2922705,56.56698378439168,43.0,0.0625,-1.0260298252105713,-0.2922705411911011
L. Wubben-Moy,WSL 2023-2024,19,1,1.0452327,0.47619048,46.99045112291228,43.26315789473684,0.05263157894736842,-0.04523265361785889,0.5238095223903656
L. Wubben-Moy,WSL 2024-2025,7,1,0.9558387,1.431525,44.676541686088214,47.857142857142854,0.14285714285714285,0.044161319732666016,-0.43152499198913574
L. Wubben-Moy,WSL 2025-2026,9,0,1.7146273,0.0,53.90310932315265,44.666666666666664,0.0,-1.7146272659301758,0.0
L. Wälti,WSL 2018-2019,7,0,0.5933118,0.5119048,77.45138764377684,45.42857142857143,0.0,-0.5933117866516113,-0.511904776096344
L. Wälti,WSL 2019-2020,2,0,0.0,0.0,,46.0,0.0,0.0,0.0
L. Wälti,WSL 2020-2021,1,0,0.0,0.0,4.999999999999952,42.0,0.0,0.0,0.0
L. Wälti,WSL 2021-2022,7,0,0.24770986,0.31944445,31.40323400583724,43.142857142857146,0.0,-0.24770985543727875,-0.3194444477558136
L. Wälti,WSL 2022-2023,10,1,0.4904635,0.31944445,35.24106114200411,51.1,0.1,0.5095365047454834,0.6805555522441864
L. Wälti,WSL 2023-2024,5,0,0.56421775,0.0,60.413448090750514,42.0,0.0,-0.564217746257782,0.0
L. Wälti,WSL 2024-2025,10,0,0.34758526,0.23684211,37.472775452341054,46.1,0.0,-0.3475852608680725,-0.2368421107530594
Laia Aleixandri,WSL 2022-2023,6,0,0.9926516,0.5119048,48.2986863664019,48.833333333333336,0.0,-0.9926515817642212,-0.511904776096344
Laia Aleixandri,WSL 2023-2024,14,1,1.2063732,1.4052079,40.26757923854493,46.07142857142857,0.07142857142857142,-0.2063732147216797,-0.40520787239074707
Laia Aleixandri,WSL 2024-2025,10,2,1.8163621,1.9927891,56.65666664671073,47.7,0.2,0.1836378574371338,0.007210850715637207
Laia Codina,WSL 2023-2024,3,0,0.5330579,0.0,63.68427001254562,44.666666666666664,0.0,-0.5330579280853271,0.0
Laia Codina,WSL 2024-2025,1,0,0.0,0.0,42.53312434640406,42.0,0.0,0.0,0.0
Laia Codina,WSL 2025-2026,6,0,0.3766822,0.7526455,18.247534838970026,47.5,0.0,-0.37668219208717346,-0.7526454925537109
Lee Geum-Min,WSL 2019-2020,1,1,0.44444445,0.8582677,51.550945675128,50.0,1.0,0.5555555522441864,0.14173227548599243
Lee Geum-Min,WSL 2020-2021,17,3,2.5534854,1.6817633,95.9075916560734,46.76470588235294,0.17647058823529413,0.4465146064758301,1.3182367086410522
Lee Geum-Min,WSL 2021-2022,16,2,2.13249,1.5172484,45.89732000915491,49.0625,0.125,-0.13248991966247559,0.48275160789489746
Lee Geum-Min,WSL 2022-2023,21,3,3.83713,2.6552675,48.655415771461364,47.04761904761905,0.14285714285714285,-0.837130069732666,0.34473252296447754
Lee Geum-Min,WSL 2023-2024,8,2,1.3016295,1.5725534,30.321136393813376,50.125,0.25,0.6983704566955566,0.4274466037750244
Leila Ouahabi,WSL 2022-2023,5,0,0.7696097,0.15492958,61.57285012875938,46.8,0.0,-0.7696096897125244,-0.15492957830429077
Leila Ouahabi,WSL 2023-2024,10,1,1.5315251,0.8582677,49.6156931235645,45.2,0.1,-0.5315251350402832,0.14173227548599243
Leila Ouahabi,WSL 2024-2025,14,0,0.46021882,0.7660407,29.398489264761942,50.214285714285715,0.0,-0.4602188169956207,-0.7660406827926636
Leila Ouahabi,WSL 2025-2026,7,0,0.63178563,0.0,49.60675545894503,45.42857142857143,0.0,-0.6317856311798096,0.0
Li Mengwen,WSL 2023-2024,3,0,0.25892857,0.0,60.270711988818654,42.0,0.0,-0.2589285671710968,0.0
Li Mengwen,WSL 2024-2025,3,0,0.13392857,0.0,57.20063988970934,44.666666666666664,0.0,-0.1339285671710968,0.0
Lucía Corrales,WSL 2025-2026,10,1,1.2564235,0.8582677,51.372000392723066,50.9,0.1,-0.2564234733581543,0.14173227548599243
Lucía García,WSL 2022-2023,28,8,4.680769,7.03411,42.83554030708931,52.92857142857143,0.2857142857142857,3.3192310333251953,0.9658899307250977
Lucía García,WSL 2023-2024,40,3,3.9560378,4.5871387,36.54524247201918,49.0,0.075,-0.9560377597808838,-1.5871386528015137
M. Agyemang,WSL 2024-2025,19,3,3.9040468,3.7726393,37.19223545729492,49.94736842105263,0.15789473684210525,-0.9040467739105225,-0.772639274597168
M. Agyemang,WSL 2025-2026,10,1,0.92066157,0.9285714,30.75660823648234,47.3,0.1,0.0793384313583374,0.07142859697341919
M. Alexander,WSL 2017,1,0,0.074433655,0.0,121.66666666666661,42.0,0.0,-0.07443365454673767,0.0
M. Alexander,WSL 2018-2019,4,1,0.810784,0.8582677,41.94322137695255,44.0,0.25,0.1892160177230835,0.14173227548599243
M. Barker,WSL 2020-2021,3,0,0.074433655,0.118421055,34.135247339711384,47.666666666666664,0.0,-0.07443365454673767,-0.1184210553765297
M. Barron-Clark,WSL 2017,2,1,1.0275587,0.97959185,10.678392941838322,46.0,0.5,-0.02755868434906006,0.020408153533935547
M. Bartrip,WSL 2016,1,0,0.0,0.0,73.3333333333333,42.0,0.0,0.0,0.0
M. Bartrip,WSL 2017-2018,3,0,0.125,0.0,116.66666666666669,44.666666666666664,0.0,-0.125,0.0
M. Bartrip,WSL 2018-2019,6,0,0.25850186,0.0,102.7210517588253,51.666666666666664,0.0,-0.2585018575191498,0.0
M. Bartrip,WSL 2020-2021,1,0,0.0,0.0,60.00000000000002,42.0,0.0,0.0,0.0
M. Bartrip,WSL 2021-2022,5,0,0.17267683,0.51842105,30.983258255231952,45.2,0.0,-0.17267683148384094,-0.5184210538864136
M. Bartrip,WSL 2022-2023,4,2,1.0441307,0.97959185,14.97777232042786,46.0,0.5,0.9558693170547485,1.0204081535339355
M. Bartrip,WSL 2024-2025,2,0,0.074433655,0.0,44.93448421153642,42.0,0.0,-0.07443365454673767,0.0
M. Bergman-Lundin,WSL 2023-2024,2,0,0.0,0.0,28.59159084027982,50.0,0.0,0.0,0.0
M. Bright,WSL 2015,14,0,0.5012555,0.0,115.37037037037038,44.857142857142854,0.0,-0.5012555122375488,0.0
M. Bright,WSL 2016,16,1,1.5109352,0.80487806,140.01419818780732,44.0,0.0625,-0.5109351873397827,0.19512194395065308
M. Bright,WSL 2017,15,2,2.2700362,2.1948395,160.7290650358719,46.333333333333336,0.13333333333333333,-0.2700362205505371,-0.1948394775390625
M. Bright,WSL 2017-2018,11,1,1.9924803,0.31944445,59.21584397475903,44.90909090909091,0.09090909090909091,-0.9924802780151367,0.6805555522441864
M. Bright,WSL 2018-2019,29,1,1.9389583,1.2413447,85.76928993372759,45.241379310344826,0.034482758620689655,-0.9389582872390747,-0.24134469032287598
M. Bright,WSL 2019-2020,15,1,1.4473473,1.4100529,88.48894791334438,44.666666666666664,0.06666666666666667,-0.4473472833633423,-0.4100528955459595
M. Bright,WSL 2020-2021,6,1,1.2312441,1.6546935,171.21436498483024,48.833333333333336,0.16666666666666666,-0.23124408721923828,-0.6546934843063354
M. Bright,WSL 2021-2022,27,0,1.4534113,0.47017545,96.26882051922013,47.925925925925924,0.0,-1.453411340713501,-0.47017544507980347
M. Bright,WSL 2022-2023,7,1,0.39243042,1.5210665,51.49297568032267,49.714285714285715,0.14285714285714285,0.6075695753097534,-0.5210665464401245
M. Bright,WSL 2023-2024,12,1,1.5181392,1.6197443,59.907823510995094,45.416666666666664,0.08333333333333333,-0.5181392431259155,-0.6197443008422852
M. Bright,WSL 2024-2025,15,0,1.7075638,0.8279449,45.12563128216081,51.333333333333336,0.0,-1.7075637578964233,-0.8279448747634888
M. Bright,WSL 2025-2026,7,0,0.22330096,0.27335063,48.49432156057959,46.714285714285715,0.0,-0.223300963640213,-0.27335062623023987
M. Campbell,WSL 2016,4,0,0.24770986,0.0,86.1111111111111,42.0,0.0,-0.24770985543727875,0.0
M. Campbell,WSL 2017,1,1,0.4516129,0.8582677,47.404406733739194,38.0,1.0,0.5483871102333069,0.14173227548599243
M. Campbell,WSL 2019-2020,1,0,0.0,0.0,,42.0,0.0,0.0,0.0
M. Campbell,WSL 2022-2023,2,0,0.075581394,0.118421055,14.935273625639784,42.0,0.0,-0.075581394135952,-0.1184210553765297
M. Campbell,WSL 2023-2024,1,0,0.0,0.0,49.0323022778522,42.0,0.0,0.0,0.0
M. Cato,WSL 2024-2025,17,2,1.6570296,1.5082676,37.870420223755545,48.1764705882353,0.11764705882352941,0.3429703712463379,0.4917323589324951
M. Clémaron,WSL 2019-2020,5,0,0.1840682,0.31944445,30.017935968762224,56.8,0.0,-0.1840682029724121,-0.3194444477558136
M. Clémaron,WSL 2020-2021,6,0,0.4572198,0.3591618,151.0389803046153,43.333333333333336,0.0,-0.45721980929374695,-0.3591617941856384
M. Clémaron,WSL 2021-2022,11,0,0.28394362,0.15492958,33.99567364994097,48.72727272727273,0.0,-0.28394362330436707,-0.15492957830429077
M. Connolly,WSL 2018-2019,11,1,0.95392096,0.15492958,52.24409581220171,45.63636363636363,0.09090909090909091,0.046079039573669434,0.8450704216957092
M. Connolly,WSL 2019-2020,7,1,1.087294,0.80487806,59.745080450571855,45.42857142857143,0.14285714285714285,-0.08729398250579834,0.19512194395065308
M. Connolly,WSL 2020-2021,11,2,1.8036096,2.7469063,27.12770914727201,46.45454545454545,0.18181818181818182,0.19639039039611816,-0.7469062805175781
M. Connolly,WSL 2021-2022,12,0,0.29888237,0.4282802,30.2045394827161,46.5,0.0,-0.2988823652267456,-0.42828020453453064
M. Connolly,WSL 2022-2023,6,0,0.09824318,0.0,46.60096847557492,45.5,0.0,-0.09824317693710327,0.0
M. Connolly,WSL 2023-2024,4,2,1.4238437,1.9101474,51.79690732956402,44.0,0.5,0.5761562585830688,0.08985257148742676
M. Enderby,WSL 2023-2024,12,0,1.0816889,0.71428573,45.44544539798668,48.0,0.0,-1.0816888809204102,-0.7142857313156128
M. Enderby,WSL 2024-2025,7,0,0.56307006,0.31944445,49.89808409984114,56.0,0.0,-0.5630700588226318,-0.3194444477558136
M. Enderby,WSL 2025-2026,20,3,2.606893,2.510977,42.23658960706517,53.4,0.15,0.39310693740844727,0.48902297019958496
M. Eriksson,WSL 2017-2018,15,3,2.619224,2.5135353,119.33984349518884,43.86666666666667,0.2,0.38077592849731445,0.4864647388458252
M. Eriksson,WSL 2018-2019,29,2,3.0117798,2.5866275,119.4346032345636,46.41379310344828,0.06896551724137931,-1.01177978515625,-0.5866274833679199
M. Eriksson,WSL 2019-2020,15,1,1.7660016,2.2428615,111.14751709178572,45.266666666666666,0.06666666666666667,-0.7660015821456909,-1.2428615093231201
M. Eriksson,WSL 2020-2021,26,2,4.254041,2.5969112,117.96370219741563,45.30769230769231,0.07692307692307693,-2.2540411949157715,-0.5969111919403076
M. Eriksson,WSL 2021-2022,18,1,2.2422748,0.5119048,111.28507441338324,45.611111111111114,0.05555555555555555,-1.2422747611999512,0.488095223903656
M. Eriksson,WSL 2022-2023,14,1,2.6077652,2.2454057,39.537373587330386,48.357142857142854,0.07142857142857142,-1.6077651977539062,-1.245405673980713
M. Ewers,WSL 2017,2,0,0.0,0.0,,46.0,0.0,0.0,0.0
M. Ewers,WSL 2017-2018,9,0,0.7317728,0.773591,60.73097409505317,53.888888888888886,0.0,-0.731772780418396,-0.7735909819602966
M. Ewers,WSL 2018-2019,5,0,0.28514794,0.15492958,87.20860982255442,50.2,0.0,-0.28514793515205383,-0.15492957830429077
M. Ewers,WSL 2020-2021,8,0,0.53645635,0.3125,92.83537108611037,47.125,0.0,-0.5364563465118408,-0.3125
M. Ewers,WSL 2021-2022,1,0,0.10963455,0.0,78.00064102300699,42.0,0.0,-0.10963454842567444,0.0
M. Farrow,WSL 2015,2,1,0.57575756,0.8582677,25.56067127496057,46.0,0.5,0.42424243688583374,0.14173227548599243
M. Farrow,WSL 2017-2018,9,1,1.0747476,1.1707678,42.073105419474366,49.666666666666664,0.1111111111111111,-0.07474756240844727,-0.17076778411865234
M. Farrow,WSL 2018-2019,6,2,1.9848242,1.7165354,187.19773481919174,48.666666666666664,0.3333333333333333,0.015175819396972656,0.28346455097198486
M. Farrow,WSL 2019-2020,7,0,0.2857143,0.0,28.82626058945269,47.714285714285715,0.0,-0.2857142984867096,0.0
M. Filis,WSL 2021-2022,3,0,0.21250896,0.0,126.61342088790794,61.333333333333336,0.0,-0.21250896155834198,0.0
M. Filis,WSL 2022-2023,3,0,0.074433655,0.0,51.39550717877622,44.666666666666664,0.0,-0.07443365454673767,0.0
M. Filis,WSL 2023-2024,3,0,0.0,0.0,34.36291150875473,44.666666666666664,0.0,0.0,0.0
M. Finnigan,WSL 2017-2018,9,0,0.8133016,0.24356312,72.01841502782271,42.0,0.0,-0.8133016228675842,-0.24356311559677124
M. Finnigan,WSL 2018-2019,10,0,1.1435349,1.3075397,92.61146333465163,42.0,0.0,-1.1435348987579346,-1.307539701461792
M. Finnigan,WSL 2019-2020,6,0,1.0183367,0.80487806,110.39600159446225,48.833333333333336,0.0,-1.0183366537094116,-0.8048780560493469
M. Finnigan,WSL 2020-2021,10,2,1.2740517,1.3954451,48.36737338116962,45.2,0.2,0.7259483337402344,0.6045548915863037
M. Finnigan,WSL 2021-2022,5,1,0.6004802,0.9285714,148.9950418750215,43.6,0.2,0.39951980113983154,0.07142859697341919
M. Finnigan,WSL 2022-2023,10,3,1.6979436,1.9497702,49.35133629316352,49.0,0.3,1.3020564317703247,1.050229787826538
M. Finnigan,WSL 2023-2024,9,3,1.4787759,2.4840693,53.11949523540885,47.44444444444444,0.3333333333333333,1.5212241411209106,0.5159306526184082
M. Finnigan,WSL 2024-2025,4,0,0.46226582,0.5119048,44.76368593217771,54.25,0.0,-0.46226581931114197,-0.511904776096344
M. Fishel,WSL 2023-2024,13,1,1.1019094,0.92329913,39.695184495086025,52.76923076923077,0.07692307692307693,-0.10190939903259277,0.07670086622238159
M. Fishel,WSL 2024-2025,8,1,1.0131116,0.8582677,44.92074586364165,55.375,0.125,-0.013111591339111328,0.14173227548599243
M. Fletcher,WSL 2017,11,3,2.3332043,2.0034013,48.57256307823107,48.54545454545455,0.2727272727272727,0.6667957305908203,0.9965987205505371
M. Fowler,WSL 2022-2023,5,1,1.1667817,0.97959185,43.31463474460662,48.0,0.2,-0.16678166389465332,0.020408153533935547
M. Fowler,WSL 2023-2024,25,4,2.9005036,3.8238733,42.88456484636209,51.68,0.16,1.0994963645935059,0.17612671852111816
M. Fowler,WSL 2024-2025,25,6,5.318312,5.5008736,33.42981721041912,50.64,0.24,0.6816878318786621,0.4991264343261719
M. Fowler,WSL 2025-2026,5,0,1.0265162,0.0,64.59834220437291,53.4,0.0,-1.0265161991119385,0.0
M. Gejl,WSL 2024-2025,16,3,2.0245934,2.1917303,38.72713984280599,46.8125,0.1875,0.9754066467285156,0.808269739151001
M. Goodwin,WSL 2021-2022,2,0,0.44444445,0.6693796,39.7840172096954,50.0,0.0,-0.4444444477558136,-0.6693795919418335
M. Goodwin,WSL 2022-2023,16,1,1.2771132,0.83060527,35.942070359359526,46.5,0.0625,-0.2771131992340088,0.16939473152160645
M. Goodwin,WSL 2023-2024,13,1,1.352632,1.1243224,40.324523269308536,53.30769230769231,0.07692307692307693,-0.3526320457458496,-0.12432241439819336
M. Goodwin,WSL 2024-2025,13,2,1.2743049,1.6143954,31.956679827291023,54.69230769230769,0.15384615384615385,0.7256951332092285,0.3856046199798584
M. Goodwin,WSL 2025-2026,2,0,0.0,0.0,23.461916172208788,50.0,0.0,0.0,0.0
M. Green,WSL 2017-2018,7,2,1.2531414,1.5921866,32.41895148314783,47.857142857142854,0.2857142857142857,0.7468585968017578,0.4078134298324585
M. Green,WSL 2020-2021,11,1,0.6998711,1.1275322,47.14215325434657,50.90909090909091,0.09090909090909091,0.30012887716293335,-0.1275322437286377
M. Gut,WSL 2020-2021,6,0,0.074433655,0.0,26.68703173234081,46.0,0.0,-0.07443365454673767,0.0
M. Haley,WSL 2023-2024,14,1,2.2090044,2.1544008,40.157957062619296,46.0,0.07142857142857142,-1.2090044021606445,-1.1544008255004883
M. Haley,WSL 2024-2025,13,1,2.4537663,0.97959185,49.25302745005971,46.07692307692308,0.07692307692307693,-1.4537663459777832,0.020408153533935547
M. Haley,WSL 2025-2026,34,4,5.5799527,4.521189,46.262221260349556,49.1764705882353,0.11764705882352941,-1.5799527168273926,-0.5211892127990723
M. Hamano,WSL 2023-2024,15,2,3.627318,2.9799032,41.196442518413285,46.6,0.13333333333333333,-1.6273179054260254,-0.9799032211303711
M. Hamano,WSL 2024-2025,22,2,3.4396253,3.4146664,47.20745804982633,50.09090909090909,0.09090909090909091,-1.4396252632141113,-1.4146664142608643
M. Hamano,WSL 2025-2026,15,2,2.5481985,3.237757,42.22817779442837,52.333333333333336,0.13333333333333333,-0.5481984615325928,-1.2377569675445557
M. Harris,WSL 2015,4,0,0.0,0.0,63.33333333333334,46.0,0.0,0.0,0.0
M. Harris,WSL 2016,1,0,0.1380753,0.0,291.66666666666663,42.0,0.0,-0.1380753070116043,0.0
M. Harris,WSL 2017-2018,6,0,0.3464375,0.31944445,69.04153187690025,48.666666666666664,0.0,-0.3464375138282776,-0.3194444477558136
M. Harris,WSL 2019-2020,6,0,0.28279588,0.0,282.39600044491596,55.666666666666664,0.0,-0.28279587626457214,0.0
M. Harris,WSL 2020-2021,4,0,0.15001506,0.0,63.946117880688696,46.0,0.0,-0.15001505613327026,0.0
M. Harris,WSL 2021-2022,1,0,0.0,0.0,70.00000000000006,50.0,0.0,0.0,0.0
M. Hijikata,WSL 2025-2026,9,0,1.0991669,0.118421055,58.5952692152957,48.22222222222222,0.0,-1.0991668701171875,-0.1184210553765297
M. Hill,WSL 2017,4,0,0.19943365,0.0,47.22222222222222,48.0,0.0,-0.19943365454673767,0.0
M. Hourihan,WSL 2018-2019,1,1,0.969697,1.0,30.315745817057543,50.0,1.0,0.030303001403808594,0.0
M. Höbinger,WSL 2023-2024,26,5,2.2317336,4.117783,38.83286854253383,45.76923076923077,0.19230769230769232,2.768266439437866,0.8822169303894043
M. Höbinger,WSL 2024-2025,30,3,2.5178466,2.4942753,38.30422016471606,45.96666666666667,0.1,0.48215341567993164,0.5057246685028076
M. Höbinger,WSL 2025-2026,6,0,0.3862616,0.0,35.35746416455182,48.833333333333336,0.0,-0.38626161217689514,0.0
M. Iwabuchi,WSL 2020-2021,12,2,1.194533,1.1777122,117.99834810120534,48.083333333333336,0.16666666666666666,0.8054670095443726,0.8222877979278564
M. Iwabuchi,WSL 2021-2022,6,1,1.412646,1.6296296,62.843994755216954,52.833333333333336,0.16666666666666666,-0.4126460552215576,-0.6296296119689941
M. Iwabuchi,WSL 2022-2023,4,0,0.0,0.0,31.294720962381902,48.0,0.0,0.0,0.0
M. Kearns,WSL 2018-2019,1,0,0.0,0.0,63.333333333333286,42.0,0.0,0.0,0.0
M. Kearns,WSL 2022-2023,27,4,3.729859,3.3553886,45.852895263575384,45.25925925925926,0.14814814814814814,0.2701408863067627,0.6446113586425781
M. Kearns,WSL 2023-2024,23,1,2.996668,1.9718089,48.974479428996574,50.130434782608695,0.043478260869565216,-1.9966681003570557,-0.971808910369873
M. Kearns,WSL 2024-2025,15,0,1.1833789,0.842559,48.094526435782335,44.13333333333333,0.0,-1.1833789348602295,-0.8425589799880981
M. Kearns,WSL 2025-2026,15,1,1.9423647,0.97959185,42.04269764729824,49.0,0.06666666666666667,-0.9423646926879883,0.020408153533935547
M. Lambert,WSL 2017-2018,10,0,1.1822487,0.0,74.00115466872286,50.1,0.0,-1.1822487115859985,0.0
M. Lawley,WSL 2015,23,1,2.0497665,0.80487806,108.05840028434457,45.34782608695652,0.043478260869565216,-1.0497665405273438,0.19512194395065308
M. Lawley,WSL 2016,23,1,1.509432,0.118421055,136.23497471497066,44.65217391304348,0.043478260869565216,-0.5094319581985474,0.8815789446234703
M. Lawley,WSL 2017,7,1,0.51131076,0.15492958,89.25086629205177,50.142857142857146,0.14285714285714285,0.48868924379348755,0.8450704216957092
M. Lawley,WSL 2017-2018,10,0,0.42796957,0.0,140.08571424035162,44.4,0.0,-0.4279695749282837,0.0
M. Lawley,WSL 2018-2019,5,0,0.125,0.0,63.314390291738825,45.2,0.0,-0.125,0.0
M. Lawley,WSL 2019-2020,23,1,2.6203218,1.5121951,107.02053492422506,45.34782608695652,0.043478260869565216,-1.6203217506408691,-0.5121951103210449
M. Lawley,WSL 2022-2023,15,0,1.1222907,0.118421055,40.52855163563572,46.266666666666666,0.0,-1.1222907304763794,-0.1184210553765297
M. Lawley,WSL 2023-2024,5,1,0.31182796,0.6111111,29.552318960882143,50.2,0.2,0.6881720423698425,0.3888888955116272
M. Lawley,WSL 2024-2025,4,0,0.1380753,0.0,54.144934750395265,44.0,0.0,-0.1380753070116043,0.0
M. Lawley,WSL 2025-2026,3,0,0.0,0.0,33.87526012022456,47.333333333333336,0.0,0.0,0.0
M. Le Tissier,WSL 2019-2020,1,0,0.10963455,0.0,78.17359599705715,42.0,0.0,-0.10963454842567444,0.0
M. Le Tissier,WSL 2020-2021,10,1,1.5101852,0.97959185,83.10755009443525,50.7,0.1,-0.5101852416992188,0.020408153533935547
M. Le Tissier,WSL 2021-2022,11,1,0.5012555,0.83060527,57.964792140490154,50.09090909090909,0.09090909090909091,0.49874448776245117,0.16939473152160645
M. Le Tissier,WSL 2022-2023,10,2,0.22444871,1.0720899,31.631043410609742,54.3,0.2,1.775551289319992,0.9279100894927979
M. Le Tissier,WSL 2023-2024,10,2,2.077963,2.3416011,50.29737556794974,46.1,0.2,-0.07796311378479004,-0.3416011333465576
M. Le Tissier,WSL 2024-2025,9,3,2.0711417,2.0580285,49.112517247613546,48.333333333333336,0.3333333333333333,0.9288582801818848,0.9419715404510498
M. Le Tissier,WSL 2025-2026,6,1,1.4178329,1.1560975,37.89343918903364,50.166666666666664,0.16666666666666666,-0.4178328514099121,-0.15609753131866455
M. Leth Jans,WSL 2017-2018,1,0,0.0,0.0,78.20230175640613,42.0,0.0,0.0,0.0
M. Leupolz,WSL 2020-2021,23,5,3.6202774,4.6335993,44.16650566509095,48.73913043478261,0.21739130434782608,1.3797225952148438,0.36640071868896484
M. Leupolz,WSL 2021-2022,7,0,0.14886731,0.0,44.27831516776767,42.0,0.0,-0.14886730909347534,0.0
M. Leupolz,WSL 2022-2023,3,0,0.81524926,1.1875805,27.847420938975677,55.666666666666664,0.0,-0.8152492642402649,-1.1875804662704468
M. Leupolz,WSL 2023-2024,16,1,1.1728551,2.2910771,36.49222847599695,50.5,0.0625,-0.17285513877868652,-1.2910771369934082
M. Lundorf,WSL 2019-2020,7,0,0.56307006,0.0,68.36858314318678,51.285714285714285,0.0,-0.5630700588226318,0.0
M. Malard,WSL 2023-2024,26,5,4.657349,5.4111004,41.998756583670556,48.07692307692308,0.19230769230769232,0.3426508903503418,-0.4111003875732422
M. Malard,WSL 2024-2025,24,4,4.5380754,4.3808866,46.4642921971903,49.958333333333336,0.16666666666666666,-0.5380754470825195,-0.3808865547180176
M. Malard,WSL 2025-2026,57,6,8.02457,7.0405626,42.17466410765319,48.771929824561404,0.10526315789473684,-2.0245704650878906,-1.040562629699707
M. Marcetto,WSL 2025-2026,5,1,0.7755831,1.2851027,19.501562751358858,53.4,0.2,0.22441691160202026,-0.2851027250289917
M. Minami,WSL 2025-2026,2,1,0.969697,0.97959185,55.11107500016863,46.0,0.5,0.030303001403808594,0.020408153533935547
M. Mjelde,WSL 2017,18,2,2.1942163,1.9222308,167.72327611019622,47.888888888888886,0.1111111111111111,-0.19421625137329102,0.07776916027069092
M. Mjelde,WSL 2017-2018,21,4,3.2752385,4.1484475,46.64454996024182,47.42857142857143,0.19047619047619047,0.7247614860534668,-0.14844751358032227
M. Mjelde,WSL 2018-2019,6,0,0.23631848,0.0,85.2613153570455,42.0,0.0,-0.23631848394870758,0.0
M. Mjelde,WSL 2019-2020,15,4,3.472834,3.6371815,60.142286130133634,49.6,0.26666666666666666,0.5271658897399902,0.36281847953796387
M. Mjelde,WSL 2020-2021,7,2,1.6218296,1.5121951,117.44322073968002,46.57142857142857,0.2857142857142857,0.378170371055603,0.4878048896789551
M. Mjelde,WSL 2022-2023,2,1,0.75609756,0.75609756,43.1650357410481,50.0,0.5,0.24390244483947754,0.24390244483947754
M. Mjelde,WSL 2023-2024,2,0,0.0,0.0,26.001388728175044,42.0,0.0,0.0,0.0
M. Mjelde,WSL 2024-2025,2,2,1.0793315,1.2407408,26.55752630584703,50.0,1.0,0.9206684827804565,0.7592592239379883
M. Mpome,WSL 2024-2025,2,0,0.13392857,0.5119048,25.1683992507702,48.5,0.0,-0.1339285671710968,-0.511904776096344
M. Mpome,WSL 2025-2026,5,1,0.43807003,0.8148148,38.14694133046146,45.2,0.2,0.5619299709796906,0.18518519401550293
M. Munsterman,WSL 2017-2018,2,0,0.074433655,0.0,78.33836863249068,42.0,0.0,-0.07443365454673767,0.0
M. Olislagers,WSL 2024-2025,10,2,1.264626,1.1707678,41.257933936806296,52.6,0.2,0.7353739738464355,0.8292322158813477
M. Olislagers,WSL 2025-2026,8,3,1.2711217,1.8886386,34.3826809793852,49.125,0.375,1.7288782596588135,1.1113613843917847
M. Pacheco,WSL 2016,5,1,1.051936,0.9726027,131.90305062791384,55.0,0.2,-0.05193603038787842,0.0273972749710083
M. Pacheco,WSL 2018-2019,4,0,0.33450997,0.24074075,101.65055298635457,44.0,0.0,-0.3345099687576294,-0.24074074625968933
M. Pacheco,WSL 2019-2020,2,0,0.1840682,0.0,78.33864597374038,42.0,0.0,-0.1840682029724121,0.0
M. Pacheco,WSL 2020-2021,5,0,0.9147361,0.0,102.6641952022064,46.8,0.0,-0.9147360920906067,0.0
M. Pacheco,WSL 2021-2022,9,0,0.661371,0.3591618,43.22962307787881,47.44444444444444,0.0,-0.6613709926605225,-0.3591617941856384
M. Pacheco,WSL 2022-2023,7,0,0.7317728,0.0,59.2700954076356,46.714285714285715,0.0,-0.731772780418396,0.0
M. Pacheco,WSL 2023-2024,8,1,0.3422908,0.15492958,41.79117994716003,48.125,0.125,0.6577092111110687,0.8450704216957092
M. Pacheco,WSL 2024-2025,9,1,0.85024524,1.4805537,49.69598678478941,49.22222222222222,0.1111111111111111,0.14975476264953613,-0.4805537462234497
M. Pacheco,WSL 2025-2026,14,1,2.820137,2.6278703,36.47407588482555,48.357142857142854,0.07142857142857142,-1.8201370239257812,-1.6278703212738037
M. Paví,WSL 2024-2025,14,2,1.4778762,1.8130331,35.2679173715898,51.0,0.14285714285714285,0.5221238136291504,0.1869668960571289
M. Piemonte,WSL 2023-2024,33,3,3.0613692,2.3542418,36.96401028265197,49.24242424242424,0.09090909090909091,-0.06136918067932129,0.6457581520080566
M. Pike,WSL 2019-2020,12,1,1.6058127,0.9766888,80.86592045099965,46.75,0.08333333333333333,-0.605812668800354,0.023311197757720947
M. Pike,WSL 2020-2021,10,0,0.91881526,0.118421055,64.38439564528393,43.6,0.0,-0.9188152551651001,-0.1184210553765297
M. Pike,WSL 2021-2022,16,1,2.2107885,1.1549296,50.17253590580537,43.5,0.0625,-1.2107884883880615,-0.15492963790893555
M. Pike,WSL 2022-2023,8,0,0.5703298,0.0,50.33471280306623,45.0,0.0,-0.5703297853469849,0.0
M. Ramírez,WSL 2023-2024,12,3,2.9562697,2.441601,37.37952132269292,46.666666666666664,0.25,0.04373025894165039,0.558398962020874
M. Ramírez,WSL 2024-2025,36,4,2.9449215,2.8723242,40.7219934458108,48.02777777777778,0.1111111111111111,1.0550785064697266,1.1276757717132568
M. Robinson,WSL 2022-2023,2,1,0.24275362,0.80487806,33.01829134927479,46.0,0.5,0.7572463750839233,0.19512194395065308
M. Sargeant,WSL 2015,1,0,0.13392857,0.0,223.3333333333333,42.0,0.0,-0.1339285671710968,0.0
M. Sargeant,WSL 2017,1,0,0.0,0.0,,50.0,0.0,0.0,0.0
M. Sargeant,WSL 2017-2018,4,1,0.9678161,0.9285714,39.39169686823721,48.0,0.25,0.03218388557434082,0.07142859697341919
M. Sargeant,WSL 2018-2019,10,3,2.0163355,2.886426,44.84569234063421,50.7,0.3,0.9836645126342773,0.11357402801513672
M. Sargeant,WSL 2019-2020,4,0,0.5260465,0.0,278.94187263659063,58.5,0.0,-0.5260465145111084,0.0
M. Sargeant,WSL 2020-2021,3,1,1.1036255,1.0,36.47603642631213,44.666666666666664,0.3333333333333333,-0.10362553596496582,0.0
M. Sargeant,WSL 2021-2022,6,0,0.25850186,0.0,132.53109771513058,55.666666666666664,0.0,-0.2585018575191498,0.0
M. Sharpe,WSL 2024-2025,10,0,0.99464494,0.0,39.5084064217603,47.7,0.0,-0.9946449398994446,0.0
M. Smith,WSL 2021-2022,2,0,0.0,0.0,30.00000000000001,46.0,0.0,0.0,0.0
M. Smith,WSL 2022-2023,1,0,0.2857143,0.0,78.3701331999492,50.0,0.0,-0.2857142984867096,0.0
M. Symonds,WSL 2021-2022,10,1,0.7404424,0.6319444,34.311623104687946,46.4,0.1,0.2595576047897339,0.3680555820465088
M. Symonds,WSL 2022-2023,4,0,0.0,0.0,32.337300088716034,48.0,0.0,0.0,0.0
M. Symonds,WSL 2023-2024,10,0,0.31799677,0.15492958,41.721089538101516,46.5,0.0,-0.3179967701435089,-0.15492957830429077
M. Symonds,WSL 2024-2025,9,0,0.3329355,0.0,48.813837563024165,43.77777777777778,0.0,-0.33293551206588745,0.0
M. Symonds,WSL 2025-2026,22,0,1.8644042,1.5125661,50.6258454576692,47.95454545454545,0.0,-1.8644042015075684,-1.512566089630127
M. Taylor,WSL 2022-2023,3,0,0.074433655,0.23333333,49.57913076773835,42.0,0.0,-0.07443365454673767,-0.23333333432674408
M. Taylor,WSL 2023-2024,2,1,0.4516129,0.8148148,20.30962398955279,50.0,0.5,0.5483871102333069,0.18518519401550293
M. Taylor,WSL 2024-2025,4,0,0.09824318,0.27335063,30.910001867017105,44.0,0.0,-0.09824317693710327,-0.27335062623023987
M. Taylor,WSL 2025-2026,16,2,1.4467229,1.5039057,44.235624846320164,54.875,0.125,0.5532771348953247,0.49609434604644775
M. Thomas,WSL 2019-2020,26,4,4.6695538,4.834279,71.87722144724933,47.92307692307692,0.15384615384615385,-0.6695537567138672,-0.8342790603637695
M. Thomas,WSL 2020-2021,47,4,5.9330063,3.96313,72.26341566452454,47.97872340425532,0.0851063829787234,-1.9330062866210938,0.03687000274658203
M. Thomas,WSL 2021-2022,36,5,4.8285913,5.5274086,93.55221767627205,47.611111111111114,0.1388888888888889,0.17140865325927734,-0.5274085998535156
M. Thomas,WSL 2022-2023,15,1,0.9693816,1.9927891,28.63031671132769,48.733333333333334,0.06666666666666667,0.03061842918395996,-0.9927891492843628
M. Thomas,WSL 2023-2024,46,7,4.7098613,5.134161,40.3504071680459,47.04347826086956,0.15217391304347827,2.2901387214660645,1.8658390045166016
M. Thomas,WSL 2024-2025,28,0,2.5114274,1.4528793,44.899825761495116,52.214285714285715,0.0,-2.511427402496338,-1.4528793096542358
M. Thomas,WSL 2025-2026,15,2,2.3169534,1.590703,42.53795729854809,46.06666666666667,0.13333333333333333,-0.3169534206390381,0.40929698944091797
M. Turner,WSL 2017,2,0,0.074433655,0.0,145.83333333333331,46.0,0.0,-0.07443365454673767,0.0
M. Turner,WSL 2017-2018,10,1,1.0277288,1.7334495,51.1702324806469,47.7,0.1,-0.027728796005249023,-0.7334494590759277
M. Turner,WSL 2019-2020,5,0,0.66412187,0.71428573,60.701320773495354,43.6,0.0,-0.6641218662261963,-0.7142857313156128
M. Turner,WSL 2020-2021,23,4,3.900053,3.9105628,67.12650967049322,45.56521739130435,0.17391304347826086,0.09994697570800781,0.08943724632263184
M. Turner,WSL 2021-2022,1,0,0.10963455,0.3125,35.343551981467115,42.0,0.0,-0.10963454842567444,-0.3125
M. Turner,WSL 2022-2023,18,2,1.6022763,1.5070249,57.23070577609245,44.72222222222222,0.1111111111111111,0.3977236747741699,0.492975115776062
M. Turner,WSL 2023-2024,25,3,5.1011124,4.7183537,56.81627027047372,47.08,0.12,-2.1011123657226562,-1.7183537483215332
M. Turner,WSL 2024-2025,8,0,0.7065904,0.0,56.403135597974995,44.0,0.0,-0.7065904140472412,0.0
M. Turner,WSL 2025-2026,6,1,0.67979974,0.5119048,47.15579014221881,54.333333333333336,0.16666666666666666,0.32020026445388794,0.488095223903656
M. Vanegas,WSL 2025-2026,6,1,0.6359324,0.8582677,54.2364745788733,51.5,0.16666666666666666,0.36406761407852173,0.14173227548599243
M. Vinberg,WSL 2023-2024,11,1,1.5948831,0.80487806,55.711667483627295,49.36363636363637,0.09090909090909091,-0.5948830842971802,0.19512194395065308
M. Vinberg,WSL 2024-2025,13,0,1.5485232,0.47437403,47.52260717411673,46.92307692307692,0.0,-1.548523187637329,-0.47437402606010437
M. Vinberg,WSL 2025-2026,17,1,0.6599751,0.31944445,28.57457395243283,48.294117647058826,0.058823529411764705,0.3400248885154724,0.6805555522441864
M. Walsh,WSL 2016,1,1,0.969697,0.9285714,11.360751148875082,50.0,1.0,0.030303001403808594,0.07142859697341919
M. Walsh,WSL 2019-2020,1,1,0.969697,1.0,35.022373801138414,50.0,1.0,0.030303001403808594,0.0
M. Ward,WSL 2023-2024,3,0,0.5614987,0.5119048,59.163423315239605,50.0,0.0,-0.5614987015724182,-0.511904776096344
M. Wynne,WSL 2019-2020,1,0,0.0,0.0,68.33333333333336,50.0,0.0,0.0,0.0
M. Zinsberger,WSL 2022-2023,1,0,0.13392857,0.0,78.02570801416103,75.0,0.0,-0.1339285671710968,0.0
M. van den Berg,WSL 2016,4,0,0.13392857,0.0,129.58333333333331,46.0,0.0,-0.1339285671710968,0.0
M. van den Berg,WSL 2017,2,1,1.0275587,0.9726027,108.48959580561385,58.5,0.5,-0.02755868434906006,0.0273972749710083
M. van den Berg,WSL 2017-2018,2,0,0.074433655,0.0,54.85900152463759,42.0,0.0,-0.07443365454673767,0.0
M. Þórisdóttir,WSL 2017-2018,5,0,0.3766822,0.6111111,40.04720473904226,51.8,0.0,-0.37668219208717346,-0.6111111044883728
M. Þórisdóttir,WSL 2019-2020,4,1,0.48550725,0.7241379,102.44342448559367,42.0,0.25,0.5144927501678467,0.27586209774017334
M. Þórisdóttir,WSL 2020-2021,3,0,0.49589616,0.47437403,43.62774599976575,44.666666666666664,0.0,-0.4958961606025696,-0.47437402606010437
M. Þórisdóttir,WSL 2021-2022,5,1,1.0275587,0.97959185,31.092533359649728,52.8,0.2,-0.02755868434906006,0.020408153533935547
M. Þórisdóttir,WSL 2022-2023,1,0,0.0,0.0,17.68552452650976,42.0,0.0,0.0,0.0
M. Þórisdóttir,WSL 2023-2024,2,0,0.074433655,0.0,40.804918770941576,42.0,0.0,-0.07443365454673767,0.0
M. Þórisdóttir,WSL 2024-2025,6,0,0.71119213,0.66683435,48.95469508205243,54.333333333333336,0.0,-0.7111921310424805,-0.6668343544006348
Maite Oroz,WSL 2024-2025,11,0,0.41672444,0.6319444,37.4287218139481,49.45454545454545,0.0,-0.41672444343566895,-0.6319444179534912
Mariona Caldentey,WSL 2024-2025,33,9,6.1015754,7.9177074,42.058222740758666,48.57575757575758,0.2727272727272727,2.8984246253967285,1.0822925567626953
Mariona Caldentey,WSL 2025-2026,23,4,2.316154,3.2298427,44.95909999652268,47.26086956521739,0.17391304347826086,1.6838459968566895,0.7701573371887207
Marta Corredera,WSL 2015,4,0,0.4214625,0.0,73.3333333333333,46.0,0.0,-0.4214625060558319,0.0
Marta Corredera,WSL 2016,6,0,0.55735195,0.0,87.02695983172308,48.666666666666664,0.0,-0.5573519468307495,0.0
Martina Fernández,WSL 2024-2025,4,0,0.53109705,0.62900364,16.99197731466137,52.25,0.0,-0.5310970544815063,-0.629003643989563
Martina Fernández,WSL 2025-2026,7,3,1.6053373,2.298744,28.70707382462231,43.142857142857146,0.42857142857142855,1.3946627378463745,0.7012560367584229
María Pérez,WSL 2025-2026,5,0,0.31799677,0.9862788,26.35561298827995,51.8,0.0,-0.3179967701435089,-0.986278772354126
N. Björn,WSL 2021-2022,3,1,0.24275362,0.6111111,58.218377445827514,44.666666666666664,0.3333333333333333,0.7572463750839233,0.3888888955116272
N. Björn,WSL 2022-2023,2,0,0.16014794,0.0,78.13605684120441,42.0,0.0,-0.16014793515205383,0.0
N. Björn,WSL 2023-2024,8,2,1.7360995,1.437257,53.54495303662854,51.25,0.25,0.2639005184173584,0.5627429485321045
N. Björn,WSL 2024-2025,6,1,1.2585014,1.4693788,29.758838641100166,43.333333333333336,0.16666666666666666,-0.25850141048431396,-0.46937882900238037
N. Björn,WSL 2025-2026,7,0,0.8402959,0.7241379,33.19505793943004,52.57142857142857,0.0,-0.8402959108352661,-0.7241379022598267
N. Charles,WSL 2016,1,0,0.0,0.0,39.99999999999997,75.0,0.0,0.0,0.0
N. Charles,WSL 2017,6,0,0.10963455,0.0,43.27352876419553,50.166666666666664,0.0,-0.10963454842567444,0.0
N. Charles,WSL 2017-2018,8,3,1.4284222,2.6427376,29.23032339319067,47.625,0.375,1.571577787399292,0.35726237297058105
N. Charles,WSL 2018-2019,11,1,1.5559361,0.9726027,52.44657440933979,44.18181818181818,0.09090909090909091,-0.5559360980987549,0.0273972749710083
N. Charles,WSL 2019-2020,19,2,3.4088657,2.238452,144.7331462138797,47.526315789473685,0.10526315789473684,-1.4088656902313232,-0.23845195770263672
N. Charles,WSL 2020-2021,7,1,1.1684402,1.6097561,60.414079376715144,46.57142857142857,0.14285714285714285,-0.16844022274017334,-0.6097561120986938
N. Charles,WSL 2021-2022,13,1,2.577887,0.6111111,130.05099008976396,49.69230769230769,0.07692307692307693,-1.5778870582580566,0.3888888955116272
N. Charles,WSL 2022-2023,21,4,3.528388,3.682304,43.87591513269714,47.19047619047619,0.19047619047619047,0.47161197662353516,0.31769609451293945
N. Charles,WSL 2023-2024,24,2,1.6181325,1.3701725,46.567329180859154,51.75,0.08333333333333333,0.38186752796173096,0.6298274993896484
N. Charles,WSL 2024-2025,6,0,1.1692054,0.0,56.00252434357637,46.0,0.0,-1.1692054271697998,0.0
N. Charles,WSL 2025-2026,5,1,1.4196002,0.8582677,47.25406026127133,53.4,0.2,-0.419600248336792,0.14173227548599243
N. Cousins,WSL 2017,9,1,1.5976552,0.97959185,187.44551959364316,46.55555555555556,0.1111111111111111,-0.597655177116394,0.020408153533935547
N. Cousins,WSL 2017-2018,4,0,0.1840682,0.55277777,51.856626427862395,44.0,0.0,-0.1840682029724121,-0.5527777671813965
N. Cousins,WSL 2018-2019,8,0,0.075581394,0.0,29.994765082839667,46.0,0.0,-0.075581394135952,0.0
N. Dowie,WSL 2015,23,4,5.627305,3.8170812,104.02265679671056,49.608695652173914,0.17391304347826086,-1.627305030822754,0.18291878700256348
N. Dowie,WSL 2016,4,1,0.4773352,0.8582677,98.41870549687253,44.0,0.25,0.5226647853851318,0.14173227548599243
N. Dowie,WSL 2021-2022,23,6,5.148291,4.61074,127.84964753329096,45.47826086956522,0.2608695652173913,0.8517088890075684,1.3892598152160645
N. Dowie,WSL 2022-2023,23,3,2.5026996,2.6456852,34.73878522703318,45.47826086956522,0.13043478260869565,0.497300386428833,0.35431480407714844
N. Fahey,WSL 2015,4,0,0.46226582,0.0,53.75000000000002,46.0,0.0,-0.46226581931114197,0.0
N. Fahey,WSL 2016,2,0,0.074433655,0.0,810.0,58.5,0.0,-0.07443365454673767,0.0
N. Fahey,WSL 2017,3,0,0.074433655,0.0,49.16666666666666,42.0,0.0,-0.07443365454673767,0.0
N. Fahey,WSL 2018-2019,6,2,2.0747933,2.3972538,61.11631176869878,43.333333333333336,0.3333333333333333,-0.07479333877563477,-0.39725375175476074
N. Fahey,WSL 2019-2020,5,0,0.6343168,0.0,119.60721588424845,42.0,0.0,-0.6343168020248413,0.0
N. Fahey,WSL 2022-2023,9,1,1.3513354,1.0,41.515479040131105,48.333333333333336,0.1111111111111111,-0.35133540630340576,0.0
N. Fahey,WSL 2023-2024,3,0,0.24275362,0.31944445,10.252049738512623,47.333333333333336,0.0,-0.24275362491607666,-0.3194444477558136
N. Flint,WSL 2015,2,0,0.10963455,0.0,234.99999999999991,46.0,0.0,-0.10963454842567444,0.0
N. Flint,WSL 2021-2022,41,2,2.6967137,1.8397156,56.52326035549201,45.926829268292686,0.04878048780487805,-0.6967136859893799,0.1602843999862671
N. Flint,WSL 2022-2023,11,1,0.8802573,0.76842105,48.47932706935592,45.63636363636363,0.09090909090909091,0.11974269151687622,0.23157894611358643
N. Flint,WSL 2023-2024,5,1,0.66990066,1.1777122,39.474519605657605,55.0,0.2,0.33009934425354004,-0.17771220207214355
N. Girma,WSL 2024-2025,1,0,0.0,0.0,17.56068841981368,50.0,0.0,0.0,0.0
N. Girma,WSL 2025-2026,7,1,0.9235773,0.7243681,46.13764829331347,47.857142857142854,0.14285714285714285,0.07642269134521484,0.2756319046020508
N. Haigh,WSL 2020-2021,2,2,1.1892092,1.717068,41.61245437666817,46.0,1.0,0.8107907772064209,0.2829320430755615
N. Hanssen,WSL 2020-2021,12,1,1.2313019,0.4,58.84837900560634,44.666666666666664,0.08333333333333333,-0.2313019037246704,0.5999999940395355
N. Harding,WSL 2015,11,1,0.953125,0.6756757,27.094540238130115,48.54545454545455,0.09090909090909091,0.046875,0.3243243098258972
N. Harding,WSL 2016,19,3,2.5100946,2.0458481,152.4180972341603,50.78947368421053,0.15789473684210525,0.48990535736083984,0.9541518688201904
N. Harding,WSL 2017,18,4,1.7144924,3.515227,76.90019324643673,46.44444444444444,0.2222222222222222,2.285507559776306,0.4847729206085205
N. Harding,WSL 2017-2018,22,4,2.9407063,3.9907315,87.32123625471233,47.72727272727273,0.18181818181818182,1.0592937469482422,0.009268522262573242
N. Harding,WSL 2018-2019,8,1,0.72135454,1.7888232,49.3770662222586,45.0,0.125,0.27864545583724976,-0.7888232469558716
N. Harding,WSL 2019-2020,5,0,0.35058427,0.0,67.42950441410265,48.4,0.0,-0.3505842685699463,0.0
N. Harding,WSL 2020-2021,24,3,3.5011017,2.3676674,97.66088117610332,48.958333333333336,0.125,-0.5011017322540283,0.6323325634002686
N. Harding,WSL 2021-2022,8,0,0.7919865,0.24074075,36.98686544810429,54.25,0.0,-0.7919865250587463,-0.24074074625968933
N. Harding,WSL 2022-2023,1,0,0.074433655,0.15492958,31.82608992634814,50.0,0.0,-0.07443365454673767,-0.15492957830429077
N. Heroum,WSL 2020-2021,7,0,0.8896829,0.23333333,96.55932181010516,50.142857142857146,0.0,-0.8896828889846802,-0.23333333432674408
N. Jones,WSL 2016,1,0,0.24275362,0.0,181.66666666666663,42.0,0.0,-0.24275362491607666,0.0
N. Jones,WSL 2017,3,0,0.1380753,0.0,131.11111111111111,44.666666666666664,0.0,-0.1380753070116043,0.0
N. Karczewska,WSL 2022-2023,10,2,2.3931615,2.450298,40.61811943546491,51.7,0.2,-0.3931615352630615,-0.4502980709075928
N. Las,WSL 2024-2025,8,0,0.075581394,0.0,36.26862329029284,49.0,0.0,-0.075581394135952,0.0
N. Las,WSL 2025-2026,1,0,0.0,0.0,15.102979838429247,50.0,0.0,0.0,0.0
N. Lawrence,WSL 2015,1,0,0.0,0.0,,75.0,0.0,0.0,0.0
N. Lawrence,WSL 2017,10,1,1.6656451,0.97959185,182.45185849100963,44.8,0.1,-0.6656451225280762,0.020408153533935547
N. Lawrence,WSL 2017-2018,2,0,0.0,0.0,4.999999999999952,48.5,0.0,0.0,0.0
N. Layzell,WSL 2023-2024,8,0,1.0093677,0.24074075,54.60918823948048,47.0,0.0,-1.0093677043914795,-0.24074074625968933
N. Layzell,WSL 2024-2025,3,0,0.1380753,0.0,36.875648005560635,53.0,0.0,-0.1380753070116043,0.0
N. Maritz,WSL 2020-2021,5,0,0.6943665,0.7452381,28.544079764646067,48.4,0.0,-0.6943665146827698,-0.7452381253242493
N. Maritz,WSL 2021-2022,6,0,0.29394585,0.15492958,41.17204538701437,61.166666666666664,0.0,-0.293945848941803,-0.15492957830429077
N. Maritz,WSL 2022-2023,2,0,0.13392857,0.0,43.80233987507468,46.0,0.0,-0.1339285671710968,0.0
N. Maritz,WSL 2023-2024,3,0,0.25850186,0.23823683,65.98133309929398,53.0,0.0,-0.2585018575191498,-0.23823682963848114
N. Maritz,WSL 2024-2025,4,0,0.25892857,0.8582677,48.063572287447414,62.5,0.0,-0.2589285671710968,-0.8582677245140076
N. Maritz,WSL 2025-2026,4,0,0.1380753,0.0,36.30009880084034,49.25,0.0,-0.1380753070116043,0.0
N. Mouchon,WSL 2024-2025,5,0,0.44575652,0.0,52.62742226187994,42.0,0.0,-0.4457565248012543,0.0
N. Mouchon,WSL 2025-2026,17,2,1.5610992,2.3111591,42.24274874289159,48.11764705882353,0.11764705882352941,0.43890082836151123,-0.3111591339111328
N. Nadim,WSL 2017-2018,25,4,3.5047622,3.6784034,99.02243846563525,47.52,0.16,0.4952378273010254,0.321596622467041
N. Nadim,WSL 2018-2019,7,0,0.39162093,0.6111111,63.72074932470823,49.0,0.0,-0.391620934009552,-0.6111111044883728
N. Noordam,WSL 2024-2025,7,0,0.9663704,0.0,56.28125682662867,46.57142857142857,0.0,-0.9663704037666321,0.0
N. Noordam,WSL 2025-2026,8,0,0.5545816,0.0,44.73672571598706,49.625,0.0,-0.5545815825462341,0.0
N. Parris,WSL 2015,50,4,4.964613,3.019981,135.11983620047903,45.88,0.08,-0.9646129608154297,0.9800190925598145
N. Parris,WSL 2016,49,1,4.81626,2.0026684,70.58847555338897,47.36734693877551,0.02040816326530612,-3.8162598609924316,-1.0026683807373047
N. Parris,WSL 2017,27,2,2.7610266,1.951814,86.28019737978772,48.55555555555556,0.07407407407407407,-0.7610266208648682,0.04818594455718994
N. Parris,WSL 2017-2018,60,11,9.238869,9.8128605,53.896445001459114,48.11666666666667,0.18333333333333332,1.7611312866210938,1.1871395111083984
N. Parris,WSL 2018-2019,73,19,15.323105,18.4822,58.47356980781696,49.397260273972606,0.2602739726027397,3.6768951416015625,0.5177993774414062
N. Parris,WSL 2021-2022,17,1,2.291402,1.437257,68.93481137176602,47.64705882352941,0.058823529411764705,-1.2914021015167236,-0.4372570514678955
N. Parris,WSL 2022-2023,30,4,3.1661835,4.332568,43.21479909403982,50.666666666666664,0.13333333333333333,0.8338165283203125,-0.3325681686401367
N. Parris,WSL 2023-2024,35,8,5.3323135,7.6512094,39.09066381773532,47.91428571428571,0.22857142857142856,2.6676864624023438,0.34879064559936523
N. Parris,WSL 2024-2025,50,7,8.275957,8.634045,44.85791395445404,50.68,0.14,-1.2759571075439453,-1.6340446472167969
N. Parris,WSL 2025-2026,26,4,3.7831256,4.64068,38.72518448997433,46.42307692307692,0.15384615384615385,0.216874361038208,-0.6406798362731934
N. Rolser,WSL 2015,1,0,0.10963455,0.0,110.00000000000003,50.0,0.0,-0.10963454842567444,0.0
N. Sørensen,WSL 2020-2021,18,2,1.6236117,1.803952,44.74965083247706,48.27777777777778,0.1111111111111111,0.3763883113861084,0.19604802131652832
N. Sørensen,WSL 2022-2023,15,2,0.937607,1.9679463,47.260701049359824,47.666666666666664,0.13333333333333333,1.0623930096626282,0.03205370903015137
N. Sørensen,WSL 2023-2024,14,0,1.0938084,0.5601852,43.3259172765649,50.07142857142857,0.0,-1.0938084125518799,-0.5601851940155029
N. Watts,WSL 2015,8,2,1.2958721,1.7165354,196.82447153949653,45.0,0.25,0.7041279077529907,0.28346455097198486
Natalia Pablos,WSL 2015,39,7,6.1027246,5.361339,121.54882928117577,48.17948717948718,0.1794871794871795,0.897275447845459,1.6386609077453613
Natalia Pablos,WSL 2016,18,4,2.0992773,2.6232066,125.58776837912485,48.333333333333336,0.2222222222222222,1.9007227420806885,1.376793384552002
Nor Mustafa,WSL 2020-2021,2,0,0.2195122,0.0,58.32024604043243,46.0,0.0,-0.2195121943950653,0.0
O. Ahtinen,WSL 2023-2024,9,1,0.5260465,0.5119048,31.696648650645525,46.44444444444444,0.1111111111111111,0.4739534854888916,0.488095223903656
O. Ahtinen,WSL 2024-2025,5,1,0.35758752,0.6756757,41.63813680270696,43.6,0.2,0.6424124836921692,0.3243243098258972
O. Ahtinen,WSL 2025-2026,2,1,0.6501912,0.8582677,62.77932198644113,58.5,0.5,0.34980881214141846,0.14173227548599243
O. Babajide,WSL 2017-2018,2,0,0.0,0.0,43.3333333333333,62.5,0.0,0.0,0.0
O. Babajide,WSL 2018-2019,26,4,2.5117376,3.5081887,55.98959547028812,44.76923076923077,0.15384615384615385,1.488262414932251,0.49181127548217773
O. Babajide,WSL 2019-2020,24,1,3.1380897,2.1226525,107.25562691579776,45.666666666666664,0.041666666666666664,-2.138089656829834,-1.122652530670166
O. Babajide,WSL 2021-2022,2,0,0.074433655,0.0,70.7678175448697,46.0,0.0,-0.07443365454673767,0.0
O. Chance,WSL 2017-2018,8,0,0.24275362,0.0,34.55057698107835,44.0,0.0,-0.24275362491607666,0.0
O. Chance,WSL 2019-2020,10,0,0.65241826,1.1572464,53.99120068586771,45.2,0.0,-0.6524182558059692,-1.1572463512420654
O. Deslandes,WSL 2025-2026,7,0,0.51852524,0.5119048,71.75094028404376,50.285714285714285,0.0,-0.518525242805481,-0.511904776096344
O. Fergusson,WSL 2017,5,0,0.67857146,0.0,87.0,48.4,0.0,-0.6785714626312256,0.0
O. Fergusson,WSL 2017-2018,1,0,0.0,0.0,16.666666666666664,50.0,0.0,0.0,0.0
O. Fergusson,WSL 2018-2019,26,1,2.0962136,1.5119047,120.00934554241312,48.73076923076923,0.038461538461538464,-1.0962135791778564,-0.5119047164916992
O. Holdt,WSL 2024-2025,14,1,0.7322146,1.9953543,37.85842181049653,47.642857142857146,0.07142857142857142,0.26778537034988403,-0.9953542947769165
O. Holdt,WSL 2025-2026,44,8,4.1696706,5.84668,41.545265417853095,47.54545454545455,0.18181818181818182,3.830329418182373,2.153319835662842
O. Jean-François,WSL 2024-2025,7,0,0.39357817,0.8582677,53.06146312537681,50.142857142857146,0.0,-0.3935781717300415,-0.8582677245140076
O. Jean-François,WSL 2025-2026,7,1,1.154913,1.1549296,45.48397827309177,49.57142857142857,0.14285714285714285,-0.15491294860839844,-0.15492963790893555
O. McLoughlin,WSL 2020-2021,2,0,0.023809524,0.0,271.66666666666663,58.5,0.0,-0.02380952425301075,0.0
O. McLoughlin,WSL 2021-2022,2,0,0.14886731,0.0,78.16008071505343,42.0,0.0,-0.14886730909347534,0.0
O. McLoughlin,WSL 2025-2026,11,0,0.57265687,0.0,51.12648708520481,49.45454545454545,0.0,-0.5726568698883057,0.0
O. Siren,WSL 2024-2025,13,0,0.42785883,0.7264323,30.51325173241686,49.53846153846154,0.0,-0.427858829498291,-0.7264323234558105
O. Siren,WSL 2025-2026,11,1,0.48409832,0.5562866,36.4708685903729,51.72727272727273,0.09090909090909091,0.5159016847610474,0.4437134265899658
O. Smith,WSL 2024-2025,50,7,6.109117,5.6745167,43.408820401644746,47.46,0.14,0.8908829689025879,1.3254833221435547
O. Smith,WSL 2025-2026,35,5,3.4004173,4.3596034,43.9717994543462,50.857142857142854,0.14285714285714285,1.5995826721191406,0.6403965950012207
O. Tvedten,WSL 2025-2026,6,0,0.14886731,0.0,43.1851924921633,55.666666666666664,0.0,-0.14886730909347534,0.0
Ona Batlle,WSL 2020-2021,11,0,0.66957545,0.0,109.39247539507693,43.81818181818182,0.0,-0.6695754528045654,0.0
Ona Batlle,WSL 2021-2022,20,1,0.66912943,1.2036062,46.03657183569217,47.65,0.05,0.3308705687522888,-0.2036062479019165
Ona Batlle,WSL 2022-2023,10,1,0.7601311,0.79409677,43.927569687850024,44.4,0.1,0.2398688793182373,0.20590323209762573
Ornella Vignola,WSL 2025-2026,35,4,2.2310832,3.7418175,38.02461894509839,48.48571428571429,0.11428571428571428,1.7689168453216553,0.2581825256347656
P. Ademiluyi,WSL 2023-2024,1,0,0.0,0.0,1.6666666666666903,42.0,0.0,0.0,0.0
P. Ademiluyi,WSL 2024-2025,2,0,0.075581394,0.0,58.28986950079054,62.5,0.0,-0.075581394135952,0.0
P. Bailey-Gayle,WSL 2018-2019,1,0,0.2857143,0.0,78.57233044215445,50.0,0.0,-0.2857142984867096,0.0
P. Bailey-Gayle,WSL 2021-2022,1,0,0.0,0.0,51.66666666666669,50.0,0.0,0.0,0.0
P. Bremer,WSL 2017-2018,3,1,0.13392857,0.6756757,49.20006973454915,42.0,0.3333333333333333,0.8660714328289032,0.3243243098258972
P. Bremer,WSL 2018-2019,5,0,0.2630753,0.0,46.583557647853915,51.8,0.0,-0.2630752921104431,0.0
P. Bremer,WSL 2019-2020,48,10,9.892142,8.689064,78.53460999168995,50.520833333333336,0.20833333333333334,0.10785770416259766,1.3109359741210938
P. Bremer,WSL 2023-2024,16,2,1.9534153,1.647898,44.21753451004153,51.4375,0.125,0.04658472537994385,0.35210204124450684
P. Bremer,WSL 2024-2025,12,1,1.6750344,0.8582677,49.1120170645551,46.666666666666664,0.08333333333333333,-0.6750344038009644,0.14173227548599243
P. Harder,WSL 2020-2021,54,10,6.098143,7.153746,46.347200012835884,47.611111111111114,0.18518518518518517,3.9018568992614746,2.8462538719177246
P. Harder,WSL 2021-2022,53,6,7.0086684,6.3847914,53.15575245059104,48.264150943396224,0.11320754716981132,-1.0086684226989746,-0.38479137420654297
P. Harder,WSL 2022-2023,36,8,6.767799,8.186789,47.79194331272554,47.638888888888886,0.2222222222222222,1.232201099395752,-0.18678855895996094
P. Pattinson,WSL 2018-2019,5,0,0.20836222,0.0,61.68330405299137,50.2,0.0,-0.20836222171783447,0.0
P. Pattinson,WSL 2019-2020,2,0,0.0,0.0,63.333333333333286,46.0,0.0,0.0,0.0
P. Pattinson,WSL 2020-2021,2,0,0.075581394,0.0,42.449115882637436,42.0,0.0,-0.075581394135952,0.0
P. Pattinson,WSL 2021-2022,7,0,0.1840682,0.24074075,42.02283076371965,44.285714285714285,0.0,-0.1840682029724121,-0.24074074625968933
P. Pattinson,WSL 2022-2023,13,0,0.80431354,0.118421055,50.10579391620394,47.69230769230769,0.0,-0.8043135404586792,-0.1184210553765297
P. Pattinson,WSL 2023-2024,7,0,0.074433655,0.0,33.45169642567811,46.142857142857146,0.0,-0.07443365454673767,0.0
P. Pattinson,WSL 2024-2025,9,0,0.18521595,0.0,54.30016597534341,45.22222222222222,0.0,-0.18521595001220703,0.0
P. Pattinson,WSL 2025-2026,6,0,0.31799677,0.0,66.04475702602139,48.833333333333336,0.0,-0.3179967701435089,0.0
P. Sawyer,WSL 2017-2018,1,0,0.0,0.0,26.66666666666669,50.0,0.0,0.0,0.0
P. Williams,WSL 2017,12,0,0.63067013,0.24210064,107.16021353302776,44.75,0.0,-0.6306701302528381,-0.24210064113140106
P. Williams,WSL 2017-2018,7,0,0.39657718,0.4378655,45.26820686333277,45.57142857142857,0.0,-0.3965771794319153,-0.4378654956817627
P. Williams,WSL 2018-2019,6,0,0.19943365,0.15492958,25.13113885542858,44.666666666666664,0.0,-0.19943365454673767,-0.15492957830429077
P. Wilson,WSL 2017,2,0,0.24275362,0.0,114.16666666666669,46.0,0.0,-0.24275362491607666,0.0
P. Wilson,WSL 2017-2018,1,0,0.0,0.0,,50.0,0.0,0.0,0.0
Paula Tomás,WSL 2024-2025,11,0,0.79578817,0.6756757,45.021244042359065,49.81818181818182,0.0,-0.7957881689071655,-0.6756756901741028
Paula Tomás,WSL 2025-2026,1,0,0.24275362,0.0,78.14544843502475,75.0,0.0,-0.24275362491607666,0.0
R. Allen,WSL 2015,9,0,1.4947474,0.75609756,70.34233188126558,50.111111111111114,0.0,-1.4947474002838135,-0.7560975551605225
R. Allen,WSL 2016,9,1,1.830809,1.8308704,94.41542167019902,54.77777777777778,0.1111111111111111,-0.8308089971542358,-0.8308703899383545
R. Allen,WSL 2017,8,0,0.99509525,0.0,173.33333333333331,45.625,0.0,-0.9950952529907227,0.0
R. Allen,WSL 2017-2018,32,9,8.394156,8.866211,55.29803375172692,49.28125,0.28125,0.6058435440063477,0.1337890625
R. Allen,WSL 2018-2019,26,2,3.9799771,3.236123,94.96833597276827,46.26923076923077,0.07692307692307693,-1.9799771308898926,-1.2361230850219727
R. Allen,WSL 2019-2020,15,3,2.9238138,2.787384,47.859963354049995,50.46666666666667,0.2,0.0761861801147461,0.212615966796875
R. Allen,WSL 2021-2022,15,3,2.0969493,2.2982783,41.41472346764642,46.266666666666666,0.2,0.9030506610870361,0.7017216682434082
R. Allen,WSL 2022-2023,2,0,0.0,0.0,32.73368548575162,46.0,0.0,0.0,0.0
R. Ayane,WSL 2018-2019,16,1,1.503659,0.68115944,101.4489429224647,43.5625,0.0625,-0.5036590099334717,0.31884056329727173
R. Ayane,WSL 2019-2020,23,0,1.8281178,0.46735308,60.99623298483854,48.69565217391305,0.0,-1.828117847442627,-0.46735307574272156
R. Ayane,WSL 2020-2021,21,1,2.2776756,1.9964123,93.76547296118139,47.61904761904762,0.047619047619047616,-1.2776756286621094,-0.9964122772216797
R. Ayane,WSL 2021-2022,21,1,1.3782712,0.75609756,41.964486913147,45.904761904761905,0.047619047619047616,-0.378271222114563,0.24390244483947754
R. Ayane,WSL 2022-2023,19,1,1.0123578,0.842559,42.18937487611675,49.26315789473684,0.05263157894736842,-0.012357831001281738,0.15744102001190186
R. Ayane,WSL 2023-2024,5,0,0.6853921,0.0,43.09692876592443,46.8,0.0,-0.6853920817375183,0.0
R. Ayane,WSL 2024-2025,3,0,0.0,0.0,20.516309908113815,66.66666666666667,0.0,0.0,0.0
R. Ayane,WSL 2025-2026,3,0,0.10963455,0.0,44.5168857301046,53.0,0.0,-0.10963454842567444,0.0
R. Bachmann,WSL 2017,23,3,2.8193789,2.8104622,98.91625680215448,47.91304347826087,0.13043478260869565,0.18062114715576172,0.18953776359558105
R. Bachmann,WSL 2017-2018,24,0,1.5744946,0.30985916,102.54703586145637,48.0,0.0,-1.5744946002960205,-0.30985915660858154
R. Bachmann,WSL 2018-2019,36,3,4.04603,2.624967,79.25976046666155,48.69444444444444,0.08333333333333333,-1.046030044555664,0.375032901763916
R. Bachmann,WSL 2019-2020,17,1,1.8016418,1.1176672,63.64653028461923,49.411764705882355,0.058823529411764705,-0.8016418218612671,-0.11766719818115234
R. Bose,WSL 2025-2026,1,0,0.4234234,0.0,77.82037722287852,50.0,0.0,-0.4234234094619751,0.0
R. Corsie,WSL 2020-2021,3,1,0.7870598,0.7241379,91.93195380892882,44.666666666666664,0.3333333333333333,0.21294021606445312,0.27586209774017334
R. Corsie,WSL 2021-2022,4,1,1.7576348,1.9677229,32.82888099873928,46.0,0.25,-0.7576347589492798,-0.9677228927612305
R. Corsie,WSL 2022-2023,6,1,1.444726,1.6552675,60.66398238079197,47.5,0.16666666666666666,-0.44472599029541016,-0.6552674770355225
R. Corsie,WSL 2023-2024,12,0,1.01651,0.95451003,37.810994368976985,50.166666666666664,0.0,-1.016510009765625,-0.9545100331306458
R. Daly,WSL 2020-2021,10,3,1.0348921,1.7646856,35.45533633058519,48.9,0.3,1.9651079177856445,1.2353143692016602
R. Daly,WSL 2022-2023,84,22,16.479574,21.159458,44.406858751036,48.416666666666664,0.2619047619047619,5.520425796508789,0.8405418395996094
R. Daly,WSL 2023-2024,64,8,8.383439,7.6823854,50.637340454098194,50.578125,0.125,-0.3834390640258789,0.3176145553588867
R. Daly,WSL 2024-2025,49,8,8.4397545,9.1069,47.82775380057129,48.51020408163265,0.16326530612244897,-0.4397544860839844,-1.1069002151489258
R. Daly,WSL 2025-2026,19,3,2.7011786,2.981327,42.070566476561616,49.421052631578945,0.15789473684210525,0.29882144927978516,0.018672943115234375
R. Dean,WSL 2019-2020,24,4,4.23374,2.9281843,87.0806149078816,50.458333333333336,0.16666666666666666,-0.23373985290527344,1.0718157291412354
R. Dean,WSL 2020-2021,8,0,1.3016295,0.8582677,44.72893772090655,49.125,0.0,-1.3016295433044434,-0.8582677245140076
R. Easton,WSL 2015,1,1,0.7011494,0.68115944,11.925230023404614,42.0,1.0,0.2988505959510803,0.31884056329727173
R. Furness,WSL 2015,4,0,0.023809524,0.0,35.55555555555554,48.25,0.0,-0.02380952425301075,0.0
R. Furness,WSL 2017,18,1,0.9584753,0.7207456,108.85990907556453,44.22222222222222,0.05555555555555555,0.04152470827102661,0.27925437688827515
R. Furness,WSL 2017-2018,27,3,2.0449698,3.145118,64.71776483838028,46.22222222222222,0.1111111111111111,0.9550302028656006,-0.14511799812316895
R. Furness,WSL 2018-2019,34,1,2.1005867,2.1492107,66.14276187619569,45.85294117647059,0.029411764705882353,-1.1005866527557373,-1.1492106914520264
R. Furness,WSL 2019-2020,38,5,4.688671,4.366337,80.40275022538547,44.86842105263158,0.13157894736842105,0.3113288879394531,0.6336631774902344
R. Furness,WSL 2022-2023,6,1,0.6580579,1.4159892,48.74986299096302,48.833333333333336,0.16666666666666666,0.34194207191467285,-0.4159891605377197
R. Furness,WSL 2023-2024,7,1,0.39657718,0.8148148,61.509159424184425,46.714285714285715,0.14285714285714285,0.6034228205680847,0.18518519401550293
R. Grant,WSL 2020-2021,2,0,0.4234234,0.0,63.21880418107737,62.5,0.0,-0.4234234094619751,0.0
R. Holloway,WSL 2019-2020,3,0,0.125,0.0,39.01285400708051,42.0,0.0,-0.125,0.0
R. Holloway,WSL 2020-2021,1,0,0.0,0.0,14.999999999999977,42.0,0.0,0.0,0.0
R. Holloway,WSL 2021-2022,11,0,0.6872809,0.15492958,50.288986353533254,48.63636363636363,0.0,-0.6872808933258057,-0.15492957830429077
R. Hönnudóttir,WSL 2018-2019,1,0,0.0,0.0,29.999999999999954,50.0,0.0,0.0,0.0
R. Hönnudóttir,WSL 2019-2020,1,0,0.0,0.0,26.66666666666669,42.0,0.0,0.0,0.0
R. Imuran,WSL 2025-2026,1,0,0.0,0.0,46.62271740018784,42.0,0.0,0.0,0.0
R. Ishikawa,WSL 2025-2026,1,0,0.10963455,0.118421055,14.483323743763608,50.0,0.0,-0.10963454842567444,-0.1184210553765297
R. Jarrett,WSL 2020-2021,15,2,1.7212592,1.3799499,87.26860873507285,46.13333333333333,0.13333333333333333,0.2787407636642456,0.6200500726699829
R. Kafaji,WSL 2024-2025,8,1,1.4560137,1.0,51.421537741925334,48.625,0.125,-0.45601367950439453,0.0
R. Kafaji,WSL 2025-2026,26,2,3.6964219,2.4285715,50.387645723648674,48.19230769230769,0.07692307692307693,-1.6964218616485596,-0.4285714626312256
R. Kmita,WSL 2018-2019,6,1,0.6954273,1.2867868,40.63171871176419,47.333333333333336,0.16666666666666666,0.3045727014541626,-0.2867867946624756
R. Knaak,WSL 2024-2025,12,4,1.4473637,2.9748194,54.734843974543594,47.916666666666664,0.3333333333333333,2.5526362657546997,1.0251805782318115
R. Knaak,WSL 2025-2026,15,2,1.2694938,1.6385412,45.82649503456626,45.8,0.13333333333333333,0.730506181716919,0.36145877838134766
R. Lavelle,WSL 2020-2021,19,1,1.5951198,1.5609756,39.47011842952845,49.05263157894737,0.05263157894736842,-0.595119833946228,-0.5609755516052246
R. Laws,WSL 2024-2025,1,1,0.969697,0.9726027,11.278790321267218,50.0,1.0,0.030303001403808594,0.0273972749710083
R. Littlejohn,WSL 2020-2021,7,0,0.7062193,0.23333333,52.558734558727565,49.0,0.0,-0.7062193155288696,-0.23333333432674408
R. Littlejohn,WSL 2021-2022,7,0,0.22444871,0.0,71.68696570576569,42.0,0.0,-0.22444871068000793,0.0
R. Mace,WSL 2020-2021,4,2,0.9633225,1.5339434,46.897651831955386,58.5,0.5,1.0366774797439575,0.46605658531188965
R. Mace,WSL 2021-2022,1,0,0.074433655,0.0,65.81826831848771,75.0,0.0,-0.07443365454673767,0.0
R. Mace,WSL 2022-2023,10,0,1.5727555,0.8327068,56.0352617590715,52.6,0.0,-1.5727554559707642,-0.8327068090438843
R. Mace,WSL 2023-2024,2,0,0.16129568,0.24074075,51.98091656882224,46.0,0.0,-0.16129568219184875,-0.24074074625968933
R. Mace,WSL 2024-2025,16,0,0.6160696,0.0,46.52612892201578,44.5,0.0,-0.6160696148872375,0.0
R. Mace,WSL 2025-2026,14,1,1.1929979,1.2733506,28.216146793628546,47.857142857142854,0.07142857142857142,-0.19299793243408203,-0.2733505964279175
R. Madsen,WSL 2023-2024,3,0,0.7011494,0.0,43.73691247533002,47.333333333333336,0.0,-0.7011494040489197,0.0
R. Maltby,WSL 2025-2026,4,0,0.0,0.0,24.51869700134457,48.0,0.0,0.0,0.0
R. McLauchlan,WSL 2018-2019,7,0,0.96295357,0.15492958,68.08462325329438,46.57142857142857,0.0,-0.9629535675048828,-0.15492957830429077
R. McLauchlan,WSL 2024-2025,4,1,1.0441307,1.0,45.84969224632998,53.5,0.25,-0.044130682945251465,0.0
R. McLauchlan,WSL 2025-2026,7,0,0.31718728,0.0,26.431483204362166,51.285714285714285,0.0,-0.31718727946281433,0.0
R. Percival,WSL 2018-2019,4,0,0.25850186,0.0,78.14110648696777,44.0,0.0,-0.2585018575191498,0.0
R. Percival,WSL 2019-2020,12,0,0.6006464,0.15492958,56.84448704572275,46.0,0.0,-0.6006463766098022,-0.15492957830429077
R. Percival,WSL 2020-2021,12,0,0.6074916,0.9285714,39.66876317148476,45.166666666666664,0.0,-0.6074916124343872,-0.9285714030265808
R. Percival,WSL 2021-2022,19,2,2.1064234,2.5796175,71.01442980389841,49.36842105263158,0.10526315789473684,-0.10642337799072266,-0.5796175003051758
R. Percival,WSL 2023-2024,4,1,1.2124506,0.97959185,52.861862876772946,47.25,0.25,-0.21245062351226807,0.020408153533935547
R. Petzelberger,WSL 2020-2021,9,3,1.6798457,2.3020856,27.623455852710894,51.111111111111114,0.3333333333333333,1.3201543092727661,0.6979143619537354
R. Petzelberger,WSL 2021-2022,22,3,3.0215752,2.934969,59.8659876999514,49.40909090909091,0.13636363636363635,-0.021575212478637695,0.06503105163574219
R. Petzelberger,WSL 2022-2023,1,0,0.1380753,0.0,78.24640566824779,42.0,0.0,-0.1380753070116043,0.0
R. Petzelberger,WSL 2023-2024,4,0,0.074433655,0.0,29.672801781321784,54.25,0.0,-0.07443365454673767,0.0
R. Pitman,WSL 2017-2018,5,1,0.60162795,0.71428573,71.40086034916584,44.4,0.2,0.3983720541000366,0.2857142686843872
R. Roberts,WSL 2016,10,1,1.0140347,0.68115944,148.17903786047026,43.6,0.1,-0.014034748077392578,0.31884056329727173
R. Roberts,WSL 2018-2019,3,0,0.20836222,0.0,79.50663987470561,42.0,0.0,-0.20836222171783447,0.0
R. Roberts,WSL 2019-2020,12,0,0.43695766,0.24074075,105.17283934632157,45.333333333333336,0.0,-0.4369576573371887,-0.24074074625968933
R. Roberts,WSL 2022-2023,6,1,0.26978248,0.6111111,37.94394805372161,53.0,0.16666666666666666,0.7302175164222717,0.3888888955116272
R. Rowe,WSL 2016,15,1,0.9922757,0.68115944,139.49802906900862,44.666666666666664,0.06666666666666667,0.007724285125732422,0.31884056329727173
R. Rowe,WSL 2017,5,1,1.3162093,0.68115944,265.6349846781031,47.6,0.2,-0.3162093162536621,0.31884056329727173
R. Rowe,WSL 2017-2018,14,3,1.1421359,2.6255445,48.722282448520716,48.142857142857146,0.21428571428571427,1.8578641414642334,0.37445545196533203
R. Rowe,WSL 2018-2019,1,0,0.074433655,0.118421055,18.26684914750703,42.0,0.0,-0.07443365454673767,-0.1184210553765297
R. Rowe,WSL 2019-2020,7,0,0.22330096,0.0,63.90233782044125,45.0,0.0,-0.223300963640213,0.0
R. Rowe,WSL 2020-2021,27,5,3.1451244,4.424771,44.97999084667562,48.888888888888886,0.18518518518518517,1.8548755645751953,0.5752291679382324
R. Rowe,WSL 2021-2022,20,1,1.992406,1.5457201,57.021208196053315,47.3,0.05,-0.9924060106277466,-0.545720100402832
R. Rowe,WSL 2022-2023,26,3,2.1338897,2.5596879,43.13243786162606,44.96153846153846,0.11538461538461539,0.8661103248596191,0.44031214714050293
R. Sevecke,WSL 2020-2021,7,1,1.4446411,0.9726027,80.17990941395308,47.857142857142854,0.14285714285714285,-0.44464111328125,0.0273972749710083
R. Sevecke,WSL 2021-2022,8,1,1.496658,1.5813271,40.25548914021523,50.125,0.125,-0.49665796756744385,-0.5813270807266235
R. Sevecke,WSL 2022-2023,12,1,1.7364744,1.1707678,40.379311605461105,47.083333333333336,0.08333333333333333,-0.7364743947982788,-0.17076778411865234
R. Shimizu,WSL 2022-2023,5,0,0.13344407,0.0,50.541280219973444,46.8,0.0,-0.13344407081604004,0.0
R. Shimizu,WSL 2023-2024,4,1,1.2623968,0.9285714,60.40628514510619,46.0,0.25,-0.26239681243896484,0.07142859697341919
R. Shimizu,WSL 2025-2026,1,0,0.0,0.0,21.66666666666662,42.0,0.0,0.0,0.0
R. Siemsen,WSL 2022-2023,13,1,2.6461582,0.97959185,49.522607961431156,48.53846153846154,0.07692307692307693,-1.646158218383789,0.020408153533935547
R. Spencer,WSL 2020-2021,1,1,0.969697,0.9726027,23.43430533783042,50.0,1.0,0.030303001403808594,0.0273972749710083
R. Stott,WSL 2020-2021,2,0,0.31182796,0.0,52.502517649578685,50.0,0.0,-0.31182795763015747,0.0
R. Ueki,WSL 2023-2024,64,6,5.7151065,6.092401,37.320980422840954,47.53125,0.09375,0.2848935127258301,-0.09240102767944336
R. Ueki,WSL 2024-2025,49,4,4.7650595,4.8523397,39.53316203584766,46.87755102040816,0.08163265306122448,-0.7650594711303711,-0.8523397445678711
R. Ueki,WSL 2025-2026,35,2,3.1031208,2.9293885,42.74358071346461,45.6,0.05714285714285714,-1.1031208038330078,-0.9293885231018066
R. White,WSL 2015,18,2,2.2973862,1.6607513,62.14990158747396,46.0,0.1111111111111111,-0.29738616943359375,0.3392486572265625
R. White,WSL 2016,21,2,1.71299,2.3980072,89.62329893526227,44.666666666666664,0.09523809523809523,0.28700995445251465,-0.3980071544647217
R. Williams,WSL 2015,31,7,4.4804225,5.6515436,126.32187422853147,45.54838709677419,0.22580645161290322,2.5195775032043457,1.3484563827514648
R. Williams,WSL 2016,23,3,2.6394298,2.1715822,153.77504438048,47.608695652173914,0.13043478260869565,0.36057019233703613,0.8284177780151367
R. Williams,WSL 2017,15,2,3.1787379,1.5824056,93.90365284295235,46.86666666666667,0.13333333333333333,-1.1787378787994385,0.41759443283081055
R. Williams,WSL 2017-2018,32,3,5.2528152,4.1196103,71.4509715637297,47.625,0.09375,-2.2528152465820312,-1.11961030960083
R. Williams,WSL 2019-2020,16,0,1.9817816,0.47443366,107.29445944651779,47.125,0.0,-1.9817816019058228,-0.47443366050720215
R. Williams,WSL 2020-2021,13,0,0.8488408,0.71428573,73.0875401929332,47.0,0.0,-0.8488407731056213,-0.7142857313156128
R. Williams,WSL 2021-2022,39,4,6.353006,4.856315,78.53578306473462,45.51282051282051,0.10256410256410256,-2.353005886077881,-0.8563151359558105
R. Williams,WSL 2022-2023,17,4,3.483238,4.0481195,48.89799516026184,47.05882352941177,0.23529411764705882,0.5167620182037354,-0.048119544982910156
R. Williams,WSL 2023-2024,29,5,3.6072848,5.560828,48.66088497946659,44.51724137931034,0.1724137931034483,1.3927152156829834,-0.5608282089233398
R. Williams,WSL 2024-2025,3,0,0.20836222,0.3125,39.423112444058795,57.333333333333336,0.0,-0.20836222171783447,-0.3125
R. Williams,WSL 2025-2026,5,0,0.0,0.0,23.227761525588075,51.8,0.0,0.0,0.0
R. Yankey,WSL 2015,1,0,0.074433655,0.0,145.00000000000003,67.0,0.0,-0.07443365454673767,0.0
R. Yankey,WSL 2016,6,0,0.3090682,0.0,89.66666666666667,44.666666666666664,0.0,-0.3090682029724121,0.0
R. van Gool,WSL 2025-2026,10,0,0.7905133,1.4263976,41.219053854883555,48.5,0.0,-0.790513277053833,-1.4263975620269775
R. Öling,WSL 2024-2025,1,0,0.24275362,0.0,78.24640566824779,42.0,0.0,-0.24275362491607666,0.0
Rafaelle,WSL 2021-2022,5,1,0.28394362,1.1875805,191.647887851537,42.0,0.2,0.7160563766956329,-0.18758046627044678
Rafaelle,WSL 2022-2023,18,2,1.1424286,1.5201201,56.8864820107204,42.888888888888886,0.1111111111111111,0.8575713634490967,0.47987985610961914
S. Albuery,WSL 2018-2019,3,0,0.4234234,0.0,162.2222222222222,50.0,0.0,-0.4234234094619751,0.0
S. Awujo,WSL 2024-2025,2,0,0.31182796,0.0,45.13828506373657,46.0,0.0,-0.31182795763015747,0.0
S. Awujo,WSL 2025-2026,8,0,0.2738673,0.0,39.30333431311577,47.125,0.0,-0.27386730909347534,0.0
S. Baggaley,WSL 2017-2018,1,1,0.969697,0.97959185,21.80086644557454,50.0,1.0,0.030303001403808594,0.020408153533935547
S. Baggaley,WSL 2020-2021,1,1,0.969697,1.0,50.74445782546108,50.0,1.0,0.030303001403808594,0.0
S. Baltimore,WSL 2024-2025,16,4,1.7876862,3.2518802,34.44051949401055,48.0625,0.25,2.2123137712478638,0.7481198310852051
S. Baltimore,WSL 2025-2026,21,3,2.713076,2.1889725,48.85615135969759,50.714285714285715,0.14285714285714285,0.286923885345459,0.8110275268554688
S. Barker,WSL 2016,3,0,0.21250896,0.0,186.66666666666666,43.666666666666664,0.0,-0.21250896155834198,0.0
S. Blackstenius,WSL 2021-2022,15,6,3.3121302,5.141503,35.818063790647024,46.8,0.4,2.6878697872161865,0.858497142791748
S. Blackstenius,WSL 2022-2023,70,8,10.23022,7.360248,49.062550438633174,48.15714285714286,0.11428571428571428,-2.230219841003418,0.6397519111633301
S. Blackstenius,WSL 2023-2024,41,7,8.080161,7.074502,46.07496995693021,50.90243902439025,0.17073170731707318,-1.0801610946655273,-0.07450199127197266
S. Blackstenius,WSL 2024-2025,34,5,5.3977323,6.167361,40.76415972208739,50.11764705882353,0.14705882352941177,-0.3977322578430176,-1.167360782623291
S. Blackstenius,WSL 2025-2026,55,10,8.694002,10.22522,43.565124434343936,49.70909090909091,0.18181818181818182,1.3059978485107422,-0.2252197265625
S. Boye,WSL 2021-2022,1,0,0.125,0.0,78.20230175640613,42.0,0.0,-0.125,0.0
S. Bradley-Auckland,WSL 2016,2,0,0.24275362,0.0,25.0,54.5,0.0,-0.24275362491607666,0.0
S. Bradley-Auckland,WSL 2018-2019,6,0,0.4733063,0.0,111.00897386278415,43.333333333333336,0.0,-0.4733062982559204,0.0
S. Bradley-Auckland,WSL 2019-2020,6,0,0.44281316,0.0,259.66143174950633,51.5,0.0,-0.4428131580352783,0.0
S. Bruun,WSL 2021-2022,6,0,0.075581394,0.0,55.575327817338426,47.5,0.0,-0.075581394135952,0.0
S. Catley,WSL 2020-2021,1,0,0.08571429,0.118421055,16.534139765278923,42.0,0.0,-0.08571428805589676,-0.1184210553765297
S. Catley,WSL 2021-2022,16,1,0.5810721,1.6965963,27.750923098037855,48.375,0.0625,0.4189279079437256,-0.6965962648391724
S. Catley,WSL 2022-2023,4,1,0.953125,1.0,52.294697325707126,45.0,0.25,0.046875,0.0
S. Catley,WSL 2023-2024,19,1,0.91909444,1.0131973,44.23123635553738,45.78947368421053,0.05263157894736842,0.08090555667877197,-0.01319730281829834
S. Catley,WSL 2024-2025,5,0,0.2596496,0.24074075,45.57322336768317,45.2,0.0,-0.2596496045589447,-0.24074074625968933
S. Catley,WSL 2025-2026,4,0,0.0,0.0,31.150213636220734,48.0,0.0,0.0,0.0
S. Chossenotte,WSL 2024-2025,10,1,1.2568337,1.6537621,37.764857162638876,50.9,0.1,-0.25683367252349854,-0.6537621021270752
S. Coffey,WSL 2025-2026,3,0,0.24275362,0.0,47.82990234832894,46.333333333333336,0.0,-0.24275362491607666,0.0
S. Cooke,WSL 2023-2024,7,1,1.2362473,1.3795321,32.527694520675304,44.285714285714285,0.14285714285714285,-0.23624730110168457,-0.3795320987701416
S. D'Angelo,WSL 2024-2025,1,0,0.0,0.0,10.000000000000025,42.0,0.0,0.0,0.0
S. Ewens,WSL 2021-2022,4,0,0.023809524,0.0,49.92309367020691,56.25,0.0,-0.02380952425301075,0.0
S. Franssi,WSL 2025-2026,5,0,0.24275362,0.0,31.742836887134665,48.4,0.0,-0.24275362491607666,0.0
S. Gaupset,WSL 2025-2026,31,3,3.0170298,3.6408248,39.16469857802438,50.58064516129032,0.0967741935483871,-0.017029762268066406,-0.6408247947692871
S. Haug,WSL 2023-2024,51,7,8.539706,8.275528,44.850534944969695,45.68627450980392,0.13725490196078433,-1.5397062301635742,-1.2755279541015625
S. Haug,WSL 2024-2025,15,3,2.3342836,3.239187,40.75138123940246,45.8,0.2,0.6657164096832275,-0.23918700218200684
S. Haug,WSL 2025-2026,1,0,0.0,0.0,20.00000000000005,42.0,0.0,0.0,0.0
S. Hayles,WSL 2020-2021,17,2,1.982071,1.9825902,44.83778264293435,49.11764705882353,0.11764705882352941,0.01792895793914795,0.017409801483154297
S. Hayles,WSL 2021-2022,3,0,0.24275362,0.0,75.0,46.0,0.0,-0.24275362491607666,0.0
S. Hayles,WSL 2023-2024,4,0,0.9032258,0.0,52.74238501273046,49.25,0.0,-0.9032257795333862,0.0
S. Haywood,WSL 2020-2021,2,0,0.4672908,0.15492958,57.91222106114547,62.5,0.0,-0.4672907888889313,-0.15492957830429077
S. Holmberg,WSL 2025-2026,10,2,1.8349644,2.1067436,40.66001058027691,48.5,0.2,0.16503560543060303,-0.10674357414245605
S. Holmgaard,WSL 2022-2023,3,0,0.44444445,0.0,61.89248827031438,44.666666666666664,0.0,-0.4444444477558136,0.0
S. Holmgaard,WSL 2023-2024,8,2,1.5862553,1.9726027,57.57538226574291,46.625,0.25,0.4137446880340576,0.0273972749710083
S. Holmgaard,WSL 2024-2025,11,3,1.0943292,2.5668874,40.63462772935324,45.72727272727273,0.2727272727272727,1.9056707620620728,0.43311262130737305
S. Hopcroft,WSL 2024-2025,2,0,0.0,0.0,19.166666666666693,46.0,0.0,0.0,0.0
S. Houghton,WSL 2015,20,3,3.5178616,2.4977741,100.15661581102098,43.7,0.15,-0.5178616046905518,0.5022258758544922
S. Houghton,WSL 2016,23,2,1.3458174,1.2317836,72.47155682325328,45.56521739130435,0.08695652173913043,0.6541825532913208,0.7682163715362549
S. Houghton,WSL 2017,16,0,0.6554528,0.31944445,113.39263053447989,44.5625,0.0,-0.6554527878761292,-0.3194444477558136
S. Houghton,WSL 2017-2018,26,2,1.8122021,2.4724622,85.48237428427018,44.38461538461539,0.07692307692307693,0.1877979040145874,-0.47246217727661133
S. Houghton,WSL 2018-2019,33,3,2.6487432,2.3643606,107.52575168397055,44.60606060606061,0.09090909090909091,0.3512568473815918,0.6356394290924072
S. Houghton,WSL 2019-2020,7,2,1.305428,1.3311594,65.18486331586656,49.0,0.2857142857142857,0.6945719718933105,0.6688406467437744
S. Houghton,WSL 2020-2021,20,2,2.6168265,1.709124,54.48356132037834,47.5,0.1,-0.6168265342712402,0.29087603092193604
S. Houghton,WSL 2021-2022,2,1,0.24275362,0.5119048,34.95655470014212,42.0,0.5,0.7572463750839233,0.488095223903656
S. Houghton,WSL 2022-2023,11,2,0.57614535,1.6035058,23.946960670707323,45.72727272727273,0.18181818181818182,1.423854649066925,0.39649415016174316
S. Houghton,WSL 2023-2024,2,0,0.0,0.0,29.049764810415102,42.0,0.0,0.0,0.0
S. Howard,WSL 2018-2019,1,0,0.023809524,0.0,78.20230175640613,67.0,0.0,-0.02380952425301075,0.0
S. Howard,WSL 2019-2020,4,0,0.45111585,0.0,73.27546789456659,44.0,0.0,-0.45111584663391113,0.0
S. Howard,WSL 2021-2022,12,1,1.0785024,0.80315536,46.76214774909162,46.75,0.08333333333333333,-0.07850241661071777,0.19684463739395142
S. Howard,WSL 2022-2023,10,1,1.4484298,1.2733506,46.08474818131457,44.4,0.1,-0.44842982292175293,-0.2733505964279175
S. Howard,WSL 2023-2024,10,1,1.4264231,1.3167828,62.28767486571327,43.6,0.1,-0.4264230728149414,-0.3167828321456909
S. Howard,WSL 2024-2025,10,1,2.1913152,1.63112,36.88731976047737,45.7,0.1,-1.1913151741027832,-0.631119966506958
S. Ingle,WSL 2015,15,1,1.1653774,0.9732295,141.86279004604566,47.4,0.06666666666666667,-0.16537737846374512,0.026770472526550293
S. Ingle,WSL 2016,3,0,0.953125,0.0,52.52998715386576,49.0,0.0,-0.953125,0.0
S. Ingle,WSL 2017,3,0,0.125,0.0,21.666666666666657,44.666666666666664,0.0,-0.125,0.0
S. Ingle,WSL 2017-2018,6,0,0.10963455,0.0,59.7460916753702,43.333333333333336,0.0,-0.10963454842567444,0.0
S. Ingle,WSL 2018-2019,16,0,0.42273462,0.24074075,56.531286596191684,45.5625,0.0,-0.4227346181869507,-0.24074074625968933
S. Ingle,WSL 2019-2020,12,4,1.8156165,3.1476533,140.15292399575662,52.25,0.3333333333333333,2.184383511543274,0.852346658706665
S. Ingle,WSL 2020-2021,14,0,0.5113913,0.0,56.841456189083594,49.642857142857146,0.0,-0.511391282081604,0.0
S. Ingle,WSL 2021-2022,18,1,1.5477731,1.0910238,67.73906598884736,55.27777777777778,0.05555555555555555,-0.5477731227874756,-0.09102380275726318
S. Ingle,WSL 2022-2023,13,2,1.9575871,3.120238,36.48166626698247,50.53846153846154,0.15384615384615385,0.04241287708282471,-1.1202380657196045
S. Ingle,WSL 2023-2024,8,0,0.5553911,0.5119048,38.96081712054284,48.125,0.0,-0.5553910732269287,-0.511904776096344
S. Kees,WSL 2025-2026,5,1,1.1941457,0.97959185,59.11541402698047,43.6,0.2,-0.19414567947387695,0.020408153533935547
S. Kerr,WSL 2019-2020,13,1,2.0317004,1.0382113,46.67289021255903,51.38461538461539,0.07692307692307693,-1.0317003726959229,-0.03821134567260742
S. Kerr,WSL 2020-2021,84,21,19.842836,20.416231,48.870616817233106,49.07142857142857,0.25,1.1571636199951172,0.5837688446044922
S. Kerr,WSL 2021-2022,70,20,11.973536,13.712475,90.40428546110668,49.17142857142857,0.2857142857142857,8.026464462280273,6.287525177001953
S. Kerr,WSL 2022-2023,79,12,13.6595125,11.936098,48.12194941685718,47.620253164556964,0.1518987341772152,-1.6595125198364258,0.06390190124511719
S. Kerr,WSL 2023-2024,24,4,4.4240265,3.2139778,47.2798436069672,46.708333333333336,0.16666666666666666,-0.4240264892578125,0.7860221862792969
S. Kerr,WSL 2024-2025,4,0,0.1840682,0.15492958,29.73421229064282,44.0,0.0,-0.1840682029724121,-0.15492957830429077
S. Kerr,WSL 2025-2026,37,7,5.307769,6.429793,43.42362128033945,49.67567567567568,0.1891891891891892,1.6922311782836914,0.5702071189880371
S. Koren,WSL 2017-2018,4,1,0.66412187,0.31944445,53.74304753860298,46.0,0.25,0.3358781337738037,0.6805555522441864
S. Kumagai,WSL 2025-2026,6,2,0.9663704,2.0916648,32.035875222008386,48.833333333333336,0.3333333333333333,1.033629596233368,-0.09166479110717773
S. Lohmann,WSL 2025-2026,2,0,0.36363637,1.083501,35.7087800368575,42.0,0.0,-0.3636363744735718,-1.0835009813308716
S. Lundgaard,WSL 2022-2023,3,0,0.0,0.0,44.57428910496773,44.666666666666664,0.0,0.0,0.0
S. Lundgaard,WSL 2023-2024,2,0,0.5614987,0.836089,35.19940944419654,62.5,0.0,-0.5614987015724182,-0.836089015007019
S. Lundgaard,WSL 2024-2025,2,0,0.1840682,0.0,78.03139177401098,46.0,0.0,-0.1840682029724121,0.0
S. Lundgaard,WSL 2025-2026,1,0,0.0,0.0,22.182074845344015,50.0,0.0,0.0,0.0
S. Magill,WSL 2017-2018,8,1,0.98923975,0.8582677,48.3440837479139,52.25,0.125,0.010760247707366943,0.14173227548599243
S. Magill,WSL 2018-2019,15,2,1.3551512,1.4693788,48.38237054292043,49.666666666666664,0.13333333333333333,0.6448488235473633,0.5306211709976196
S. Magill,WSL 2019-2020,15,1,1.5637391,0.8582677,51.487961720674726,47.86666666666667,0.06666666666666667,-0.5637390613555908,0.14173227548599243
S. Magill,WSL 2020-2021,14,6,4.4557805,4.823279,46.7668115444095,51.142857142857146,0.42857142857142855,1.5442194938659668,1.1767210960388184
S. Magill,WSL 2021-2022,8,3,1.819126,2.8803854,99.51787699842274,48.0,0.375,1.180873990058899,0.1196146011352539
S. Magill,WSL 2022-2023,4,0,0.39285713,0.0,40.06301590765225,54.25,0.0,-0.3928571343421936,0.0
S. Magill,WSL 2023-2024,5,0,0.6356811,0.118421055,53.25377859232177,46.8,0.0,-0.6356810927391052,-0.1184210553765297
S. Martinez,WSL 2024-2025,31,10,6.7102714,8.403528,49.47758583864313,51.096774193548384,0.3225806451612903,3.2897286415100098,1.5964717864990234
S. Martinez,WSL 2025-2026,37,6,6.2033954,5.807459,48.80557532289765,48.78378378378378,0.16216216216216217,-0.20339536666870117,0.19254112243652344
S. Mayling,WSL 2017,5,0,0.10963455,0.0,68.44426863528416,51.8,0.0,-0.10963454842567444,0.0
S. Mayling,WSL 2017-2018,4,0,0.10963455,0.0,66.90977078332445,44.0,0.0,-0.10963454842567444,0.0
S. Mayling,WSL 2018-2019,5,0,0.5896882,0.24074075,113.72264970058502,43.6,0.0,-0.5896881818771362,-0.24074074625968933
S. Mayling,WSL 2019-2020,5,0,0.0,0.0,57.49999999999999,45.2,0.0,0.0,0.0
S. Mayling,WSL 2020-2021,5,0,0.70736706,0.118421055,55.809309899451854,51.8,0.0,-0.7073670625686646,-0.1184210553765297
S. Mayling,WSL 2021-2022,8,1,0.86833733,0.66902095,44.26022123767871,45.0,0.125,0.13166266679763794,0.33097904920578003
S. Mayling,WSL 2022-2023,2,0,0.24275362,0.6756757,30.05599433798813,50.0,0.0,-0.24275362491607666,-0.6756756901741028
S. Mayling,WSL 2023-2024,3,1,0.75609756,0.75609756,42.301176787979905,44.666666666666664,0.3333333333333333,0.24390244483947754,0.24390244483947754
S. Mayling,WSL 2024-2025,3,1,1.0744337,0.97959185,39.95687797672587,47.333333333333336,0.3333333333333333,-0.07443368434906006,0.020408153533935547
S. Mayling,WSL 2025-2026,1,0,0.074433655,0.0,78.00064102300699,67.0,0.0,-0.07443365454673767,0.0
S. Mewis,WSL 2020-2021,55,7,7.4808936,7.5219836,51.939854366273906,47.30909090909091,0.12727272727272726,-0.480893611907959,-0.5219836235046387
S. Murray,WSL 2015,3,1,0.4214625,0.65,75.40213105533441,44.666666666666664,0.3333333333333333,0.5785374939441681,0.3500000238418579
S. Murray,WSL 2016,2,1,0.4516129,0.6756757,63.81830143516544,46.0,0.5,0.5483871102333069,0.3243243098258972
S. Murray,WSL 2018-2019,1,0,0.0,0.0,64.99999999999999,42.0,0.0,0.0,0.0
S. Murray,WSL 2023-2024,2,0,0.24275362,0.8148148,63.95542186070648,46.0,0.0,-0.24275362491607666,-0.8148148059844971
S. Nüsken,WSL 2023-2024,38,8,7.51109,7.066003,40.517354880766945,51.71052631578947,0.21052631578947367,0.4889101982116699,0.9339971542358398
S. Nüsken,WSL 2024-2025,45,2,5.8994646,1.9291753,49.93022890609022,49.53333333333333,0.044444444444444446,-3.8994646072387695,0.07082474231719971
S. Nüsken,WSL 2025-2026,27,2,3.3916376,3.6607378,37.067504905991484,49.25925925925926,0.07407407407407407,-1.3916375637054443,-1.6607377529144287
S. O’Brien,WSL 2021-2022,22,1,3.3729205,1.3194444,85.74764666324049,48.86363636363637,0.045454545454545456,-2.372920513153076,-0.3194444179534912
S. O’Brien,WSL 2022-2023,14,0,1.1305346,0.0,50.23733111324807,47.214285714285715,0.0,-1.1305346488952637,0.0
S. O’Brien,WSL 2023-2024,13,0,1.262487,1.9368083,42.62619525964364,49.46153846153846,0.0,-1.2624870538711548,-1.9368083477020264
S. O’Brien,WSL 2024-2025,10,3,1.7009385,2.4575872,49.32506362320658,47.6,0.3,1.2990615367889404,0.5424127578735352
S. O’Brien,WSL 2025-2026,20,5,4.288057,4.53977,48.525273752263004,51.75,0.25,0.7119431495666504,0.46022987365722656
S. Perry-Campbell,WSL 2016,2,0,0.0,0.0,41.666666666666664,42.0,0.0,0.0,0.0
S. Perry-Campbell,WSL 2018-2019,3,0,0.08571429,0.0,48.37607596823329,44.666666666666664,0.0,-0.08571428805589676,0.0
S. Piubel,WSL 2024-2025,22,1,3.0250597,2.5215797,47.499927829871396,50.31818181818182,0.045454545454545456,-2.025059700012207,-1.5215797424316406
S. Piubel,WSL 2025-2026,6,2,1.2723709,1.4693788,42.24046164225069,51.5,0.3333333333333333,0.7276290655136108,0.5306211709976196
S. Robson,WSL 2015,3,0,0.20836222,0.0,150.00000000000003,42.0,0.0,-0.20836222171783447,0.0
S. Sandbech,WSL 2020-2021,35,1,3.986261,1.075542,90.37902299760145,47.31428571428572,0.02857142857142857,-2.9862608909606934,-0.07554197311401367
S. Smith,WSL 2016,1,0,0.08571429,0.0,266.66666666666663,42.0,0.0,-0.08571428805589676,0.0
S. Stratigakis,WSL 2023-2024,2,0,0.1380753,0.0,60.71880418107739,42.0,0.0,-0.1380753070116043,0.0
S. Struck,WSL 2023-2024,1,0,0.075581394,0.31944445,47.54237875598758,42.0,0.0,-0.075581394135952,-0.3194444477558136
S. Takarada,WSL 2023-2024,11,1,1.6691495,1.5721247,16.85612738273359,53.18181818181818,0.09090909090909091,-0.6691495180130005,-0.572124719619751
S. Takarada,WSL 2024-2025,3,1,0.5484234,0.6756757,42.183165981776476,55.666666666666664,0.3333333333333333,0.4515765905380249,0.3243243098258972
S. Tierney,WSL 2016,1,0,0.24275362,0.0,116.66666666666667,42.0,0.0,-0.24275362491607666,0.0
S. Tierney,WSL 2021-2022,7,2,0.8616921,1.5608814,35.9118669122754,56.142857142857146,0.2857142857142857,1.1383079290390015,0.4391186237335205
S. Tierney,WSL 2022-2023,14,2,1.5159595,1.9324104,49.703811563455375,46.357142857142854,0.14285714285714285,0.4840404987335205,0.0675896406173706
S. Tierney,WSL 2023-2024,25,3,3.107019,2.761426,37.59722583785629,49.12,0.12,-0.10701894760131836,0.23857402801513672
S. Tierney,WSL 2024-2025,6,1,0.43807003,0.79409677,22.753012519433167,50.166666666666664,0.16666666666666666,0.5619299709796906,0.20590323209762573
S. Tierney,WSL 2025-2026,9,1,0.710366,1.5396825,30.617768527100118,45.55555555555556,0.1111111111111111,0.28963398933410645,-0.5396825075149536
S. Troelsgaard,WSL 2021-2022,6,0,0.42616567,0.15492958,47.69621530069841,58.5,0.0,-0.4261656701564789,-0.15492957830429077
S. Troelsgaard,WSL 2022-2023,25,4,3.1265137,3.0777266,35.35530889526185,49.68,0.16,0.8734862804412842,0.9222733974456787
S. Walton,WSL 2015,1,0,0.0,0.0,50.0,42.0,0.0,0.0,0.0
S. Williams,WSL 2015,1,0,0.075581394,0.0,23.333333333333307,42.0,0.0,-0.075581394135952,0.0
S. Wiltshire,WSL 2015,1,0,0.0,0.0,6.666666666666643,50.0,0.0,0.0,0.0
S. Wiltshire,WSL 2017,8,2,2.8921418,2.370463,119.55592141150703,49.75,0.25,-0.8921418190002441,-0.37046289443969727
S. Worm,WSL 2017-2018,9,0,0.49428415,0.0,63.68963339701146,42.888888888888886,0.0,-0.49428415298461914,0.0
S. Worm,WSL 2019-2020,3,1,0.074433655,0.6111111,40.65807791890389,44.666666666666664,0.3333333333333333,0.9255663454532623,0.3888888955116272
S. Worm,WSL 2020-2021,8,2,1.0292592,2.3812835,62.51242877964771,41.0,0.25,0.970740795135498,-0.3812835216522217
S. Zadorsky,WSL 2020-2021,5,0,0.5790372,0.31944445,86.78294974661998,45.2,0.0,-0.5790371894836426,-0.3194444477558136
S. Zadorsky,WSL 2021-2022,6,1,0.90650856,0.9285714,60.5290606787842,47.333333333333336,0.16666666666666666,0.09349143505096436,0.07142859697341919
S. Zadorsky,WSL 2022-2023,3,0,0.1380753,0.5119048,34.881759693476795,50.0,0.0,-0.1380753070116043,-0.511904776096344
S. Zadorsky,WSL 2023-2024,1,0,0.0,0.0,13.509256086106305,42.0,0.0,0.0,0.0
S. Zadorsky,WSL 2024-2025,7,0,0.3618649,0.0,42.337441428426885,49.0,0.0,-0.3618648946285248,0.0
S. Zadorsky,WSL 2025-2026,4,0,0.2738673,0.0,63.85439864971477,44.0,0.0,-0.27386730909347534,0.0
S. Zambra,WSL 2015,6,0,0.36014795,0.0,107.22222222222221,50.166666666666664,0.0,-0.36014795303344727,0.0
S. Zambra,WSL 2016,18,1,1.214429,1.335249,131.70568230103424,48.333333333333336,0.05555555555555555,-0.21442902088165283,-0.3352489471435547
S. Zambra,WSL 2017,14,0,0.64224684,0.0,77.36111111111111,50.142857142857146,0.0,-0.6422468423843384,0.0
S. van Veenendaal,WSL 2016,1,1,0.969697,0.9285714,17.25591685963592,50.0,1.0,0.030303001403808594,0.07142859697341919
S. van Veenendaal,WSL 2017-2018,1,1,0.969697,1.0,28.455423228465822,50.0,1.0,0.030303001403808594,0.0
S. van de Sanden,WSL 2016,21,3,2.593336,2.5190191,81.8503729242485,50.666666666666664,0.14285714285714285,0.4066638946533203,0.48098087310791016
S. van de Sanden,WSL 2017,5,0,0.21250896,0.0,91.66666666666666,51.8,0.0,-0.21250896155834198,0.0
S. van de Sanden,WSL 2022-2023,11,1,0.9387391,1.0131973,46.05145314159932,52.36363636363637,0.09090909090909091,0.061260879039764404,-0.01319730281829834
S. van de Sanden,WSL 2023-2024,10,1,1.1506637,0.6756757,50.20779829239417,48.5,0.1,-0.15066373348236084,0.3243243098258972
T. Duggan,WSL 2015,31,6,4.950385,4.267398,102.69548030825447,46.45161290322581,0.1935483870967742,1.0496149063110352,1.7326021194458008
T. Duggan,WSL 2016,47,5,5.9674644,4.461357,172.11375144275985,49.40425531914894,0.10638297872340426,-0.9674644470214844,0.5386428833007812
T. Duggan,WSL 2017,30,4,4.6846523,3.4064853,92.27804829299379,46.4,0.13333333333333333,-0.6846523284912109,0.5935146808624268
T. Duggan,WSL 2021-2022,32,2,3.703332,1.366437,60.470732917635914,47.8125,0.0625,-1.7033319473266602,0.6335630416870117
T. Duggan,WSL 2023-2024,4,0,0.4552626,0.0,62.0829889135447,52.25,0.0,-0.45526260137557983,0.0
T. Hansen,WSL 2025-2026,1,0,0.075581394,0.0,78.20230175640613,42.0,0.0,-0.075581394135952,0.0
T. Heath,WSL 2020-2021,26,4,2.5635626,3.6123252,47.04874703845966,46.96153846153846,0.15384615384615385,1.4364373683929443,0.38767480850219727
T. Heath,WSL 2021-2022,9,2,2.6488576,2.8017426,42.48593086814749,51.55555555555556,0.2222222222222222,-0.648857593536377,-0.8017425537109375
T. Hinds,WSL 2018-2019,11,0,1.4960405,1.0646826,65.3051275843788,49.09090909090909,0.0,-1.4960404634475708,-1.0646826028823853
T. Hinds,WSL 2019-2020,1,0,0.0,0.0,,50.0,0.0,0.0,0.0
T. Hinds,WSL 2022-2023,23,0,1.96477,1.7075723,38.48692451811413,46.43478260869565,0.0,-1.964769959449768,-1.707572340965271
T. Hinds,WSL 2023-2024,16,2,1.1589544,1.4803264,57.01417810136717,46.5625,0.125,0.841045618057251,0.5196735858917236
T. Hinds,WSL 2024-2025,29,3,3.297097,2.335412,46.28911758272877,47.0,0.10344827586206896,-0.29709696769714355,0.6645879745483398
T. Hinds,WSL 2025-2026,9,0,1.1664593,0.940185,28.42104800063184,45.55555555555556,0.0,-1.166459321975708,-0.940185010433197
T. Koga,WSL 2025-2026,7,3,2.6046884,2.432471,36.862463607037306,49.0,0.42857142857142855,0.3953115940093994,0.5675289630889893
T. Kyvåg,WSL 2022-2023,5,0,0.21250896,0.118421055,27.590147162270227,46.8,0.0,-0.21250896155834198,-0.1184210553765297
T. Micah,WSL 2023-2024,1,1,0.969697,0.97959185,33.88772311291772,42.0,1.0,0.030303001403808594,0.020408153533935547
T. Middag,WSL 2016,5,0,0.56124747,0.31944445,46.80444426660976,47.8,0.0,-0.5612474679946899,-0.3194444477558136
T. Middag,WSL 2019-2020,9,0,0.43177807,0.0,50.25084664210719,48.888888888888886,0.0,-0.43177807331085205,0.0
T. Payne,WSL 2024-2025,18,1,3.1713793,1.4893878,46.278238833737014,48.94444444444444,0.05555555555555555,-2.171379327774048,-0.48938775062561035
T. Payne,WSL 2025-2026,11,0,0.6711333,0.0,38.26376570401976,47.81818181818182,0.0,-0.671133279800415,0.0
T. Primmer,WSL 2021-2022,5,1,0.39162093,0.6756757,70.85400221855471,45.2,0.2,0.608379065990448,0.3243243098258972
T. Primmer,WSL 2022-2023,11,1,1.310484,0.9144928,46.945086326919906,44.90909090909091,0.09090909090909091,-0.31048405170440674,0.08550721406936646
T. Wullaert,WSL 2018-2019,31,3,2.1552026,3.0469189,70.05728507008936,48.74193548387097,0.0967741935483871,0.8447973728179932,-0.04691886901855469
T. Wullaert,WSL 2019-2020,15,3,2.9919808,3.622374,72.62933453509628,50.666666666666664,0.2,0.008019208908081055,-0.6223740577697754
T. Yallop,WSL 2021-2022,28,1,3.4438481,2.6084018,50.02048122252284,46.92857142857143,0.03571428571428571,-2.443848133087158,-1.6084017753601074
Tang Jiali,WSL 2021-2022,11,0,0.8853354,0.0,66.73378018821613,45.72727272727273,0.0,-0.885335385799408,0.0
Tatiana Pinto,WSL 2015,1,0,0.31182796,0.0,228.33333333333337,42.0,0.0,-0.31182795763015747,0.0
Tatiana Pinto,WSL 2023-2024,14,2,2.0226712,1.8028275,39.88015456058003,49.214285714285715,0.14285714285714285,-0.022671222686767578,0.19717252254486084
V. Asseyi,WSL 2022-2023,41,6,5.482176,5.224716,44.39772021465774,47.90243902439025,0.14634146341463414,0.5178241729736328,0.7752838134765625
V. Asseyi,WSL 2023-2024,65,6,10.625077,9.406746,47.78005942217804,45.90769230769231,0.09230769230769231,-4.625077247619629,-3.4067459106445312
V. Asseyi,WSL 2024-2025,38,9,6.864687,8.311233,46.20953805607571,48.10526315789474,0.23684210526315788,2.135313034057617,0.6887674331665039
V. Asseyi,WSL 2025-2026,54,2,6.8717513,3.8545065,42.34995815512418,49.092592592592595,0.037037037037037035,-4.871751308441162,-1.854506492614746
V. Buurman,WSL 2025-2026,4,0,0.4672908,0.0,57.299354445389454,46.0,0.0,-0.4672907888889313,0.0
V. Bøe Risa,WSL 2021-2022,18,2,1.6114819,1.681217,44.66426017646441,50.111111111111114,0.1111111111111111,0.3885180950164795,0.3187830448150635
V. Bøe Risa,WSL 2022-2023,9,0,0.21250896,0.0,42.889606617119675,42.888888888888886,0.0,-0.21250896155834198,0.0
V. Gauvin,WSL 2020-2021,25,5,4.3932014,4.9751635,67.87393609099529,45.2,0.2,0.6067986488342285,0.02483654022216797
V. Gauvin,WSL 2021-2022,12,0,1.0512266,0.5119048,33.17640811689822,48.75,0.0,-1.0512266159057617,-0.511904776096344
V. Hanshaw,WSL 2024-2025,6,0,0.4552626,0.15492958,39.88173159444824,46.0,0.0,-0.45526260137557983,-0.15492957830429077
V. Hanshaw,WSL 2025-2026,8,1,0.4560721,0.5119048,56.10961282034931,53.375,0.125,0.5439279079437256,0.488095223903656
V. Miedema,WSL 2017-2018,38,4,5.607811,5.778186,53.80910944987313,48.05263157894737,0.10526315789473684,-1.6078109741210938,-1.7781858444213867
V. Miedema,WSL 2018-2019,108,22,16.174608,18.364061,60.525289341304074,48.361111111111114,0.2037037037037037,5.82539176940918,3.6359386444091797
V. Miedema,WSL 2019-2020,56,16,10.848705,15.002473,44.56947134731897,48.5,0.2857142857142857,5.151294708251953,0.9975271224975586
V. Miedema,WSL 2020-2021,106,18,14.441912,16.542997,50.76812485459936,48.56603773584906,0.16981132075471697,3.5580883026123047,1.4570026397705078
V. Miedema,WSL 2021-2022,105,14,9.651809,11.392775,47.12977739236937,48.22857142857143,0.13333333333333333,4.348191261291504,2.6072254180908203
V. Miedema,WSL 2022-2023,22,4,1.5953262,3.1881723,30.824353329630764,48.22727272727273,0.18181818181818182,2.4046738147735596,0.8118276596069336
V. Miedema,WSL 2023-2024,16,2,3.0565367,2.3794055,51.32676476053813,52.0,0.125,-1.0565366744995117,-0.37940549850463867
V. Miedema,WSL 2024-2025,39,7,5.9651937,5.670187,41.40774656573598,46.87179487179487,0.1794871794871795,1.034806251525879,1.329813003540039
V. Miedema,WSL 2025-2026,66,10,9.104415,8.277555,44.912521082360584,47.28787878787879,0.15151515151515152,0.8955850601196289,1.7224445343017578
V. Pelova,WSL 2022-2023,13,1,0.5096496,0.9702729,33.94378159310354,46.92307692307692,0.07692307692307693,0.4903504252433777,0.02972710132598877
V. Pelova,WSL 2023-2024,27,2,3.5819237,2.420068,41.27872019005245,48.44444444444444,0.07407407407407407,-1.5819237232208252,-0.42006802558898926
V. Pelova,WSL 2024-2025,5,1,0.38082892,0.80487806,47.67995887811588,55.0,0.2,0.6191710829734802,0.19512194395065308
V. Pelova,WSL 2025-2026,15,0,0.35238817,0.15492958,33.2812326821355,47.13333333333333,0.0,-0.3523881733417511,-0.15492957830429077
V. Sarri,WSL 2020-2021,1,1,0.7011494,0.9285714,57.426281246288056,38.0,1.0,0.2988505959510803,0.07142859697341919
V. Sarri,WSL 2021-2022,31,3,1.8792703,3.158796,38.498115795101555,44.74193548387097,0.0967741935483871,1.120729684829712,-0.15879607200622559
V. Sarri,WSL 2022-2023,40,4,4.488836,3.23167,45.568189692572595,47.95,0.1,-0.48883581161499023,0.7683300971984863
V. Sarri,WSL 2023-2024,14,0,1.324182,0.8148148,52.03730732831326,47.5,0.0,-1.3241820335388184,-0.8148148059844971
V. Sarri,WSL 2024-2025,22,2,1.8474922,2.5926054,41.147802629401994,50.54545454545455,0.09090909090909091,0.15250778198242188,-0.5926053524017334
V. Schnaderbeck,WSL 2018-2019,2,0,0.125,0.118421055,9.510631083833411,46.0,0.0,-0.125,-0.1184210553765297
V. Schnaderbeck,WSL 2021-2022,2,0,0.21250896,0.0,78.15328839261377,58.5,0.0,-0.21250896155834198,0.0
V. Williams,WSL 2015,5,0,0.22330096,0.074433655,169.44444444444449,42.0,0.0,-0.223300963640213,-0.07443365454673767
V. Williams,WSL 2016,4,2,1.2386727,1.9011741,81.30471291750847,54.25,0.5,0.7613272666931152,0.09882593154907227
V. Williams,WSL 2017,1,0,0.2195122,0.0,60.00000000000002,75.0,0.0,-0.2195121943950653,0.0
V. Williams,WSL 2017-2018,5,0,0.4338887,0.0,217.22151841255436,43.6,0.0,-0.433888703584671,0.0
V. Williams,WSL 2018-2019,10,2,1.5970511,1.9825902,67.08672102478303,43.6,0.2,0.40294885635375977,0.017409801483154297
V. Williams,WSL 2019-2020,6,1,1.8638699,1.7356894,38.26596716830534,57.833333333333336,0.16666666666666666,-0.8638699054718018,-0.7356894016265869
V. Williams,WSL 2020-2021,4,0,0.13344407,0.0,49.162595925435355,54.25,0.0,-0.13344407081604004,0.0
V. Williams,WSL 2021-2022,8,3,2.3780847,2.4640994,65.83338131464298,52.875,0.375,0.621915340423584,0.5359005928039551
V. Williams,WSL 2022-2023,2,1,0.969697,0.8582677,12.263133660224886,46.0,0.5,0.030303001403808594,0.14173227548599243
Vicky Losada,WSL 2015,13,2,2.1326978,1.9572762,106.03920036057698,52.15384615384615,0.15384615384615385,-0.13269782066345215,0.042723774909973145
Vicky Losada,WSL 2016,22,2,1.0684836,0.92190015,80.08635981021568,48.31818181818182,0.09090909090909091,0.9315164089202881,1.0780998468399048
Vicky Losada,WSL 2021-2022,13,3,2.557512,2.6765842,48.51023355914329,49.0,0.23076923076923078,0.4424879550933838,0.32341575622558594
Vicky Losada,WSL 2023-2024,9,1,1.0890331,0.87451863,45.239543481037444,43.77777777777778,0.1111111111111111,-0.08903312683105469,0.12548136711120605
Vicky Losada,WSL 2024-2025,12,1,1.1270154,1.6693351,30.429493703134742,46.0,0.08333333333333333,-0.1270153522491455,-0.669335126876831
W. Kaptein,WSL 2024-2025,14,2,2.404759,1.5394272,54.036539091122975,48.357142857142854,0.14285714285714285,-0.40475893020629883,0.46057283878326416
W. Kaptein,WSL 2025-2026,27,2,3.7421267,4.4431705,43.26918483325552,47.7037037037037,0.07407407407407407,-1.742126703262329,-2.4431705474853516
W. Kiszkis,WSL 2019-2020,1,0,0.24275362,0.0,68.80318145098948,50.0,0.0,-0.24275362491607666,0.0
W. Sangaré,WSL 2025-2026,11,0,0.39162093,0.0,47.081650057832306,48.63636363636363,0.0,-0.391620934009552,0.0
Wang Shuang,WSL 2023-2024,8,0,0.64471376,0.0,56.420972074425094,45.0,0.0,-0.6447137594223022,0.0
Y. Daniëls,WSL 2017-2018,26,1,1.1585349,1.4749779,73.05298548392614,46.0,0.038461538461538464,-0.15853488445281982,-0.47497785091400146
Y. Daniëls,WSL 2018-2019,8,1,0.84216934,0.80487806,58.4365346157908,47.75,0.125,0.15783065557479858,0.19512194395065308
Y. Daniëls,WSL 2019-2020,15,2,3.8502932,4.1437635,91.80111074007412,47.93333333333333,0.13333333333333333,-1.8502931594848633,-2.143763542175293
Y. Daniëls,WSL 2020-2021,13,2,1.2524929,1.3678925,31.907708302955168,44.46153846153846,0.15384615384615385,0.7475070953369141,0.6321074962615967
Y. Daniëls,WSL 2022-2023,13,0,0.65054953,0.79409677,37.05820514540107,50.15384615384615,0.0,-0.6505495309829712,-0.7940967679023743
Y. Daniëls,WSL 2023-2024,3,0,0.810784,0.8582677,54.67907457385217,47.333333333333336,0.0,-0.8107839822769165,-0.8582677245140076
Y. Daniëls,WSL 2024-2025,1,0,0.074433655,0.0,78.20230175640613,42.0,0.0,-0.07443365454673767,0.0
Y. Endo,WSL 2025-2026,5,1,1.2888415,0.9785555,56.685013092165626,51.8,0.2,-0.28884148597717285,0.021444499492645264
Y. Hasegawa,WSL 2021-2022,16,2,1.0987962,1.3284432,47.86481907786727,48.125,0.125,0.9012037515640259,0.671556830406189
Y. Hasegawa,WSL 2022-2023,12,1,0.95106447,1.8850656,30.653292903799535,47.166666666666664,0.08333333333333333,0.048935532569885254,-0.8850655555725098
Y. Hasegawa,WSL 2023-2024,10,0,0.62089616,0.0,44.63325457282947,47.8,0.0,-0.6208961606025696,0.0
Y. Hasegawa,WSL 2024-2025,16,0,0.95517683,0.31944445,37.52108012864656,45.5,0.0,-0.955176830291748,-0.3194444477558136
Y. Hasegawa,WSL 2025-2026,19,2,3.700689,2.695271,49.56860702342302,49.10526315789474,0.10526315789473684,-1.7006890773773193,-0.6952710151672363
Y. Momiki,WSL 2023-2024,17,2,1.3038857,2.3388214,41.835680743431354,47.0,0.11764705882352941,0.6961143016815186,-0.3388214111328125
Y. Momiki,WSL 2024-2025,21,3,3.0955281,3.4324408,53.0485118119132,48.80952380952381,0.14285714285714285,-0.09552812576293945,-0.43244075775146484
Y. Momiki,WSL 2025-2026,19,3,2.4157834,1.9491618,45.07446390090996,47.94736842105263,0.15789473684210525,0.5842165946960449,1.0508382320404053
Y. Tennebø,WSL 2025-2026,1,0,0.074433655,0.0,78.05133638260854,75.0,0.0,-0.07443365454673767,0.0
Z. Kramžar,WSL 2025-2026,8,1,1.4112399,2.2433016,27.466967647955315,54.25,0.125,-0.4112398624420166,-1.2433016300201416
Z. Morse,WSL 2022-2023,4,0,0.1380753,0.0,43.776981618324776,44.0,0.0,-0.1380753070116043,0.0
Z. Shaw,WSL 2024-2025,1,0,0.0,0.0,22.391466628556927,42.0,0.0,0.0,0.0
Z. Shaw,WSL 2025-2026,1,1,0.5925926,0.9285714,39.59292866156783,50.0,1.0,0.40740740299224854,0.07142859697341919
Z. Wyne,WSL 2017-2018,12,0,1.0702627,0.5119048,58.51456446685662,47.416666666666664,0.0,-1.0702626705169678,-0.511904776096344
Z. Wyne,WSL 2021-2022,4,1,1.4946612,1.6523645,35.71408235085208,46.0,0.25,-0.49466121196746826,-0.6523644924163818
Zhang Linyan,WSL 2023-2024,1,0,0.0,0.0,16.666666666666664,50.0,0.0,0.0,0.0
È. Périsset,WSL 2022-2023,5,0,0.31182796,0.23333333,29.5247146778496,48.6,0.0,-0.31182795763015747,-0.23333333432674408
È. Périsset,WSL 2023-2024,2,0,0.075581394,0.0,26.70011061865684,58.5,0.0,-0.075581394135952,0.0
