player_name,season,shots_n,goals,xg,psxg,sit_danger,on_target,goals_minus_xg,goals_minus_psxg,xg_per_shot,shot_on_target_%
,WSL 2015,188,26,23.998559681925833,20.702727576944888,26.16566305444008,108,2.0014403180741667,5.297272423055112,0.12765191320173316,0.574468085106383
,WSL 2016,281,28,32.721590942907625,22.020166694391065,40.089206054079824,159,-4.721590942907625,5.979833305608935,0.1164469428573225,0.5658362989323843
,WSL 2017,3,0,0.4539324566721916,0.0,0.7083697766065598,0,-0.4539324566721916,0.0,0.15131081889073053,0.0
,WSL 2017-2018,12,4,4.178941577672958,4.015172362327576,2.7272365391254425,7,-0.17894157767295837,-0.015172362327575684,0.34824513147274655,0.5833333333333334
A. Addison,WSL 2019-2020,3,1,0.2361111044883728,0.7910447716712952,0.22874094545841217,3,0.7638888955116272,0.20895522832870483,0.07870370149612427,1.0
A. Addison,WSL 2020-2021,17,2,1.9059646353125572,1.885260820388794,1.801963910460472,11,0.09403536468744278,0.11473917961120605,0.1121155667830916,0.6470588235294118
A. Addison,WSL 2021-2022,12,1,1.7546423731780634,1.3455712257361994,2.2026509849763496,7,-0.7546423731780634,-0.34557122573619936,0.1462201977648386,0.5833333333333334
A. Ale,WSL 2020-2021,2,0,0.0,0.0,0.0,2,0.0,0.0,0.0,1.0
A. Ale,WSL 2021-2022,3,1,0.800000011920929,0.9909090995788574,0.45628586411476135,2,0.19999998807907104,0.009090900421142578,0.26666667064030963,0.6666666666666666
A. Ale,WSL 2022-2023,1,0,0.23270440101623535,0.0,0.22754491865634918,0,-0.23270440101623535,0.0,0.23270440101623535,0.0
A. Ale,WSL 2023-2024,1,0,0.4299674332141876,0.5894736647605896,0.21929824352264404,0,-0.4299674332141876,-0.5894736647605896,0.4299674332141876,0.0
A. Ale,WSL 2024-2025,3,0,0.8779388219118118,0.7021276354789734,0.6862228363752365,0,-0.8779388219118118,-0.7021276354789734,0.29264627397060394,0.0
A. Ale,WSL 2025-2026,5,0,0.1939890757203102,0.0,0.4890715330839157,3,-0.1939890757203102,0.0,0.03879781514406204,0.6
A. Anvegård,WSL 2021-2022,28,4,3.1779187321662903,4.242956876754761,3.4810952693223953,18,0.8220812678337097,-0.24295687675476074,0.1134970975773675,0.6428571428571429
A. Asante,WSL 2017-2018,1,0,0.0,0.0,0.0,1,0.0,0.0,0.0,1.0
A. Asante,WSL 2020-2021,4,1,0.45752688497304916,0.7021276354789734,0.4794614166021347,3,0.5424731150269508,0.2978723645210266,0.11438172124326229,0.75
A. Asante,WSL 2021-2022,4,1,0.3174501657485962,0.7334736585617065,0.415376678109169,3,0.6825498342514038,0.26652634143829346,0.07936254143714905,0.75
A. Baker,WSL 2021-2022,2,0,0.23270440101623535,0.0,0.25072047114372253,1,-0.23270440101623535,0.0,0.11635220050811768,0.5
A. Baker,WSL 2022-2023,1,1,0.6428571343421936,0.7021276354789734,0.21929824352264404,1,0.3571428656578064,0.2978723645210266,0.6428571343421936,1.0
A. Baker,WSL 2023-2024,2,0,0.0,0.0,0.0,2,0.0,0.0,0.0,1.0
A. Beever-Jones,WSL 2022-2023,19,2,1.3424552977085114,3.5240222811698914,1.719402477145195,13,0.6575447022914886,-1.5240222811698914,0.0706555419846585,0.6842105263157895
A. Beever-Jones,WSL 2023-2024,40,11,8.266054891049862,8.977860286831856,5.756955713033676,27,2.733945108950138,2.0221397131681442,0.20665137227624655,0.675
A. Beever-Jones,WSL 2024-2025,46,9,8.195685505867004,7.745069921016693,6.108955428004265,34,0.8043144941329956,1.2549300789833069,0.1781670762145001,0.7391304347826086
A. Beever-Jones,WSL 2025-2026,27,4,3.907151959836483,4.032706692814827,2.9992378056049347,18,0.092848040163517,-0.032706692814826965,0.14470933184579568,0.6666666666666666
A. Bergström,WSL 2025-2026,12,1,2.163869686424732,1.8461276292800903,1.6767353117465973,6,-1.1638696864247322,-0.8461276292800903,0.18032247386872768,0.5
A. Blanchard,WSL 2024-2025,22,4,4.801688384719011,4.296968829341051,4.738977846212503,10,-0.8016883847190108,-0.2969688293410506,0.21825856294177323,0.45454545454545453
A. Csiki,WSL 2024-2025,2,0,0.2361111044883728,0.0,0.22754491865634918,1,-0.2361111044883728,0.0,0.1180555522441864,0.5
A. Csiki,WSL 2025-2026,1,1,0.37419354915618896,0.828125,0.21929824352264404,1,0.625806450843811,0.171875,0.37419354915618896,1.0
A. Csillag,WSL 2025-2026,8,1,1.1535046324133873,2.2866082191467285,1.0342082530260086,4,-0.1535046324133873,-1.2866082191467285,0.1441880790516734,0.5
A. Dahlkemper,WSL 2020-2021,2,0,0.0833333358168602,0.0,0.19607843458652496,1,-0.0833333358168602,0.0,0.0416666679084301,0.5
A. Dennis,WSL 2025-2026,1,0,0.5862069129943848,0.0,0.14720812439918518,0,-0.5862069129943848,0.0,0.5862069129943848,0.0
A. Denton,WSL 2023-2024,3,0,0.15671642124652863,0.0,0.22874094545841217,2,-0.15671642124652863,0.0,0.05223880708217621,0.6666666666666666
A. Denton,WSL 2024-2025,13,2,1.900249443948269,1.6694736629724503,1.582833081483841,8,0.09975055605173111,0.33052633702754974,0.14617303414986685,0.6153846153846154
A. Denton,WSL 2025-2026,4,1,0.6476927623152733,1.4052631258964539,0.936943307518959,1,0.3523072376847267,-0.40526312589645386,0.16192319057881832,0.25
A. Eikeland,WSL 2019-2020,21,2,3.1526510044932365,3.135442316532135,3.6015992164611816,9,-1.1526510044932365,-1.135442316532135,0.15012623830920174,0.42857142857142855
A. Eikeland,WSL 2020-2021,32,2,3.7707836478948593,2.4511302709579468,2.8500917106866837,22,-1.7707836478948593,-0.4511302709579468,0.11783698899671435,0.6875
A. Eikeland,WSL 2021-2022,12,2,0.9673166498541832,1.7366670966148376,1.0295093953609467,9,1.0326833501458168,0.26333290338516235,0.08060972082118194,0.75
A. Eikeland,WSL 2022-2023,13,1,1.5947015434503555,1.1685518771409988,2.083245411515236,5,-0.5947015434503555,-0.16855187714099884,0.12266934949618119,0.38461538461538464
A. Engman,WSL 2018-2019,10,2,1.7031155973672867,2.220044732093811,1.720043808221817,6,0.2968844026327133,-0.22004473209381104,0.17031155973672868,0.6
A. Engman,WSL 2019-2020,3,1,0.662671834230423,0.7021276354789734,0.4890715330839157,2,0.337328165769577,0.2978723645210266,0.220890611410141,0.6666666666666666
A. Everett,WSL 2024-2025,2,0,0.06481481343507767,0.0,0.38258710503578186,0,-0.06481481343507767,0.0,0.032407406717538834,0.0
A. Filbey,WSL 2017-2018,1,0,0.0833333358168602,0.0,0.22874094545841217,0,-0.0833333358168602,0.0,0.0833333358168602,0.0
A. Filbey,WSL 2019-2020,1,1,1.0,0.9909090995788574,1.0,1,0.0,0.009090900421142578,1.0,1.0
A. Filbey,WSL 2020-2021,1,1,0.37419354915618896,0.7910447716712952,0.14720812439918518,1,0.625806450843811,0.20895522832870483,0.37419354915618896,1.0
A. Fujino,WSL 2024-2025,20,1,1.7761461585760117,0.7021276354789734,1.89310684800148,13,-0.7761461585760117,0.2978723645210266,0.08880730792880058,0.65
A. Fujino,WSL 2025-2026,26,5,3.979826897382736,5.710334420204163,3.7816423028707504,18,1.0201731026172638,-0.7103344202041626,0.1530702652839514,0.6923076923076923
A. Galli,WSL 2021-2022,6,1,0.8142266869544983,0.5894736647605896,0.9781430661678314,3,0.1857733130455017,0.4105263352394104,0.13570444782574972,0.5
A. Galli,WSL 2022-2023,10,0,0.4995446354150772,0.0,0.9685329496860504,6,-0.4995446354150772,0.0,0.04995446354150772,0.6
A. Galli,WSL 2023-2024,14,3,1.7650050951576814,2.3525769172645195,2.2137020437455757,10,1.2349949048423186,0.6474230827354805,0.12607179251126296,0.7142857142857143
A. Galli,WSL 2024-2025,2,0,0.11065573990345001,0.5600000023841858,0.22754491865634918,1,-0.11065573990345001,-0.5600000023841858,0.055327869951725006,0.5
A. Galli,WSL 2025-2026,3,1,0.9305555820465088,0.828125,0.26033058762550354,3,0.06944441795349121,0.171875,0.31018519401550293,1.0
A. Gaylor,WSL 2018-2019,10,1,0.5320027321577072,1.3716012984514236,1.4792753607034683,4,0.4679972678422928,-0.37160129845142365,0.05320027321577072,0.4
A. Goddard,WSL 2018-2019,6,0,0.7621544077992439,0.0,0.8773900121450424,2,-0.7621544077992439,0.0,0.12702573463320732,0.3333333333333333
A. Grant,WSL 2019-2020,21,2,2.51522109657526,2.409098118543625,2.5799835920333862,13,-0.5152210965752602,-0.4090981185436249,0.11977243317025048,0.6190476190476191
A. Grant,WSL 2020-2021,1,0,0.0,0.0,0.0,1,0.0,0.0,0.0,1.0
A. Green,WSL 2017,2,0,0.0,0.0,0.0,2,0.0,0.0,0.0,1.0
A. Green,WSL 2017-2018,2,0,0.14814814925193787,0.07999999821186066,0.3665063679218292,0,-0.14814814925193787,-0.07999999821186066,0.07407407462596893,0.0
A. Greenwood,WSL 2015,15,1,1.1167533083296404,0.7560975609756098,1.6930408684945688,11,-0.11675330832964037,0.24390243902439024,0.07445022055530935,0.7333333333333333
A. Greenwood,WSL 2016,6,1,0.9227642326093302,0.7560975609756098,1.2355589775777445,4,0.07723576739066984,0.24390243902439024,0.1537940387682217,0.6666666666666666
A. Greenwood,WSL 2017,7,2,1.9841723574734316,1.7470066605544672,1.4642999230361566,5,0.01582764252656843,0.2529933394455328,0.2834531939247759,0.7142857142857143
A. Greenwood,WSL 2017-2018,13,2,2.138775339577256,1.8910066543555841,1.911266243312417,9,-0.13877533957725596,0.10899334564441587,0.16452117996748122,0.6923076923076923
A. Greenwood,WSL 2020-2021,11,0,0.4947822466492653,0.0,0.4794614166021347,9,-0.4947822466492653,0.0,0.0449802042408423,0.8181818181818182
A. Greenwood,WSL 2021-2022,17,4,3.282718304998991,4.16296906442177,2.9777376321030826,13,0.717281695001009,-0.16296906442176962,0.19310107676464652,0.7647058823529411
A. Greenwood,WSL 2022-2023,15,0,1.4809966070986376,1.1240975467897043,1.987624531838952,8,-1.4809966070986376,-1.1240975467897043,0.09873310713990917,0.5333333333333333
A. Greenwood,WSL 2023-2024,17,1,1.5072675496339798,2.556268811225891,1.890406146645546,9,-0.5072675496339798,-1.5562688112258911,0.08866279703729293,0.5294117647058824
A. Greenwood,WSL 2024-2025,5,0,0.6666666865348816,0.0,0.45748189091682434,3,-0.6666666865348816,0.0,0.13333333730697633,0.6
A. Greenwood,WSL 2025-2026,13,0,0.5475192219018936,0.8943517208099365,1.031403586268425,8,-0.5475192219018936,-0.8943517208099365,0.042116863223222584,0.6153846153846154
A. Harrison,WSL 2018-2019,10,0,0.0833333358168602,0.0,0.26033058762550354,9,-0.0833333358168602,0.0,0.00833333358168602,0.9
A. Harrison,WSL 2019-2020,5,1,1.0833333358168602,1.0,0.5110510587692261,4,-0.0833333358168602,0.0,0.21666666716337205,0.8
A. Harrison,WSL 2020-2021,11,2,1.4561607912182808,1.552436649799347,1.3350393176078796,7,0.5438392087817192,0.4475633502006531,0.13237825374711643,0.6363636363636364
A. Harrison,WSL 2023-2024,14,1,1.1213124990463257,0.7021276354789734,1.710988387465477,7,-0.12131249904632568,0.2978723645210266,0.08009374993188041,0.5
A. Hazard,WSL 2018-2019,1,0,0.0,0.0,0.0,1,0.0,0.0,0.0,1.0
A. Heatherson,WSL 2017,5,2,1.2732449397444725,1.8823529481887817,1.7397920042276382,3,0.7267550602555275,0.11764705181121826,0.2546489879488945,0.6
A. Heatherson,WSL 2017-2018,16,2,1.9473033025860786,2.628081500530243,3.1026275604963303,8,0.052696697413921356,-0.6280815005302429,0.12170645641162992,0.5
A. Heatherson,WSL 2018-2019,21,2,1.8308459743857384,2.361545145511627,2.309388980269432,13,0.16915402561426163,-0.3615451455116272,0.08718314163741611,0.6190476190476191
A. Hegerberg,WSL 2016,10,0,0.7383527904748917,0.0,1.3385871350765228,4,-0.7383527904748917,0.0,0.07383527904748917,0.4
A. Hegerberg,WSL 2017,11,0,0.2750701531767845,0.24242424964904785,1.0001225918531418,7,-0.2750701531767845,-0.24242424964904785,0.025006377561525864,0.6363636363636364
A. Hegerberg,WSL 2017-2018,6,0,0.4727541580796242,0.0,0.7178124785423279,3,-0.4727541580796242,0.0,0.07879235967993736,0.5
A. Hodson,WSL 2015,9,0,0.6516314148902893,0.0,1.1876637786626816,4,-0.6516314148902893,0.0,0.07240349054336548,0.4444444444444444
A. Hodson,WSL 2016,6,0,0.546491228044033,0.0,0.45748189091682434,4,-0.546491228044033,0.0,0.09108187134067218,0.6666666666666666
A. Hodson,WSL 2017,3,0,0.14814814925193787,0.0,0.45748189091682434,1,-0.14814814925193787,0.0,0.04938271641731262,0.3333333333333333
A. Hodson,WSL 2017-2018,12,1,2.6075184047222137,1.0,1.0937615483999252,8,-1.6075184047222137,0.0,0.21729320039351782,0.6666666666666666
A. Hodson,WSL 2018-2019,1,1,0.37419354915618896,0.24242424964904785,0.5,1,0.625806450843811,0.7575757503509521,0.37419354915618896,1.0
A. Hodson,WSL 2019-2020,1,0,0.0,0.0,0.0,1,0.0,0.0,0.0,1.0
A. Holmes,WSL 2017,6,0,0.7404803037643433,0.0,0.9781430661678314,2,-0.7404803037643433,0.0,0.12341338396072388,0.3333333333333333
A. Ilestedt,WSL 2023-2024,7,1,1.2014654576778412,1.4838253855705261,1.1660787910223007,2,-0.2014654576778412,-0.4838253855705261,0.17163792252540588,0.2857142857142857
A. James-Turner,WSL 2015,19,1,0.9213325679302216,0.5894736647605896,2.1534374356269836,11,0.07866743206977844,0.4105263352394104,0.04849118778580114,0.5789473684210527
A. James-Turner,WSL 2016,18,0,1.4422545954585075,0.11065573990345001,2.5401511788368225,8,-1.4422545954585075,-0.11065573990345001,0.08012525530325042,0.4444444444444444
A. James-Turner,WSL 2017,3,1,0.30092591792345047,0.8157894611358643,0.45748189091682434,2,0.6990740820765495,0.18421053886413574,0.10030863930781682,0.6666666666666666
A. James-Turner,WSL 2017-2018,6,0,0.34540510922670364,0.14399999380111694,0.9055210798978806,2,-0.34540510922670364,-0.14399999380111694,0.05756751820445061,0.3333333333333333
A. James-Turner,WSL 2018-2019,18,0,1.6495231240987778,0.7021276354789734,2.084274023771286,9,-1.6495231240987778,-0.7021276354789734,0.0916401735610432,0.5
A. James-Turner,WSL 2019-2020,16,1,1.9833345711231232,1.58426533639431,2.6605538576841354,6,-0.9833345711231232,-0.58426533639431,0.1239584106951952,0.375
A. James-Turner,WSL 2020-2021,41,1,2.8184881135821342,1.4112309962511063,4.710969343781471,21,-1.8184881135821342,-0.41123099625110626,0.06874361252639352,0.5121951219512195
A. James-Turner,WSL 2022-2023,14,1,2.2059237360954285,1.8511866480112076,3.247031018137932,4,-1.2059237360954285,-0.8511866480112076,0.15756598114967346,0.2857142857142857
A. James-Turner,WSL 2023-2024,12,2,1.6614489182829857,1.7730367332696915,1.8960783779621124,9,0.3385510817170143,0.22696326673030853,0.13845407652358213,0.75
A. James-Turner,WSL 2024-2025,1,0,0.06481481343507767,0.0,0.25072047114372253,0,-0.06481481343507767,0.0,0.06481481343507767,0.0
A. Johnson,WSL 2017,1,0,0.0,0.0,0.0,1,0.0,0.0,0.0,1.0
A. Johnson,WSL 2017-2018,8,0,0.37272751331329346,0.7021276354789734,0.9685329496860504,4,-0.37272751331329346,-0.7021276354789734,0.04659093916416168,0.5
A. Johnson,WSL 2018-2019,1,0,0.06481481343507767,0.0,0.22874094545841217,0,-0.06481481343507767,0.0,0.06481481343507767,0.0
A. Joice,WSL 2017,7,0,0.2861262932419777,0.11065573990345001,0.6862228363752365,5,-0.2861262932419777,-0.11065573990345001,0.04087518474885395,0.7142857142857143
A. Joice,WSL 2017-2018,11,1,1.6901763081550598,0.8157894611358643,1.1752943694591522,7,-0.6901763081550598,0.18421053886413574,0.15365239165046,0.6363636363636364
A. Jordan,WSL 2019-2020,2,0,0.0,0.0,0.0,2,0.0,0.0,0.0,1.0
A. Jøsendal,WSL 2025-2026,1,0,0.0833333358168602,0.0,0.25072047114372253,0,-0.0833333358168602,0.0,0.0833333358168602,0.0
A. Kennedy,WSL 2020-2021,28,1,2.209852859377861,1.5558410286903381,2.7971232533454895,17,-1.209852859377861,-0.5558410286903381,0.07892331640635218,0.6071428571428571
A. Kennedy,WSL 2021-2022,4,1,0.3789386451244354,1.1494736671447754,0.29441624879837036,3,0.6210613548755646,-0.1494736671447754,0.09473466128110886,0.75
A. Kennedy,WSL 2022-2023,5,0,0.17547055333852768,0.0,0.3665063679218292,3,-0.17547055333852768,0.0,0.035094110667705535,0.6
A. Kennedy,WSL 2023-2024,11,0,1.4881998226046562,1.6429473161697388,1.5718857049942017,3,-1.4881998226046562,-1.6429473161697388,0.13529089296405966,0.2727272727272727
A. Kennedy,WSL 2024-2025,1,0,0.0,0.0,0.0,1,0.0,0.0,0.0,1.0
A. Kennedy,WSL 2025-2026,13,1,2.228464759886265,1.6930367350578308,1.7283133119344711,6,-1.2284647598862648,-0.6930367350578308,0.17142036614509729,0.46153846153846156
A. Kuyken,WSL 2017-2018,1,0,0.4299674332141876,0.0,0.22874094545841217,0,-0.4299674332141876,0.0,0.4299674332141876,0.0
A. Kuyken,WSL 2018-2019,1,0,0.0,0.0,0.0,1,0.0,0.0,0.0,1.0
A. Lahmari,WSL 2017,1,0,0.0,0.0,0.0,1,0.0,0.0,0.0,1.0
A. Larkin,WSL 2024-2025,7,1,0.669540248811245,0.8157894611358643,0.4075387120246887,6,0.33045975118875504,0.18421053886413574,0.095648606973035,0.8571428571428571
A. Lawrence,WSL 2023-2024,5,1,0.7773224264383316,0.9629629850387573,0.4045666307210922,4,0.2226775735616684,0.037037014961242676,0.15546448528766632,0.8
A. Lawrence,WSL 2024-2025,6,1,0.7535128742456436,0.9721249938011169,0.4890715330839157,5,0.24648712575435638,0.027875006198883057,0.1255854790409406,0.8333333333333334
A. Lehmann,WSL 2018-2019,35,6,5.278290130198002,6.129310667514801,4.913128152489662,20,0.7217098698019981,-0.12931066751480103,0.15080828943422864,0.5714285714285714
A. Lehmann,WSL 2019-2020,16,3,2.872596323490143,2.701387047767639,2.1534374356269836,10,0.12740367650985718,0.29861295223236084,0.17953727021813393,0.625
A. Lehmann,WSL 2020-2021,14,1,1.5335465148091316,0.8134736567735672,1.7068840116262436,9,-0.5335465148091316,0.1865263432264328,0.10953903677208084,0.6428571428571429
A. Lehmann,WSL 2021-2022,30,2,2.2132183297014816,1.7569751946664438,3.4950047789550407,19,-0.21321832970148158,0.2430248053335562,0.07377394432338272,0.6333333333333333
A. Lehmann,WSL 2022-2023,24,5,3.7787159888482673,3.960604345653115,3.086437454674302,19,1.2212840111517327,1.039395654346885,0.15744649953534448,0.7916666666666666
A. Lehmann,WSL 2023-2024,12,2,2.861822821199894,1.6650906205177307,1.9152537882328033,6,-0.861822821199894,0.3349093794822693,0.23848523509999117,0.5
A. Lehmann,WSL 2025-2026,8,1,1.2825461477041245,0.9629629850387573,0.94655342400074,5,-0.28254614770412445,0.037037014961242676,0.16031826846301556,0.625
A. Leon,WSL 2018-2019,11,1,1.2674080431461334,1.6619170904159546,1.3827096968889236,6,-0.2674080431461334,-0.6619170904159546,0.11521891301328485,0.5454545454545454
A. Leon,WSL 2019-2020,21,5,4.28831946849823,5.804802179336548,3.3630807399749756,12,0.71168053150177,-0.8048021793365479,0.2042056889761062,0.5714285714285714
A. Leon,WSL 2020-2021,27,1,1.4334507137537003,1.5903512984514236,2.1973964869976044,20,-0.43345071375370026,-0.5903512984514236,0.053090767176062974,0.7407407407407407
A. Leon,WSL 2021-2022,25,2,2.065009757876396,3.5495699644088745,2.3715396523475647,17,-0.06500975787639618,-1.5495699644088745,0.08260039031505585,0.68
A. Leon,WSL 2022-2023,1,1,0.4137931168079376,0.7910447716712952,0.22874094545841217,1,0.5862068831920624,0.20895522832870483,0.4137931168079376,1.0
A. Leon,WSL 2023-2024,25,5,3.7453261837363243,5.318834185600281,2.5528269857168198,19,1.2546738162636757,-0.31883418560028076,0.14981304734945297,0.76
A. Leon,WSL 2024-2025,13,3,1.2286551147699356,2.655999720096588,0.8554104864597321,12,1.7713448852300644,0.34400027990341187,0.09451193190537967,0.9230769230769231
A. Luik,WSL 2016,2,0,0.06481481343507767,0.0,0.25072047114372253,1,-0.06481481343507767,0.0,0.032407406717538834,0.5
A. Mannion,WSL 2015,3,1,0.20720721036195755,0.9629629850387573,0.4480391889810562,2,0.7927927896380424,0.037037014961242676,0.06906907012065251,0.6666666666666666
A. Mannion,WSL 2016,2,1,0.83943089679247,0.7560975609756098,0.9848385064340219,1,0.16056910320753004,0.24390243902439024,0.419715448396235,0.5
A. Mannion,WSL 2017,1,0,0.06481481343507767,0.14399999380111694,0.22874094545841217,0,-0.06481481343507767,-0.14399999380111694,0.06481481343507767,0.0
A. Mannion,WSL 2017-2018,8,3,3.1077235797192992,3.024390243902439,3.243688487425083,7,-0.10772357971929925,-0.024390243902439046,0.3884654474649124,0.875
A. Mannion,WSL 2018-2019,4,2,1.8809153702927799,1.6561951157523365,1.9916565385533542,3,0.11908462970722011,0.34380488424766353,0.47022884257319497,0.75
A. Mannion,WSL 2021-2022,4,0,0.4971264526247978,0.0,0.4480391889810562,2,-0.4971264526247978,0.0,0.12428161315619946,0.5
A. Mannion,WSL 2022-2023,1,0,0.0,0.0,0.22874094545841217,0,0.0,0.0,0.0,0.0
A. Masaka,WSL 2024-2025,1,0,0.0,0.0,0.0,1,0.0,0.0,0.0,1.0
A. McManus,WSL 2015,3,0,0.27665164321660995,0.0,0.45748189091682434,1,-0.27665164321660995,0.0,0.09221721440553665,0.3333333333333333
A. McManus,WSL 2016,4,0,0.34336014091968536,0.0,0.4782653898000717,2,-0.34336014091968536,0.0,0.08584003522992134,0.5
A. McManus,WSL 2017-2018,8,2,0.6926229670643806,0.8943517208099365,1.2695872336626053,4,1.3073770329356194,1.1056482791900635,0.08657787088304758,0.5
A. McManus,WSL 2018-2019,6,1,1.2773224264383316,0.9629629850387573,1.4480391889810562,4,-0.2773224264383316,0.037037014961242676,0.21288707107305527,0.6666666666666666
A. McManus,WSL 2019-2020,1,0,0.37419354915618896,0.5894736647605896,0.21929824352264404,0,-0.37419354915618896,-0.5894736647605896,0.37419354915618896,0.0
A. McManus,WSL 2020-2021,1,1,1.0,0.9629629850387573,1.0,1,0.0,0.037037014961242676,1.0,1.0
A. McManus,WSL 2021-2022,5,1,0.43353506177663803,0.5894736647605896,0.6767801344394684,3,0.566464938223362,0.4105263352394104,0.0867070123553276,0.6
A. McManus,WSL 2022-2023,1,0,0.0,0.0,0.0,1,0.0,0.0,0.0,1.0
A. Morgan,WSL 2020-2021,5,2,1.6228508618546695,1.5121951219512195,1.7314933654738636,4,0.37714913814533046,0.4878048780487805,0.3245701723709339,0.8
A. Neville,WSL 2019-2020,5,1,1.1754705533385277,1.1349090933799744,1.4890715330839157,3,-0.17547055333852768,-0.13490909337997437,0.23509411066770552,0.6
A. Neville,WSL 2020-2021,8,2,1.1175938248634338,1.2621276378631592,0.9055210798978806,6,0.8824061751365662,0.7378723621368408,0.13969922810792923,0.75
A. Neville,WSL 2021-2022,30,3,5.40882483869791,5.67708945274353,4.469392716884613,15,-2.4088248386979103,-2.6770894527435303,0.18029416128993034,0.5
A. Neville,WSL 2022-2023,24,3,2.61846424639225,3.754070281982422,2.7361025512218475,16,0.38153575360774994,-0.7540702819824219,0.10910267693301041,0.6666666666666666
A. Neville,WSL 2023-2024,14,1,2.044332541525364,1.6439144611358643,1.5721943527460098,8,-1.044332541525364,-0.6439144611358643,0.14602375296609743,0.5714285714285714
A. Neville,WSL 2024-2025,11,0,0.34206675738096237,0.46642424166202545,1.5184577703475952,6,-0.34206675738096237,-0.46642424166202545,0.03109697794372385,0.5454545454545454
A. Neville,WSL 2025-2026,8,1,1.1435185447335243,1.0,1.9030847698450089,4,-0.14351854473352432,0.0,0.14293981809169054,0.5
A. Nildén,WSL 2018-2019,1,1,0.1666666716337204,0.8157894611358643,0.22874094545841217,1,0.8333333283662796,0.18421053886413574,0.1666666716337204,1.0
A. Nildén,WSL 2019-2020,2,0,0.08474576473236084,0.21875,0.22874094545841217,1,-0.08474576473236084,-0.21875,0.04237288236618042,0.5
A. Nildén,WSL 2023-2024,8,0,0.9012789204716682,0.0,1.3120485097169876,3,-0.9012789204716682,0.0,0.11265986505895853,0.375
A. Nildén,WSL 2024-2025,8,2,1.2210961282253265,1.1349090933799744,1.8960783779621124,5,0.7789038717746735,0.8650909066200256,0.15263701602816582,0.625
A. Nildén,WSL 2025-2026,10,2,2.7535128742456436,2.655999720096588,2.4075387120246887,9,-0.7535128742456436,-0.6559997200965881,0.2753512874245644,0.9
A. Nouwen,WSL 2021-2022,6,1,1.8553052619099617,0.9909090995788574,0.8400689959526062,3,-0.8553052619099617,0.009090900421142578,0.30921754365166026,0.5
A. Nouwen,WSL 2022-2023,2,0,0.11065573990345001,0.0,0.14720812439918518,1,-0.11065573990345001,0.0,0.055327869951725006,0.5
A. Nouwen,WSL 2024-2025,4,1,0.7773224264383316,0.8823529481887817,0.42481938004493713,3,0.2226775735616684,0.11764705181121826,0.1943306066095829,0.75
A. Oshoala,WSL 2015,22,3,3.0266015455126762,2.015087977051735,3.1317028254270554,13,-0.02660154551267624,0.9849120229482651,0.13757279752330345,0.5909090909090909
A. Oshoala,WSL 2016,17,3,3.3196548223495483,2.944781184196472,2.090258151292801,11,-0.31965482234954834,0.05521881580352783,0.19527381307938518,0.6470588235294118
A. Palmer,WSL 2017,1,0,0.06481481343507767,0.0,0.22874094545841217,0,-0.06481481343507767,0.0,0.06481481343507767,0.0
A. Palmer,WSL 2017-2018,5,0,0.1666666716337204,0.0,0.4794614166021347,3,-0.1666666716337204,0.0,0.03333333432674408,0.6
A. Palmer,WSL 2020-2021,6,0,0.4254705607891083,0.0,0.9638587161898613,1,-0.4254705607891083,0.0,0.07091176013151805,0.16666666666666666
A. Palmer,WSL 2023-2024,3,1,0.0833333358168602,0.5894736647605896,0.22874094545841217,3,0.9166666641831398,0.4105263352394104,0.027777778605620067,1.0
A. Patten,WSL 2017,6,0,0.42714884132146835,0.0,0.9055210798978806,2,-0.42714884132146835,0.0,0.07119147355357806,0.3333333333333333
A. Patten,WSL 2021-2022,7,0,0.06481481343507767,0.14399999380111694,0.29441624879837036,5,-0.06481481343507767,-0.14399999380111694,0.009259259062153953,0.7142857142857143
A. Patten,WSL 2022-2023,15,0,1.5477764382958412,0.6097561120986938,1.582301214337349,8,-1.5477764382958412,-0.6097561120986938,0.10318509588638941,0.5333333333333333
A. Patten,WSL 2023-2024,13,2,2.3944124653935432,1.8066985607147217,2.2940859645605087,8,-0.39441246539354324,0.19330143928527832,0.1841855742610418,0.6153846153846154
A. Patten,WSL 2024-2025,10,2,0.8873900175094604,1.291601300239563,0.8650206029415131,8,1.1126099824905396,0.708398699760437,0.08873900175094604,0.8
A. Patten,WSL 2025-2026,9,1,0.5967668518424034,1.4718266129493713,0.9263045787811279,6,0.4032331481575966,-0.47182661294937134,0.06630742798248927,0.6666666666666666
A. Plumptre,WSL 2021-2022,18,3,3.2206463180482388,2.988823890686035,4.672412350773811,6,-0.22064631804823875,0.011176109313964844,0.17892479544712436,0.3333333333333333
A. Plumptre,WSL 2022-2023,14,1,1.1402388960123062,1.291601300239563,1.0771836787462234,9,-0.1402388960123062,-0.291601300239563,0.08144563542945045,0.6428571428571429
A. Riley,WSL 2018-2019,3,0,0.4299674332141876,0.0,0.22874094545841217,2,-0.4299674332141876,0.0,0.14332247773806253,0.6666666666666666
A. Rodgers,WSL 2017-2018,1,0,0.0833333358168602,0.0,0.22874094545841217,0,-0.0833333358168602,0.0,0.0833333358168602,0.0
A. Rodgers,WSL 2018-2019,5,1,1.0412113219499588,1.1069629788398743,0.4700187146663666,4,-0.0412113219499588,-0.10696297883987427,0.20824226438999177,0.8
A. Rodgers,WSL 2019-2020,2,0,0.1666666716337204,0.14399999380111694,0.4890715330839157,0,-0.1666666716337204,-0.14399999380111694,0.0833333358168602,0.0
A. Rodgers,WSL 2023-2024,18,2,1.6464980244636536,2.3138564229011536,2.446398690342903,13,0.35350197553634644,-0.31385642290115356,0.09147211247020298,0.7222222222222222
A. Russo,WSL 2020-2021,14,3,2.68374852091074,2.628053605556488,1.6988822519779205,10,0.3162514790892601,0.37194639444351196,0.1916963229221957,0.7142857142857143
A. Russo,WSL 2021-2022,61,9,7.173772171139717,8.899922505021095,6.646618992090225,40,1.826227828860283,0.10007749497890472,0.11760282247770028,0.6557377049180327
A. Russo,WSL 2022-2023,72,10,9.651516750454903,9.498765885829926,8.042613685131073,47,0.34848324954509735,0.5012341141700745,0.1340488437563181,0.6527777777777778
A. Russo,WSL 2023-2024,79,12,14.178104473505078,13.092266505811272,9.954759678099213,51,-2.178104473505078,-1.0922665058112724,0.1794696768798111,0.6455696202531646
A. Russo,WSL 2024-2025,73,12,11.4030663429237,9.138431793305932,8.668250834796487,52,0.5969336570763009,2.861568206694068,0.15620638825922875,0.7123287671232876
A. Russo,WSL 2025-2026,85,13,9.0192083923555,12.18676663026577,8.727998739335595,64,3.9807916076445,0.8132333697342293,0.10610833402771176,0.7529411764705882
A. Sandberg,WSL 2024-2025,4,0,0.4299674332141876,0.7021276354789734,0.3979285955429077,2,-0.4299674332141876,-0.7021276354789734,0.1074918583035469,0.5
A. Sandberg,WSL 2025-2026,4,1,0.400885634124279,0.8461276292800903,0.6862228363752365,2,0.599114365875721,0.15387237071990967,0.10022140853106976,0.5
A. Scott,WSL 2015,6,1,0.5502566993236542,0.7021276354789734,0.7082023620605469,4,0.4497433006763458,0.2978723645210266,0.0917094498872757,0.6666666666666666
A. Scott,WSL 2016,3,0,0.0833333358168602,0.0,0.22874094545841217,2,-0.0833333358168602,0.0,0.027777778605620067,0.6666666666666666
A. Scott,WSL 2017,1,0,0.0,0.0,0.0,1,0.0,0.0,0.0,1.0
A. Stringer,WSL 2016,7,0,0.8969533890485764,0.25806450843811035,1.1878311932086945,3,-0.8969533890485764,-0.25806450843811035,0.1281361984355109,0.42857142857142855
A. Stringer,WSL 2017,5,0,0.3048645704984665,0.0,0.6862228363752365,2,-0.3048645704984665,0.0,0.0609729140996933,0.4
A. Stringer,WSL 2017-2018,1,0,0.0,0.0,0.0,1,0.0,0.0,0.0,1.0
A. Stringer,WSL 2018-2019,5,1,0.8148148357868195,0.7021276354789734,0.7082023620605469,3,0.18518516421318054,0.2978723645210266,0.16296296715736389,0.6
A. Stringer,WSL 2020-2021,9,0,0.5733831003308296,0.0,1.1866351664066315,4,-0.5733831003308296,0.0,0.06370923337009218,0.4444444444444444
A. Stringer,WSL 2021-2022,3,2,1.9305555820465088,1.9818181991577148,1.2287409454584122,3,0.06944441795349121,0.018181800842285156,0.6435185273488363,1.0
A. Stringer,WSL 2022-2023,4,0,0.0,0.0,0.0,4,0.0,0.0,0.0,1.0
A. Stringer,WSL 2023-2024,2,0,0.0833333358168602,0.21875,0.22874094545841217,1,-0.0833333358168602,-0.21875,0.0416666679084301,0.5
A. Swaby,WSL 2024-2025,2,1,1.0,0.9909090995788574,0.999600350856781,2,0.0,0.009090900421142578,0.5,1.0
A. Thestrup,WSL 2022-2023,13,0,0.389420822262764,0.0,0.5294117778539658,11,-0.389420822262764,0.0,0.02995544786636646,0.8461538461538461
A. Thestrup,WSL 2023-2024,30,9,4.789767634577867,7.376881491847154,4.315710556216356,26,4.210232365422133,1.6231185081528459,0.15965892115259556,0.8666666666666667
A. Thompson,WSL 2025-2026,38,7,5.8273574113845825,6.994286119937897,6.103594124317169,23,1.1726425886154175,0.0057138800621032715,0.15335151082591006,0.6052631578947368
A. Tysiak,WSL 2023-2024,7,1,0.6547838449478149,1.43560129404068,0.5625848025083542,5,0.34521615505218506,-0.43560129404067993,0.09354054927825928,0.7142857142857143
A. Tysiak,WSL 2024-2025,11,3,2.896310791373253,3.291601300239563,2.1004034876823425,7,0.10368920862674713,-0.291601300239563,0.26330098103393207,0.6363636363636364
A. Tysiak,WSL 2025-2026,5,1,0.546491228044033,0.7021276354789734,0.38258710503578186,4,0.45350877195596695,0.2978723645210266,0.1092982456088066,0.8
A. Weerden,WSL 2024-2025,21,3,2.1201872900128365,2.3460420966148376,1.882300704717636,16,0.8798127099871635,0.6539579033851624,0.10096129952442079,0.7619047619047619
A. Whelan,WSL 2015,6,1,1.2027675956487656,0.828125,0.94655342400074,3,-0.20276759564876556,0.171875,0.20046126594146094,0.5
A. Whelan,WSL 2016,10,2,1.4435337111353874,1.5302526354789734,1.3444820195436478,6,0.5564662888646126,0.4697473645210266,0.14435337111353874,0.6
A. Whelan,WSL 2018-2019,32,1,2.409892126917839,2.468246579170227,3.3823009729385376,19,-1.409892126917839,-1.468246579170227,0.07530912896618247,0.59375
A. Whelan,WSL 2019-2020,33,5,5.332580700516701,5.730407439172268,4.275652468204498,22,-0.33258070051670074,-0.7304074391722679,0.16159335456111215,0.6666666666666666
A. Whelan,WSL 2020-2021,23,4,5.460054121911526,5.172545075416565,4.0042716562747955,10,-1.4600541219115257,-1.172545075416565,0.23739365747441415,0.43478260869565216
A. Whelan,WSL 2021-2022,18,4,2.6284910440444946,3.215649127960205,2.566231459379196,10,1.3715089559555054,0.7843508720397949,0.14602728022469413,0.5555555555555556
A. Whelan,WSL 2022-2023,24,1,1.608391910791397,1.3881250023841858,1.792353793978691,18,-0.6083919107913971,-0.3881250023841858,0.06701632961630821,0.75
A. Whelan,WSL 2023-2024,21,1,1.1052196472883224,1.4061276316642761,1.572150096297264,15,-0.10521964728832245,-0.4061276316642761,0.05262950701372964,0.7142857142857143
A. Yamashita,WSL 2025-2026,1,0,0.0,0.0,0.0,1,0.0,0.0,0.0,1.0
Alejandra Bernabé,WSL 2024-2025,3,0,0.20760144293308258,0.0,0.37594906985759735,1,-0.20760144293308258,0.0,0.0692004809776942,0.3333333333333333
Alejandra Bernabé,WSL 2025-2026,5,0,0.24004975706338882,0.0,0.4385964870452881,3,-0.24004975706338882,0.0,0.04800995141267776,0.6
B. Aspin,WSL 2023-2024,10,2,1.9754040017724037,1.8886651992797852,1.6622009724378586,5,0.024595998227596283,0.11133480072021484,0.19754040017724037,0.5
B. Aspin,WSL 2024-2025,1,0,0.0,0.0,0.0,1,0.0,0.0,0.0,1.0
B. Chaplen,WSL 2015,17,3,2.0031012578344924,2.3364803253150566,2.297730883810578,12,0.9968987421655076,0.6635196746849434,0.11782948575497014,0.7058823529411765
B. Chaplen,WSL 2016,14,3,1.7610692381858826,2.119726300239563,1.940160021185875,9,1.2389307618141174,0.880273699760437,0.12579065987042018,0.6428571428571429
B. Chaplen,WSL 2017,3,1,0.31343284249305725,0.24242424964904785,0.4700187146663666,2,0.6865671575069427,0.7575757503509521,0.10447761416435242,0.6666666666666666
B. Chaplen,WSL 2017-2018,64,8,9.209342361405128,9.513045930280917,10.174798720493548,40,-1.2093423614051275,-1.5130459302809172,0.14389597439695512,0.625
B. Chaplen,WSL 2018-2019,52,7,5.391552820801735,7.45422400534153,5.707852765917778,34,1.608447179198265,-0.45422400534152985,0.10368370809234105,0.6538461538461539
B. Chaplen,WSL 2019-2020,31,3,2.858934096992016,2.816096305847168,3.680452674627304,20,0.14106590300798416,0.18390369415283203,0.09222368054812954,0.6451612903225806
B. Chaplen,WSL 2020-2021,17,1,1.4568110778927803,1.9232873320579529,2.083245411515236,9,-0.4568110778927803,-0.9232873320579529,0.08569476928781061,0.5294117647058824
B. Chaplen,WSL 2021-2022,5,0,0.319444440305233,0.3864242434501648,0.45748189091682434,3,-0.319444440305233,-0.3864242434501648,0.0638888880610466,0.6
B. England,WSL 2016,24,3,4.535345956683159,2.755614995956421,3.1953604966402054,13,-1.5353459566831589,0.2443850040435791,0.18897274819513163,0.5416666666666666
B. England,WSL 2017,7,0,0.6887713223695755,0.07999999821186066,0.8840280473232269,3,-0.6887713223695755,-0.07999999821186066,0.09839590319565364,0.42857142857142855
B. England,WSL 2017-2018,48,10,11.048602499067783,14.014895617961884,6.774033263325691,29,-1.0486024990677834,-4.0148956179618835,0.2301792187305788,0.6041666666666666
B. England,WSL 2018-2019,58,12,10.391260214149952,14.128845274448395,8.885260224342346,31,1.608739785850048,-2.1288452744483948,0.17915965886465435,0.5344827586206896
B. England,WSL 2019-2020,75,14,10.367569468915462,12.125619411468506,8.553801894187927,54,3.6324305310845375,1.8743805885314941,0.1382342595855395,0.72
B. England,WSL 2020-2021,45,6,7.46612174063921,5.521127343177795,6.786109313368797,22,-1.4661217406392097,0.4788726568222046,0.1659138164586491,0.4888888888888889
B. England,WSL 2021-2022,33,8,6.060397533927022,8.071117645356713,4.651413744542657,23,1.9396024660729783,-0.07111764535671306,0.18364841011900065,0.696969696969697
B. England,WSL 2022-2023,40,14,7.564146047685204,11.077688282582818,6.143327107880173,28,6.435853952314796,2.922311717417182,0.1891036511921301,0.7
B. England,WSL 2023-2024,32,5,5.773965567350388,6.217541992664337,3.640427604317665,21,-0.7739655673503876,-1.2175419926643372,0.1804364239796996,0.65625
B. England,WSL 2024-2025,40,8,7.729402138147412,7.110084301087914,6.795619672391473,23,0.27059786185258794,0.8899156989120858,0.1932350534536853,0.575
B. England,WSL 2025-2026,44,7,8.186970344040452,7.282146161649285,6.600815331790505,27,-1.1869703440404518,-0.2821461616492851,0.18606750781910117,0.6136363636363636
B. Galloway,WSL 2017-2018,10,3,1.562709353864193,2.3985642790794373,1.4576044827699661,7,1.437290646135807,0.6014357209205627,0.15627093538641929,0.7
B. Hendrix,WSL 2018-2019,7,0,0.4988536462187767,0.5894736647605896,0.9043250530958176,3,-0.4988536462187767,-0.5894736647605896,0.07126480660268239,0.42857142857142855
B. Hendrix,WSL 2019-2020,1,0,0.0833333358168602,0.0,0.22874094545841217,0,-0.0833333358168602,0.0,0.0833333358168602,0.0
B. Hendrix,WSL 2022-2023,1,0,0.37419354915618896,0.5894736647605896,0.22874094545841217,0,-0.37419354915618896,-0.5894736647605896,0.37419354915618896,0.0
B. Horwood,WSL 2018-2019,6,0,0.0833333358168602,0.14399999380111694,0.19607843458652496,5,-0.0833333358168602,-0.14399999380111694,0.013888889302810034,0.8333333333333334
B. Jane,WSL 2017,4,0,1.6320481300354004,1.6320481300354004,0.45748189091682434,4,-1.6320481300354004,-1.6320481300354004,0.4080120325088501,1.0
B. Jane,WSL 2017-2018,1,0,0.0,0.0,0.0,1,0.0,0.0,0.0,1.0
B. Jane,WSL 2018-2019,2,0,0.11065573990345001,0.0,0.21929824352264404,1,-0.11065573990345001,0.0,0.055327869951725006,0.5
B. Jane,WSL 2019-2020,5,0,0.39937107264995575,0.5894736647605896,0.7082023620605469,2,-0.39937107264995575,-0.5894736647605896,0.07987421452999115,0.4
B. Leon,WSL 2017,10,2,1.1824086382985115,1.291601300239563,1.1236232966184616,7,0.8175913617014885,0.708398699760437,0.11824086382985115,0.7
B. Mead,WSL 2015,4,1,0.4299674332141876,0.7021276354789734,0.45748189091682434,3,0.5700325667858124,0.2978723645210266,0.1074918583035469,0.75
B. Mead,WSL 2016,2,0,0.24146218597888947,0.0,0.45748189091682434,0,-0.24146218597888947,0.0,0.12073109298944473,0.0
B. Mead,WSL 2017,16,1,2.140366069972515,0.7021276354789734,1.927192509174347,8,-1.140366069972515,0.2978723645210266,0.1337728793732822,0.5
B. Mead,WSL 2017-2018,51,8,5.071672834455967,6.598717927932739,4.60052578151226,40,2.928327165544033,1.4012820720672607,0.09944456538148955,0.7843137254901961
B. Mead,WSL 2018-2019,36,7,4.327858626842499,4.710089638829231,4.47612801194191,25,2.672141373157501,2.2899103611707687,0.12021829519006941,0.6944444444444444
B. Mead,WSL 2019-2020,31,3,2.5817283913493156,4.388893306255341,3.527736946940422,19,0.41827160865068436,-1.3888933062553406,0.08328156101126824,0.6129032258064516
B. Mead,WSL 2020-2021,40,4,4.070327989757061,3.383613348007202,4.377848893404007,27,-0.070327989757061,0.6163866519927979,0.10175819974392653,0.675
B. Mead,WSL 2021-2022,60,11,6.705930687487125,8.845176875591278,6.448842838406563,44,4.294069312512875,2.154823124408722,0.11176551145811876,0.7333333333333333
B. Mead,WSL 2022-2023,24,3,2.780380502343178,3.5302531719207764,2.30357226729393,17,0.2196194976568222,-0.5302531719207764,0.11584918759763241,0.7083333333333334
B. Mead,WSL 2023-2024,45,8,6.710899032652378,7.851534739136696,4.638566762208939,33,1.289100967347622,0.14846526086330414,0.14913108961449728,0.7333333333333333
B. Mead,WSL 2024-2025,27,7,4.5177939012646675,5.36937041580677,3.436037555336952,20,2.4822060987353325,1.6306295841932297,0.16732570004683953,0.7407407407407407
B. Mead,WSL 2025-2026,19,2,2.4746852815151215,2.5700420886278152,2.3446046113967896,11,-0.47468528151512146,-0.5700420886278152,0.13024659376395376,0.5789473684210527
B. Olsson,WSL 2025-2026,18,6,4.791278630495071,5.26287716627121,3.252241611480713,11,1.2087213695049286,0.7371228337287903,0.26618214613861507,0.6111111111111112
B. Rayner,WSL 2016,1,0,0.37419354915618896,0.0,0.22874094545841217,0,-0.37419354915618896,0.0,0.37419354915618896,0.0
B. Rayner,WSL 2025-2026,1,0,0.0,0.0,0.0,1,0.0,0.0,0.0,1.0
B. Roberts,WSL 2020-2021,2,0,0.0833333358168602,0.0,0.22874094545841217,1,-0.0833333358168602,0.0,0.0416666679084301,0.5
B. Roe,WSL 2018-2019,1,0,0.0,0.0,0.0,1,0.0,0.0,0.0,1.0
B. Roe,WSL 2020-2021,1,0,0.0,0.0,0.0,1,0.0,0.0,0.0,1.0
B. Visalli,WSL 2018-2019,22,1,1.2730617225170135,1.0383517146110535,2.10159894824028,14,-0.27306172251701355,-0.03835171461105347,0.05786644193259152,0.6363636363636364
B. Visalli,WSL 2019-2020,11,0,0.5074219182133675,0.22733332961797714,0.94655342400074,8,-0.5074219182133675,-0.22733332961797714,0.046129265292124313,0.7272727272727273
B. Visalli,WSL 2022-2023,1,0,0.06481481343507767,0.14399999380111694,0.22874094545841217,0,-0.06481481343507767,-0.14399999380111694,0.06481481343507767,0.0
Bruna Vilamala,WSL 2024-2025,10,1,1.3780279010534286,1.5894736647605896,0.936943307518959,7,-0.37802790105342865,-0.5894736647605896,0.13780279010534285,0.7
C. Arthur,WSL 2017,22,1,1.1070912033319473,0.7910447716712952,2.3619295358657837,13,-0.10709120333194733,0.20895522832870483,0.05032232742417942,0.5909090909090909
C. Arthur,WSL 2017-2018,18,1,0.9050021693110466,0.5227499902248383,1.8520745038986206,11,0.0949978306889534,0.47725000977516174,0.050277898295058146,0.6111111111111112
C. Arthur,WSL 2018-2019,18,1,1.143213763833046,1.219627633690834,2.306091472506523,9,-0.14321376383304596,-0.21962763369083405,0.06351187576850255,0.5
C. Arthur,WSL 2019-2020,9,0,0.3368368372321129,0.0,1.1972738951444626,4,-0.3368368372321129,0.0,0.03742631524801254,0.4444444444444444
C. Arthur,WSL 2020-2021,13,1,1.7755490317940712,1.095922827720642,2.3303398936986923,4,-0.7755490317940712,-0.09592282772064209,0.1365806947533901,0.3076923076923077
C. Arthur,WSL 2021-2022,3,0,0.06481481343507767,0.3048780560493469,0.22874094545841217,2,-0.06481481343507767,-0.3048780560493469,0.021604937811692555,0.6666666666666666
C. Berryhill,WSL 2020-2021,4,1,0.7560975609756098,0.7560975609756098,0.7560975609756098,4,0.24390243902439024,0.24390243902439024,0.18902439024390244,1.0
C. Bizet,WSL 2022-2023,19,2,2.227661445736885,1.9227524399757385,2.797387644648552,8,-0.22766144573688507,0.07724756002426147,0.11724533924930974,0.42105263157894735
C. Bizet,WSL 2023-2024,27,4,2.751788876950741,3.55974942445755,3.0587911009788513,18,1.2482111230492592,0.44025057554244995,0.10191810655373114,0.6666666666666666
C. Bizet,WSL 2024-2025,25,2,2.8539937883615494,1.9515575766563416,3.288955196738243,12,-0.8539937883615494,0.04844242334365845,0.11415975153446198,0.48
C. Bizet,WSL 2025-2026,3,0,0.0833333358168602,0.14399999380111694,0.22874094545841217,2,-0.0833333358168602,-0.14399999380111694,0.027777778605620067,0.6666666666666666
C. Bott,WSL 2022-2023,10,0,0.5132946968078613,0.36274999380111694,0.8823012709617615,6,-0.5132946968078613,-0.36274999380111694,0.05132946968078613,0.6
C. Bott,WSL 2023-2024,4,0,0.0,0.0,0.0,4,0.0,0.0,0.0,1.0
C. Bott,WSL 2024-2025,6,0,0.610135592520237,0.0,0.94655342400074,2,-0.610135592520237,0.0,0.10168926542003949,0.3333333333333333
C. Boureille,WSL 2025-2026,2,0,0.11065573990345001,0.0,0.21929824352264404,1,-0.11065573990345001,0.0,0.055327869951725006,0.5
C. Boye-Hlorkah,WSL 2017-2018,11,1,1.1868387460708618,0.8461276292800903,1.6137234419584274,5,-0.18683874607086182,0.15387237071990967,0.10789443146098744,0.45454545454545453
C. Boye-Hlorkah,WSL 2018-2019,28,3,1.6741103306412697,2.395164370536804,2.8825907111167908,19,1.3258896693587303,0.6048356294631958,0.05978965466575963,0.6785714285714286
C. Boye-Hlorkah,WSL 2019-2020,12,0,0.6553503125905991,0.11065573990345001,1.3944251984357834,7,-0.6553503125905991,-0.11065573990345001,0.05461252604921659,0.5833333333333334
C. Boye-Hlorkah,WSL 2020-2021,3,1,0.5406231731176376,1.1357894539833069,0.45748189091682434,2,0.45937682688236237,-0.13578945398330688,0.18020772437254587,0.6666666666666666
C. Boye-Hlorkah,WSL 2021-2022,17,0,1.4934149831533432,0.14399999380111694,1.85924831032753,9,-1.4934149831533432,-0.14399999380111694,0.08784794018549077,0.5294117647058824
C. Boye-Hlorkah,WSL 2022-2023,1,0,0.0833333358168602,0.14399999380111694,0.22874094545841217,0,-0.0833333358168602,-0.14399999380111694,0.0833333358168602,0.0
C. Buxton,WSL 2017-2018,3,0,0.6799674406647682,0.0,0.6755398511886597,0,-0.6799674406647682,0.0,0.22665581355492273,0.0
C. Buxton,WSL 2018-2019,1,0,0.0,0.0,0.0,1,0.0,0.0,0.0,1.0
C. Devlin,WSL 2021-2022,3,0,0.11065573990345001,0.0,0.21929824352264404,2,-0.11065573990345001,0.0,0.03688524663448334,0.6666666666666666
C. Dunn,WSL 2017,17,1,4.268453501164913,1.1509090960025787,2.5842171907424927,8,-3.268453501164913,-0.15090909600257874,0.2510855000685243,0.47058823529411764
C. Dunn,WSL 2017-2018,13,2,2.3907019793987274,3.982076585292816,1.4356249570846558,9,-0.3907019793987274,-1.9820765852928162,0.18390015226144057,0.6923076923076923
C. Emslie,WSL 2017,20,1,2.8224502263999565,1.3455712257361994,3.318439936492501,9,-1.8224502263999565,-0.34557122573619936,0.1411225113199978,0.45
C. Emslie,WSL 2017-2018,38,4,2.7029710933566093,2.839330092072487,3.2767259031534195,28,1.2970289066433907,1.1606699079275131,0.07113081824622657,0.7368421052631579
C. Emslie,WSL 2018-2019,21,4,3.346528686583042,3.812763035297394,2.291035443544388,15,0.6534713134169579,0.1872369647026062,0.15935850888490677,0.7142857142857143
C. Emslie,WSL 2020-2021,31,3,3.2740890979766846,2.739630475640297,3.989058271050453,18,-0.27408909797668457,0.26036952435970306,0.1056157773540866,0.5806451612903226
C. Emslie,WSL 2021-2022,19,2,1.1804123595356941,2.4613574147224426,2.293962150812149,12,0.8195876404643059,-0.4613574147224426,0.06212696629135232,0.631578947368421
C. Estcourt,WSL 2017,2,0,0.37419354915618896,0.0,0.26033058762550354,1,-0.37419354915618896,0.0,0.18709677457809448,0.5
C. Estcourt,WSL 2017-2018,9,0,1.492335207760334,1.59647935628891,1.5021090060472488,4,-1.492335207760334,-1.59647935628891,0.16581502308448157,0.4444444444444444
C. Estcourt,WSL 2018-2019,3,0,0.25806450843811035,0.0,0.26033058762550354,2,-0.25806450843811035,0.0,0.08602150281270345,0.6666666666666666
C. Ferguson,WSL 2022-2023,1,0,0.0,0.0,0.0,1,0.0,0.0,0.0,1.0
C. Foord,WSL 2020-2021,33,10,7.741012886166573,9.772944509983063,4.349637895822525,25,2.2589871138334274,0.22705549001693726,0.23457614806565372,0.7575757575757576
C. Foord,WSL 2021-2022,31,4,1.1048610731959343,3.249571204185486,1.3933523297309875,29,2.8951389268040657,0.7504287958145142,0.03564067978051401,0.9354838709677419
C. Foord,WSL 2022-2023,51,6,5.652030050754547,6.389138162136078,4.829644784331322,38,0.3479699492454529,-0.3891381621360779,0.11082411864224602,0.7450980392156863
C. Foord,WSL 2023-2024,48,4,4.432610295712948,4.263808727264404,4.282215982675552,35,-0.43261029571294785,-0.2638087272644043,0.09234604782735308,0.7291666666666666
C. Foord,WSL 2024-2025,36,6,5.261973649263382,7.223859012126923,3.7017126977443695,27,0.738026350736618,-1.2238590121269226,0.14616593470176062,0.75
C. Foord,WSL 2025-2026,28,2,2.0833856388926506,1.5615986585617065,2.1246070861816406,21,-0.0833856388926506,0.43840134143829346,0.0744066299604518,0.75
C. Grant,WSL 2023-2024,4,0,0.5408602207899094,0.0,0.9378754943609238,1,-0.5408602207899094,0.0,0.13521505519747734,0.25
C. Grant,WSL 2024-2025,17,4,3.1624721735715866,3.6672146916389465,2.540258139371872,11,0.8375278264284134,0.33278530836105347,0.1860277749159757,0.6470588235294118
C. Grant,WSL 2025-2026,14,1,1.5908347144722939,1.5492631196975708,1.9684577584266663,8,-0.5908347144722939,-0.5492631196975708,0.11363105103373528,0.5714285714285714
C. Haines,WSL 2015,4,0,0.22131147980690002,0.14399999380111694,0.38258710503578186,2,-0.22131147980690002,-0.14399999380111694,0.055327869951725006,0.5
C. Haines,WSL 2016,5,1,0.6386284455657005,0.9629629850387573,0.6987596601247787,3,0.36137155443429947,0.037037014961242676,0.1277256891131401,0.6
C. Haines,WSL 2017,5,0,0.25141243636608124,0.5624242424964905,0.7083697766065598,2,-0.25141243636608124,-0.5624242424964905,0.05028248727321625,0.4
C. Haines,WSL 2019-2020,3,0,0.4027777761220932,0.0,0.611328050494194,0,-0.4027777761220932,0.0,0.1342592587073644,0.0
C. Harrison-Murray,WSL 2015,21,1,0.8457247912883759,0.7334736585617065,1.653559759259224,15,0.15427520871162415,0.26652634143829346,0.04027260910897028,0.7142857142857143
C. Harrison-Murray,WSL 2016,12,0,1.3430868536233902,0.14399999380111694,2.1122376769781113,3,-1.3430868536233902,-0.14399999380111694,0.11192390446861585,0.25
C. Harrison-Murray,WSL 2018-2019,14,0,0.6947307512164116,0.0,1.7179350703954697,7,-0.6947307512164116,0.0,0.049623625086886544,0.5
C. Harrison-Murray,WSL 2019-2020,2,0,0.0833333358168602,0.0,0.22874094545841217,1,-0.0833333358168602,0.0,0.0416666679084301,0.5
C. Harrison-Murray,WSL 2020-2021,9,2,1.5428741557932482,1.6022251902557,1.849859109375535,5,0.45712584420675184,0.3977748097442999,0.17143046175480536,0.5555555555555556
C. Harrison-Murray,WSL 2021-2022,8,1,1.0096010623908624,0.7560975609756098,1.715187808725892,4,-0.009601062390862447,0.24390243902439024,0.1262001327988578,0.5
C. Hayes,WSL 2024-2025,1,0,0.0,0.0,0.0,1,0.0,0.0,0.0,1.0
C. Hayes,WSL 2025-2026,10,2,2.066862039268017,1.8194152116775513,1.9700003564357758,6,-0.06686203926801682,0.18058478832244873,0.20668620392680168,0.6
C. Holland,WSL 2022-2023,27,4,2.7899871096014977,3.291037619113922,3.7151549756526947,15,1.2100128903985023,0.7089623808860779,0.10333285591116657,0.5555555555555556
C. Holland,WSL 2023-2024,33,2,2.283482536673546,2.338236689567566,3.1438340097665787,23,-0.28348253667354584,-0.3382366895675659,0.06919644050525897,0.696969696969697
C. Holland,WSL 2024-2025,26,0,1.7664819583296776,1.43560129404068,2.331759139895439,16,-1.7664819583296776,-1.43560129404068,0.06794161378191067,0.6153846153846154
C. Holland,WSL 2025-2026,28,3,4.907805022306558,3.349198174185869,5.387382265634653,14,-1.9078050223065581,-0.3491981741858692,0.1752787507966628,0.5
C. Humphrey,WSL 2015,2,1,0.7014925479888916,0.828125,0.22874094545841217,2,0.2985074520111084,0.171875,0.3507462739944458,1.0
C. Humphrey,WSL 2016,18,1,1.1322044655680656,0.9629629850387573,2.3523194193840027,9,-0.13220446556806564,0.037037014961242676,0.06290024808711475,0.5
C. Humphrey,WSL 2017,1,0,0.04054053872823715,0.0,0.22874094545841217,0,-0.04054053872823715,0.0,0.04054053872823715,0.0
C. Humphrey,WSL 2017-2018,9,0,0.1939890757203102,0.7001294046640396,0.6862228363752365,7,-0.1939890757203102,-0.7001294046640396,0.021554341746701136,0.7777777777777778
C. Humphrey,WSL 2018-2019,21,0,1.4230759516358376,1.510351300239563,2.893229439854622,9,-1.4230759516358376,-1.510351300239563,0.06776552150646846,0.42857142857142855
C. Humphrey,WSL 2019-2020,8,0,0.533461257815361,0.2239999920129776,1.1437047272920609,3,-0.533461257815361,-0.2239999920129776,0.06668265722692013,0.375
C. Humphrey,WSL 2020-2021,15,0,0.4745793715119362,0.0,1.1876637786626816,9,-0.4745793715119362,0.0,0.03163862476746241,0.6
C. Humphrey,WSL 2022-2023,1,0,0.0,0.0,0.0,1,0.0,0.0,0.0,1.0
C. Hunt,WSL 2024-2025,11,3,2.18302034586668,2.552436649799347,2.329140529036522,7,0.8169796541333199,0.4475633502006531,0.1984563950787891,0.6363636363636364
C. Hunt,WSL 2025-2026,13,0,1.4748085364699364,0.8774736523628235,2.049883618950844,6,-1.4748085364699364,-0.8774736523628235,0.11344681049768741,0.46153846153846156
C. Jones,WSL 2021-2022,1,0,0.37419354915618896,0.0,0.22874094545841217,0,-0.37419354915618896,0.0,0.37419354915618896,0.0
C. Jones,WSL 2022-2023,21,2,3.2372181192040443,2.077554941177368,2.209502622485161,13,-1.2372181192040443,-0.07755494117736816,0.15415324377162115,0.6190476190476191
C. Jones,WSL 2023-2024,20,3,3.878483347594738,3.895922541618347,2.153972089290619,15,-0.878483347594738,-0.8959225416183472,0.1939241673797369,0.75
C. Kapocs,WSL 2024-2025,19,2,2.442988768219948,2.1073907613754272,1.8281148970127106,14,-0.4429887682199478,-0.10739076137542725,0.1285783562221025,0.7368421052631579
C. Kapocs,WSL 2025-2026,14,3,2.915426440536976,2.2825103998184204,2.8227474093437195,8,0.08457355946302414,0.7174896001815796,0.20824474575264112,0.5714285714285714
C. Kelly,WSL 2015,1,0,0.0,0.0,0.0,1,0.0,0.0,0.0,1.0
C. Kelly,WSL 2016,3,1,1.1060261353850365,0.9909090995788574,0.7082023620605469,1,-0.10602613538503647,0.009090900421142578,0.3686753784616788,0.3333333333333333
C. Kelly,WSL 2017,11,2,1.8908520191907883,1.9538720846176147,1.228863537311554,8,0.10914798080921173,0.046127915382385254,0.17189563810825348,0.7272727272727273
C. Kelly,WSL 2017-2018,21,3,2.196874855313359,2.5631899444795234,2.875553300831376,15,0.803125144686641,0.4368100555204766,0.1046130883482552,0.7142857142857143
C. Kelly,WSL 2018-2019,27,1,1.1543235406279564,0.8823529481887817,2.1343846172094345,19,-0.1543235406279564,0.11764705181121826,0.042752723726961345,0.7037037037037037
C. Kelly,WSL 2019-2020,45,9,7.003225989639759,9.153965003788471,7.120753824710846,26,1.996774010360241,-0.15396500378847122,0.15562724421421686,0.5777777777777777
C. Kelly,WSL 2020-2021,54,10,8.898512412316915,8.720362794108507,7.934234377451059,35,1.101487587683085,1.2796372058914933,0.16478726689475767,0.6481481481481481
C. Kelly,WSL 2021-2022,9,1,0.596634104847908,0.5894736647605896,0.6362796574831009,7,0.403365895152092,0.4105263352394104,0.06629267831643422,0.7777777777777778
C. Kelly,WSL 2022-2023,77,5,7.074854716658592,5.0632630586624146,7.682275101542473,50,-2.0748547166585922,-0.06326305866241455,0.09188123008647522,0.6493506493506493
C. Kelly,WSL 2023-2024,71,5,6.544522997446176,5.020065200038072,6.588655736751672,55,-1.544522997446176,-0.020065200038072106,0.0921763802457208,0.7746478873239436
C. Kelly,WSL 2024-2025,22,2,2.627834938466549,1.8066985607147217,1.372445672750473,18,-0.6278349384665489,0.19330143928527832,0.1194470426575704,0.8181818181818182
C. Kelly,WSL 2025-2026,23,5,3.785927228629589,3.8391329050064087,3.0374654829502106,15,1.214072771370411,1.1608670949935913,0.16460553167954736,0.6521739130434783
C. Lacasse,WSL 2023-2024,15,3,1.550158366560936,1.8810749650001526,1.4028392881155014,12,1.449841633439064,1.1189250349998474,0.1033438911040624,0.8
C. Laris­ey,WSL 2024-2025,4,0,0.7154088094830513,0.0,1.1362228244543076,0,-0.7154088094830513,0.0,0.17885220237076283,0.0
C. Lloyd,WSL 2017,11,0,0.6789538189768791,0.11065573990345001,1.3945926129817963,6,-0.6789538189768791,-0.11065573990345001,0.06172307445244356,0.5454545454545454
C. Lloyd,WSL 2017-2018,2,0,0.0,0.0,0.0,2,0.0,0.0,0.0,1.0
C. Macário,WSL 2023-2024,16,2,1.7087022736668587,2.0154609829187393,1.8334309607744217,13,0.2912977263331413,-0.015460982918739319,0.10679389210417867,0.8125
C. Macário,WSL 2024-2025,35,6,5.6583581326938255,6.09335113153225,3.909040844295083,27,0.3416418673061745,-0.09335113153225016,0.16166737521982358,0.7714285714285715
C. Macário,WSL 2025-2026,17,0,1.218348853290081,0.0,0.9905124753713608,13,-1.218348853290081,0.0,0.07166757960529889,0.7647058823529411
C. McCarron,WSL 2020-2021,3,0,0.12387387454509735,0.07999999821186066,0.42481938004493713,1,-0.12387387454509735,-0.07999999821186066,0.04129129151503245,0.3333333333333333
C. Mustaki,WSL 2023-2024,1,0,0.0,0.0,0.0,1,0.0,0.0,0.0,1.0
C. Nevin,WSL 2022-2023,1,0,0.0,0.0,0.0,1,0.0,0.0,0.0,1.0
C. Nevin,WSL 2023-2024,7,1,1.1259570866823196,1.580382764339447,1.4794614166021347,5,-0.12595708668231964,-0.580382764339447,0.16085101238318852,0.7142857142857143
C. Nevin,WSL 2024-2025,2,0,0.08474576473236084,0.0,0.1538461595773697,1,-0.08474576473236084,0.0,0.04237288236618042,0.5
C. Peplow,WSL 2016,1,0,0.0,0.0,0.0,1,0.0,0.0,0.0,1.0
C. Peplow,WSL 2017,4,0,0.0,0.0,0.0,4,0.0,0.0,0.0,1.0
C. Peplow,WSL 2018-2019,10,0,1.2548090666532516,0.0,1.8960335552692413,2,-1.2548090666532516,0.0,0.12548090666532516,0.2
C. Peplow,WSL 2019-2020,8,0,0.5636684596538544,0.5894736647605896,1.352319985628128,2,-0.5636684596538544,-0.5894736647605896,0.0704585574567318,0.25
C. Peplow,WSL 2020-2021,1,0,0.06481481343507767,0.0,0.26033058762550354,0,-0.06481481343507767,0.0,0.06481481343507767,0.0
C. Peplow,WSL 2021-2022,1,0,0.0833333358168602,0.0,0.22874094545841217,0,-0.0833333358168602,0.0,0.0833333358168602,0.0
C. Press,WSL 2020-2021,44,4,4.243144080042839,3.60493665933609,4.946081236004829,27,-0.24314408004283905,0.3950633406639099,0.09643509272824634,0.6136363636363636
C. Rafferty,WSL 2015,5,1,0.6946393772959709,0.8157894611358643,0.7178124785423279,3,0.3053606227040291,0.18421053886413574,0.1389278754591942,0.6
C. Rafferty,WSL 2016,10,3,2.6416356414556503,2.701387047767639,2.4260148406028748,6,0.35836435854434967,0.29861295223236084,0.264163564145565,0.6
C. Rafferty,WSL 2018-2019,6,2,1.8099247366189957,1.8732620477676392,1.7178124785423279,4,0.19007526338100433,0.12673795223236084,0.3016541227698326,0.6666666666666666
C. Redisch Kvamme,WSL 2020-2021,5,0,0.3467668443918228,0.0,0.45748189091682434,3,-0.3467668443918228,0.0,0.06935336887836456,0.6
C. Rule,WSL 2023-2024,1,0,0.23270440101623535,0.7021276354789734,0.22754491865634918,0,-0.23270440101623535,-0.7021276354789734,0.23270440101623535,0.0
C. Rule,WSL 2024-2025,1,1,0.25806450843811035,0.7021276354789734,0.14720812439918518,1,0.7419354915618896,0.2978723645210266,0.25806450843811035,1.0
C. Rule,WSL 2025-2026,6,0,0.12387387454509735,0.0,0.5940512865781784,3,-0.12387387454509735,0.0,0.020645645757516224,0.5
C. Schröder,WSL 2015,1,0,0.06481481343507767,0.0,0.22874094545841217,0,-0.06481481343507767,0.0,0.06481481343507767,0.0
C. Schröder,WSL 2016,1,1,0.4299674332141876,0.828125,0.22874094545841217,1,0.5700325667858124,0.171875,0.4299674332141876,1.0
C. Scofield,WSL 2018-2019,5,1,0.3333333432674408,0.7021276354789734,0.7397920042276382,3,0.6666666567325592,0.2978723645210266,0.06666666865348816,0.6
C. Scofield,WSL 2019-2020,3,0,0.11065573990345001,0.3199999928474426,0.4890715330839157,1,-0.11065573990345001,-0.3199999928474426,0.03688524663448334,0.3333333333333333
C. Scofield,WSL 2020-2021,1,0,0.0,0.0,0.0,1,0.0,0.0,0.0,1.0
C. Siems,WSL 2020-2021,10,1,1.9781827926635742,1.982909083366394,2.663169875741005,3,-0.9781827926635742,-0.982909083366394,0.19781827926635742,0.3
C. Stoney,WSL 2015,1,0,0.0833333358168602,0.0,0.22874094545841217,0,-0.0833333358168602,0.0,0.0833333358168602,0.0
C. Stoney,WSL 2016,2,0,0.7429233342409134,0.0,0.4480391889810562,0,-0.7429233342409134,0.0,0.3714616671204567,0.0
C. Stoney,WSL 2017,1,0,0.0,0.0,0.14720812439918518,0,0.0,0.0,0.0,0.0
C. Stoney,WSL 2017-2018,3,0,0.45752688497304916,0.37419354915618896,0.37594906985759735,2,-0.45752688497304916,-0.37419354915618896,0.15250896165768305,0.6666666666666666
C. Swaby,WSL 2024-2025,4,0,0.0833333358168602,0.0,0.22874094545841217,3,-0.0833333358168602,0.0,0.02083333395421505,0.75
C. Sweetman-Kirk,WSL 2017-2018,35,5,6.4392972332311835,6.238903206296083,5.694609519548532,22,-1.4392972332311835,-1.238903206296083,0.1839799209494624,0.6285714285714286
C. Sweetman-Kirk,WSL 2018-2019,34,10,7.288126173179324,7.843291240494426,6.908953743736919,22,2.7118738268206757,2.156708759505574,0.21435665215233307,0.6470588235294118
C. Sweetman-Kirk,WSL 2019-2020,12,0,1.03577521443367,0.2239999920129776,1.3849824965000153,6,-1.03577521443367,-0.2239999920129776,0.08631460120280583,0.5
C. Sáez,WSL 2024-2025,6,2,1.6805556043982506,2.1962963342666626,2.228740945458412,5,0.3194443956017494,-0.1962963342666626,0.28009260073304176,0.8333333333333334
C. Tandberg,WSL 2025-2026,43,6,6.427029928419648,7.182522898767052,6.044642916176377,25,-0.42702992841964793,-1.1825228987670524,0.14946581228882902,0.5813953488372093
C. Ubogagu,WSL 2015,32,6,5.066999435424805,5.024225831031799,3.9935097694396973,21,0.9330005645751953,0.9757741689682007,0.15834373235702515,0.65625
C. Ubogagu,WSL 2021-2022,14,0,0.3079126998782158,0.0,0.6678692996501923,11,-0.3079126998782158,0.0,0.021993764277015413,0.7857142857142857
C. Ubogagu,WSL 2022-2023,2,0,0.0,0.0,0.0,2,0.0,0.0,0.0,1.0
C. Walker,WSL 2017-2018,16,1,0.42473118007183075,0.5894736647605896,0.45748189091682434,15,0.5752688199281693,0.4105263352394104,0.026545698754489422,0.9375
C. Walker,WSL 2018-2019,23,1,1.9999447241425514,1.0950447618961334,2.3629615008831024,15,-0.9999447241425514,-0.09504476189613342,0.0869541184409805,0.6521739130434783
C. Walker,WSL 2019-2020,24,0,1.3403280526399612,0.9094736576080322,2.647544413805008,14,-1.3403280526399612,-0.9094736576080322,0.05584700219333172,0.5833333333333334
C. Walker,WSL 2020-2021,30,6,4.924741795513688,4.5488848148322685,5.440309649560509,21,1.0752582044863122,1.4511151851677315,0.16415805985045626,0.7
C. Walker,WSL 2021-2022,25,3,2.3281137868762016,3.6627753525972366,2.830982342362404,17,0.6718862131237984,-0.6627753525972366,0.09312455147504807,0.68
C. Walker,WSL 2022-2023,6,0,0.322879321873188,0.0,0.3665063679218292,4,-0.322879321873188,0.0,0.053813220312198005,0.6666666666666666
C. Weir,WSL 2015,28,3,3.995744876563549,3.19672729074955,3.75755076110363,15,-0.995744876563549,-0.19672729074954987,0.1427051741629839,0.5357142857142857
C. Weir,WSL 2016,43,7,2.875701112899838,5.089031582925378,4.574554806802331,33,4.124298887100162,1.9109684170746224,0.0668767700674381,0.7674418604651163
C. Weir,WSL 2017,21,5,3.617544062435627,4.209836095571518,3.131580501794815,14,1.382455937564373,0.7901639044284821,0.1722640029731251,0.6666666666666666
C. Weir,WSL 2017-2018,42,1,1.7847478911280632,1.8327755481004715,3.7610093355178833,27,-0.7847478911280632,-0.8327755481004715,0.04249399740781103,0.6428571428571429
C. Weir,WSL 2018-2019,35,5,3.637017250061035,4.277630470693111,3.2335881739854813,27,1.3629827499389648,0.7223695293068886,0.10391477857317244,0.7714285714285715
C. Weir,WSL 2019-2020,35,3,1.7040319293737411,2.294445350766182,3.375617563724518,25,1.2959680706262589,0.705554649233818,0.048686626553535464,0.7142857142857143
C. Weir,WSL 2020-2021,44,8,6.635896241519509,7.442330485436974,5.9703916071391685,30,1.364103758480491,0.5576695145630257,0.15081582367089794,0.6818181818181818
C. Weir,WSL 2021-2022,50,6,5.177513390779495,8.514743581414223,4.939230412244797,35,0.8224866092205048,-2.5147435814142227,0.1035502678155899,0.7
C. Wellings,WSL 2016,16,2,2.2377231642603874,1.6650906205177307,1.4356249570846558,12,-0.23772316426038742,0.3349093794822693,0.1398576977662742,0.75
C. Wellings,WSL 2017,7,1,1.393595889210701,0.9909090995788574,1.2068840116262436,3,-0.393595889210701,0.009090900421142578,0.19908512703010015,0.42857142857142855
C. Wellings,WSL 2017-2018,42,4,4.142536543309689,2.9699686765670776,4.880465641617775,25,-0.14253654330968857,1.0300313234329224,0.09863182245975449,0.5952380952380952
C. Wellings,WSL 2018-2019,49,3,2.4628810212016106,2.606608211994171,5.00398713350296,33,0.5371189787983894,0.39339178800582886,0.050262877983706336,0.673469387755102
C. Wellings,WSL 2019-2020,15,1,2.0736920593715293,1.6384505091643915,2.2137020437455757,10,-1.0736920593715293,-0.6384505091643915,0.13824613729143528,0.6666666666666666
C. Wellings,WSL 2020-2021,28,2,2.292585000395775,2.519712269306183,3.0807706266641617,17,-0.29258500039577484,-0.5197122693061829,0.08187803572842053,0.6071428571428571
C. Wellings,WSL 2022-2023,30,4,4.039942689239979,5.07589852809906,4.706701561808586,15,-0.03994268923997879,-1.07589852809906,0.1346647563079993,0.5
C. Wheeler,WSL 2022-2023,2,0,0.0,0.0,0.0,2,0.0,0.0,0.0,1.0
C. Wheeler,WSL 2023-2024,2,0,0.31343284249305725,0.0,0.45628586411476135,0,-0.31343284249305725,0.0,0.15671642124652863,0.0
C. Wheeler,WSL 2024-2025,8,0,0.29934442788362503,0.0,0.8400689959526062,4,-0.29934442788362503,0.0,0.03741805348545313,0.5
C. Wheeler,WSL 2025-2026,4,0,0.22131147980690002,0.14399999380111694,0.6767801344394684,1,-0.22131147980690002,-0.14399999380111694,0.055327869951725006,0.25
Carla Camacho,WSL 2025-2026,13,1,2.2319166213274,1.291601300239563,1.664365902543068,7,-1.2319166213274002,-0.291601300239563,0.17168589394826156,0.5384615384615384
Cho So-Hyun,WSL 2018-2019,4,0,0.17547055333852768,0.0,0.4700187146663666,2,-0.17547055333852768,0.0,0.04386763833463192,0.5
Cho So-Hyun,WSL 2019-2020,2,0,0.23270440101623535,0.5894736647605896,0.21929824352264404,1,-0.23270440101623535,-0.5894736647605896,0.11635220050811768,0.5
Cho So-Hyun,WSL 2020-2021,6,0,0.9224879518151283,1.7684209942817688,0.8542144596576691,2,-0.9224879518151283,-1.7684209942817688,0.15374799196918806,0.3333333333333333
Cho So-Hyun,WSL 2021-2022,1,0,0.06481481343507767,0.0,0.25072047114372253,0,-0.06481481343507767,0.0,0.06481481343507767,0.0
Cho So-Hyun,WSL 2022-2023,3,0,0.319444440305233,0.0,0.4890715330839157,1,-0.319444440305233,0.0,0.10648148010174434,0.3333333333333333
D. Bowman,WSL 2015,8,0,0.4527929648756981,0.0,1.2508430629968643,3,-0.4527929648756981,0.0,0.05659912060946226,0.375
D. Bowman,WSL 2016,4,1,0.06481481343507767,0.14399999380111694,0.22754491865634918,4,0.9351851865649223,0.8560000061988831,0.016203703358769417,1.0
D. Bowman,WSL 2018-2019,19,1,1.3751662224531174,0.8857575878500938,3.0689358711242676,8,-0.37516622245311737,0.11424241214990616,0.07237716960279565,0.42105263157894735
D. Bowman,WSL 2019-2020,7,0,0.2500000074505806,0.21875,0.6767801344394684,4,-0.2500000074505806,-0.21875,0.03571428677865437,0.5714285714285714
D. Bowman,WSL 2020-2021,12,0,0.7776345834136009,0.2239999920129776,1.5733903795480728,5,-0.7776345834136009,-0.2239999920129776,0.06480288195113341,0.4166666666666667
D. Bruinenberg,WSL 2017,11,0,0.7346061766147614,0.0,1.3130597919225693,5,-0.7346061766147614,0.0,0.06678237969225104,0.45454545454545453
D. Bruinenberg,WSL 2017-2018,28,2,2.7530900835990906,2.9068607687950134,3.0624170899391174,17,-0.7530900835990906,-0.9068607687950134,0.09832464584282466,0.6071428571428571
D. Bruinenberg,WSL 2018-2019,8,0,0.1666666716337204,0.14399999380111694,0.4794614166021347,6,-0.1666666716337204,-0.14399999380111694,0.02083333395421505,0.75
D. Brynjarsdóttir,WSL 2020-2021,10,0,0.8915484249591827,0.0,1.084318846464157,5,-0.8915484249591827,0.0,0.08915484249591828,0.5
D. Brynjarsdóttir,WSL 2021-2022,32,4,3.995501220226288,5.22347766160965,4.208019912242889,19,0.004498779773712158,-1.2234776616096497,0.1248594131320715,0.59375
D. Brynjarsdóttir,WSL 2022-2023,27,6,5.059955072112199,6.553553294844743,4.4954754379464354,18,0.9400449278878007,-0.5535532948447432,0.18740574341156294,0.6666666666666666
D. Brynjarsdóttir,WSL 2024-2025,8,0,0.44540151208639145,0.07999999821186066,0.8650206029415131,4,-0.44540151208639145,-0.07999999821186066,0.05567518901079893,0.5
D. Caldwell,WSL 2021-2022,3,0,0.0,0.0,0.0,3,0.0,0.0,0.0,1.0
D. Caldwell,WSL 2022-2023,4,0,0.305100180208683,0.0,0.7490934729576111,0,-0.305100180208683,0.0,0.07627504505217075,0.0
D. Carter,WSL 2015,42,2,3.280818097293377,1.4690700843930244,4.20319789648056,27,-1.280818097293377,0.5309299156069756,0.07811471660222326,0.6428571428571429
D. Carter,WSL 2016,33,6,2.989522524178028,3.8288596272468567,3.7879443764686584,23,3.010477475821972,2.1711403727531433,0.09059159164175842,0.696969696969697
D. Carter,WSL 2017,17,4,2.8426692187786102,3.4400861710309982,2.360566094517708,12,1.1573307812213898,0.5599138289690018,0.16721583639874177,0.7058823529411765
D. Carter,WSL 2017-2018,38,2,3.9651432782411575,3.164863348007202,3.6550009697675705,25,-1.9651432782411575,-1.1648633480072021,0.10434587574318836,0.6578947368421053
D. Carter,WSL 2018-2019,5,0,0.1666666716337204,0.07999999821186066,0.45628586411476135,3,-0.1666666716337204,-0.07999999821186066,0.03333333432674408,0.6
D. Carter,WSL 2020-2021,38,3,3.272501900792122,2.368226110935211,3.84151354432106,25,-0.2725019007921219,0.6317738890647888,0.0861184710734769,0.6578947368421053
D. Carter,WSL 2021-2022,33,2,2.487235836684704,2.0813146978616714,3.292888715863228,22,-0.4872358366847038,-0.08131469786167145,0.07537078292983951,0.6666666666666666
D. Carter,WSL 2022-2023,23,5,3.9891203592826683,4.141554730694469,3.671131971042331,19,1.0108796407173317,0.8584452693055313,0.17344001562098557,0.8260869565217391
D. Cascarino,WSL 2025-2026,8,0,0.319444440305233,0.8461276292800903,0.45748189091682434,6,-0.319444440305233,-0.8461276292800903,0.039930555038154125,0.75
D. Castellanos,WSL 2022-2023,42,1,3.694844752550125,2.187390759587288,4.475363239645958,24,-2.694844752550125,-1.187390759587288,0.08797249410833631,0.5714285714285714
D. Castellanos,WSL 2023-2024,5,0,0.5133007690310478,0.0,0.4480391889810562,3,-0.5133007690310478,0.0,0.10266015380620956,0.6
D. Cooper,WSL 2017,1,0,0.4299674332141876,0.0,0.5,0,-0.4299674332141876,0.0,0.4299674332141876,0.0
D. Cooper,WSL 2018-2019,1,0,0.0,0.0,0.0,1,0.0,0.0,0.0,1.0
D. Cooper,WSL 2020-2021,8,0,0.5353227853775024,0.0,1.0255047976970673,3,-0.5353227853775024,0.0,0.0669153481721878,0.375
D. Cooper,WSL 2021-2022,2,0,0.0,0.0,0.0,2,0.0,0.0,0.0,1.0
D. Cooper,WSL 2022-2023,7,1,0.4373067170381546,0.7910447716712952,0.8812284022569656,4,0.5626932829618454,0.20895522832870483,0.0624723881483078,0.5714285714285714
D. Corboz,WSL 2015,7,1,1.2779727280139923,0.8157894611358643,0.94655342400074,4,-0.2779727280139923,0.18421053886413574,0.18256753257342748,0.5714285714285714
D. Corboz,WSL 2016,6,2,0.874270111322403,1.5844805836677551,0.9589228332042694,4,1.125729888677597,0.4155194163322449,0.14571168522040048,0.6666666666666666
D. Draper,WSL 2023-2024,2,1,1.0833333358168602,1.0,0.8999999761581421,1,-0.0833333358168602,0.0,0.5416666679084301,0.5
D. Egurrola,WSL 2020-2021,11,0,0.8293134272098541,0.0,1.5788323879241943,4,-0.8293134272098541,0.0,0.07539212974635037,0.36363636363636365
D. Janssen,WSL 2015,10,1,0.6873225793242455,0.8943517208099365,1.6137234419584274,4,0.31267742067575455,0.10564827919006348,0.06873225793242455,0.4
D. Janssen,WSL 2016,14,3,2.166846126317978,2.4265103936195374,2.300645560026169,7,0.8331538736820221,0.5734896063804626,0.15477472330842698,0.5
D. Janssen,WSL 2017,5,0,0.34336014091968536,0.0,0.4890715330839157,3,-0.34336014091968536,0.0,0.06867202818393707,0.6
D. Janssen,WSL 2017-2018,22,3,3.094357304275036,2.4747344851493835,2.7034400403499603,13,-0.09435730427503586,0.5252655148506165,0.14065260473977437,0.5909090909090909
D. Janssen,WSL 2018-2019,27,3,3.4680910855531693,3.2914163693785667,3.9729533940553665,14,-0.46809108555316925,-0.29141636937856674,0.1284478179834507,0.5185185185185185
D. Janssen,WSL 2024-2025,18,2,1.7483245059847832,1.9530906081199646,2.6640124320983887,8,0.2516754940152168,0.0469093918800354,0.09712913922137684,0.4444444444444444
D. Janssen,WSL 2025-2026,8,1,0.6368317902088165,0.5894736647605896,1.198741301894188,3,0.36316820979118347,0.4105263352394104,0.07960397377610207,0.375
D. Kerkdijk,WSL 2017-2018,3,0,0.15671642124652863,0.0,0.21929824352264404,2,-0.15671642124652863,0.0,0.05223880708217621,0.6666666666666666
D. Kerkdijk,WSL 2018-2019,8,2,1.6041609942913055,2.5433457493782043,0.6268369555473328,7,0.39583900570869446,-0.5433457493782043,0.2005201242864132,0.875
D. Kerkdijk,WSL 2019-2020,2,1,0.2361111044883728,0.5894736647605896,0.21929824352264404,2,0.7638888955116272,0.4105263352394104,0.1180555522441864,1.0
D. O'Sullivan,WSL 2020-2021,11,0,0.8600676134228706,0.7021276354789734,0.9685329496860504,7,-0.8600676134228706,-0.7021276354789734,0.0781879648566246,0.6363636363636364
D. O'Sullivan,WSL 2025-2026,5,0,0.11065573990345001,0.0,0.25072047114372253,4,-0.11065573990345001,0.0,0.022131147980690002,0.8
D. Rose,WSL 2021-2022,30,4,3.1940655559301376,4.077382862567902,3.225177988409996,20,0.8059344440698624,-0.07738286256790161,0.10646885186433792,0.6666666666666666
D. Rose,WSL 2022-2023,2,0,0.0,0.0,0.0,2,0.0,0.0,0.0,1.0
D. Rose,WSL 2023-2024,10,0,0.7175536900758743,0.782127633690834,0.6862228363752365,7,-0.7175536900758743,-0.782127633690834,0.07175536900758743,0.7
D. Rose,WSL 2024-2025,3,0,0.11065573990345001,0.0,0.21929824352264404,2,-0.11065573990345001,0.0,0.03688524663448334,0.6666666666666666
D. Scott,WSL 2015,7,0,0.11065573990345001,0.0,0.4468431621789932,6,-0.11065573990345001,0.0,0.015807962843350003,0.8571428571428571
D. Spence,WSL 2015,23,2,3.6205644235014915,1.8810749650001526,3.256109818816185,11,-1.6205644235014915,0.11892503499984741,0.15741584450006485,0.4782608695652174
D. Spence,WSL 2016,19,2,1.6505580469965935,1.3805184364318848,1.4260148406028748,15,0.3494419530034065,0.6194815635681152,0.08687147615771544,0.7894736842105263
D. Spence,WSL 2017,16,4,3.868865057826042,3.597786545753479,3.0592039972543716,8,0.13113494217395782,0.402213454246521,0.24180406611412764,0.5
D. Spence,WSL 2017-2018,15,2,2.3490333780646324,2.082646071910858,1.8170160353183746,9,-0.3490333780646324,-0.08264607191085815,0.15660222520430883,0.6
D. Spence,WSL 2018-2019,35,1,3.8173089548945427,1.5340255498886108,2.6521776765584946,24,-2.8173089548945427,-0.5340255498886108,0.10906597013984408,0.6857142857142857
D. Spence,WSL 2019-2020,17,3,2.3991482630372047,3.7870622873306274,2.513404980301857,11,0.6008517369627953,-0.7870622873306274,0.1411263684139532,0.6470588235294118
D. Spence,WSL 2020-2021,5,0,0.26737216114997864,0.0,0.4890715330839157,3,-0.26737216114997864,0.0,0.053474432229995726,0.6
D. Spence,WSL 2021-2022,9,1,1.6992689967155457,0.9909090995788574,0.7178124785423279,7,-0.6992689967155457,0.009090900421142578,0.1888076663017273,0.7777777777777778
D. Spence,WSL 2022-2023,37,4,4.314908593893051,4.8118409514427185,5.195483088493347,22,-0.31490859389305115,-0.8118409514427185,0.11661915118629868,0.5945945945945946
D. Spence,WSL 2023-2024,22,2,2.36287721991539,2.4265103936195374,2.401289790868759,14,-0.36287721991539,-0.42651039361953735,0.1074035099961541,0.6363636363636364
D. Spence,WSL 2024-2025,31,3,1.8694954961538315,2.545297399163246,2.578255981206894,24,1.1305045038461685,0.45470260083675385,0.06030630632754295,0.7741935483870968
D. Spence,WSL 2025-2026,17,0,2.192533902823925,1.4042552709579468,1.507819041609764,10,-2.192533902823925,-1.4042552709579468,0.1289725825190544,0.5882352941176471
D. Stefanović,WSL 2022-2023,2,0,0.0833333358168602,0.0,0.22874094545841217,1,-0.0833333358168602,0.0,0.0416666679084301,0.5
D. Stokes,WSL 2015,4,0,0.0833333358168602,0.0,0.22874094545841217,3,-0.0833333358168602,0.0,0.02083333395421505,0.75
D. Stokes,WSL 2016,12,2,1.6486424282193184,1.5753808617591858,1.0621719062328339,9,0.3513575717806816,0.4246191382408142,0.13738686901827654,0.75
D. Stokes,WSL 2017,3,0,0.0,0.0,0.0,3,0.0,0.0,0.0,1.0
D. Stokes,WSL 2017-2018,2,0,0.2361111044883728,0.0,0.22874094545841217,1,-0.2361111044883728,0.0,0.1180555522441864,0.5
D. Stokes,WSL 2018-2019,3,1,0.688031941652298,1.2333333492279053,0.45748189091682434,2,0.311968058347702,-0.23333334922790527,0.229343980550766,0.6666666666666666
D. Stokes,WSL 2019-2020,3,0,0.16807910054922104,0.0,0.4890715330839157,1,-0.16807910054922104,0.0,0.05602636684974035,0.3333333333333333
D. Stokes,WSL 2020-2021,5,0,0.11065573990345001,0.0,0.22874094545841217,4,-0.11065573990345001,0.0,0.022131147980690002,0.8
D. Stokes,WSL 2021-2022,3,1,0.22131147980690002,0.3048780560493469,0.4480391889810562,2,0.7786885201931,0.6951219439506531,0.07377049326896667,0.6666666666666666
D. Susi,WSL 2015,9,0,0.7656751945614815,0.0,1.3116963505744934,3,-0.7656751945614815,0.0,0.08507502161794239,0.3333333333333333
D. Turner,WSL 2017-2018,16,5,2.3172373548150063,4.948523998260498,2.1026275604963303,12,2.6827626451849937,0.05147600173950195,0.1448273346759379,0.75
D. Turner,WSL 2018-2019,6,0,0.2500000074505806,0.0,0.7082023620605469,3,-0.2500000074505806,0.0,0.0416666679084301,0.5
D. Turner,WSL 2019-2020,7,1,0.33196721971035004,0.7021276354789734,0.7482060939073563,5,0.66803278028965,0.2978723645210266,0.04742388853005001,0.7142857142857143
D. Turner,WSL 2020-2021,9,1,1.0224182605743408,1.6596012860536575,1.2369689792394638,4,-0.02241826057434082,-0.6596012860536575,0.11360202895270453,0.4444444444444444
D. Turner,WSL 2021-2022,11,2,1.0556888729333878,1.0962236523628235,1.3760716617107391,7,0.9443111270666122,0.9037763476371765,0.09597171572121707,0.6363636363636364
D. Turner,WSL 2022-2023,8,0,0.47064071893692017,0.6079999804496765,0.8526058197021484,4,-0.47064071893692017,-0.6079999804496765,0.05883008986711502,0.5
D. Turner,WSL 2023-2024,8,1,0.4988536462187767,0.5894736647605896,1.1551686823368073,4,0.5011463537812233,0.4105263352394104,0.06235670577734709,0.5
D. Turner,WSL 2024-2025,3,0,0.0,0.0,0.0,3,0.0,0.0,0.0,1.0
D. van Domselaar,WSL 2025-2026,1,1,1.0,1.0,1.0,1,0.0,0.0,1.0,1.0
D. van de Donk,WSL 2016,22,2,3.6460296660661697,1.5302526354789734,3.1404849886894226,11,-1.6460296660661697,0.4697473645210266,0.1657286211848259,0.5
D. van de Donk,WSL 2017,12,2,1.5900502428412437,1.8284239545464516,2.092688113451004,6,0.40994975715875626,0.17157604545354843,0.132504186903437,0.5
D. van de Donk,WSL 2017-2018,29,5,2.245033599436283,4.00439065694809,2.3291438668966293,24,2.754966400563717,0.9956093430519104,0.07741495170469942,0.8275862068965517
D. van de Donk,WSL 2018-2019,39,11,8.446602871868668,9.834810501191674,5.9073678909278495,27,2.5533971281313317,1.165189498808326,0.21657956081714533,0.6923076923076923
D. van de Donk,WSL 2019-2020,21,5,5.590950064361095,7.038373187184334,3.1345072090625763,13,-0.5909500643610954,-2.038373187184334,0.26623571735052837,0.6190476190476191
D. van de Donk,WSL 2020-2021,17,2,1.2846711054444313,2.1778720766305923,1.883496731519699,11,0.7153288945555687,-0.17787207663059235,0.07556888855555478,0.6470588235294118
D. van de Donk,WSL 2025-2026,3,1,0.7014925479888916,0.8157894611358643,0.21929824352264404,3,0.2985074520111084,0.18421053886413574,0.23383084932963052,1.0
Diana Silva,WSL 2020-2021,7,1,1.0693882629275322,1.2145492434501648,1.6992603093385696,2,-0.0693882629275322,-0.2145492434501648,0.1527697518467903,0.2857142857142857
E. Aluko,WSL 2015,39,6,5.307176171097813,4.7036175487971885,4.786515733454285,27,0.6928238289021866,1.2963824512028115,0.13608144028455932,0.6923076923076923
E. Aluko,WSL 2016,49,9,7.130904488265514,6.696387469768524,6.556450068950653,29,1.8690955117344856,2.303612530231476,0.14552866302582682,0.5918367346938775
E. Aluko,WSL 2017,2,0,0.0,0.0,0.0,2,0.0,0.0,0.0,1.0
E. Aluko,WSL 2017-2018,29,6,6.284642651677132,5.498967826366425,4.027324050664902,18,-0.28464265167713165,0.5010321736335754,0.21671181557507352,0.6206896551724138
E. Bissell,WSL 2020-2021,4,1,0.8233831077814102,0.5894736647605896,0.6787409335374832,3,0.17661689221858978,0.4105263352394104,0.20584577694535255,0.75
E. Bissell,WSL 2023-2024,9,1,0.8540560156106949,0.7021276354789734,0.9358704388141632,6,0.14594398438930511,0.2978723645210266,0.09489511284563276,0.6666666666666666
E. Bissell,WSL 2024-2025,6,0,0.6206825524568558,0.5894736647605896,1.0609758794307709,1,-0.6206825524568558,-0.5894736647605896,0.10344709207614262,0.16666666666666666
E. Bloomfield,WSL 2018-2019,3,0,0.23270440101623535,0.0,0.22874094545841217,2,-0.23270440101623535,0.0,0.07756813367207845,0.6666666666666666
E. Brazil,WSL 2017,3,0,0.35070549696683884,0.14399999380111694,0.7178124785423279,0,-0.35070549696683884,-0.14399999380111694,0.11690183232227962,0.0
E. Brazil,WSL 2018-2019,22,4,3.5076772198081017,2.8218539357185364,2.552666023373604,14,0.49232278019189835,1.1781460642814636,0.15943987362764098,0.6363636363636364
E. Brazil,WSL 2019-2020,7,0,1.1666666865348816,0.9629629850387573,0.4890715330839157,5,-1.1666666865348816,-0.9629629850387573,0.16666666950498307,0.7142857142857143
E. Brazil,WSL 2020-2021,13,0,1.1354259923100471,0.5894736647605896,1.0621719062328339,8,-1.1354259923100471,-0.5894736647605896,0.0873404609469267,0.6153846153846154
E. Brazil,WSL 2021-2022,13,0,1.241969294846058,0.5894736647605896,1.6233335584402084,6,-1.241969294846058,-0.5894736647605896,0.09553609960354291,0.46153846153846156
E. Brazil,WSL 2022-2023,2,0,0.0,0.0,0.0,2,0.0,0.0,0.0,1.0
E. Brazil,WSL 2023-2024,2,0,0.08474576473236084,0.0,0.22874094545841217,1,-0.08474576473236084,0.0,0.04237288236618042,0.5
E. Brownlie,WSL 2018-2019,1,0,0.0,0.0,0.0,1,0.0,0.0,0.0,1.0
E. Carpenter,WSL 2025-2026,14,2,1.9853953197598457,1.8530367314815521,2.144317716360092,7,0.014604680240154266,0.14696326851844788,0.14181395141141756,0.5
E. Curson,WSL 2017,3,0,0.0833333358168602,0.0,0.22874094545841217,2,-0.0833333358168602,0.0,0.027777778605620067,0.6666666666666666
E. Curson,WSL 2017-2018,2,0,0.0833333358168602,0.0,0.26033058762550354,1,-0.0833333358168602,0.0,0.0416666679084301,0.5
E. Cuthbert,WSL 2017,18,4,2.5436402037739754,3.2878289222717285,1.8944251984357834,15,1.4563597962260246,0.7121710777282715,0.14131334465410975,0.8333333333333334
E. Cuthbert,WSL 2017-2018,38,2,3.008690133690834,1.7556012868881226,3.249761238694191,26,-1.008690133690834,0.24439871311187744,0.0791760561497588,0.6842105263157895
E. Cuthbert,WSL 2018-2019,58,8,6.582231096923351,8.531841099262238,7.402510359883308,36,1.4177689030766487,-0.5318410992622375,0.11348674305040261,0.6206896551724138
E. Cuthbert,WSL 2019-2020,28,2,2.232781007885933,2.493815004825592,1.8459229618310928,22,-0.23278100788593292,-0.49381500482559204,0.07974217885306903,0.7857142857142857
E. Cuthbert,WSL 2020-2021,34,2,2.0978315323591232,2.2986069917678833,2.633389249444008,25,-0.09783153235912323,-0.2986069917678833,0.061700927422327155,0.7352941176470589
E. Cuthbert,WSL 2021-2022,44,4,3.0465853214263916,3.7919942140579224,3.9385771602392197,31,0.9534146785736084,0.20800578594207764,0.06924057548696344,0.7045454545454546
E. Cuthbert,WSL 2022-2023,41,5,3.5960906371474266,4.644589617848396,4.115845575928688,30,1.4039093628525734,0.3554103821516037,0.08770952773530309,0.7317073170731707
E. Cuthbert,WSL 2023-2024,43,5,4.1727286875247955,3.6699526458978653,5.4307428151369095,28,0.8272713124752045,1.3300473541021347,0.09704020203546036,0.6511627906976745
E. Cuthbert,WSL 2024-2025,28,4,2.29310954362154,3.836468815803528,2.8267487436532974,20,1.70689045637846,0.16353118419647217,0.081896769415055,0.7142857142857143
E. Cuthbert,WSL 2025-2026,37,2,2.406446434557438,2.0183079838752747,2.727904036641121,27,-0.4064464345574379,-0.018307983875274658,0.0650390928258767,0.7297297297297297
E. Dale,WSL 2023-2024,2,0,0.37419354915618896,0.0,0.22874094545841217,1,-0.37419354915618896,0.0,0.18709677457809448,0.5
E. Donovan,WSL 2018-2019,5,1,0.43900836259126663,0.9909090995788574,0.37594906985759735,4,0.5609916374087334,0.009090900421142578,0.08780167251825333,0.8
E. Follis,WSL 2016,3,1,0.4705079719424248,0.14399999380111694,0.37594906985759735,2,0.5294920280575752,0.8560000061988831,0.15683599064747492,0.6666666666666666
E. Follis,WSL 2017-2018,13,0,1.1775779351592064,0.4947822466492653,1.4260148406028748,9,-1.1775779351592064,-0.4947822466492653,0.09058291808916973,0.6923076923076923
E. Follis,WSL 2018-2019,22,4,2.910867929458618,3.284260392189026,2.4249414056539536,16,1.0891320705413818,0.7157396078109741,0.13231217861175537,0.7272727272727273
E. Follis,WSL 2020-2021,8,0,0.23452961444854736,0.0,0.7082023620605469,5,-0.23452961444854736,0.0,0.02931620180606842,0.625
E. Fox,WSL 2023-2024,9,0,0.11065573990345001,0.0,0.22874094545841217,8,-0.11065573990345001,0.0,0.012295082211494446,0.8888888888888888
E. Fox,WSL 2024-2025,10,1,0.48009951412677765,0.5894736647605896,0.9685329496860504,7,0.5199004858732224,0.4105263352394104,0.04800995141267776,0.7
E. Fox,WSL 2025-2026,11,0,1.01217170804739,0.5894736647605896,1.3945926129817963,5,-1.01217170804739,-0.5894736647605896,0.09201560982249,0.45454545454545453
E. Franklin-Fraiture,WSL 2020-2021,3,0,0.08474576473236084,0.0,0.22874094545841217,2,-0.08474576473236084,0.0,0.02824858824412028,0.6666666666666666
E. Gielnik,WSL 2021-2022,22,2,2.0143531262874603,2.5153996348381042,2.275177925825119,13,-0.014353126287460327,-0.5153996348381042,0.09156150574033911,0.5909090909090909
E. Gielnik,WSL 2022-2023,7,1,0.5173721686005592,1.4175986647605896,0.9781430661678314,4,0.48262783139944077,-0.4175986647605896,0.07391030980007988,0.5714285714285714
E. Harries,WSL 2020-2021,7,1,0.773327574133873,1.1481249928474426,0.7809917628765106,5,0.22667242586612701,-0.14812499284744263,0.11047536773341042,0.7142857142857143
E. Harries,WSL 2021-2022,12,3,1.9940430223941803,2.874920144677162,1.658381775021553,8,1.0059569776058197,0.12507985532283783,0.1661702518661817,0.6666666666666666
E. Harries,WSL 2022-2023,12,2,0.8241022527217865,1.7906795144081116,1.1646113842725754,9,1.1758977472782135,0.20932048559188843,0.06867518772681554,0.75
E. Harries,WSL 2023-2024,7,0,1.4653543680906296,0.0,0.9687003642320633,3,-1.4653543680906296,0.0,0.20933633829866136,0.42857142857142855
E. Harries,WSL 2024-2025,5,2,1.6320481300354004,1.8066985607147217,0.8158861696720123,5,0.3679518699645996,0.19330143928527832,0.32640962600708007,1.0
E. Hughes,WSL 2018-2019,7,0,0.8193882554769516,0.0,0.6989270746707916,4,-0.8193882554769516,0.0,0.11705546506813594,0.5714285714285714
E. Hughes,WSL 2019-2020,1,0,0.37419354915618896,0.0,0.22874094545841217,0,-0.37419354915618896,0.0,0.37419354915618896,0.0
E. Jansson,WSL 2025-2026,2,0,0.0,0.0,0.0,2,0.0,0.0,0.0,1.0
E. Jones,WSL 2020-2021,1,0,0.0,0.0,0.0,1,0.0,0.0,0.0,1.0
E. Kelly,WSL 2015,1,0,0.0,0.0,0.0,1,0.0,0.0,0.0,1.0
E. Kelly,WSL 2019-2020,2,0,0.0,0.0,0.0,2,0.0,0.0,0.0,1.0
E. Kelly,WSL 2020-2021,5,0,0.6887713223695755,0.0,0.9275006055831909,1,-0.6887713223695755,0.0,0.1377542644739151,0.2
E. Koivisto,WSL 2020-2021,5,0,0.6666666865348816,0.0,0.22874094545841217,4,-0.6666666865348816,0.0,0.13333333730697633,0.8
E. Koivisto,WSL 2021-2022,18,3,2.2172873858362436,2.3583512902259827,3.8420147597789764,6,0.7827126141637564,0.6416487097740173,0.12318263254645798,0.3333333333333333
E. Koivisto,WSL 2022-2023,22,3,3.4998316690325737,2.7260895371437073,2.9056436717510223,16,-0.4998316690325737,0.2739104628562927,0.1590832576832988,0.7272727272727273
E. Koivisto,WSL 2023-2024,15,2,2.9952322393655777,1.8066985607147217,1.9385333061218262,8,-0.9952322393655777,0.19330143928527832,0.1996821492910385,0.5333333333333333
E. Kullberg,WSL 2021-2022,2,0,0.0,0.0,0.0,2,0.0,0.0,0.0,1.0
E. Kullberg,WSL 2022-2023,5,0,0.7621544077992439,0.7021276354789734,0.6836413890123367,1,-0.7621544077992439,-0.7021276354789734,0.1524308815598488,0.2
E. Kullberg,WSL 2023-2024,2,0,0.7014925479888916,0.0,0.26033058762550354,1,-0.7014925479888916,0.0,0.3507462739944458,0.5
E. Linari,WSL 2025-2026,5,1,1.06074237659937,0.7560975609756098,1.4423203973508463,2,-0.060742376599369985,0.24390243902439024,0.212148475319874,0.4
E. Lundh,WSL 2016,4,1,0.46315789222717285,0.8157894611358643,0.22874094545841217,4,0.5368421077728271,0.18421053886413574,0.11578947305679321,1.0
E. Mason,WSL 2018-2019,19,4,3.8168755455351455,3.939105278108178,4.142625799629746,11,0.18312445446485448,0.0608947218918221,0.2008881866071129,0.5789473684210527
E. Mastrantonio,WSL 2020-2021,7,1,0.44262295961380005,0.14399999380111694,0.9905124753713608,4,0.5573770403862,0.8560000061988831,0.06323185137340001,0.5714285714285714
E. Mayi Kith,WSL 2022-2023,1,0,0.0833333358168602,0.0,0.1538461595773697,0,-0.0833333358168602,0.0,0.0833333358168602,0.0
E. Morgan,WSL 2017-2018,2,0,0.08474576473236084,0.0,0.22874094545841217,1,-0.08474576473236084,0.0,0.04237288236618042,0.5
E. Morgan,WSL 2018-2019,4,0,0.2215312346816063,0.14399999380111694,0.45748189091682434,2,-0.2215312346816063,-0.14399999380111694,0.05538280867040157,0.5
E. Morgan,WSL 2019-2020,4,1,0.22131147980690002,0.2879999876022339,0.4878755062818527,3,0.7786885201931,0.7120000123977661,0.055327869951725006,0.75
E. Morgan,WSL 2020-2021,5,1,0.5781155824661255,1.0705492496490479,0.6266695410013199,3,0.4218844175338745,-0.07054924964904785,0.1156231164932251,0.6
E. Morgan,WSL 2021-2022,1,0,0.06481481343507767,0.0,0.22874094545841217,0,-0.06481481343507767,0.0,0.06481481343507767,0.0
E. Morgan,WSL 2022-2023,6,0,1.0250991582870483,0.14399999380111694,0.8638245761394501,2,-1.0250991582870483,-0.14399999380111694,0.17084985971450806,0.3333333333333333
E. Morgan,WSL 2023-2024,3,0,0.06481481343507767,0.0,0.22754491865634918,2,-0.06481481343507767,0.0,0.021604937811692555,0.6666666666666666
E. Morris,WSL 2024-2025,14,1,0.7401421740651131,0.2879999876022339,1.4479943662881851,9,0.25985782593488693,0.7120000123977661,0.052867298147508075,0.6428571428571429
E. Morris,WSL 2025-2026,4,0,1.8738237842917442,0.9081249982118607,0.9149637818336487,0,-1.8738237842917442,-0.9081249982118607,0.46845594607293606,0.0
E. Mukandi,WSL 2015,4,0,0.33805975317955017,0.0,0.6034939885139465,1,-0.33805975317955017,0.0,0.08451493829488754,0.25
E. Mukandi,WSL 2016,3,0,0.35070549696683884,0.0,0.7178124785423279,0,-0.35070549696683884,0.0,0.11690183232227962,0.0
E. Mukandi,WSL 2017-2018,15,1,1.289476826786995,2.0095687210559845,2.1192702502012253,7,-0.28947682678699493,-1.0095687210559845,0.08596512178579967,0.4666666666666667
E. Mukandi,WSL 2018-2019,4,1,0.26737216114997864,0.8082236647605896,0.37314440310001373,3,0.7326278388500214,0.1917763352394104,0.06684304028749466,0.75
E. Mukandi,WSL 2019-2020,6,3,0.9487520307302475,1.8293964862823486,1.3713728040456772,3,2.0512479692697525,1.1706035137176514,0.15812533845504126,0.5
E. Mukandi,WSL 2020-2021,8,0,0.2720220237970352,0.14399999380111694,1.0001225918531418,4,-0.2720220237970352,-0.14399999380111694,0.0340027529746294,0.5
E. Mukandi,WSL 2022-2023,9,3,3.299344427883625,3.2698181867599487,3.9055210798978806,5,-0.29934442788362503,-0.26981818675994873,0.3665938253204028,0.5555555555555556
E. Murphy,WSL 2019-2020,2,1,0.4299674332141876,0.8157894611358643,0.22874094545841217,2,0.5700325667858124,0.18421053886413574,0.2149837166070938,1.0
E. Murphy,WSL 2020-2021,6,1,0.3467668443918228,0.7334736585617065,0.4890715330839157,5,0.6532331556081772,0.26652634143829346,0.0577944740653038,0.8333333333333334
E. N'Dow,WSL 2020-2021,1,0,0.11065573990345001,0.5894736647605896,0.26033058762550354,0,-0.11065573990345001,-0.5894736647605896,0.11065573990345001,0.0
E. Nyström,WSL 2024-2025,6,0,0.2773224115371704,0.0,0.610132023692131,3,-0.2773224115371704,0.0,0.04622040192286173,0.5
E. Nyström,WSL 2025-2026,3,1,1.2580645084381104,1.2957871556282043,1.219298243522644,3,-0.25806450843811035,-0.29578715562820435,0.4193548361460368,1.0
E. Pelgander,WSL 2023-2024,2,0,0.1666666716337204,0.0,0.38258710503578186,0,-0.1666666716337204,0.0,0.0833333358168602,0.0
E. Pelgander,WSL 2024-2025,1,0,0.0,0.0,0.0,1,0.0,0.0,0.0,1.0
E. Powell,WSL 2023-2024,6,2,1.5815773084759712,2.178140103816986,1.4890715330839157,5,0.4184226915240288,-0.17814010381698608,0.26359621807932854,0.8333333333333334
E. Pusey,WSL 2017-2018,18,0,1.760753683745861,0.7334736585617065,2.474743351340294,7,-1.760753683745861,-0.7334736585617065,0.09781964909699228,0.3888888888888889
E. Ramsey,WSL 2021-2022,1,1,1.0,0.9909090995788574,1.0,1,0.0,0.009090900421142578,1.0,1.0
E. Rutherford,WSL 2018-2019,27,2,2.3196134492754936,2.685439705848694,3.5495933145284653,14,-0.3196134492754936,-0.6854397058486938,0.08591160923242569,0.5185185185185185
E. Ryan-Doyle,WSL 2021-2022,4,0,0.34336014091968536,0.0,0.45748189091682434,2,-0.34336014091968536,0.0,0.08584003522992134,0.5
E. Salmon,WSL 2019-2020,22,5,2.8196543902158737,4.46191680431366,2.4165273159742355,17,2.1803456097841263,0.5380831956863403,0.12816610864617609,0.7727272727272727
E. Salmon,WSL 2020-2021,63,6,6.292578296963034,6.414704269025384,8.46867889747387,39,-0.2925782969630344,-0.4147042690253837,0.09988219518988943,0.6190476190476191
E. Salmon,WSL 2023-2024,15,3,2.056594617664814,2.5361353904008865,1.9466760158538818,10,0.943405382335186,0.46386460959911346,0.13710630784432093,0.6666666666666666
E. Salmon,WSL 2024-2025,29,4,2.5155534893274307,4.122947037220001,3.404205873608589,20,1.4844465106725693,-0.12294703722000122,0.0867432237699114,0.6896551724137931
E. Salmon,WSL 2025-2026,36,2,1.778118148446083,2.179169774055481,2.1515454053878784,29,0.22188185155391693,-0.17916977405548096,0.04939217079016897,0.8055555555555556
E. Simon,WSL 2018-2019,2,0,0.0,0.0,0.0,2,0.0,0.0,0.0,1.0
E. Simon,WSL 2022-2023,1,0,0.0,0.0,0.0,1,0.0,0.0,0.0,1.0
E. Simpkins,WSL 2015,1,0,0.0,0.0,0.0,1,0.0,0.0,0.0,1.0
E. Simpkins,WSL 2016,12,1,0.5636684596538544,0.5894736647605896,1.3128923773765564,7,0.43633154034614563,0.4105263352394104,0.0469723716378212,0.5833333333333334
E. Simpkins,WSL 2018-2019,4,0,0.6241935566067696,0.0,0.6362796574831009,1,-0.6241935566067696,0.0,0.1560483891516924,0.25
E. Simpkins,WSL 2019-2020,7,0,0.6239565089344978,0.14399999380111694,0.9149637818336487,3,-0.6239565089344978,-0.14399999380111694,0.08913664413349968,0.42857142857142855
E. Simpkins,WSL 2020-2021,7,0,0.06481481343507767,0.0,0.6850268095731735,4,-0.06481481343507767,0.0,0.009259259062153953,0.5714285714285714
E. Simpkins,WSL 2021-2022,8,0,0.32361870259046555,0.5894736647605896,0.9149637818336487,5,-0.32361870259046555,-0.5894736647605896,0.04045233782380819,0.625
E. Snerle,WSL 2021-2022,7,1,0.646497517824173,0.7910447716712952,0.6767801344394684,5,0.353502482175827,0.20895522832870483,0.09235678826059614,0.7142857142857143
E. Snerle,WSL 2022-2023,13,2,0.7432426139712334,1.2621276378631592,1.7179350703954697,8,1.2567573860287666,0.7378723621368408,0.05717250876701795,0.6153846153846154
E. Snerle,WSL 2023-2024,3,0,0.0,0.0,0.0,3,0.0,0.0,0.0,1.0
E. Stenevik,WSL 2022-2023,3,0,0.25806450843811035,0.0,0.22874094545841217,2,-0.25806450843811035,0.0,0.08602150281270345,0.6666666666666666
E. Stenevik,WSL 2023-2024,3,1,0.6660785377025604,0.5894736647605896,0.4480391889810562,2,0.3339214622974396,0.4105263352394104,0.2220261792341868,0.6666666666666666
E. Stenevik,WSL 2024-2025,2,0,0.6322580575942993,0.0,0.4564090222120285,0,-0.6322580575942993,0.0,0.31612902879714966,0.0
E. Stenevik,WSL 2025-2026,1,0,0.0,0.0,0.0,1,0.0,0.0,0.0,1.0
E. Stewart,WSL 2017-2018,10,0,0.6603198423981667,0.8441293984651566,0.6836413890123367,7,-0.6603198423981667,-0.8441293984651566,0.06603198423981667,0.7
E. Summanen,WSL 2021-2022,13,0,1.190477930009365,0.0,1.883496731519699,5,-1.190477930009365,0.0,0.09157522538533577,0.38461538461538464
E. Summanen,WSL 2022-2023,16,3,1.9500373676419258,3.1034228801727295,1.872690588235855,11,1.0499626323580742,-0.10342288017272949,0.12187733547762036,0.6875
E. Summanen,WSL 2023-2024,11,1,0.6928427219390869,1.4838253855705261,1.457295835018158,6,0.3071572780609131,-0.4838253855705261,0.06298570199446245,0.5454545454545454
E. Summanen,WSL 2024-2025,9,2,1.360086804482995,1.4465217946506128,2.326515859220086,3,0.639913195517005,0.5534782053493872,0.15112075605366612,0.3333333333333333
E. Summanen,WSL 2025-2026,11,2,0.7378801330924034,1.552436649799347,0.8966102451086044,9,1.2621198669075966,0.4475633502006531,0.0670800120993094,0.8181818181818182
E. Syme,WSL 2018-2019,9,1,0.7500000223517418,1.6930367350578308,0.45748189091682434,8,0.2499999776482582,-0.6930367350578308,0.0833333358168602,0.8888888888888888
E. Syme,WSL 2020-2021,2,0,0.0,0.0,0.0,2,0.0,0.0,0.0,1.0
E. Syme,WSL 2023-2024,8,0,0.3048645704984665,0.24242424964904785,0.7083697766065598,5,-0.3048645704984665,-0.24242424964904785,0.03810807131230831,0.625
E. Terland,WSL 2022-2023,56,7,6.528531402349472,5.853904619812965,7.101753920316696,35,0.47146859765052795,1.1460953801870346,0.11658091789909772,0.625
E. Terland,WSL 2023-2024,71,13,8.300005704164505,11.651846081018448,8.11272345483303,50,4.699994295835495,1.3481539189815521,0.11690148879104936,0.704225352112676
E. Terland,WSL 2024-2025,65,10,11.49440860003233,10.981062948703766,8.170621439814568,41,-1.4944086000323296,-0.9810629487037659,0.17683705538511277,0.6307692307692307
E. Terland,WSL 2025-2026,42,6,6.877539947628975,7.490890383720398,4.4556092619895935,30,-0.8775399476289749,-1.490890383720398,0.16375095113402321,0.7142857142857143
E. Toone,WSL 2017,1,0,0.0,0.0,0.0,1,0.0,0.0,0.0,1.0
E. Toone,WSL 2017-2018,5,0,0.2500000074505806,0.14399999380111694,0.4890715330839157,3,-0.2500000074505806,-0.14399999380111694,0.05000000149011612,0.6
E. Toone,WSL 2019-2020,18,1,2.7218316942453384,1.8544779419898987,2.417085364460945,8,-1.7218316942453384,-0.8544779419898987,0.1512128719025188,0.4444444444444444
E. Toone,WSL 2020-2021,75,9,9.67358020365965,8.89212549895775,9.357689749903795,49,-0.6735802036596503,0.10787450104225016,0.12898106938212867,0.6533333333333333
E. Toone,WSL 2021-2022,66,7,6.614869736135006,7.287368834018707,6.031881272792816,47,0.38513026386499405,-0.2873688340187073,0.10022529903234857,0.7121212121212122
E. Toone,WSL 2022-2023,42,3,3.087574653327465,3.6277162432670593,3.820730045437813,29,-0.08757465332746506,-0.6277162432670593,0.0735136822220825,0.6904761904761905
E. Toone,WSL 2023-2024,33,6,4.918604634702206,6.420380115509033,4.896779388189316,20,1.0813953652977943,-0.4203801155090332,0.14904862529400623,0.6060606060606061
E. Toone,WSL 2024-2025,36,5,3.7744027078151703,4.683093786239624,3.3927783519029617,27,1.2255972921848297,0.316906213760376,0.1048445196615325,0.75
E. Toone,WSL 2025-2026,35,3,2.684508018195629,3.7232173681259155,3.1564867347478867,27,0.3154919818043709,-0.7232173681259155,0.0767002290913037,0.7714285714285715
E. Wangerheim,WSL 2025-2026,4,0,0.6239565089344978,0.14399999380111694,0.6975636333227158,1,-0.6239565089344978,-0.14399999380111694,0.15598912723362446,0.25
E. Watson,WSL 2024-2025,1,0,0.0,0.0,0.0,1,0.0,0.0,0.0,1.0
E. Westwood,WSL 2015,6,0,0.9580728858709335,0.0,1.2068840116262436,1,-0.9580728858709335,0.0,0.15967881431182226,0.16666666666666666
E. Westwood,WSL 2016,7,1,0.2732449397444725,0.5894736647605896,0.415376678109169,6,0.7267550602555275,0.4105263352394104,0.0390349913920675,0.8571428571428571
E. Westwood,WSL 2017,3,1,0.45423563569784164,1.1789473295211792,0.7082023620605469,1,0.5457643643021584,-0.1789473295211792,0.1514118785659472,0.3333333333333333
E. Westwood,WSL 2017-2018,1,0,0.0833333358168602,0.0,0.21929824352264404,0,-0.0833333358168602,0.0,0.0833333358168602,0.0
E. Whelan,WSL 2021-2022,4,0,0.17547055333852768,0.0,0.37594906985759735,2,-0.17547055333852768,0.0,0.04386763833463192,0.5
E. White,WSL 2015,28,3,2.731413213763295,2.8387436328864677,3.5662895052171333,17,0.26858678623670507,0.1612563671135323,0.09755047192011768,0.6071428571428571
E. White,WSL 2016,25,3,3.217797838151455,2.412605583667755,3.1323038190603256,15,-0.21779783815145493,0.5873944163322449,0.1287119135260582,0.6
E. White,WSL 2017,15,2,1.206701710820198,2.061300277709961,0.94655342400074,13,0.7932982891798019,-0.06130027770996094,0.08044678072134653,0.8666666666666667
E. White,WSL 2017-2018,47,15,10.310257233679295,14.414897322654724,6.995362281799316,33,4.689742766320705,0.5851026773452759,0.21936717518466584,0.7021276595744681
E. White,WSL 2018-2019,30,6,5.215586543083191,5.598116815090179,3.960679844021797,19,0.7844134569168091,0.40188318490982056,0.1738528847694397,0.6333333333333333
E. White,WSL 2019-2020,37,6,8.845114879310131,8.41395753622055,5.7232939302921295,21,-2.845114879310131,-2.4139575362205505,0.23905715890027382,0.5675675675675675
E. White,WSL 2020-2021,54,10,10.870568424463272,9.840274214744568,8.11506062746048,30,-0.8705684244632721,0.15972578525543213,0.20130682267524577,0.5555555555555556
E. White,WSL 2021-2022,39,4,7.001021161675453,5.558548331260681,5.333203688263893,20,-3.001021161675453,-1.5585483312606812,0.17951336311988342,0.5128205128205128
E. Wilson,WSL 2017,1,0,0.0,0.0,0.0,1,0.0,0.0,0.0,1.0
E. de Graaf,WSL 2018-2019,3,1,0.319444440305233,0.9629629850387573,0.45748189091682434,2,0.680555559694767,0.037037014961242676,0.10648148010174434,0.6666666666666666
E. de Graaf,WSL 2021-2022,8,0,0.6811652779579163,0.0,0.6767801344394684,6,-0.6811652779579163,0.0,0.08514565974473953,0.75
E. van Egmond,WSL 2020-2021,35,5,2.9650259017944336,4.890126466751099,3.738046020269394,27,2.0349740982055664,0.10987353324890137,0.08471502576555524,0.7714285714285715
E. van Egmond,WSL 2025-2026,11,1,0.7533505260944366,0.782127633690834,1.074708729982376,7,0.24664947390556335,0.21787236630916595,0.0684864114631306,0.6363636363636364
F. Allen,WSL 2017,1,0,0.0,0.0,0.0,1,0.0,0.0,0.0,1.0
F. Allen,WSL 2017-2018,1,0,0.0,0.0,0.0,1,0.0,0.0,0.0,1.0
F. Allen,WSL 2019-2020,1,0,0.11065573990345001,0.0,0.22874094545841217,0,-0.11065573990345001,0.0,0.11065573990345001,0.0
F. Allen,WSL 2020-2021,1,0,0.06481481343507767,0.14399999380111694,0.22874094545841217,0,-0.06481481343507767,-0.14399999380111694,0.06481481343507767,0.0
F. Angeldahl,WSL 2021-2022,15,0,1.6285083815455437,0.8828828930854797,2.1426312923431396,6,-1.6285083815455437,-0.8828828930854797,0.10856722543636958,0.4
F. Angeldahl,WSL 2022-2023,23,2,1.9751389771699905,1.6206379532814026,2.298917666077614,14,0.02486102283000946,0.3793620467185974,0.08587560770304306,0.6086956521739131
F. Angeldahl,WSL 2023-2024,14,0,0.5406231731176376,0.07999999821186066,0.4890715330839157,12,-0.5406231731176376,-0.07999999821186066,0.03861594093697412,0.8571428571428571
F. Ayisi,WSL 2015,18,1,2.5885268598794937,1.0756548643112183,2.226660132408142,10,-1.5885268598794937,-0.07565486431121826,0.143807047771083,0.5555555555555556
F. Ayisi,WSL 2016,25,3,2.8190217374301536,3.2493131814933403,2.464589929435311,20,0.1809782625698464,-0.24931318149334025,0.11276086949720615,0.8
F. Ayisi,WSL 2017,5,0,0.4761608615517616,0.14399999380111694,0.6862228363752365,2,-0.4761608615517616,-0.14399999380111694,0.09523217231035233,0.4
F. Ayisi,WSL 2017-2018,6,0,1.196988508105278,1.291601300239563,0.8840280473232269,2,-1.196988508105278,-1.291601300239563,0.199498084684213,0.3333333333333333
F. Brown,WSL 2017,1,0,0.0,0.0,0.0,1,0.0,0.0,0.0,1.0
F. Brown,WSL 2017-2018,1,0,0.0,0.0,0.0,1,0.0,0.0,0.0,1.0
F. Brown,WSL 2018-2019,1,0,0.0833333358168602,0.14399999380111694,0.1538461595773697,0,-0.0833333358168602,-0.14399999380111694,0.0833333358168602,0.0
F. Brown,WSL 2019-2020,3,0,0.06481481343507767,0.0,0.22874094545841217,2,-0.06481481343507767,0.0,0.021604937811692555,0.6666666666666666
F. Bryson,WSL 2017-2018,4,0,0.1666666716337204,0.0,0.5110510587692261,2,-0.1666666716337204,0.0,0.0416666679084301,0.5
F. Bryson,WSL 2018-2019,2,0,0.1666666716337204,0.14399999380111694,0.4794614166021347,0,-0.1666666716337204,-0.14399999380111694,0.0833333358168602,0.0
F. Bryson,WSL 2020-2021,7,1,0.7194257453083992,1.024551883339882,1.1425087004899979,3,0.2805742546916008,-0.024551883339881897,0.10277510647262846,0.42857142857142855
F. Bryson,WSL 2021-2022,11,1,1.0949699953198433,1.070909097790718,0.94655342400074,7,-0.09496999531984329,-0.07090909779071808,0.09954272684725848,0.6363636363636364
F. Bryson,WSL 2022-2023,8,0,0.2588038891553879,0.5600000023841858,0.7494021207094193,5,-0.2588038891553879,-0.5600000023841858,0.032350486144423485,0.625
F. Gibbons,WSL 2018-2019,5,0,0.5134335160255432,0.0,0.7301818877458572,2,-0.5134335160255432,0.0,0.10268670320510864,0.4
F. Gibbons,WSL 2019-2020,3,0,0.11065573990345001,0.0,0.25072047114372253,2,-0.11065573990345001,0.0,0.03688524663448334,0.6666666666666666
F. Gibbons,WSL 2020-2021,6,0,0.2500000074505806,0.0,0.45628586411476135,4,-0.2500000074505806,0.0,0.0416666679084301,0.6666666666666666
F. Gibbons,WSL 2021-2022,5,0,0.17547055333852768,0.14399999380111694,0.7397920042276382,3,-0.17547055333852768,-0.14399999380111694,0.035094110667705535,0.6
F. Gibbons,WSL 2024-2025,1,0,0.0,0.0,0.0,1,0.0,0.0,0.0,1.0
F. Godfrey,WSL 2022-2023,1,0,0.37419354915618896,0.0,0.14720812439918518,0,-0.37419354915618896,0.0,0.37419354915618896,0.0
F. Godfrey,WSL 2025-2026,26,6,4.27945876121521,6.3562076687812805,4.336250886321068,16,1.72054123878479,-0.3562076687812805,0.16459456773904654,0.6153846153846154
F. Gregory,WSL 2019-2020,1,0,0.0,0.0,0.0,1,0.0,0.0,0.0,1.0
F. Gregory,WSL 2020-2021,5,1,0.8599348664283752,1.4042552709579468,0.6666666865348816,4,0.14006513357162476,-0.4042552709579468,0.17198697328567505,0.8
F. Gregory,WSL 2021-2022,13,1,1.5897828713059425,1.8838406205177307,2.1218477934598923,5,-0.5897828713059425,-0.8838406205177307,0.12229099010045712,0.38461538461538464
F. Gregory,WSL 2022-2023,5,0,0.06481481343507767,0.0,0.22874094545841217,4,-0.06481481343507767,0.0,0.012962962687015533,0.8
F. Gregory,WSL 2023-2024,1,0,0.0,0.0,0.0,1,0.0,0.0,0.0,1.0
F. Kirby,WSL 2015,12,4,3.1351643055677414,2.74186934530735,1.9138903468847275,8,0.8648356944322586,1.2581306546926498,0.2612636921306451,0.6666666666666666
F. Kirby,WSL 2016,21,5,2.940430022776127,3.532788097858429,2.4237453788518906,16,2.059569977223873,1.467211902141571,0.14002047727505365,0.7619047619047619
F. Kirby,WSL 2017,16,6,4.364082410931587,5.483384132385254,2.4357475489377975,12,1.6359175890684128,0.5166158676147461,0.2727551506832242,0.75
F. Kirby,WSL 2017-2018,51,8,5.698715381324291,7.299696862697601,4.914981991052628,38,2.3012846186757088,0.7003031373023987,0.11173951728086845,0.7450980392156863
F. Kirby,WSL 2018-2019,53,9,7.203473832912561,9.410663526959535,6.447536271519777,38,1.796526167087439,-0.4106635269595351,0.13591460062099173,0.7169811320754716
F. Kirby,WSL 2019-2020,11,0,0.7346122488379478,0.3048780560493469,0.9137677550315857,7,-0.7346122488379478,-0.3048780560493469,0.06678293171254071,0.6363636363636364
F. Kirby,WSL 2020-2021,43,16,7.818826533854008,12.570086598396301,6.384185254573822,32,8.181173466145992,3.4299134016036987,0.18183317520590717,0.7441860465116279
F. Kirby,WSL 2021-2022,33,6,5.09309109300375,6.956929266452789,4.894242748618126,18,0.9069089069962502,-0.9569292664527893,0.15433609372738635,0.5454545454545454
F. Kirby,WSL 2022-2023,16,6,4.674562646303235,5.853443091962395,2.9303184954858406,12,1.3254373536967652,0.14655690803760457,0.2921601653939522,0.75
F. Kirby,WSL 2023-2024,25,3,4.340583369135857,4.320050418376923,3.0519015192985535,15,-1.3405833691358566,-1.3200504183769226,0.17362333476543426,0.6
F. Kirby,WSL 2024-2025,27,7,6.053006264131244,5.6029280747582275,4.8696018929888565,20,0.9469937358687561,1.3970719252417725,0.22418541719004606,0.7407407407407407
F. Kirby,WSL 2025-2026,13,2,0.9432682022452354,1.9087058901786804,0.7178124785423279,12,1.0567317977547646,0.09129410982131958,0.07255909248040272,0.9230769230769231
F. Maanum,WSL 2021-2022,27,3,2.2792783603072166,2.9421170949935913,2.821841388940811,19,0.7207216396927834,0.05788290500640869,0.08441771704841543,0.7037037037037037
F. Maanum,WSL 2022-2023,62,9,7.64859914034605,10.72036999464035,5.856925070285797,46,1.3514008596539497,-1.7203699946403503,0.12336450226364597,0.7419354838709677
F. Maanum,WSL 2023-2024,40,3,3.3268576711416245,3.3837262988090515,3.0684012174606323,30,-0.32685767114162445,-0.3837262988090515,0.0831714417785406,0.75
F. Maanum,WSL 2024-2025,57,7,8.999234974384308,8.458146512508392,7.378120705485344,33,-1.9992349743843079,-1.4581465125083923,0.15788131534007557,0.5789473684210527
F. Maanum,WSL 2025-2026,32,7,4.936150103807449,6.593072533607483,4.115832448005676,26,2.0638498961925507,0.4069274663925171,0.1542546907439828,0.8125
F. Morgan,WSL 2023-2024,12,1,0.817945584654808,0.14399999380111694,0.9453573971986771,9,0.18205441534519196,0.8560000061988831,0.06816213205456734,0.75
F. Morgan,WSL 2025-2026,12,1,0.7709597274661064,0.8461276292800903,0.9371107220649719,9,0.22904027253389359,0.15387237071990967,0.06424664395550887,0.75
F. Nagano,WSL 2022-2023,1,0,0.0833333358168602,0.14399999380111694,0.22874094545841217,0,-0.0833333358168602,-0.14399999380111694,0.0833333358168602,0.0
F. Nagano,WSL 2023-2024,7,0,0.22131147980690002,0.14399999380111694,0.6767801344394684,5,-0.22131147980690002,-0.14399999380111694,0.031615925686700005,0.7142857142857143
F. Nagano,WSL 2024-2025,9,1,0.7535128742456436,0.828125,0.562074288725853,8,0.24648712575435638,0.171875,0.0837236526939604,0.8888888888888888
F. Nagano,WSL 2025-2026,10,0,0.21601109206676483,0.07999999821186066,0.9149637818336487,6,-0.21601109206676483,-0.07999999821186066,0.021601109206676482,0.6
F. Rolfö,WSL 2025-2026,18,3,4.341910667717457,5.0562697649002075,2.3727356791496277,12,-1.3419106677174568,-2.0562697649002075,0.2412172593176365,0.6666666666666666
F. Tsunoda,WSL 2025-2026,2,2,1.6666666865348816,1.8734821677207947,0.4890715330839157,2,0.3333333134651184,0.12651783227920532,0.8333333432674408,1.0
F. Whelan,WSL 2015,2,2,0.596634104847908,1.291601300239563,0.45628586411476135,2,1.403365895152092,0.708398699760437,0.298317052423954,1.0
F. Whelan,WSL 2016,10,0,0.6055707335472107,0.0,1.0338438004255295,5,-0.6055707335472107,0.0,0.06055707335472107,0.5
F. Whelan,WSL 2018-2019,3,0,0.0,0.0,0.0,3,0.0,0.0,0.0,1.0
F. Williams,WSL 2015,19,2,1.7111351548171625,1.8825536875463114,2.599261230084954,14,0.2888648451828375,0.11744631245368864,0.09005974499037697,0.7368421052631579
F. Williams,WSL 2016,26,2,3.4719748985840053,3.1759112221075267,3.991106581397173,16,-1.4719748985840053,-1.1759112221075267,0.1335374960993848,0.6153846153846154
F. Williams,WSL 2017,6,0,0.2773224115371704,0.5894736647605896,0.6172268390655518,3,-0.2773224115371704,-0.5894736647605896,0.04622040192286173,0.5
F. Williams,WSL 2017-2018,53,7,3.3078466579318047,6.183980584144592,5.839458912611008,34,3.6921533420681953,0.8160194158554077,0.06241220109305292,0.6415094339622641
F. Williams,WSL 2018-2019,82,11,7.8157896797468025,9.543531107466395,12.588232266466791,46,3.1842103202531975,1.4564688925336053,0.09531450828959515,0.5609756097560976
F. Williams,WSL 2019-2020,57,5,7.988357561390575,7.49316604689854,9.613290848891909,29,-2.9883575613905746,-2.4931660468985397,0.14014662388404517,0.5087719298245614
F. Williams,WSL 2020-2021,28,3,3.979757216282007,2.780972313590166,4.916003462381479,15,-0.9797572162820072,0.21902768640983394,0.14213418629578597,0.5357142857142857
G. Bergsvand,WSL 2022-2023,2,0,0.15671642124652863,0.0,0.14720812439918518,1,-0.15671642124652863,0.0,0.07835821062326431,0.5
G. Bergsvand,WSL 2023-2024,7,2,1.662671834230423,1.6930367350578308,1.2944162487983704,6,0.337328165769577,0.3069632649421692,0.23752454774720327,0.8571428571428571
G. Bergsvand,WSL 2024-2025,5,0,0.4540158808231354,0.0,0.6755841076374054,2,-0.4540158808231354,0.0,0.09080317616462708,0.4
G. Bonner,WSL 2015,13,0,1.372594378888607,1.4899334460496902,2.099430114030838,6,-1.372594378888607,-1.4899334460496902,0.10558418299143131,0.46153846153846156
G. Bonner,WSL 2016,13,0,1.0062154158949852,0.0,1.5884232223033905,5,-1.0062154158949852,0.0,0.07740118583807579,0.38461538461538464
G. Bonner,WSL 2017,13,3,3.262237422168255,2.2086434364318848,2.4854302406311035,5,-0.26223742216825485,0.7913565635681152,0.2509413401667888,0.38461538461538464
G. Bonner,WSL 2017-2018,11,1,1.066279597580433,1.5482552647590637,1.1153766214847565,7,-0.06627959758043289,-0.5482552647590637,0.09693450887094844,0.6363636363636364
G. Bonner,WSL 2018-2019,16,1,1.7472407594323158,0.8461276292800903,1.4353163093328476,10,-0.7472407594323158,0.15387237071990967,0.10920254746451974,0.625
G. Bonner,WSL 2019-2020,15,3,2.250516578555107,2.61385178565979,2.1412940323352814,9,0.7494834214448929,0.38614821434020996,0.15003443857034046,0.6
G. Bonner,WSL 2020-2021,4,1,1.312571607530117,0.9909090995788574,0.8555779010057449,1,-0.31257160753011703,0.009090900421142578,0.32814290188252926,0.25
G. Bonner,WSL 2022-2023,4,0,0.31603773683309555,0.3999999910593033,0.6441176235675812,1,-0.31603773683309555,-0.3999999910593033,0.07900943420827389,0.25
G. Bonner,WSL 2023-2024,17,3,2.1112181320786476,2.7298564314842224,2.7392176538705826,10,0.8887818679213524,0.2701435685157776,0.12418930188697927,0.5882352941176471
G. Bonner,WSL 2024-2025,15,0,2.1039919406175613,1.1037894487380981,1.9900670498609543,6,-2.1039919406175613,-1.1037894487380981,0.14026612937450408,0.4
G. Bonner,WSL 2025-2026,3,0,0.2500000074505806,0.0,0.38258710503578186,1,-0.2500000074505806,0.0,0.0833333358168602,0.3333333333333333
G. Brougham,WSL 2017-2018,2,0,0.06481481343507767,0.3199999928474426,0.14720812439918518,1,-0.06481481343507767,-0.3199999928474426,0.032407406717538834,0.5
G. Brougham,WSL 2018-2019,4,0,0.9027215912938118,0.0,0.8310389071702957,0,-0.9027215912938118,0.0,0.22568039782345295,0.0
G. Brougham,WSL 2020-2021,2,0,0.0833333358168602,0.0,0.21929824352264404,1,-0.0833333358168602,0.0,0.0416666679084301,0.5
G. Brougham,WSL 2021-2022,1,0,0.0,0.0,0.0,1,0.0,0.0,0.0,1.0
G. Clinton,WSL 2020-2021,1,0,0.0,0.0,0.0,1,0.0,0.0,0.0,1.0
G. Clinton,WSL 2021-2022,3,0,0.0,0.0,0.0,3,0.0,0.0,0.0,1.0
G. Clinton,WSL 2023-2024,40,4,2.3904051557183266,2.9421170949935913,3.546957179903984,29,1.6095948442816734,1.0578829050064087,0.05976012889295816,0.725
G. Clinton,WSL 2024-2025,43,8,6.609032601118088,9.188293114304543,5.507075473666191,29,1.3909673988819122,-1.1882931143045425,0.15369843258414156,0.6744186046511628
G. Clinton,WSL 2025-2026,13,1,1.3179821521043777,1.291601300239563,1.2068840116262436,10,-0.31798215210437775,-0.291601300239563,0.10138324246956752,0.7692307692307693
G. Davison,WSL 2015,29,6,5.643400338001367,4.9414818552209105,4.606415208883401,20,0.3565996619986329,1.0585181447790895,0.19460001165521956,0.6896551724137931
G. Davison,WSL 2016,29,3,3.750536939356385,3.191056793782769,4.053239723894654,18,-0.750536939356385,-0.19105679378276896,0.12932885997780638,0.6206896551724138
G. Davison,WSL 2017,5,0,1.3664022146201715,0.7560975609756098,1.2451690940595255,3,-1.3664022146201715,-0.7560975609756098,0.2732804429240343,0.6
G. Davison,WSL 2017-2018,12,2,1.0301630944013596,1.8544779419898987,1.7083249539136887,7,0.9698369055986404,0.14552205801010132,0.08584692453344663,0.5833333333333334
G. Davison,WSL 2018-2019,14,2,1.2631316930055618,1.6065121367573738,2.3411460369825363,7,0.7368683069944382,0.3934878632426262,0.09022369235754013,0.5
G. Davison,WSL 2019-2020,13,0,0.21296296268701553,0.14399999380111694,0.7082023620605469,10,-0.21296296268701553,-0.14399999380111694,0.016381766360539656,0.7692307692307693
G. Davison,WSL 2020-2021,9,1,0.32361870259046555,0.4375,0.9590902477502823,6,0.6763812974095345,0.5625,0.03595763362116284,0.6666666666666666
G. Davison,WSL 2021-2022,2,0,0.0,0.0,0.0,2,0.0,0.0,0.0,1.0
G. Eaton-Collins,WSL 2022-2023,1,0,0.0,0.0,0.21929824352264404,0,0.0,0.0,0.0,0.0
G. Evans,WSL 2015,8,0,0.2500000074505806,0.0,0.9685329496860504,4,-0.2500000074505806,0.0,0.031250000931322575,0.5
G. Evans,WSL 2017,3,0,0.1939890757203102,0.0,0.45748189091682434,1,-0.1939890757203102,0.0,0.06466302524010341,0.3333333333333333
G. Evans,WSL 2017-2018,10,0,0.23498497903347015,0.0,0.9055210798978806,6,-0.23498497903347015,0.0,0.023498497903347015,0.6
G. Evans,WSL 2018-2019,8,1,0.5085682719945908,0.5894736647605896,0.9044482111930847,5,0.49143172800540924,0.4105263352394104,0.06357103399932384,0.625
G. Evans,WSL 2019-2020,3,0,0.0,0.0,0.0,3,0.0,0.0,0.0,1.0
G. Evans,WSL 2020-2021,3,1,0.15671642124652863,0.5894736647605896,0.19607843458652496,3,0.8432835787534714,0.4105263352394104,0.05223880708217621,1.0
G. Evans,WSL 2021-2022,11,0,1.758064553141594,1.7787524461746216,1.0432865023612976,6,-1.758064553141594,-1.7787524461746216,0.15982405028559946,0.5454545454545454
G. Evans,WSL 2022-2023,5,0,0.5347443222999573,0.21875,0.7806831151247025,1,-0.5347443222999573,-0.21875,0.10694886445999145,0.2
G. Evans,WSL 2024-2025,2,0,0.11065573990345001,0.0,0.22874094545841217,1,-0.11065573990345001,0.0,0.055327869951725006,0.5
G. Fisk,WSL 2020-2021,7,1,1.6938563585281372,1.9354609847068787,1.888899803161621,3,-0.6938563585281372,-0.9354609847068787,0.2419794797897339,0.42857142857142855
G. Fisk,WSL 2021-2022,7,4,2.435952790081501,3.3886064291000366,2.943975880742073,4,1.564047209918499,0.6113935708999634,0.3479932557259287,0.5714285714285714
G. Fisk,WSL 2022-2023,8,0,0.3046448156237602,0.46399998664855957,0.44162437319755554,5,-0.3046448156237602,-0.46399998664855957,0.03808060195297003,0.625
G. Fisk,WSL 2023-2024,10,1,1.4655557498335838,0.9909090995788574,1.4412150979042053,4,-0.46555574983358383,0.009090900421142578,0.1465555749833584,0.4
G. Fisk,WSL 2024-2025,13,0,0.6840388402342796,0.0,1.363002970814705,7,-0.6840388402342796,0.0,0.05261837232571382,0.5384615384615384
G. Fisk,WSL 2025-2026,15,1,2.160174772143364,1.0070056915283203,2.2246626168489456,7,-1.160174772143364,-0.0070056915283203125,0.14401165147622427,0.4666666666666667
G. Flaherty,WSL 2015,10,3,1.4267556443810463,2.343481421470642,1.0621719062328339,8,1.5732443556189537,0.6565185785293579,0.14267556443810464,0.8
G. Flaherty,WSL 2016,9,1,1.2455390989780426,0.5894736647605896,1.589351862668991,2,-0.2455390989780426,0.4105263352394104,0.1383932332197825,0.2222222222222222
G. Flaherty,WSL 2017,3,1,0.1666666716337204,0.5894736647605896,0.26033058762550354,3,0.8333333283662796,0.4105263352394104,0.055555557211240135,1.0
G. Flaherty,WSL 2017-2018,9,1,1.403309740126133,0.9909090995788574,0.8239882588386536,6,-0.40330974012613297,0.009090900421142578,0.15592330445845923,0.6666666666666666
G. Flaherty,WSL 2018-2019,14,1,1.2722374200820923,1.3805184364318848,1.199937328696251,9,-0.2722374200820923,-0.38051843643188477,0.09087410143443517,0.6428571428571429
G. Flaherty,WSL 2019-2020,4,0,0.6368639916181564,0.0,0.37594906985759735,2,-0.6368639916181564,0.0,0.1592159979045391,0.5
G. Flaherty,WSL 2020-2021,3,0,0.24004975706338882,0.0,0.29441624879837036,1,-0.24004975706338882,0.0,0.08001658568779628,0.3333333333333333
G. Flaherty,WSL 2021-2022,7,0,0.48009951412677765,0.5894736647605896,0.6046900153160095,4,-0.48009951412677765,-0.5894736647605896,0.06858564487525395,0.5714285714285714
G. Flaherty,WSL 2022-2023,6,0,1.535982459783554,1.9642552733421326,0.7083697766065598,4,-1.535982459783554,-1.9642552733421326,0.25599707663059235,0.6666666666666666
G. George,WSL 2017-2018,10,0,0.8182980865240097,0.0,1.5089708119630814,3,-0.8182980865240097,0.0,0.08182980865240097,0.3
G. George,WSL 2018-2019,18,1,0.8454051241278648,1.229473665356636,2.298750251531601,9,0.15459487587213516,-0.22947366535663605,0.046966951340436935,0.5
G. George,WSL 2019-2020,7,0,0.5290006995201111,0.06481481343507767,0.9673369228839874,4,-0.5290006995201111,-0.06481481343507767,0.075571528502873,0.5714285714285714
G. George,WSL 2021-2022,10,0,0.9489050209522247,0.0,2.1520598232746124,0,-0.9489050209522247,0.0,0.09489050209522247,0.0
G. George,WSL 2022-2023,19,2,1.5819692239165306,1.5325061082839966,2.010456010699272,12,0.4180307760834694,0.4674938917160034,0.08326153810087003,0.631578947368421
G. George,WSL 2023-2024,1,0,0.11065573990345001,0.0,0.22754491865634918,0,-0.11065573990345001,0.0,0.11065573990345001,0.0
G. George,WSL 2024-2025,6,0,0.8340299502015114,1.1789473295211792,1.165851667523384,1,-0.8340299502015114,-1.1789473295211792,0.1390049917002519,0.16666666666666666
G. Geyoro,WSL 2025-2026,13,1,1.059673622250557,1.070909097790718,1.366097092628479,9,-0.059673622250556946,-0.07090909779071808,0.08151335555773515,0.6923076923076923
G. Lawley,WSL 2021-2022,9,1,0.9518179520964622,1.1789473295211792,1.0176707357168198,5,0.04818204790353775,-0.1789473295211792,0.10575755023294026,0.5555555555555556
G. McCatty,WSL 2015,2,0,0.26737216114997864,0.0,0.30105428397655487,0,-0.26737216114997864,0.0,0.13368608057498932,0.0
G. Mullett,WSL 2022-2023,1,0,0.0,0.0,0.0,1,0.0,0.0,0.0,1.0
G. Mullett,WSL 2023-2024,1,0,0.0,0.0,0.0,1,0.0,0.0,0.0,1.0
G. Mullett,WSL 2025-2026,11,1,1.6002754867076874,2.1419103145599365,1.0320930033922195,8,-0.6002754867076874,-1.1419103145599365,0.14547958970069885,0.7272727272727273
G. Prior,WSL 2024-2025,2,1,0.4137931168079376,0.828125,0.21929824352264404,2,0.5862068831920624,0.171875,0.2068965584039688,1.0
G. Prior,WSL 2025-2026,5,0,0.7542860135436058,0.3199999928474426,0.634674921631813,2,-0.7542860135436058,-0.3199999928474426,0.15085720270872116,0.4
G. Reiten,WSL 2019-2020,28,5,3.3595903739333153,3.646979942917824,3.555203855037689,19,1.6404096260666847,1.3530200570821762,0.1199853704976184,0.6785714285714286
G. Reiten,WSL 2020-2021,28,1,2.78379724919796,1.948255255818367,3.7893078178167343,13,-1.78379724919796,-0.948255255818367,0.09942133032849856,0.4642857142857143
G. Reiten,WSL 2021-2022,38,7,3.827594943344593,5.418815791606903,4.447399586439133,26,3.172405056655407,1.581184208393097,0.10072618271959455,0.6842105263157895
G. Reiten,WSL 2022-2023,33,9,5.78978964359295,7.547456782765504,5.436660733528253,23,3.2102103564070497,1.4525432172344956,0.1754481710179682,0.696969696969697
G. Reiten,WSL 2023-2024,28,7,5.374492156069453,6.081055718224223,4.736353742640193,21,1.6255078439305466,0.9189442817757767,0.1919461484310519,0.75
G. Reiten,WSL 2024-2025,30,8,6.594870121195549,6.3793440693762244,6.5930363768484535,19,1.405129878804451,1.6206559306237756,0.21982900403985164,0.6333333333333333
G. Reiten,WSL 2025-2026,5,0,0.3467668443918228,0.0,0.4890715330839157,3,-0.3467668443918228,0.0,0.06935336887836456,0.6
G. Stanway,WSL 2015,5,1,0.43900836259126663,0.828125,0.45748189091682434,4,0.5609916374087334,0.171875,0.08780167251825333,0.8
G. Stanway,WSL 2016,23,4,2.5930968821048737,2.539164364337921,2.756886050105095,15,1.4069031178951263,1.4608356356620789,0.1127433427002119,0.6521739130434783
G. Stanway,WSL 2017,18,1,1.71738750487566,0.5894736647605896,2.2690559178590775,9,-0.7173875048756599,0.4105263352394104,0.09541041693753666,0.5
G. Stanway,WSL 2017-2018,47,5,5.342736691236496,4.837771356105804,7.125336587429047,23,-0.34273669123649597,0.16222864389419556,0.11367524874971267,0.48936170212765956
G. Stanway,WSL 2018-2019,72,11,8.66196059435606,8.99814635515213,9.78535681962967,42,2.33803940564394,2.00185364484787,0.12030500825494528,0.5833333333333334
G. Stanway,WSL 2019-2020,34,5,5.628025947365819,5.725403106067239,6.508939316723405,20,-0.6280259473658187,-0.7254031060672386,0.1655301749225241,0.5882352941176471
G. Stanway,WSL 2020-2021,53,5,6.783884756267071,4.967445641756058,6.830973818898201,29,-1.7838847562670708,0.03255435824394226,0.12799782558994474,0.5471698113207547
G. Stanway,WSL 2021-2022,53,8,8.062274113297462,9.40778586268425,7.280455440282822,30,-0.06227411329746246,-1.4077858626842499,0.15211837949617854,0.5660377358490566
G. Wilson,WSL 2019-2020,2,0,0.0,0.0,0.0,2,0.0,0.0,0.0,1.0
Gabi Nunes,WSL 2024-2025,18,2,3.1743597239255905,3.9566919207572937,1.8767174631357193,12,-1.1743597239255905,-1.9566919207572937,0.17635331799586615,0.6666666666666666
Geyse,WSL 2023-2024,42,2,3.6953291818499565,3.0481464862823486,4.25012569129467,28,-1.6953291818499565,-1.0481464862823486,0.08798402813928467,0.6666666666666666
Geyse,WSL 2024-2025,10,1,0.6415657103061676,1.5156012922525406,1.1437047272920609,7,0.3584342896938324,-0.5156012922525406,0.06415657103061675,0.7
Gio Garbelini,WSL 2022-2023,9,1,1.2631002962589264,1.1494736671447754,0.8966102451086044,6,-0.2631002962589264,-0.1494736671447754,0.14034447736210293,0.6666666666666666
H. Bennison,WSL 2021-2022,13,1,1.0540566891431808,0.7021276354789734,1.51021109521389,7,-0.05405668914318085,0.2978723645210266,0.08108128378024468,0.5384615384615384
H. Bennison,WSL 2022-2023,19,3,3.0884931311011314,2.6439144611358643,2.613846033811569,11,-0.08849313110113144,0.35608553886413574,0.16255227005795428,0.5789473684210527
H. Bennison,WSL 2023-2024,13,1,0.3606557473540306,1.1789473295211792,0.9905124753713608,10,0.6393442526459694,-0.1789473295211792,0.027742749796463892,0.7692307692307693
H. Bleazard,WSL 2017,2,0,0.0833333358168602,0.0,0.26033058762550354,1,-0.0833333358168602,0.0,0.0416666679084301,0.5
H. Blundell,WSL 2015,4,0,0.1939890757203102,0.0,0.4794614166021347,2,-0.1939890757203102,0.0,0.04849726893007755,0.5
H. Blundell,WSL 2016,3,0,0.23270440101623535,0.0,0.22874094545841217,2,-0.23270440101623535,0.0,0.07756813367207845,0.6666666666666666
H. Blundell,WSL 2017,11,1,1.3879781514406204,1.0,1.1656842529773712,7,-0.3879781514406204,0.0,0.1261798319491473,0.6363636363636364
H. Blundell,WSL 2017-2018,7,0,0.7155913934111595,0.0,0.7166164517402649,4,-0.7155913934111595,0.0,0.10222734191587993,0.5714285714285714
H. Blundell,WSL 2018-2019,16,1,1.2768848985433578,1.1110447645187378,1.6357029676437378,10,-0.27688489854335785,-0.11104476451873779,0.07980530615895987,0.625
H. Blundell,WSL 2019-2020,7,1,1.4192392230033875,0.9445518851280212,1.1062983721494675,3,-0.41923922300338745,0.05544811487197876,0.20274846042905534,0.42857142857142855
H. Blundell,WSL 2020-2021,2,0,0.2068965584039688,0.0,0.26033058762550354,1,-0.2068965584039688,0.0,0.1034482792019844,0.5
H. Blundell,WSL 2021-2022,10,0,0.7547629550099373,0.3199999928474426,0.936943307518959,7,-0.7547629550099373,-0.3199999928474426,0.07547629550099373,0.7
H. Blundell,WSL 2022-2023,11,1,0.9935330301523209,0.9208776354789734,1.4356249570846558,7,0.006466969847679138,0.07912236452102661,0.0903211845593019,0.6363636363636364
H. Blundell,WSL 2023-2024,12,1,0.7154088094830513,0.7021276354789734,1.1425087004899979,8,0.2845911905169487,0.2978723645210266,0.05961740079025427,0.6666666666666666
H. Blundell,WSL 2025-2026,4,0,0.0833333358168602,0.14399999380111694,0.4480391889810562,2,-0.0833333358168602,-0.14399999380111694,0.02083333395421505,0.5
H. Cain,WSL 2018-2019,19,2,1.6251965463161469,2.0491228103637695,1.6863454282283783,14,0.37480345368385315,-0.04912281036376953,0.08553666033242878,0.7368421052631579
H. Cain,WSL 2019-2020,16,0,0.7428746297955513,0.14399999380111694,1.70940500497818,9,-0.7428746297955513,-0.14399999380111694,0.046429664362221956,0.5625
H. Cain,WSL 2022-2023,39,2,5.112023977789937,3.042007869336663,4.655574387166558,22,-3.112023977789937,-1.042007869336663,0.13107753789204965,0.5641025641025641
H. Cain,WSL 2023-2024,3,0,0.0833333358168602,0.14399999380111694,0.22874094545841217,2,-0.0833333358168602,-0.14399999380111694,0.027777778605620067,0.6666666666666666
H. Cain,WSL 2024-2025,25,3,3.3408079370856285,3.726908817887306,2.8463803827762604,16,-0.3408079370856285,-0.7269088178873062,0.13363231748342513,0.64
H. Cain,WSL 2025-2026,24,0,1.0472917035222054,0.2239999920129776,2.676857903599739,14,-1.0472917035222054,-0.2239999920129776,0.04363715431342522,0.5833333333333334
H. Cissoko,WSL 2020-2021,3,0,0.15671642124652863,0.0,0.22874094545841217,2,-0.15671642124652863,0.0,0.05223880708217621,0.6666666666666666
H. Cissoko,WSL 2022-2023,2,1,1.0,0.9629629850387573,0.783100500702858,1,0.0,0.037037014961242676,0.5,0.5
H. Cissoko,WSL 2023-2024,3,1,0.31603773683309555,0.3199999928474426,0.4564090222120285,2,0.6839622631669044,0.6800000071525574,0.10534591227769852,0.6666666666666666
H. Eiríksdóttir,WSL 2024-2025,7,0,1.4012789353728294,0.0,1.0621719062328339,2,-1.4012789353728294,0.0,0.20018270505326136,0.2857142857142857
H. Eiríksdóttir,WSL 2025-2026,4,0,0.24004975706338882,0.0,0.4890715330839157,2,-0.24004975706338882,0.0,0.060012439265847206,0.5
H. Godfrey,WSL 2019-2020,6,0,0.9423761740326881,0.5894736647605896,0.9030847698450089,2,-0.9423761740326881,-0.5894736647605896,0.1570626956721147,0.3333333333333333
H. Hampton,WSL 2018-2019,1,1,1.0,0.9909090995788574,1.0,1,0.0,0.009090900421142578,1.0,1.0
H. Hampton,WSL 2021-2022,1,1,1.0,0.9629629850387573,1.0,1,0.0,0.037037014961242676,1.0,1.0
H. Hayashi,WSL 2022-2023,12,1,1.6361718699336052,0.5439999848604202,1.9782656580209732,5,-0.6361718699336052,0.4560000151395798,0.13634765582780042,0.4166666666666667
H. Hayashi,WSL 2023-2024,13,2,1.5894707143306732,1.6930367350578308,1.1145450472831726,10,0.4105292856693268,0.3069632649421692,0.1222669780254364,0.7692307692307693
H. Hayashi,WSL 2024-2025,15,4,2.0014670491218567,3.024880066514015,2.1237458884716034,11,1.9985329508781433,0.9751199334859848,0.13343113660812378,0.7333333333333333
H. Hayashi,WSL 2025-2026,10,4,2.8890153616666794,3.2003071904182434,2.657013848423958,5,1.1109846383333206,0.7996928095817566,0.2889015361666679,0.5
H. Houssein,WSL 2022-2023,1,0,0.0,0.0,0.0,1,0.0,0.0,0.0,1.0
H. Kitagawa,WSL 2025-2026,10,2,1.7510651275515556,1.9259538650512695,2.290912851691246,5,0.24893487244844437,0.07404613494873047,0.17510651275515557,0.5
H. Ladd,WSL 2017,1,0,0.0,0.0,0.0,1,0.0,0.0,0.0,1.0
H. Ladd,WSL 2017-2018,12,1,1.1368081793189049,1.1357894539833069,1.6767353117465973,6,-0.13680817931890488,-0.13578945398330688,0.09473401494324207,0.5
H. Ladd,WSL 2018-2019,15,2,0.980365589261055,1.1334736496210098,2.297840893268585,7,1.019634410738945,0.8665263503789902,0.065357705950737,0.4666666666666667
H. Ladd,WSL 2019-2020,16,0,0.8268663585186005,0.7334736585617065,1.6315802335739136,8,-0.8268663585186005,-0.7334736585617065,0.05167914740741253,0.5
H. Ladd,WSL 2020-2021,10,1,1.4005630984902382,0.5894736647605896,1.6767353117465973,4,-0.4005630984902382,0.4105263352394104,0.1400563098490238,0.4
H. Ladd,WSL 2021-2022,12,2,1.196388803422451,1.7670052647590637,1.7449298202991486,6,0.803611196577549,0.23299473524093628,0.09969906695187092,0.5
H. Ladd,WSL 2022-2023,25,4,2.406614623963833,3.2226608395576477,2.8520296812057495,17,1.5933853760361671,0.7773391604423523,0.09626458495855332,0.68
H. Ladd,WSL 2023-2024,7,2,1.5063596293330193,1.7101411819458008,1.1656842529773712,4,0.49364037066698074,0.2898588180541992,0.2151942327618599,0.5714285714285714
H. Ladd,WSL 2024-2025,2,0,0.11065573990345001,0.5600000023841858,0.22874094545841217,1,-0.11065573990345001,-0.5600000023841858,0.055327869951725006,0.5
H. Lundkvist,WSL 2025-2026,3,1,0.7767342776060104,1.5340255498886108,0.6767801344394684,2,0.22326572239398956,-0.5340255498886108,0.25891142586867016,0.6666666666666666
H. Miyazawa,WSL 2023-2024,19,1,1.822236754000187,1.43560129404068,1.9150863736867905,12,-0.8222367540001869,-0.43560129404067993,0.0959071975789572,0.631578947368421
H. Miyazawa,WSL 2024-2025,17,1,0.6493710801005363,1.291601300239563,1.1437047272920609,14,0.35062891989946365,-0.291601300239563,0.03819829882944331,0.8235294117647058
H. Miyazawa,WSL 2025-2026,19,1,1.5734596401453018,1.5367759615182877,2.5932896584272385,9,-0.5734596401453018,-0.5367759615182877,0.08281366527080536,0.47368421052631576
H. Nolan,WSL 2024-2025,1,0,0.0,0.0,0.0,1,0.0,0.0,0.0,1.0
H. O'Reilly,WSL 2017,12,2,1.2422086729145632,1.4582251964545832,1.4642999230361566,10,0.7577913270854368,0.5417748035454168,0.10351738940954693,0.8333333333333334
H. O'Reilly,WSL 2017-2018,18,1,1.8914593681693077,2.140382766723633,2.2058105766773224,10,-0.8914593681693077,-1.1403827667236328,0.10508107600940599,0.5555555555555556
H. Payne,WSL 2018-2019,3,0,0.23270440101623535,0.0,0.22874094545841217,2,-0.23270440101623535,0.0,0.07756813367207845,0.6666666666666666
H. Payne,WSL 2023-2024,4,0,0.25806450843811035,0.0,0.22874094545841217,3,-0.25806450843811035,0.0,0.06451612710952759,0.75
H. Payne,WSL 2024-2025,5,0,0.43900836259126663,0.0,0.4480391889810562,3,-0.43900836259126663,0.0,0.08780167251825333,0.6
H. Raso,WSL 2020-2021,31,5,3.8353491500020027,4.889387845993042,2.518580362200737,25,1.1646508499979973,0.11061215400695801,0.12372094032264525,0.8064516129032258
H. Raso,WSL 2021-2022,16,3,2.271265424787998,2.5474435687065125,1.3755397945642471,13,0.7287345752120018,0.45255643129348755,0.1419540890492499,0.8125
H. Raso,WSL 2022-2023,14,1,2.289010301232338,1.65625,1.6767353117465973,8,-1.289010301232338,-0.65625,0.16350073580230987,0.5714285714285714
H. Raso,WSL 2024-2025,21,1,1.3668798431754112,1.4397871494293213,1.363002970814705,17,-0.3668798431754112,-0.4397871494293213,0.06508951634168625,0.8095238095238095
H. Scott,WSL 2016,1,0,0.0,0.0,0.0,1,0.0,0.0,0.0,1.0
H. Scott,WSL 2017,2,0,0.0,0.0,0.0,2,0.0,0.0,0.0,1.0
H. Scott,WSL 2018-2019,11,0,0.6127772703766823,0.14399999380111694,1.4603637754917145,5,-0.6127772703766823,-0.14399999380111694,0.05570702457969839,0.45454545454545453
H. Scott,WSL 2019-2020,2,0,0.2361111044883728,0.0,0.22874094545841217,1,-0.2361111044883728,0.0,0.1180555522441864,0.5
H. Scott,WSL 2020-2021,8,0,0.7906231805682182,0.14399999380111694,0.8948823511600494,4,-0.7906231805682182,-0.14399999380111694,0.09882789757102728,0.5
H. Scott,WSL 2021-2022,5,0,0.7395943701267242,0.5894736647605896,0.9769470393657684,1,-0.7395943701267242,-0.5894736647605896,0.14791887402534484,0.2
H. Sharp,WSL 2015,1,0,0.0,0.0,0.0,1,0.0,0.0,0.0,1.0
H. Sharp,WSL 2017,2,1,1.11065573990345,0.9909090995788574,1.2287409454584122,1,-0.11065573990345001,0.009090900421142578,0.555327869951725,0.5
H. Sharp,WSL 2017-2018,7,1,1.1116726398468018,0.7021276354789734,0.7207391858100891,5,-0.11167263984680176,0.2978723645210266,0.15881037712097168,0.7142857142857143
H. Short,WSL 2017,3,0,0.4299674332141876,0.0,0.5555555820465088,2,-0.4299674332141876,0.0,0.14332247773806253,0.6666666666666666
H. Short,WSL 2018-2019,8,1,0.6791689842939377,0.7334736585617065,0.8334309607744217,5,0.3208310157060623,0.26652634143829346,0.08489612303674221,0.625
H. Silcock,WSL 2025-2026,1,0,0.0,0.0,0.0,1,0.0,0.0,0.0,1.0
H. Wijk,WSL 2025-2026,3,0,0.04054053872823715,0.0,0.22874094545841217,2,-0.04054053872823715,0.0,0.013513512909412384,0.6666666666666666
I. Atkinson,WSL 2022-2023,5,1,0.5133007690310478,0.9629629850387573,0.7287409454584122,4,0.4866992309689522,0.037037014961242676,0.10266015380620956,0.8
I. Atkinson,WSL 2023-2024,5,0,0.822794958949089,1.1789473295211792,0.6862228363752365,3,-0.822794958949089,-1.1789473295211792,0.1645589917898178,0.6
I. Atkinson,WSL 2024-2025,1,0,0.1666666716337204,0.0,0.5555555820465088,0,-0.1666666716337204,0.0,0.1666666716337204,0.0
I. Belloumou,WSL 2025-2026,1,0,0.0,0.0,0.0,1,0.0,0.0,0.0,1.0
I. Beney,WSL 2025-2026,10,2,1.3270956128835678,1.6650906205177307,1.1740983426570892,7,0.6729043871164322,0.3349093794822693,0.1327095612883568,0.7
I. Christiansen,WSL 2015,29,6,5.360846391174851,5.163811868283807,3.933060264442025,20,0.6391536088251488,0.8361881317161934,0.18485677210947762,0.6896551724137931
I. Christiansen,WSL 2016,11,3,1.4771827384829521,1.7684209942817688,1.6144227236509323,7,1.5228172615170479,1.2315790057182312,0.13428933986208655,0.6363636363636364
I. Christiansen,WSL 2017,3,0,0.14814814925193787,0.0,0.4794614166021347,1,-0.14814814925193787,0.0,0.04938271641731262,0.3333333333333333
I. Christiansen,WSL 2017-2018,32,9,7.392555279157511,7.642968272290579,7.119541039190642,24,1.607444720842489,1.3570317277094208,0.23101735247367222,0.75
I. Christiansen,WSL 2020-2021,29,6,4.527008254535314,4.4973568436576095,4.472361382551309,20,1.472991745464686,1.5026431563423905,0.15610373291501084,0.6896551724137931
I. Christiansen,WSL 2021-2022,18,0,2.9027202916218013,2.9164503929091663,3.1563121792746753,11,-2.9027202916218013,-2.9164503929091663,0.1612622384234334,0.6111111111111112
I. Christiansen,WSL 2022-2023,10,0,0.9045468047261238,0.0,1.4261822551488876,4,-0.9045468047261238,0.0,0.09045468047261238,0.4
I. Goodwin,WSL 2025-2026,47,5,7.982932686805725,5.921161651611328,5.719528213143349,26,-2.982932686805725,-0.9211616516113281,0.16984963163416436,0.5531914893617021
I. Hobson,WSL 2023-2024,2,1,0.2215312346816063,0.3048780560493469,0.3979285955429077,1,0.7784687653183937,0.6951219439506531,0.11076561734080315,0.5
I. Hobson,WSL 2025-2026,2,0,0.17547055333852768,0.0,0.29441624879837036,0,-0.17547055333852768,0.0,0.08773527666926384,0.0
I. Kaagman,WSL 2018-2019,44,4,4.499458639178334,5.174530780170022,5.860645642731248,26,-0.499458639178334,-1.1745307801700218,0.1022604236176894,0.5909090909090909
I. Kaagman,WSL 2019-2020,18,1,0.970391534268856,2.3123802691698074,1.4260148406028748,13,0.02960846573114395,-1.3123802691698074,0.05391064079271422,0.7222222222222222
I. Kaagman,WSL 2020-2021,39,8,5.956477963342899,6.223506414308781,6.5930363768484535,28,2.0435220366571007,1.7764935856912194,0.15273020418827946,0.717948717948718
I. Kaagman,WSL 2021-2022,24,4,3.529910626571353,3.6920821245123703,4.778626369993861,14,0.4700893734286469,0.3079178754876297,0.14707960944047305,0.5833333333333334
I. Kardinaal,WSL 2025-2026,1,0,0.0833333358168602,0.24242424964904785,0.21929824352264404,0,-0.0833333358168602,-0.24242424964904785,0.0833333358168602,0.0
I. Linden,WSL 2016,10,1,1.5225959047675133,0.3848780542612076,1.2220842689275742,5,-0.5225959047675133,0.6151219457387924,0.15225959047675133,0.5
I. Riley,WSL 2024-2025,10,2,1.4055951684713364,2.1739542484283447,0.9589228332042694,8,0.5944048315286636,-0.17395424842834473,0.14055951684713364,0.8
I. Ryland,WSL 2015,3,0,0.2773224115371704,0.0,0.7178124785423279,0,-0.2773224115371704,0.0,0.09244080384572347,0.0
I. Umotong,WSL 2018-2019,38,2,3.296920672059059,3.169651761651039,4.717158794403076,19,-1.2969206720590591,-1.1696517616510391,0.08676107031734366,0.5
I. Umotong,WSL 2019-2020,14,1,2.7981781661510468,1.0648414194583893,2.8562011420726776,5,-1.7981781661510468,-0.06484141945838928,0.19986986901078904,0.35714285714285715
I. Wold,WSL 2020-2021,5,0,0.33196721971035004,0.6079999804496765,0.7082023620605469,2,-0.33196721971035004,-0.6079999804496765,0.06639344394207,0.4
Inma Gabarro,WSL 2024-2025,2,0,0.0,0.0,0.0,2,0.0,0.0,0.0,1.0
Inma Gabarro,WSL 2025-2026,15,2,1.4349530041217804,1.7811723947525024,1.6317033916711807,10,0.5650469958782196,0.21882760524749756,0.09566353360811869,0.6666666666666666
Irene Guerrero,WSL 2023-2024,1,0,0.0,0.0,0.0,1,0.0,0.0,0.0,1.0
Ivana Fuso,WSL 2020-2021,3,0,0.33196721971035004,0.14399999380111694,0.7397920042276382,0,-0.33196721971035004,-0.14399999380111694,0.11065573990345001,0.0
Ivana Fuso,WSL 2021-2022,1,0,0.0,0.0,0.0,1,0.0,0.0,0.0,1.0
J. Anderson,WSL 2025-2026,1,0,0.0,0.0,0.0,1,0.0,0.0,0.0,1.0
J. Andersson,WSL 2017-2018,8,4,3.2424975782632828,3.3583776354789734,1.4040353149175644,6,0.7575024217367172,0.6416223645210266,0.40531219728291035,0.75
J. Andersson,WSL 2018-2019,14,0,0.5954051166772842,0.7910447716712952,1.4260148406028748,8,-0.5954051166772842,-0.7910447716712952,0.0425289369055203,0.5714285714285714
J. Andersson,WSL 2019-2020,8,0,0.2215312346816063,0.0,0.7301818877458572,6,-0.2215312346816063,0.0,0.027691404335200787,0.75
J. Andersson,WSL 2020-2021,9,0,0.8851046040654182,0.3048780560493469,1.4467983394861221,3,-0.8851046040654182,-0.3048780560493469,0.0983449560072687,0.3333333333333333
J. Andersson,WSL 2021-2022,9,0,0.7938910648226738,0.5894736647605896,1.0817593783140182,4,-0.7938910648226738,-0.5894736647605896,0.08821011831363042,0.4444444444444444
J. Arnth,WSL 2018-2019,2,1,0.414780929684639,1.291601300239563,0.4782653898000717,1,0.585219070315361,-0.291601300239563,0.2073904648423195,0.5
J. Baijings,WSL 2024-2025,8,0,0.5546448230743408,1.199897900223732,1.0621719062328339,4,-0.5546448230743408,-1.199897900223732,0.0693306028842926,0.5
J. Baijings,WSL 2025-2026,1,0,0.0,0.0,0.0,1,0.0,0.0,0.0,1.0
J. Bailey,WSL 2015,2,0,0.0833333358168602,0.0,0.22874094545841217,1,-0.0833333358168602,0.0,0.0416666679084301,0.5
J. Bailey,WSL 2016,5,0,0.06481481343507767,0.0,0.26033058762550354,4,-0.06481481343507767,0.0,0.012962962687015533,0.8
J. Bailey,WSL 2018-2019,7,0,0.21437539160251617,0.0,0.7178124785423279,4,-0.21437539160251617,0.0,0.030625055943216597,0.5714285714285714
J. Bailey,WSL 2019-2020,9,0,1.236815333366394,1.1314599812030792,1.1960778683423996,6,-1.236815333366394,-1.1314599812030792,0.13742392592959934,0.6666666666666666
J. Beattie,WSL 2015,22,0,2.4420829340815544,0.24242424964904785,2.596154123544693,9,-2.4420829340815544,-0.24242424964904785,0.11100376973097975,0.4090909090909091
J. Beattie,WSL 2016,20,3,3.108467362821102,2.655999720096588,2.412390410900116,12,-0.10846736282110214,0.34400027990341187,0.15542336814105512,0.6
J. Beattie,WSL 2017,7,0,0.4067164286971092,0.24004975706338882,0.5547468364238739,6,-0.4067164286971092,-0.24004975706338882,0.05810234695672989,0.8571428571428571
J. Beattie,WSL 2017-2018,15,2,2.2351969182491302,3.1688390374183655,2.5278857350349426,7,-0.23519691824913025,-1.1688390374183655,0.14901312788327534,0.4666666666666667
J. Beattie,WSL 2018-2019,14,1,0.8914614170789719,0.9725058823823929,1.4097928702831268,8,0.10853858292102814,0.027494117617607117,0.06367581550564085,0.5714285714285714
J. Beattie,WSL 2019-2020,7,0,0.9473396018147469,0.40909092128276825,1.0895934402942657,3,-0.9473396018147469,-0.40909092128276825,0.1353342288306781,0.42857142857142855
J. Beattie,WSL 2020-2021,7,2,0.609674334526062,1.7684209942817688,0.7082023620605469,6,1.390325665473938,0.2315790057182312,0.08709633350372314,0.8571428571428571
J. Beattie,WSL 2021-2022,5,1,0.1939890757203102,0.5894736647605896,0.45628586411476135,4,0.8060109242796898,0.4105263352394104,0.03879781514406204,0.8
J. Beattie,WSL 2022-2023,7,0,0.17547055333852768,0.2239999920129776,0.6850268095731735,5,-0.17547055333852768,-0.2239999920129776,0.025067221905503954,0.7142857142857143
J. Beattie,WSL 2023-2024,1,0,0.25806450843811035,0.24242424964904785,0.22874094545841217,1,-0.25806450843811035,-0.24242424964904785,0.25806450843811035,1.0
J. Biesmans,WSL 2017-2018,11,1,0.918888121843338,1.0070056915283203,1.4576044827699661,6,0.08111187815666199,-0.0070056915283203125,0.08353528380393982,0.5454545454545454
J. Biesmans,WSL 2018-2019,9,0,0.5373492166399956,0.0,0.9275006055831909,5,-0.5373492166399956,0.0,0.05970546851555506,0.5555555555555556
J. Blakstad,WSL 2021-2022,9,1,1.418085053563118,0.9445518851280212,1.0097327083349228,6,-0.418085053563118,0.05544811487197876,0.15756500595145756,0.6666666666666666
J. Blakstad,WSL 2022-2023,10,2,2.346035823225975,3.9652854800224304,1.874054029583931,4,-0.34603582322597504,-1.9652854800224304,0.2346035823225975,0.4
J. Blakstad,WSL 2023-2024,1,0,0.0,0.0,0.0,1,0.0,0.0,0.0,1.0
J. Blakstad,WSL 2025-2026,8,1,0.8454877436161041,1.2770030498504639,1.1729023158550262,5,0.15451225638389587,-0.27700304985046387,0.10568596795201302,0.625
J. Brett,WSL 2017,9,0,1.196165069937706,0.0,1.49049411714077,2,-1.196165069937706,0.0,0.13290722999307844,0.2222222222222222
J. Brett,WSL 2017-2018,5,1,1.3053355365991592,0.828125,0.7082023620605469,3,-0.30533553659915924,0.171875,0.26106710731983185,0.6
J. Brett,WSL 2018-2019,8,1,0.9602964371442795,0.8157894611358643,1.0929176807403564,5,0.03970356285572052,0.18421053886413574,0.12003705464303493,0.625
J. Carabalí,WSL 2023-2024,8,1,1.3275573700666428,0.9909090995788574,1.9055210798978806,4,-0.32755737006664276,0.009090900421142578,0.16594467125833035,0.5
J. Carabalí,WSL 2024-2025,11,1,1.1238738745450974,1.1349090933799744,1.4468431621789932,9,-0.12387387454509735,-0.13490909337997437,0.10217035223137248,0.8181818181818182
J. Carter,WSL 2015,3,0,0.0833333358168602,0.0,0.22874094545841217,2,-0.0833333358168602,0.0,0.027777778605620067,0.6666666666666666
J. Carter,WSL 2016,3,0,0.24004975706338882,0.0,0.4890715330839157,1,-0.24004975706338882,0.0,0.08001658568779628,0.3333333333333333
J. Carter,WSL 2017,9,0,0.5302796512842178,0.0,0.9806390851736069,3,-0.5302796512842178,0.0,0.05891996125380198,0.3333333333333333
J. Carter,WSL 2017-2018,6,1,0.6149290651082993,0.8943517208099365,1.1742215007543564,2,0.38507093489170074,0.10564827919006348,0.10248817751804988,0.3333333333333333
J. Carter,WSL 2018-2019,2,0,0.1939890757203102,0.5894736647605896,0.37594906985759735,0,-0.1939890757203102,-0.5894736647605896,0.0969945378601551,0.0
J. Carter,WSL 2019-2020,2,1,0.9305555820465088,0.9629629850387573,0.22874094545841217,2,0.06944441795349121,0.037037014961242676,0.4652777910232544,1.0
J. Carter,WSL 2020-2021,1,0,0.11065573990345001,0.7021276354789734,0.22874094545841217,0,-0.11065573990345001,-0.7021276354789734,0.11065573990345001,0.0
J. Carter,WSL 2021-2022,4,0,0.10535535216331482,0.14399999380111694,0.7082023620605469,1,-0.10535535216331482,-0.14399999380111694,0.026338838040828705,0.25
J. Carter,WSL 2022-2023,7,2,0.6740094348788261,1.1789473295211792,0.8310389071702957,5,1.3259905651211739,0.8210526704788208,0.0962870621255466,0.7142857142857143
J. Carter,WSL 2023-2024,5,1,1.1706053391098976,1.2053872346878052,1.4236233532428741,3,-0.1706053391098976,-0.20538723468780518,0.23412106782197953,0.6
J. Cayman,WSL 2023-2024,25,4,4.11436852067709,4.103284597396851,3.590509682893753,14,-0.11436852067708969,-0.10328459739685059,0.1645747408270836,0.56
J. Cayman,WSL 2024-2025,20,4,1.9562229439616203,2.556268811225891,2.089062124490738,15,2.0437770560383797,1.4437311887741089,0.09781114719808101,0.75
J. Cayman,WSL 2025-2026,4,0,0.0833333358168602,0.24242424964904785,0.4480391889810562,2,-0.0833333358168602,-0.24242424964904785,0.02083333395421505,0.5
J. Clark,WSL 2023-2024,8,1,1.0903814435005188,0.8157894611358643,0.7518981397151947,5,-0.0903814435005188,0.18421053886413574,0.13629768043756485,0.625
J. Clark,WSL 2024-2025,9,1,2.025692217051983,1.5600000023841858,1.8461351990699768,5,-1.0256922170519829,-0.5600000023841858,0.22507691300577587,0.5555555555555556
J. Clark,WSL 2025-2026,10,0,0.4285186901688576,0.0,0.9617536813020706,5,-0.4285186901688576,0.0,0.04285186901688576,0.5
J. Clarke,WSL 2015,28,7,4.406662134680806,4.9999383150077445,3.5389638303256614,22,2.593337865319194,2.0000616849922555,0.1573807905243145,0.7857142857142857
J. Clarke,WSL 2016,49,6,6.381598490040477,3.9708680684973556,7.286129208963092,31,-0.38159849004047697,2.0291319315026444,0.13023670387837707,0.6326530612244898
J. Clarke,WSL 2017,17,1,1.2027207538485527,0.5894736647605896,0.9149637818336487,14,-0.2027207538485527,0.4105263352394104,0.07074827963815015,0.8235294117647058
J. Clarke,WSL 2017-2018,28,4,4.275049135088921,4.35444974899292,2.8269927352666855,21,-0.2750491350889206,-0.3544497489929199,0.15268032625317574,0.75
J. Clarke,WSL 2018-2019,24,2,2.7318295016884804,2.5433457493782043,1.8414357751607895,18,-0.7318295016884804,-0.5433457493782043,0.11382622923702002,0.75
J. Clarke,WSL 2019-2020,6,0,0.6585593968629837,0.0,0.7082023620605469,3,-0.6585593968629837,0.0,0.10975989947716396,0.5
J. Finn,WSL 2021-2022,1,0,0.0833333358168602,0.0,0.1538461595773697,0,-0.0833333358168602,0.0,0.0833333358168602,0.0
J. Fishlock,WSL 2020-2021,38,2,3.617960810661316,3.330476701259613,4.146115645766258,22,-1.617960810661316,-1.330476701259613,0.09520949501740306,0.5789473684210527
J. Fleming,WSL 2020-2021,5,0,0.1939890757203102,0.0,0.45628586411476135,3,-0.1939890757203102,0.0,0.03879781514406204,0.6
J. Fleming,WSL 2021-2022,25,6,4.505809888243675,4.668356955051422,3.5066858530044556,16,1.4941901117563248,1.3316430449485779,0.180232395529747,0.64
J. Fleming,WSL 2022-2023,13,3,2.7038284689188004,3.1019970774650574,2.1218477934598923,7,0.29617153108119965,-0.10199707746505737,0.20798680530144617,0.5384615384615384
J. Fleming,WSL 2023-2024,7,1,0.5738136321306229,1.4718266129493713,0.5110510587692261,6,0.42618636786937714,-0.47182661294937134,0.08197337601866041,0.8571428571428571
J. Fox,WSL 2022-2023,4,1,0.4705079719424248,0.7021276354789734,0.45628586411476135,3,0.5294920280575752,0.2978723645210266,0.1176269929856062,0.75
J. Galabadaarachchi,WSL 2019-2020,8,0,0.26737216114997864,0.0,0.5206611752510071,6,-0.26737216114997864,0.0,0.03342152014374733,0.75
J. Green,WSL 2019-2020,11,0,1.030672937631607,0.44887804985046387,1.5999905914068222,4,-1.030672937631607,-0.44887804985046387,0.09369753978469154,0.36363636363636365
J. Green,WSL 2020-2021,8,0,0.5223416984081268,0.0,0.6755841076374054,6,-0.5223416984081268,0.0,0.06529271230101585,0.75
J. Green,WSL 2021-2022,6,1,1.1930008381605148,1.1349090933799744,1.1974413096904755,2,-0.19300083816051483,-0.13490909337997437,0.19883347302675247,0.3333333333333333
J. Green,WSL 2022-2023,9,1,1.0412113219499588,1.6930367350578308,0.4890715330839157,8,-0.0412113219499588,-0.6930367350578308,0.11569014688332875,0.8888888888888888
J. Green,WSL 2023-2024,1,0,0.0833333358168602,0.0,0.1538461595773697,0,-0.0833333358168602,0.0,0.0833333358168602,0.0
J. Green,WSL 2024-2025,4,0,0.0833333358168602,0.14399999380111694,0.14720812439918518,3,-0.0833333358168602,-0.14399999380111694,0.02083333395421505,0.75
J. Groenen,WSL 2019-2020,16,0,1.0586629211902618,0.0,1.0001225918531418,12,-1.0586629211902618,0.0,0.06616643257439137,0.75
J. Groenen,WSL 2020-2021,12,0,1.3942860811948776,0.7021276354789734,1.3945926129817963,6,-1.3942860811948776,-0.7021276354789734,0.1161905067662398,0.5
J. Groenen,WSL 2021-2022,11,0,0.9546200856566429,0.14399999380111694,1.3664615452289581,5,-0.9546200856566429,-0.14399999380111694,0.0867836441506039,0.45454545454545453
J. Henning,WSL 2017-2018,2,0,0.11065573990345001,0.0,0.22874094545841217,1,-0.11065573990345001,0.0,0.055327869951725006,0.5
J. Hutton,WSL 2020-2021,6,0,0.1939890757203102,0.07999999821186066,0.4890715330839157,4,-0.1939890757203102,-0.07999999821186066,0.032331512620051704,0.6666666666666666
J. Jones,WSL 2017,4,0,0.323383092880249,0.07999999821186066,0.4890715330839157,2,-0.323383092880249,-0.07999999821186066,0.08084577322006226,0.5
J. Jones,WSL 2017-2018,12,0,0.543422743678093,0.0,0.7082023620605469,9,-0.543422743678093,0.0,0.04528522863984108,0.75
J. Kemppi,WSL 2018-2019,7,1,0.4487154930830002,0.2879999876022339,0.9149637818336487,4,0.5512845069169998,0.7120000123977661,0.06410221329757146,0.5714285714285714
J. Matthews,WSL 2015,1,0,0.0833333358168602,0.0,0.22874094545841217,0,-0.0833333358168602,0.0,0.0833333358168602,0.0
J. Matthews,WSL 2017,2,0,0.0833333358168602,0.0,0.26033058762550354,1,-0.0833333358168602,0.0,0.0416666679084301,0.5
J. Matthews,WSL 2017-2018,1,0,0.11065573990345001,0.0,0.14720812439918518,0,-0.11065573990345001,0.0,0.11065573990345001,0.0
J. Matthews,WSL 2018-2019,1,0,0.0833333358168602,0.0,0.21929824352264404,0,-0.0833333358168602,0.0,0.0833333358168602,0.0
J. Matthews,WSL 2019-2020,4,0,0.6267474517226219,0.0,0.42481938004493713,2,-0.6267474517226219,0.0,0.15668686293065548,0.5
J. Matthews,WSL 2020-2021,2,0,0.15671642124652863,0.0,0.19607843458652496,1,-0.15671642124652863,0.0,0.07835821062326431,0.5
J. Matthews,WSL 2022-2023,7,0,0.22131147980690002,0.0,0.45748189091682434,5,-0.22131147980690002,0.0,0.031615925686700005,0.7142857142857143
J. Matthews,WSL 2023-2024,3,0,0.37419354915618896,0.0,0.22874094545841217,2,-0.37419354915618896,0.0,0.12473118305206299,0.6666666666666666
J. Matthews,WSL 2024-2025,9,3,3.504431366920471,3.6189627051353455,2.9711963832378387,5,-0.5044313669204712,-0.6189627051353455,0.3893812629911635,0.5555555555555556
J. Moore,WSL 2015,5,0,0.12962962687015533,0.0,0.45748189091682434,3,-0.12962962687015533,0.0,0.025925925374031066,0.6
J. Moore,WSL 2016,12,0,0.7578224837779999,0.0,1.4069620221853256,6,-0.7578224837779999,0.0,0.06315187364816666,0.5
J. Moore,WSL 2017,9,1,0.5866838544607162,0.24242424964904785,0.3979285955429077,8,0.41331614553928375,0.7575757503509521,0.06518709494007958,0.8888888888888888
J. Moore,WSL 2017-2018,21,2,1.6831123530864716,2.6982526183128357,3.3914389312267303,8,0.31688764691352844,-0.6982526183128357,0.08014820728983198,0.38095238095238093
J. Moore,WSL 2018-2019,19,1,2.4539597257971764,1.8066985607147217,2.2091381698846817,10,-1.4539597257971764,-0.8066985607147217,0.12915577504195666,0.5263157894736842
J. Moore,WSL 2019-2020,23,4,2.317253038287163,3.1147332191467285,2.169213429093361,17,1.6827469617128372,0.8852667808532715,0.10075013209944186,0.7391304347826086
J. Moore,WSL 2021-2022,1,0,0.0,0.0,0.0,1,0.0,0.0,0.0,1.0
J. Moore,WSL 2022-2023,13,0,1.0455804765224457,0.9721249938011169,1.1330659985542297,8,-1.0455804765224457,-0.9721249938011169,0.08042926742480351,0.6153846153846154
J. Napier,WSL 2020-2021,11,1,1.4067164435982704,0.9909090995788574,0.9781430661678314,8,-0.4067164435982704,0.009090900421142578,0.12788331305438821,0.7272727272727273
J. Napier,WSL 2023-2024,11,0,0.6656231731176376,0.0,0.7397920042276382,8,-0.6656231731176376,0.0,0.06051119755614887,0.7272727272727273
J. Naz,WSL 2020-2021,5,0,0.0833333358168602,0.0,0.26033058762550354,4,-0.0833333358168602,0.0,0.01666666716337204,0.8
J. Naz,WSL 2021-2022,19,2,2.019529938697815,2.7419170886278152,2.8649013340473175,10,-0.01952993869781494,-0.7419170886278152,0.10629104940514815,0.5263157894736842
J. Naz,WSL 2022-2023,8,2,1.2260032892227173,1.724382758140564,1.1693102419376373,5,0.7739967107772827,0.27561724185943604,0.15325041115283966,0.625
J. Naz,WSL 2023-2024,22,3,2.371457062661648,2.364044725894928,2.7180576622486115,14,0.6285429373383522,0.635955274105072,0.10779350284825671,0.6363636363636364
J. Naz,WSL 2024-2025,27,2,3.196637623012066,2.484081506729126,2.095145657658577,21,-1.1966376230120659,-0.484081506729126,0.11839398603748393,0.7777777777777778
J. Naz,WSL 2025-2026,9,0,0.688031941652298,0.5894736647605896,0.45748189091682434,7,-0.688031941652298,-0.5894736647605896,0.076447993516922,0.7777777777777778
J. Nighswonger,WSL 2024-2025,1,0,0.0,0.0,0.0,1,0.0,0.0,0.0,1.0
J. Nighswonger,WSL 2025-2026,5,0,0.22131147980690002,0.0,0.5110510587692261,3,-0.22131147980690002,0.0,0.044262295961380003,0.6
J. Nobbs,WSL 2015,13,1,1.0312906503677368,0.9350447654724121,1.4236227869987488,8,-0.031290650367736816,0.06495523452758789,0.07933005002828744,0.6153846153846154
J. Nobbs,WSL 2016,36,4,3.83987794816494,3.2525497302412987,4.174899414181709,23,0.16012205183506012,0.7474502697587013,0.106663276337915,0.6388888888888888
J. Nobbs,WSL 2017,35,4,2.661944530904293,3.060022294521332,4.202886462211609,20,1.338055469095707,0.9399777054786682,0.07605555802583694,0.5714285714285714
J. Nobbs,WSL 2017-2018,45,3,3.430406019091606,3.4992863684892654,4.999482989311218,27,-0.43040601909160614,-0.49928636848926544,0.07623124486870236,0.6
J. Nobbs,WSL 2018-2019,36,9,6.8557188883423805,8.156961679458618,5.311609759926796,24,2.1442811116576195,0.8430383205413818,0.19043663578728834,0.6666666666666666
J. Nobbs,WSL 2019-2020,29,5,4.082028649747372,3.5792038440704346,4.068117544054985,19,0.9179713502526283,1.4207961559295654,0.14075960861197834,0.6551724137931034
J. Nobbs,WSL 2020-2021,31,5,3.3593209236860275,5.084003984928131,2.613846033811569,25,1.6406790763139725,-0.0840039849281311,0.10836519108664605,0.8064516129032258
J. Nobbs,WSL 2021-2022,18,2,2.475908450782299,1.8541411757469177,3.1331437677145004,7,-0.47590845078229904,0.14585882425308228,0.1375504694879055,0.3888888888888889
J. Nobbs,WSL 2022-2023,30,6,2.531793251633644,4.755750238895416,2.5697195678949356,25,3.468206748366356,1.2442497611045837,0.08439310838778814,0.8333333333333334
J. Nobbs,WSL 2023-2024,24,2,2.658564940094948,2.2679121494293213,2.7610541582107544,14,-0.6585649400949478,-0.2679121494293213,0.11077353917062283,0.5833333333333334
J. Nobbs,WSL 2024-2025,28,1,2.0314984023571014,1.079044759273529,2.9963171631097794,17,-1.0314984023571014,-0.07904475927352905,0.07255351436989647,0.6071428571428571
J. Park,WSL 2018-2019,1,0,0.0,0.0,0.0,1,0.0,0.0,0.0,1.0
J. Park,WSL 2020-2021,3,0,0.08474576473236084,0.14399999380111694,0.22874094545841217,2,-0.08474576473236084,-0.14399999380111694,0.02824858824412028,0.6666666666666666
J. Park,WSL 2021-2022,16,0,1.7230491042137146,0.7334736585617065,2.0416582971811295,9,-1.7230491042137146,-0.7334736585617065,0.10769056901335716,0.5625
J. Park,WSL 2022-2023,32,3,2.641621455550194,3.5679326206445694,2.4691339284181595,24,0.3583785444498062,-0.5679326206445694,0.08255067048594356,0.75
J. Park,WSL 2023-2024,29,4,3.064918674528599,4.000382483005524,2.623679369688034,21,0.9350813254714012,-0.00038248300552368164,0.10568685084581375,0.7241379310344828
J. Park,WSL 2024-2025,31,5,3.5602275133132935,4.532331883907318,2.999385103583336,24,1.4397724866867065,0.4676681160926819,0.11484604881655786,0.7741935483870968
J. Park,WSL 2025-2026,39,6,3.6609905511140823,5.45787787437439,3.9847146719694138,30,2.3390094488859177,0.5421221256256104,0.09387155259266877,0.7692307692307693
J. Pennock,WSL 2021-2022,17,2,1.9438718482851982,2.7634279131889343,2.280229300260544,9,0.05612815171480179,-0.7634279131889343,0.11434540284030578,0.5294117647058824
J. Potter,WSL 2015,20,0,0.6787384524941444,0.0833333358168602,1.7693456560373306,13,-0.6787384524941444,-0.0833333358168602,0.033936922624707225,0.65
J. Potter,WSL 2016,25,1,1.8038028702139854,0.3048780560493469,4.453870207071304,7,-0.8038028702139854,0.6951219439506531,0.07215211480855942,0.28
J. Potter,WSL 2017,2,0,0.0833333358168602,0.0,0.25072047114372253,1,-0.0833333358168602,0.0,0.0416666679084301,0.5
J. Potter,WSL 2017-2018,15,0,0.3553553596138954,0.0,1.0719040632247925,10,-0.3553553596138954,0.0,0.023690357307593026,0.6666666666666666
J. Potter,WSL 2018-2019,6,0,0.4713114872574806,0.0,1.074708729982376,1,-0.4713114872574806,0.0,0.07855191454291344,0.16666666666666666
J. Potter,WSL 2019-2020,5,1,1.0972222536802292,1.337819628417492,0.6046900153160095,4,-0.09722225368022919,-0.3378196284174919,0.21944445073604585,0.8
J. Purfield,WSL 2018-2019,1,0,0.0,0.0,0.0,1,0.0,0.0,0.0,1.0
J. Purfield,WSL 2020-2021,10,2,1.625362865626812,2.248010814189911,2.329140529036522,5,0.374637134373188,-0.2480108141899109,0.1625362865626812,0.5
J. Purfield,WSL 2021-2022,14,2,1.6874737367033958,1.291601300239563,1.5512434393167496,9,0.31252626329660416,0.708398699760437,0.12053383833595685,0.6428571428571429
J. Purfield,WSL 2022-2023,11,0,0.2773224115371704,0.14399999380111694,0.6767801344394684,8,-0.2773224115371704,-0.14399999380111694,0.025211128321560947,0.7272727272727273
J. Rantala,WSL 2023-2024,55,6,5.882388100028038,5.7458778619766235,5.819613441824913,36,0.11761189997196198,0.25412213802337646,0.10695251090960069,0.6545454545454545
J. Rantala,WSL 2024-2025,7,1,0.9245191290974617,0.5894736647605896,1.2471010982990265,3,0.0754808709025383,0.4105263352394104,0.1320741612996374,0.42857142857142855
J. Rantala,WSL 2025-2026,10,0,0.4083644673228264,0.6913022994995117,1.4660185724496841,5,-0.4083644673228264,-0.6913022994995117,0.040836446732282636,0.5
J. Riviere,WSL 2023-2024,4,0,0.06481481343507767,0.0,0.25072047114372253,3,-0.06481481343507767,0.0,0.016203703358769417,0.75
J. Riviere,WSL 2024-2025,2,0,0.0833333358168602,0.0,0.26033058762550354,1,-0.0833333358168602,0.0,0.0416666679084301,0.5
J. Riviere,WSL 2025-2026,6,1,0.5828779712319374,0.3048780560493469,0.8870001286268234,3,0.4171220287680626,0.6951219439506531,0.09714632853865623,0.5
J. Roddar,WSL 2025-2026,3,0,0.23270440101623535,0.7021276354789734,0.22874094545841217,3,-0.23270440101623535,-0.7021276354789734,0.07756813367207845,1.0
J. Roord,WSL 2019-2020,20,2,2.4731899350881577,2.233388125896454,1.9372333139181137,14,-0.47318993508815765,-0.23338812589645386,0.12365949675440788,0.7
J. Roord,WSL 2020-2021,46,7,4.139755427837372,6.349048554897308,3.867270454764366,36,2.860244572162628,0.6509514451026917,0.08999468321385591,0.782608695652174
J. Roord,WSL 2023-2024,27,6,4.121846713125706,6.1159628033638,2.332357242703438,23,1.8781532868742943,-0.11596280336380005,0.15266098937502615,0.8518518518518519
J. Roord,WSL 2024-2025,47,5,6.1934643760323524,5.419597268104553,4.017713934183121,35,-1.1934643760323524,-0.4195972681045532,0.1317758377879224,0.7446808510638298
J. Rose,WSL 2015,6,0,0.574170857667923,0.06481481343507767,0.9806390851736069,2,-0.574170857667923,-0.06481481343507767,0.09569514294465382,0.3333333333333333
J. Rose,WSL 2016,4,0,0.3467668443918228,0.2361111044883728,0.4468431621789932,3,-0.3467668443918228,-0.2361111044883728,0.0866917110979557,0.75
J. Rose,WSL 2017-2018,2,0,0.11065573990345001,0.0,0.22874094545841217,1,-0.11065573990345001,0.0,0.055327869951725006,0.5
J. Rose,WSL 2025-2026,2,1,0.9305555820465088,0.9629629850387573,0.22874094545841217,2,0.06944441795349121,0.037037014961242676,0.4652777910232544,1.0
J. Ross,WSL 2016,38,8,5.896591618657112,6.449310660362244,4.532795421779156,26,2.103408381342888,1.5506893396377563,0.15517346364887138,0.6842105263157895
J. Ross,WSL 2017,11,2,2.0773224383592606,1.9538720846176147,0.8870001286268234,9,-0.07732243835926056,0.046127915382385254,0.18884749439629642,0.8181818181818182
J. Ross,WSL 2017-2018,19,3,2.7650922164320946,2.616664782166481,2.0439409613609314,14,0.23490778356790543,0.383335217833519,0.1455311692858997,0.7368421052631579
J. Ross,WSL 2018-2019,37,7,5.6020497812367065,7.565701430890618,4.850085651729165,26,1.3979502187632935,-0.5657014308906181,0.1514067508442353,0.7027027027027027
J. Ross,WSL 2019-2020,9,1,1.1666666716337204,1.304878056049347,0.7083697766065598,7,-0.1666666716337204,-0.3048780560493469,0.12962963018152449,0.7777777777777778
J. Ross,WSL 2020-2021,9,2,0.8383794352412224,1.6650906205177307,1.1437047272920609,6,1.1616205647587776,0.3349093794822693,0.09315327058235805,0.6666666666666666
J. Rybrink,WSL 2024-2025,5,2,1.9305555820465088,1.9909090995788574,2.0,5,0.06944441795349121,0.009090900421142578,0.38611111640930174,1.0
J. Rybrink,WSL 2025-2026,1,0,0.11065573990345001,0.0,0.22874094545841217,0,-0.11065573990345001,0.0,0.11065573990345001,0.0
J. Rytting Kaneryd,WSL 2022-2023,15,1,1.848487176001072,0.6694736629724503,1.6011866182088852,8,-0.8484871760010719,0.33052633702754974,0.12323247840007147,0.5333333333333333
J. Rytting Kaneryd,WSL 2023-2024,22,4,3.5070848166942596,3.8988549262285233,3.0703240036964417,17,0.49291518330574036,0.10114507377147675,0.15941294621337543,0.7727272727272727
J. Rytting Kaneryd,WSL 2024-2025,46,4,4.5653553158044815,4.829583525657654,5.83291395008564,26,-0.5653553158044815,-0.8295835256576538,0.09924685469140178,0.5652173913043478
J. Rytting Kaneryd,WSL 2025-2026,23,2,2.5104929134249687,1.4605184346437454,2.112405091524124,17,-0.5104929134249687,0.5394815653562546,0.1091518658010856,0.7391304347826086
J. Scott,WSL 2015,24,1,3.233453407883644,0.7910447716712952,3.5910162925720215,9,-2.233453407883644,0.20895522832870483,0.13472722532848516,0.375
J. Scott,WSL 2016,36,2,3.065044552087784,1.665794849395752,4.3422825038433075,20,-1.0650445520877838,0.33420515060424805,0.08514012644688289,0.5555555555555556
J. Scott,WSL 2017,16,3,3.5323566794395447,2.412605583667755,2.140506625175476,9,-0.5323566794395447,0.5873944163322449,0.22077229246497154,0.5625
J. Scott,WSL 2017-2018,30,7,4.436437144875526,7.059343159198761,4.722375735640526,18,2.5635628551244736,-0.059343159198760986,0.14788123816251755,0.6
J. Scott,WSL 2018-2019,19,0,2.717245988547802,1.0534736514091492,2.6765974164009094,7,-2.717245988547802,-1.0534736514091492,0.14301294676567378,0.3684210526315789
J. Scott,WSL 2019-2020,11,0,1.6978165656328201,0.0,1.3944251984357834,5,-1.6978165656328201,0.0,0.15434696051207455,0.45454545454545453
J. Scott,WSL 2020-2021,20,3,2.9257000982761383,3.3353395611047745,3.040437564253807,9,0.0742999017238617,-0.3353395611047745,0.14628500491380692,0.45
J. Scott,WSL 2021-2022,13,0,1.312367781996727,0.7021276354789734,1.246002972126007,7,-1.312367781996727,-0.7021276354789734,0.10095136784590207,0.5384615384615384
J. Sigsworth,WSL 2016,7,1,1.1511898338794708,0.7021276354789734,0.7301818877458572,5,-0.15118983387947083,0.2978723645210266,0.1644556905542101,0.7142857142857143
J. Sigsworth,WSL 2019-2020,11,2,2.7660669162869453,2.1138112768530846,2.3185047805309296,6,-0.7660669162869453,-0.11381127685308456,0.2514606287533587,0.5454545454545454
J. Sigsworth,WSL 2020-2021,10,3,2.770802140235901,2.395164370536804,1.624756708741188,6,0.22919785976409912,0.6048356294631958,0.27708021402359007,0.6
J. Sigsworth,WSL 2021-2022,20,2,1.6259718818998918,1.3455712257361994,1.7246305106616602,17,0.37402811810010816,0.6544287742638006,0.0812985940949946,0.85
J. Sonis,WSL 2018-2019,11,1,0.38425925374031067,0.8134736567735672,0.6767801344394684,9,0.6157407462596893,0.1865263432264328,0.03493265943093733,0.8181818181818182
J. Sonis,WSL 2019-2020,24,0,1.7445643544197083,0.3048780560493469,3.220424845814705,12,-1.7445643544197083,-0.3048780560493469,0.07269018143415451,0.5
J. Sonis,WSL 2020-2021,27,4,4.6569810807704926,4.087714314460754,3.7167896181344986,16,-0.6569810807704926,-0.0877143144607544,0.1724807807692775,0.5925925925925926
J. Sonis,WSL 2021-2022,14,1,1.2592981532216072,1.291601300239563,1.658381775021553,8,-0.2592981532216072,-0.291601300239563,0.08994986808725766,0.5714285714285714
J. Spetsmark,WSL 2017-2018,1,0,0.11065573990345001,0.0,0.21929824352264404,0,-0.11065573990345001,0.0,0.11065573990345001,0.0
J. Taylor,WSL 2016,5,2,1.2014925479888916,1.7540077567100525,0.45748189091682434,5,0.7985074520111084,0.2459922432899475,0.24029850959777832,1.0
J. Taylor,WSL 2017,13,3,3.2040847879720897,3.3575110551787586,2.6464571473075122,10,-0.20408478797208973,-0.3575110551787586,0.24646806061323767,0.7692307692307693
J. Taylor,WSL 2017-2018,7,2,2.2521027533746345,1.7470066605544672,1.9617855457997904,3,-0.2521027533746345,0.2529933394455328,0.32172896476780494,0.42857142857142855
J. Taylor,WSL 2022-2023,4,0,0.688031941652298,0.0,0.4794614166021347,2,-0.688031941652298,0.0,0.1720079854130745,0.5
J. Thibaud,WSL 2023-2024,4,0,0.14814814925193787,0.0,0.45628586411476135,2,-0.14814814925193787,0.0,0.03703703731298447,0.5
J. Thibaud,WSL 2024-2025,9,1,1.7451223209500313,2.288480579853058,1.6290911138057709,4,-0.7451223209500313,-1.2884805798530579,0.19390248010555902,0.4444444444444444
J. Thibaud,WSL 2025-2026,11,0,0.6854973658919334,0.7039999961853027,1.5184577703475952,4,-0.6854973658919334,-0.7039999961853027,0.062317942353812134,0.36363636363636365
J. Vanhaevermaet,WSL 2021-2022,14,2,2.3933041898942573,1.6504492817855463,3.0467685519195182,5,-0.3933041898942573,0.3495507182144537,0.17095029927816124,0.35714285714285715
J. Vanhaevermaet,WSL 2022-2023,18,4,2.6985330192781074,3.5959541259742362,2.9746784327960594,11,1.3014669807218926,0.40404587402576375,0.14991850107100596,0.6111111111111112
J. Vanhaevermaet,WSL 2023-2024,13,1,3.639860814664422,2.880009716603814,2.3372027485108955,7,-2.639860814664422,-1.8800097166038139,0.27998929343572476,0.5384615384615384
J. Vanhaevermaet,WSL 2024-2025,11,1,1.1181592270731926,0.9350447654724121,1.0259213149547577,8,-0.1181592270731926,0.06495523452758789,0.1016508388248357,0.7272727272727273
J. Wik,WSL 2017-2018,1,0,0.0,0.0,0.0,1,0.0,0.0,0.0,1.0
J. Zigiotti Olme,WSL 2021-2022,8,2,1.2519355043768883,1.845315933227539,1.3225024938583374,4,0.7480644956231117,0.15468406677246094,0.15649193804711103,0.5
J. Zigiotti Olme,WSL 2022-2023,21,2,1.3269692361354828,3.130476713180542,2.2678598910570145,14,0.6730307638645172,-1.130476713180542,0.0631890112445468,0.6666666666666666
J. Zigiotti Olme,WSL 2023-2024,12,0,0.9006500020623207,0.0,1.165851667523384,7,-0.9006500020623207,0.0,0.07505416683852673,0.5833333333333334
J. Zigiotti Olme,WSL 2025-2026,25,2,3.672309197485447,1.3773333430290222,3.4801455587148666,12,-1.672309197485447,0.6226666569709778,0.14689236789941787,0.48
J. Ziu,WSL 2022-2023,1,0,0.0,0.0,0.0,1,0.0,0.0,0.0,1.0
J. Ziu,WSL 2023-2024,12,0,1.081483393907547,0.7021276354789734,0.94655342400074,8,-1.081483393907547,-0.7021276354789734,0.09012361615896225,0.6666666666666666
J. Čanković,WSL 2022-2023,11,4,2.6640061363577843,3.748744547367096,2.1122376769781113,6,1.3359938636422157,0.25125545263290405,0.24218237603252585,0.5454545454545454
J. Čanković,WSL 2023-2024,7,0,0.22131147980690002,0.5894736647605896,0.45748189091682434,5,-0.22131147980690002,-0.5894736647605896,0.031615925686700005,0.7142857142857143
J. Čanković,WSL 2024-2025,10,3,0.6813798695802689,1.7508342266082764,0.9137677550315857,9,2.318620130419731,1.2491657733917236,0.06813798695802689,0.9
J. Čanković,WSL 2025-2026,14,2,3.1498117595911026,2.5488505363464355,1.6767353117465973,9,-1.1498117595911026,-0.5488505363464355,0.22498655425650732,0.6428571428571429
J. Šimić,WSL 2018-2019,13,2,1.1949763745069504,1.8559224009513855,1.874054029583931,7,0.8050236254930496,0.1440775990486145,0.09192125957745773,0.5384615384615384
J. Šimić,WSL 2019-2020,1,0,0.0,0.0,0.0,1,0.0,0.0,0.0,1.0
Jade Boho,WSL 2016,1,0,0.0,0.0,0.0,1,0.0,0.0,0.0,1.0
Jana Fernández,WSL 2025-2026,22,1,1.6158471256494522,1.346213698387146,2.8527452796697617,11,-0.6158471256494522,-0.346213698387146,0.07344759662042964,0.5
Jeon Ga-Eul,WSL 2021-2022,2,0,0.15119627863168716,0.0,0.4796288311481476,0,-0.15119627863168716,0.0,0.07559813931584358,0.0
Ji So-Yun,WSL 2015,34,5,4.825531227741299,4.255832856748162,4.102332135889588,23,0.1744687722587006,0.744167143251838,0.1419273890512147,0.6764705882352942
Ji So-Yun,WSL 2016,24,5,3.770155541598797,5.061014607548714,3.0524425208568573,17,1.2298444584012032,-0.061014607548713684,0.1570898142332832,0.7083333333333334
Ji So-Yun,WSL 2017,25,4,3.477841667830944,3.41033136844635,2.7433206140995026,17,0.5221583321690559,0.5896686315536499,0.13911366671323777,0.68
Ji So-Yun,WSL 2017-2018,34,6,4.0175792425870895,6.499275207519531,3.802055284380913,25,1.9824207574129105,-0.49927520751953125,0.11816409537020851,0.7352941176470589
Ji So-Yun,WSL 2018-2019,42,6,4.691209279000759,5.278973758220673,3.7046394050121307,32,1.3087907209992409,0.7210262417793274,0.1116954590238276,0.7619047619047619
Ji So-Yun,WSL 2019-2020,40,6,4.733766742050648,6.073966279625893,5.686849862337112,21,1.2662332579493523,-0.07396627962589264,0.1183441685512662,0.525
Ji So-Yun,WSL 2020-2021,30,2,1.9003648534417152,2.080341339111328,3.3388323187828064,18,0.09963514655828476,-0.08034133911132812,0.06334549511472384,0.6
Ji So-Yun,WSL 2021-2022,17,0,1.1330740004777908,0.3048780560493469,1.7179350703954697,9,-1.1330740004777908,-0.3048780560493469,0.06665141179281123,0.5294117647058824
Júlia Bartel,WSL 2024-2025,1,0,0.0,0.0,0.0,1,0.0,0.0,0.0,1.0
K. Aldridge,WSL 2017-2018,3,0,0.0,0.0,0.0,3,0.0,0.0,0.0,1.0
K. Asllani,WSL 2016,18,1,2.2605445981025696,0.9909090995788574,1.6231661438941956,12,-1.2605445981025696,0.009090900421142578,0.12558581100569832,0.6666666666666666
K. Asllani,WSL 2017,5,1,1.773564636707306,1.070909097790718,0.9055210798978806,2,-0.7735646367073059,-0.07090909779071808,0.3547129273414612,0.4
K. Asllani,WSL 2025-2026,18,2,2.719617728598234,2.564320113964197,2.759296220250246,14,-0.7196177285982341,-0.5643201139641971,0.15108987381101302,0.7777777777777778
K. Barton,WSL 2017-2018,15,0,2.3262348026037216,0.3048780560493469,2.8576300740242004,5,-2.3262348026037216,-0.3048780560493469,0.15508232017358145,0.3333333333333333
K. Barton,WSL 2018-2019,30,2,2.9969531893730164,2.810382902622223,3.7482955008745193,17,-0.9969531893730164,-0.8103829026222229,0.09989843964576721,0.5666666666666667
K. Barton,WSL 2019-2020,21,2,3.3115580959654434,2.510105317685662,3.779843425605355,11,-1.3115580959654434,-0.510105317685662,0.1576932426650211,0.5238095238095238
K. Barton,WSL 2020-2021,16,0,1.479662001132965,0.24242424964904785,1.840191587805748,8,-1.479662001132965,-0.24242424964904785,0.09247887507081032,0.5
K. Barton,WSL 2021-2022,15,3,1.6356079429388046,3.042789578437805,1.800935298204422,10,1.3643920570611954,-0.042789578437805176,0.10904052952925364,0.6666666666666666
K. Barton,WSL 2022-2023,7,2,1.6380824744701385,1.375787153840065,1.9781430661678314,4,0.36191752552986145,0.624212846159935,0.23401178206716264,0.5714285714285714
K. Baunach,WSL 2019-2020,9,3,1.8683372139930725,2.7722552567720413,1.7176264226436615,4,1.1316627860069275,0.22774474322795868,0.20759302377700806,0.4444444444444444
K. Benameur,WSL 2021-2022,1,1,1.0,1.0,1.0,1,0.0,0.0,1.0,1.0
K. Buchanan,WSL 2022-2023,2,1,1.0833333358168602,1.1349090933799744,1.1472081243991852,1,-0.0833333358168602,-0.13490909337997437,0.5416666679084301,0.5
K. Buchanan,WSL 2023-2024,2,1,0.4299674332141876,0.5894736647605896,0.22874094545841217,2,0.5700325667858124,0.4105263352394104,0.2149837166070938,1.0
K. Buchanan,WSL 2024-2025,3,0,0.3175522983074188,0.7334736585617065,0.37475304305553436,1,-0.3175522983074188,-0.7334736585617065,0.10585076610247295,0.3333333333333333
K. Buchanan,WSL 2025-2026,1,0,0.0833333358168602,0.0,0.22874094545841217,0,-0.0833333358168602,0.0,0.0833333358168602,0.0
K. Carney,WSL 2015,24,3,4.13739374534386,2.857766347687419,5.24274629608887,11,-1.1373937453438598,0.1422336523125809,0.17239140605599415,0.4583333333333333
K. Carney,WSL 2016,36,3,3.9651836364007575,2.735228246305047,5.535750439617692,18,-0.9651836364007575,0.2647717536949532,0.11014398990002104,0.5
K. Carney,WSL 2017,12,4,2.1397297887540443,3.001821225736199,1.9533714561200723,10,1.8602702112459557,0.9981787742638009,0.1783108157295037,0.8333333333333334
K. Carney,WSL 2017-2018,15,3,1.118508204817772,2.1859530210494995,1.4344289302825928,12,1.881491795182228,0.8140469789505005,0.07456721365451813,0.8
K. Carney,WSL 2018-2019,18,1,2.445179565105496,2.725769607577382,2.8369130103326423,11,-1.4451795651054962,-1.7257696075773818,0.13584330917252757,0.6111111111111112
K. Casparij,WSL 2022-2023,4,0,0.0833333358168602,0.0,0.14720812439918518,3,-0.0833333358168602,0.0,0.02083333395421505,0.75
K. Casparij,WSL 2023-2024,4,1,1.0412113219499588,0.9916794896125793,1.2287409454584122,3,-0.0412113219499588,0.008320510387420654,0.2603028304874897,0.75
K. Casparij,WSL 2024-2025,12,2,2.8335135877132416,2.6839458346366882,1.6948826760053635,6,-0.8335135877132416,-0.6839458346366882,0.2361261323094368,0.5
K. Casparij,WSL 2025-2026,15,3,2.2618726938962936,2.659399628639221,1.1948818415403366,13,0.7381273061037064,0.3406003713607788,0.15079151292641957,0.8666666666666667
K. Chapman,WSL 2015,18,1,1.169356219470501,0.3199999928474426,2.5049695521593094,8,-0.16935621947050095,0.6800000071525574,0.06496423441502783,0.4444444444444444
K. Chapman,WSL 2016,28,6,3.1010155975818634,4.033344626426697,4.434246212244034,18,2.8989844024181366,1.9666553735733032,0.11075055705649513,0.6428571428571429
K. Chapman,WSL 2017,6,0,1.2266934886574745,0.0,0.8620485216379166,2,-1.2266934886574745,0.0,0.20444891477624574,0.3333333333333333
K. Chapman,WSL 2017-2018,17,0,0.5664968341588974,0.14399999380111694,1.3837864696979523,11,-0.5664968341588974,-0.14399999380111694,0.03332334318581749,0.6470588235294118
K. Cooney-Cross,WSL 2023-2024,5,0,0.10535535216331482,0.3199999928474426,0.45748189091682434,3,-0.10535535216331482,-0.3199999928474426,0.021071070432662965,0.6
K. Cooney-Cross,WSL 2024-2025,11,0,0.8037182167172432,0.5119999796152115,1.7705416828393936,3,-0.8037182167172432,-0.5119999796152115,0.07306529242884029,0.2727272727272727
K. Cooney-Cross,WSL 2025-2026,6,0,0.17547055333852768,0.0,0.45748189091682434,4,-0.17547055333852768,0.0,0.029245092223087948,0.6666666666666666
K. Dali,WSL 2019-2020,21,2,1.8748302443361864,1.5382251946664438,2.6395942924953086,14,0.1251697556638136,0.4617748053335562,0.08927763068267554,0.6666666666666666
K. Dali,WSL 2020-2021,34,3,2.8879835738278015,3.4561399875617607,3.808372667286454,24,0.11201642617219854,-0.45613998756176066,0.08494069334787652,0.7058823529411765
K. Dali,WSL 2021-2022,26,0,1.2623900324106216,0.44887804985046387,2.5515334457159042,16,-1.2623900324106216,-0.44887804985046387,0.04855346278502391,0.6153846153846154
K. Dali,WSL 2022-2023,34,5,4.454000033438206,5.635148420929909,3.75755076110363,24,0.5459999665617943,-0.6351484209299088,0.13100000098347664,0.7058823529411765
K. Dali,WSL 2023-2024,25,1,1.0100726038217545,1.8844793438911438,1.9358698725700378,18,-0.010072603821754456,-0.8844793438911438,0.04040290415287018,0.72
K. Dali,WSL 2024-2025,6,1,0.5781155824661255,0.828125,1.0666066408157349,4,0.4218844175338745,0.171875,0.09635259707768758,0.6666666666666666
K. Gago,WSL 2024-2025,17,4,3.311644323170185,3.8669909834861755,2.0295088291168213,12,0.6883556768298149,0.13300901651382446,0.19480260724530502,0.7058823529411765
K. Gago,WSL 2025-2026,13,4,2.782513417303562,3.7185779809951782,1.5111736506223679,11,1.2174865826964378,0.2814220190048218,0.21403949363873556,0.8461538461538461
K. Gorry,WSL 2023-2024,9,0,0.894849456846714,0.0,1.5952024906873703,2,-0.894849456846714,0.0,0.09942771742741267,0.2222222222222222
K. Gorry,WSL 2024-2025,27,3,2.2782880812883377,3.0694794058799744,3.526831492781639,15,0.7217119187116623,-0.06947940587997437,0.08438104004771621,0.5555555555555556
K. Gorry,WSL 2025-2026,20,0,1.2264730408787727,0.0,2.15783154964447,10,-1.2264730408787727,0.0,0.06132365204393864,0.5
K. Graham,WSL 2019-2020,40,3,2.8807591795921326,2.7597263008356094,4.323638394474983,25,0.11924082040786743,0.24027369916439056,0.07201897948980332,0.625
K. Graham,WSL 2020-2021,22,1,1.6952393725514412,2.644478917121887,3.155397817492485,11,-0.6952393725514412,-1.6444789171218872,0.0770563351159746,0.5
K. Graham,WSL 2021-2022,26,2,2.1906938925385475,2.430809013545513,2.830050155520439,16,-0.19069389253854752,-0.43080901354551315,0.08425745740532875,0.6153846153846154
K. Graham,WSL 2022-2023,11,2,2.522422134876251,1.9003827571868896,2.2533390820026398,5,-0.5224221348762512,0.09961724281311035,0.2293111031705683,0.45454545454545453
K. Graham,WSL 2023-2024,14,0,0.9549144953489304,0.2239999920129776,2.1672742515802383,4,-0.9549144953489304,-0.2239999920129776,0.06820817823920931,0.2857142857142857
K. Hanson,WSL 2019-2020,16,3,3.96149230748415,3.7290749549865723,2.8618072122335434,7,-0.9614923074841499,-0.7290749549865723,0.24759326921775937,0.4375
K. Hanson,WSL 2020-2021,29,5,5.672622412443161,5.032487094402313,4.389409556984901,15,-0.672622412443161,-0.03248709440231323,0.19560766939459176,0.5172413793103449
K. Hanson,WSL 2021-2022,14,1,1.6562077924609184,1.2957871556282043,1.6767353117465973,8,-0.6562077924609184,-0.29578715562820435,0.11830055660435132,0.5714285714285714
K. Hanson,WSL 2022-2023,37,7,4.152074046432972,5.706817582249641,3.6331254094839096,29,2.847925953567028,1.2931824177503586,0.11221821747116141,0.7837837837837838
K. Hanson,WSL 2023-2024,21,0,2.4288253411650658,3.132037937641144,2.6877680122852325,9,-2.4288253411650658,-3.132037937641144,0.11565834957928885,0.42857142857142855
K. Hanson,WSL 2024-2025,27,3,2.4559251591563225,2.73799230158329,3.363107204437256,16,0.5440748408436775,0.2620076984167099,0.09096019107986379,0.5925925925925926
K. Hanson,WSL 2025-2026,56,12,8.47225134819746,10.482131600379944,8.579573631286621,36,3.52774865180254,1.5178683996200562,0.1512902026463832,0.6428571428571429
K. Harrop,WSL 2015,10,1,1.1981226429343224,0.7021276354789734,1.5637802630662918,4,-0.19812264293432236,0.2978723645210266,0.11981226429343224,0.4
K. Harrop,WSL 2016,8,2,0.9067164435982704,1.0623637735843658,0.7178124785423279,7,1.0932835564017296,0.9376362264156342,0.1133395554497838,0.875
K. Harrop,WSL 2017,3,0,0.24004975706338882,0.0,0.37594906985759735,1,-0.24004975706338882,0.0,0.08001658568779628,0.3333333333333333
K. Harrop,WSL 2017-2018,11,0,0.5633780434727669,0.9094736576080322,1.165851667523384,6,-0.5633780434727669,-0.9094736576080322,0.051216185770251534,0.5454545454545454
K. Harrop,WSL 2018-2019,11,2,2.1715177670121193,2.732332482933998,1.6362649202346802,6,-0.1715177670121193,-0.7323324829339981,0.19741070609201083,0.5454545454545454
K. Harrop,WSL 2019-2020,7,2,1.3000152111053467,1.6930367350578308,1.9042807966470718,4,0.6999847888946533,0.3069632649421692,0.18571645872933523,0.5714285714285714
K. Harrop,WSL 2020-2021,5,1,0.8368462100625038,0.9445518851280212,0.6673374325037003,3,0.16315378993749619,0.05544811487197876,0.16736924201250075,0.6
K. Harrop,WSL 2021-2022,7,1,0.29934442788362503,0.7021276354789734,0.7056209146976471,4,0.700655572116375,0.2978723645210266,0.042763489697660716,0.5714285714285714
K. Harrop,WSL 2022-2023,4,0,0.06481481343507767,0.0,0.22874094545841217,3,-0.06481481343507767,0.0,0.016203703358769417,0.75
K. Hines,WSL 2016,19,0,0.9389040768146515,0.11065573990345001,2.509137660264969,9,-0.9389040768146515,-0.11065573990345001,0.049416004042876396,0.47368421052631576
K. Hines,WSL 2017,1,0,0.0,0.0,0.0,1,0.0,0.0,0.0,1.0
K. Holmgaard,WSL 2022-2023,8,1,0.15671642124652863,0.5894736647605896,0.26033058762550354,8,0.8432835787534714,0.4105263352394104,0.019589552655816078,1.0
K. Holmgaard,WSL 2023-2024,6,2,0.7436531782150269,2.1400087475776672,1.165851667523384,3,1.2563468217849731,-0.14000874757766724,0.12394219636917114,0.5
K. Holmgaard,WSL 2024-2025,4,2,1.8599348664283752,2.291601300239563,0.7178124785423279,3,0.14006513357162476,-0.291601300239563,0.4649837166070938,0.75
K. Holmgaard,WSL 2025-2026,2,0,0.06481481343507767,0.0,0.14720812439918518,1,-0.06481481343507767,0.0,0.032407406717538834,0.5
K. Johnston,WSL 2015,10,0,0.48009951412677765,0.5894736647605896,1.2543152421712875,6,-0.48009951412677765,-0.5894736647605896,0.04800995141267776,0.6
K. Johnston,WSL 2016,4,0,0.4299674332141876,0.0,0.22754491865634918,3,-0.4299674332141876,0.0,0.1074918583035469,0.75
K. Keating,WSL 2023-2024,1,1,1.0,0.9909090995788574,1.0,1,0.0,0.009090900421142578,1.0,1.0
K. Kühl,WSL 2022-2023,8,0,1.059494212269783,0.0,0.6862228363752365,5,-1.059494212269783,0.0,0.13243677653372288,0.625
K. Kühl,WSL 2023-2024,6,0,0.46136123687028885,0.0,0.9905124753713608,2,-0.46136123687028885,0.0,0.07689353947838147,0.3333333333333333
K. Lampson,WSL 2022-2023,40,9,8.679561447806474,9.770245623297807,6.309686717100259,25,0.3204385521935258,-0.7702456232978072,0.21698903619516186,0.625
K. Lampson,WSL 2024-2025,37,4,5.36531879589325,3.8495972810721977,4.81381522700554,23,-1.3653187958932502,0.15040271892780233,0.14500861610522298,0.6216216216216216
K. Leine,WSL 2019-2020,6,1,1.7351599782705307,2.1419103145599365,0.9357472807168961,3,-0.7351599782705307,-1.1419103145599365,0.2891933297117551,0.5
K. Leine,WSL 2020-2021,4,0,0.3876941353082657,0.0,0.6429176926612854,1,-0.3876941353082657,0.0,0.09692353382706642,0.25
K. Levell,WSL 2021-2022,1,1,1.0,0.9909090995788574,1.0,1,0.0,0.009090900421142578,1.0,1.0
K. Levell,WSL 2022-2023,1,1,1.0,0.9909090995788574,1.0,1,0.0,0.009090900421142578,1.0,1.0
K. Linnett,WSL 2015,19,0,1.4599666595458984,0.07999999821186066,2.0575956404209137,10,-1.4599666595458984,-0.07999999821186066,0.07684035050241571,0.5263157894736842
K. Linnett,WSL 2016,17,4,2.8386766894198043,3.234929865453301,2.8665970920062644,12,1.1613233105801957,0.7650701345466988,0.16698098173057674,0.7058823529411765
K. Linnett,WSL 2017,13,0,0.500076562166214,0.0,0.6862228363752365,10,-0.500076562166214,0.0,0.038467427858939536,0.7692307692307693
K. Linnett,WSL 2017-2018,10,1,0.9228040277957916,1.37578946352005,0.5952473133802414,8,0.07719597220420837,-0.37578946352005005,0.09228040277957916,0.8
K. Linnett,WSL 2018-2019,10,1,0.8496406972408295,0.8823529481887817,0.7178124785423279,8,0.15035930275917053,0.11764705181121826,0.08496406972408295,0.8
K. Linnett,WSL 2019-2020,17,0,0.5294439345598221,0.0,1.219253420829773,12,-0.5294439345598221,0.0,0.03114376085646012,0.7058823529411765
K. Lipka,WSL 2016,1,0,0.0,0.0,0.0,1,0.0,0.0,0.0,1.0
K. Lipka,WSL 2017-2018,4,0,0.0,0.0,0.0,4,0.0,0.0,0.0,1.0
K. Little,WSL 2017-2018,18,3,2.912539458129464,2.345571225736199,2.2233121602273567,14,0.08746054187053609,0.6544287742638009,0.1618077476738591,0.7777777777777778
K. Little,WSL 2018-2019,22,8,5.60281277702349,5.977492647926982,4.393067183654483,18,2.39718722297651,2.022507352073018,0.2546733080465223,0.8181818181818182
K. Little,WSL 2019-2020,14,5,1.8513309268689737,3.5706618486381156,1.8553011177516565,13,3.1486690731310265,1.4293381513618844,0.13223792334778384,0.9285714285714286
K. Little,WSL 2020-2021,20,5,4.33086757616299,4.804428073327716,3.873105290095981,17,0.6691324238370102,0.19557192667228396,0.2165433788081495,0.85
K. Little,WSL 2021-2022,22,6,2.746223902556954,3.7301476059890373,2.669987907860337,19,3.253776097443046,2.2698523940109627,0.12482835920713428,0.8636363636363636
K. Little,WSL 2022-2023,12,4,4.197271474614376,4.031395935430759,3.9381579989340247,9,-0.197271474614376,-0.03139593543075936,0.3497726228845313,0.75
K. Little,WSL 2023-2024,17,1,3.1185427929570038,2.4122926767279464,3.475176694553073,11,-2.1185427929570038,-1.4122926767279464,0.18344369370335317,0.6470588235294118
K. Little,WSL 2024-2025,7,1,0.4540158808231354,0.7021276354789734,0.7397920042276382,5,0.5459841191768646,0.2978723645210266,0.06485941154616219,0.7142857142857143
K. Little,WSL 2025-2026,10,0,0.6141390055418015,0.0,0.7805157005786896,6,-0.6141390055418015,0.0,0.06141390055418015,0.6
K. Longhurst,WSL 2015,8,0,0.5794712454080582,0.0,0.8306262940168381,4,-0.5794712454080582,0.0,0.07243390567600727,0.5
K. Longhurst,WSL 2016,1,0,0.0,0.0,0.0,1,0.0,0.0,0.0,1.0
K. Longhurst,WSL 2017,2,0,0.11065573990345001,0.0,0.22874094545841217,1,-0.11065573990345001,0.0,0.055327869951725006,0.5
K. Longhurst,WSL 2017-2018,7,1,1.5967950448393822,1.580382764339447,1.9125717282295227,3,-0.5967950448393822,-0.580382764339447,0.22811357783419745,0.42857142857142855
K. Longhurst,WSL 2018-2019,20,2,2.743534743785858,2.7634279131889343,3.0809380412101746,9,-0.7435347437858582,-0.7634279131889343,0.1371767371892929,0.45
K. Longhurst,WSL 2019-2020,11,0,0.3048645704984665,0.3199999928474426,0.8608524948358536,7,-0.3048645704984665,-0.3199999928474426,0.027714960954406044,0.6363636363636364
K. Longhurst,WSL 2020-2021,6,0,0.6918194517493248,0.5894736647605896,0.9905124753713608,2,-0.6918194517493248,-0.5894736647605896,0.1153032419582208,0.3333333333333333
K. Longhurst,WSL 2021-2022,8,1,0.24004975706338882,1.1789473295211792,0.3665063679218292,7,0.7599502429366112,-0.1789473295211792,0.030006219632923603,0.875
K. Longhurst,WSL 2022-2023,5,0,0.2618520185351372,0.445047065615654,0.9125717282295227,1,-0.2618520185351372,-0.445047065615654,0.05237040370702743,0.2
K. MacLean,WSL 2025-2026,7,0,0.8956678807735443,0.6273023039102554,1.0621719062328339,2,-0.8956678807735443,-0.6273023039102554,0.1279525543962206,0.2857142857142857
K. McCabe,WSL 2016,7,0,0.34139784425497055,0.07999999821186066,0.4782653898000717,5,-0.34139784425497055,-0.07999999821186066,0.048771120607852936,0.7142857142857143
K. McCabe,WSL 2017,6,0,0.00817642081528902,0.0,0.14720812439918518,5,-0.00817642081528902,0.0,0.00136273680254817,0.8333333333333334
K. McCabe,WSL 2017-2018,10,2,0.9741850644350052,1.8573147058486938,1.1342620253562927,7,1.0258149355649948,0.14268529415130615,0.09741850644350052,0.7
K. McCabe,WSL 2018-2019,42,5,2.7072866186499596,3.932998299598694,3.350235268473625,32,2.2927133813500404,1.0670017004013062,0.06445920520595141,0.7619047619047619
K. McCabe,WSL 2019-2020,13,0,1.2462144792079926,0.8461276292800903,1.9370658993721008,5,-1.2462144792079926,-0.8461276292800903,0.09586265224676865,0.38461538461538464
K. McCabe,WSL 2020-2021,24,4,2.024690091609955,3.3435246348381042,2.613846033811569,17,1.9753099083900452,0.6564753651618958,0.08436208715041478,0.7083333333333334
K. McCabe,WSL 2021-2022,26,5,2.8274964003301246,4.087165242288171,3.4013658224082572,20,2.1725035996698754,0.9128347577118294,0.10874986155115864,0.7692307692307693
K. McCabe,WSL 2022-2023,24,3,4.05176438809168,5.020699453063127,5.0127326366378036,11,-1.05176438809168,-2.020699453063127,0.16882351617048666,0.4583333333333333
K. McCabe,WSL 2023-2024,29,3,2.2126870527863503,2.147641181945801,2.3071200847625732,22,0.7873129472136497,0.8523588180541992,0.0762995535443569,0.7586206896551724
K. McCabe,WSL 2024-2025,17,1,0.9288383722305298,1.4262136965990067,1.3385871350765228,13,0.07116162776947021,-0.42621369659900665,0.05463755130767822,0.7647058823529411
K. McCabe,WSL 2025-2026,20,1,0.7231792882084846,1.1334736496210098,1.9713189750909805,13,0.27682071179151535,-0.13347364962100983,0.03615896441042423,0.65
K. McCarthy,WSL 2016,1,0,0.0,0.0,0.0,1,0.0,0.0,0.0,1.0
K. McDougall,WSL 2015,1,0,0.0,0.0,0.0,1,0.0,0.0,0.0,1.0
K. Mewis,WSL 2023-2024,3,0,0.0833333358168602,0.0,0.26033058762550354,2,-0.0833333358168602,0.0,0.027777778605620067,0.6666666666666666
K. Natkiel,WSL 2018-2019,8,0,0.17547055333852768,0.0,0.45748189091682434,6,-0.17547055333852768,0.0,0.02193381916731596,0.75
K. Natkiel,WSL 2019-2020,9,0,0.14814814925193787,0.0,0.37594906985759735,7,-0.14814814925193787,0.0,0.016460905472437542,0.7777777777777778
K. Olesen,WSL 2024-2025,2,0,0.0,0.0,0.0,2,0.0,0.0,0.0,1.0
K. Pearce,WSL 2018-2019,8,1,1.235200397670269,1.2957871556282043,0.9149637818336487,5,-0.235200397670269,-0.29578715562820435,0.15440004970878363,0.625
K. Ramshaw,WSL 2017,4,0,0.45752688497304916,0.0,0.3979285955429077,2,-0.45752688497304916,0.0,0.11438172124326229,0.5
K. Ramshaw,WSL 2017-2018,21,3,2.382666736841202,3.2184239625930786,2.737878605723381,12,0.6173332631587982,-0.2184239625930786,0.11346032080196199,0.5714285714285714
K. Reid,WSL 2024-2025,1,0,0.0833333358168602,0.0,0.26033058762550354,0,-0.0833333358168602,0.0,0.0833333358168602,0.0
K. Robinson,WSL 2018-2019,3,0,0.5555555447936058,0.0,0.7083697766065598,0,-0.5555555447936058,0.0,0.1851851815978686,0.0
K. Robinson,WSL 2019-2020,1,0,0.0833333358168602,0.0,0.22874094545841217,0,-0.0833333358168602,0.0,0.0833333358168602,0.0
K. Robinson,WSL 2021-2022,2,0,0.15671642124652863,0.0,0.21929824352264404,1,-0.15671642124652863,0.0,0.07835821062326431,0.5
K. Robinson,WSL 2022-2023,28,4,2.6096312403678894,3.1460792422294617,2.9945832043886185,19,1.3903687596321106,0.8539207577705383,0.09320111572742462,0.6785714285714286
K. Robinson,WSL 2023-2024,12,3,1.5629648715257645,2.706231415271759,1.8676040917634964,9,1.4370351284742355,0.29376858472824097,0.13024707262714705,0.75
K. Robinson,WSL 2024-2025,6,0,0.559597060084343,0.0,1.0130374729633331,3,-0.559597060084343,0.0,0.09326617668072383,0.5
K. Robinson,WSL 2025-2026,2,0,0.0,0.0,0.0,2,0.0,0.0,0.0,1.0
K. Rood,WSL 2018-2019,1,1,0.37419354915618896,0.8157894611358643,0.22874094545841217,1,0.625806450843811,0.18421053886413574,0.37419354915618896,1.0
K. Seike,WSL 2024-2025,38,6,5.55665148794651,5.552613854408264,5.107143506407738,22,0.4433485120534897,0.44738614559173584,0.1462276707354345,0.5789473684210527
K. Seike,WSL 2025-2026,42,8,5.614050857722759,6.244214788079262,5.518043741583824,28,2.3859491422772408,1.7557852119207382,0.1336678775648276,0.6666666666666666
K. Shaw,WSL 2021-2022,40,9,6.333655409514904,8.645905271172523,4.849206924438477,28,2.666344590485096,0.3540947288274765,0.1583413852378726,0.7
K. Shaw,WSL 2022-2023,124,20,19.017603708658278,21.770115381333888,16.210370769951403,77,0.9823962913417219,-1.7701153813338877,0.15336777184401837,0.6209677419354839
K. Shaw,WSL 2023-2024,78,21,14.405141381774007,20.331530934426844,11.485185435268937,54,6.594858618225993,0.6684690655731558,0.1846812997663334,0.6923076923076923
K. Shaw,WSL 2024-2025,52,12,11.31860563158989,11.348846852779388,7.663513958454132,31,0.6813943684101105,0.6511531472206116,0.2176654929151902,0.5961538461538461
K. Shaw,WSL 2025-2026,118,21,20.532085562806305,20.77464869872826,18.598539280455288,70,0.46791443719369497,0.22535130127173986,0.17400072510852801,0.5932203389830508
K. Simon,WSL 2021-2022,19,3,2.35269275144106,2.9473143278098686,2.9024203328824623,14,0.6473072485589402,0.05268567219013143,0.12382593428637156,0.7368421052631579
K. Sjoman,WSL 2016,1,1,1.0,0.9909090995788574,1.0,1,0.0,0.009090900421142578,1.0,1.0
K. Sjoman,WSL 2017-2018,3,0,0.2215312346816063,0.0,0.4796288311481476,1,-0.2215312346816063,0.0,0.07384374489386876,0.3333333333333333
K. Skeels,WSL 2020-2021,4,0,0.4795489013195038,0.8318979144096375,0.6046900153160095,1,-0.4795489013195038,-0.8318979144096375,0.11988722532987595,0.25
K. Smith,WSL 2015,2,0,0.0,0.0,0.22874094545841217,1,0.0,0.0,0.0,0.5
K. Smith,WSL 2016,4,1,0.2500000074505806,0.14399999380111694,0.6862228363752365,2,0.7499999925494194,0.8560000061988831,0.06250000186264515,0.5
K. Smith,WSL 2019-2020,2,0,0.0833333358168602,0.14399999380111694,0.22874094545841217,1,-0.0833333358168602,-0.14399999380111694,0.0416666679084301,0.5
K. Smith,WSL 2020-2021,1,0,0.0,0.0,0.0,1,0.0,0.0,0.0,1.0
K. Smith,WSL 2021-2022,1,0,0.0,0.0,0.0,1,0.0,0.0,0.0,1.0
K. Smith,WSL 2022-2023,5,0,0.49333350360393524,0.5288780480623245,1.1656842529773712,2,-0.49333350360393524,-0.5288780480623245,0.09866670072078705,0.4
K. Smith,WSL 2023-2024,9,1,2.5205887779593468,1.042962983250618,1.1752943694591522,5,-1.5205887779593468,-0.04296298325061798,0.28006541977326077,0.5555555555555556
K. Smith,WSL 2024-2025,3,0,0.04054053872823715,0.0,0.25072047114372253,2,-0.04054053872823715,0.0,0.013513512909412384,0.6666666666666666
K. Snoeijs,WSL 2022-2023,42,7,5.611813565943299,6.764516538236199,5.233890762779771,29,1.388186434056701,0.23548346176380086,0.13361460871293568,0.6904761904761905
K. Snoeijs,WSL 2023-2024,25,3,3.3749964013695717,3.40728759765625,2.3493927121162415,18,-0.3749964013695717,-0.40728759765625,0.13499985605478287,0.72
K. Snoeijs,WSL 2024-2025,27,4,4.4827172143793685,4.151972001645623,3.67406581923729,19,-0.48271721437936854,-0.15197200164562297,0.16602656349553216,0.7037037037037037
K. Snoeijs,WSL 2025-2026,8,2,1.3447841554880142,1.673397719860077,0.9149637818336487,6,0.6552158445119858,0.3266022801399231,0.16809801943600178,0.75
K. Svitková,WSL 2020-2021,11,3,1.3293385058641434,2.769661545753479,1.2056879848241806,9,1.6706614941358566,0.230338454246521,0.12084895507855849,0.8181818181818182
K. Svitková,WSL 2021-2022,28,2,2.7443855106830597,1.5894736647605896,2.8222938776016235,18,-0.7443855106830597,0.4105263352394104,0.0980137682386807,0.6428571428571429
K. Veje,WSL 2018-2019,6,0,0.0833333358168602,0.14399999380111694,0.14720812439918518,5,-0.0833333358168602,-0.14399999380111694,0.013888889302810034,0.8333333333333334
K. Veje,WSL 2022-2023,10,0,0.6054379865527153,0.5894736647605896,0.6034939885139465,8,-0.6054379865527153,-0.5894736647605896,0.06054379865527153,0.8
K. Veje,WSL 2023-2024,3,0,0.1939890757203102,0.0,0.45748189091682434,1,-0.1939890757203102,0.0,0.06466302524010341,0.3333333333333333
K. Veje,WSL 2024-2025,4,0,0.0,0.0,0.22754491865634918,4,0.0,0.0,0.0,1.0
K. Walsh,WSL 2015,3,0,0.1939890757203102,0.0,0.3979285955429077,1,-0.1939890757203102,0.0,0.06466302524010341,0.3333333333333333
K. Walsh,WSL 2016,1,0,0.0,0.0,0.0,1,0.0,0.0,0.0,1.0
K. Walsh,WSL 2017,5,0,0.10535535216331482,0.0,0.4890715330839157,3,-0.10535535216331482,0.0,0.021071070432662965,0.6
K. Walsh,WSL 2017-2018,12,0,0.9235379844903946,0.3864242434501648,1.830581471323967,4,-0.9235379844903946,-0.3864242434501648,0.07696149870753288,0.3333333333333333
K. Walsh,WSL 2018-2019,11,1,0.7471264600753784,0.6694736629724503,1.1656842529773712,7,0.2528735399246216,0.33052633702754974,0.06792058727957985,0.6363636363636364
K. Walsh,WSL 2019-2020,10,2,1.2354201525449753,1.2678410410881042,0.8936381638050079,8,0.7645798474550247,0.7321589589118958,0.12354201525449753,0.8
K. Walsh,WSL 2020-2021,10,2,0.4540158808231354,1.510351300239563,0.7082023620605469,9,1.5459841191768646,0.489648699760437,0.04540158808231354,0.9
K. Walsh,WSL 2021-2022,7,1,1.4393594786524773,1.433659091591835,1.3933523297309875,3,-0.43935947865247726,-0.433659091591835,0.2056227826646396,0.42857142857142855
K. Walsh,WSL 2024-2025,1,0,0.0,0.0,0.0,1,0.0,0.0,0.0,1.0
K. Walsh,WSL 2025-2026,28,2,1.489231437444687,1.9829035997390747,3.2861505299806595,17,0.5107685625553131,0.017096400260925293,0.05318683705159596,0.6071428571428571
K. Weir,WSL 2022-2023,1,0,0.0,0.0,0.0,1,0.0,0.0,0.0,1.0
K. Zelem,WSL 2015,11,0,0.8138633891940117,0.15671642124652863,0.9055210798978806,8,-0.8138633891940117,-0.15671642124652863,0.07398758083581924,0.7272727272727273
K. Zelem,WSL 2016,29,6,3.8375410032345028,4.447710883326646,4.710914042301294,18,2.1624589967654972,1.5522891166733537,0.1323290001115346,0.6206896551724138
K. Zelem,WSL 2017,9,3,1.8290366232395172,1.9979147911071777,1.4260148406028748,6,1.1709633767604828,1.0020852088928223,0.20322629147105747,0.6666666666666666
K. Zelem,WSL 2019-2020,25,5,4.369459354295963,4.635991536989445,5.592913784995312,15,0.6305406457040368,0.36400846301055534,0.17477837417183853,0.6
K. Zelem,WSL 2020-2021,31,2,2.3547936901450157,2.409953013062477,3.177838534116745,20,-0.3547936901450157,-0.4099530130624771,0.07596108677887148,0.6451612903225806
K. Zelem,WSL 2021-2022,29,5,4.125493344373819,4.85728378266823,3.952459943003771,23,0.8745066556261811,0.14271621733177042,0.1422583911853041,0.7931034482758621
K. Zelem,WSL 2022-2023,26,3,4.392913917761024,4.260079416196521,4.67919259027737,16,-1.3929139177610237,-1.260079416196521,0.16895822760619322,0.6153846153846154
K. Zelem,WSL 2023-2024,18,1,1.5338753519988642,1.2225218026376352,2.6837207584119422,10,-0.5338753519988642,-0.2225218026376352,0.08521529733327023,0.5555555555555556
K. Zelem,WSL 2025-2026,4,0,0.24146218597888947,0.5894736647605896,0.45748189091682434,2,-0.24146218597888947,-0.5894736647605896,0.060365546494722366,0.5
K. van Es,WSL 2019-2020,1,0,0.0833333358168602,0.0,0.22874094545841217,0,-0.0833333358168602,0.0,0.0833333358168602,0.0
K. Ómarsdottir,WSL 2015,4,0,0.3174501657485962,0.07999999821186066,0.37594906985759735,2,-0.3174501657485962,-0.07999999821186066,0.07936254143714905,0.5
K. Ómarsdottir,WSL 2016,23,1,1.5737188085913658,0.8157894611358643,2.3631255626678467,14,-0.5737188085913658,0.18421053886413574,0.06842255689527678,0.6086956521739131
Kerolin,WSL 2024-2025,31,3,3.019485965371132,2.8853734135627747,3.6146364212036133,21,-0.019485965371131897,0.11462658643722534,0.09740277307648812,0.6774193548387096
Kerolin,WSL 2025-2026,30,9,5.811954103410244,8.649958491325378,3.0952682495117188,28,3.188045896589756,0.3500415086746216,0.19373180344700813,0.9333333333333333
L. Agg,WSL 2017,1,1,0.15671642124652863,0.5894736647605896,0.22874094545841217,1,0.8432835787534714,0.4105263352394104,0.15671642124652863,1.0
L. Arnot,WSL 2019-2020,1,0,0.6666666865348816,0.7910447716712952,0.22874094545841217,0,-0.6666666865348816,-0.7910447716712952,0.6666666865348816,0.0
L. Bance,WSL 2020-2021,1,0,0.0,0.0,0.0,1,0.0,0.0,0.0,1.0
L. Bance,WSL 2022-2023,3,0,0.4299674332141876,0.0,0.26033058762550354,2,-0.4299674332141876,0.0,0.14332247773806253,0.6666666666666666
L. Bassett,WSL 2015,2,0,0.23270440101623535,0.0,0.14720812439918518,1,-0.23270440101623535,0.0,0.11635220050811768,0.5
L. Bassett,WSL 2016,3,0,0.22131147980690002,0.0,0.37594906985759735,1,-0.22131147980690002,0.0,0.07377049326896667,0.3333333333333333
L. Blindkilde Brown,WSL 2021-2022,3,0,0.0,0.0,0.14720812439918518,2,0.0,0.0,0.0,0.6666666666666666
L. Blindkilde Brown,WSL 2022-2023,6,0,0.43900836259126663,0.0,0.4890715330839157,4,-0.43900836259126663,0.0,0.07316806043187778,0.6666666666666666
L. Blindkilde Brown,WSL 2023-2024,11,1,2.3247580602765083,2.90738844871521,1.874054029583931,4,-1.3247580602765083,-1.90738844871521,0.21134164184331894,0.36363636363636365
L. Blindkilde Brown,WSL 2024-2025,4,0,0.23270440101623535,0.0,0.26033058762550354,3,-0.23270440101623535,0.0,0.05817610025405884,0.75
L. Blindkilde Brown,WSL 2025-2026,11,1,1.822121299803257,1.1069629788398743,1.582833081483841,5,-0.822121299803257,-0.10696297883987427,0.16564739089120517,0.45454545454545453
L. Bronze,WSL 2015,5,2,1.516307383775711,1.8732620477676392,0.8622159361839294,3,0.48369261622428894,0.12673795223236084,0.3032614767551422,0.6
L. Bronze,WSL 2016,19,2,1.191114291548729,2.5442700386047363,1.6048126071691513,14,0.8088857084512711,-0.5442700386047363,0.06269022587098573,0.7368421052631579
L. Bronze,WSL 2017,6,1,0.559597060084343,1.055723913013935,0.7178124785423279,5,0.44040293991565704,-0.05572391301393509,0.09326617668072383,0.8333333333333334
L. Bronze,WSL 2020-2021,28,2,2.773731842637062,2.6873457431793213,3.2518260031938553,16,-0.7737318426370621,-0.6873457431793213,0.09906185152275222,0.5714285714285714
L. Bronze,WSL 2021-2022,11,0,0.8827603980898857,0.0,1.3225024938583374,5,-0.8827603980898857,0.0,0.0802509452808987,0.45454545454545453
L. Bronze,WSL 2024-2025,20,2,1.3970716297626495,1.9162552505731583,2.2722097486257553,14,0.6029283702373505,0.08374474942684174,0.06985358148813248,0.7
L. Bronze,WSL 2025-2026,8,0,1.0334597676992416,0.0,0.9275006055831909,4,-1.0334597676992416,0.0,0.1291824709624052,0.5
L. Bruton,WSL 2016,6,0,1.6547399668431864,0.7560975609756098,1.3827671019769296,3,-1.6547399668431864,-0.7560975609756098,0.2757899944738644,0.5
L. Bruton,WSL 2017,14,2,1.998306233890173,1.5955284577680797,2.5123177138043613,11,0.0016937661098270773,0.4044715422319203,0.1427361595635838,0.7857142857142857
L. Bruton,WSL 2017-2018,33,3,3.081061042845249,4.3321192264556885,4.050537511706352,19,-0.08106104284524918,-1.3321192264556885,0.09336548614682573,0.5757575757575758
L. Bruton,WSL 2018-2019,25,3,2.1705459265447242,3.3586079536414726,2.8463557122684104,18,0.8294540734552758,-0.3586079536414726,0.08682183706178898,0.72
L. Bruton,WSL 2020-2021,17,3,3.625448428094387,3.2454733848571777,1.850834220647812,12,-0.625448428094387,-0.24547338485717773,0.2132616722408463,0.7058823529411765
L. Burridge,WSL 2017-2018,3,0,0.1939890757203102,0.0,0.45748189091682434,1,-0.1939890757203102,0.0,0.06466302524010341,0.3333333333333333
L. Bühler,WSL 2023-2024,4,0,0.0,0.07999999821186066,0.0,4,0.0,-0.07999999821186066,0.0,1.0
L. Bühler,WSL 2024-2025,1,0,0.0,0.0,0.0,1,0.0,0.0,0.0,1.0
L. Coombs,WSL 2015,5,0,0.346597783267498,0.04054053872823715,0.9685329496860504,2,-0.346597783267498,-0.04054053872823715,0.0693195566534996,0.4
L. Coombs,WSL 2016,20,1,1.580059953033924,0.8654609695076942,2.9987059384584427,9,-0.5800599530339241,0.13453903049230576,0.0790029976516962,0.45
L. Coombs,WSL 2017,21,1,1.7115968689322472,0.9909090995788574,1.9289330914616585,13,-0.7115968689322472,0.009090900421142578,0.08150461280629748,0.6190476190476191
L. Coombs,WSL 2017-2018,22,3,2.165327027440071,3.15505351126194,3.0607450008392334,11,0.8346729725599289,-0.15505351126194,0.0984239557927305,0.5
L. Coombs,WSL 2018-2019,34,0,1.0107056722044945,0.9035447090864182,2.475275218486786,24,-1.0107056722044945,-0.9035447090864182,0.02972663741777925,0.7058823529411765
L. Coombs,WSL 2019-2020,2,0,0.15671642124652863,0.0,0.14720812439918518,1,-0.15671642124652863,0.0,0.07835821062326431,0.5
L. Coombs,WSL 2020-2021,8,2,1.2449150159955025,1.2645518779754639,1.165851667523384,5,0.7550849840044975,0.7354481220245361,0.1556143769994378,0.625
L. Coombs,WSL 2021-2022,12,4,1.72639649361372,2.87198406457901,1.6269595474004745,9,2.27360350638628,1.12801593542099,0.14386637446781,0.75
L. Coombs,WSL 2022-2023,33,5,2.3557342812418938,2.840864419937134,2.8075285106897354,26,2.6442657187581062,2.159135580062866,0.07138588731036041,0.7878787878787878
L. Coombs,WSL 2023-2024,31,3,2.9487056732177734,2.1073907613754272,2.7264924347400665,22,0.05129432678222656,0.8926092386245728,0.09511953784573463,0.7096774193548387
L. Coombs,WSL 2024-2025,6,0,0.6960518062114716,0.14399999380111694,0.9149637818336487,2,-0.6960518062114716,-0.14399999380111694,0.1160086343685786,0.3333333333333333
L. Coombs,WSL 2025-2026,4,2,1.5972222685813904,1.6650906205177307,0.783100500702858,4,0.4027777314186096,0.3349093794822693,0.3993055671453476,1.0
L. Crichton,WSL 2015,4,0,0.0833333358168602,0.0,0.26033058762550354,3,-0.0833333358168602,0.0,0.02083333395421505,0.75
L. Crichton,WSL 2016,11,0,0.414780929684639,0.0,0.37594906985759735,9,-0.414780929684639,0.0,0.03770735724405809,0.8181818181818182
L. Dykes,WSL 2015,2,0,0.0833333358168602,0.0,0.25072047114372253,1,-0.0833333358168602,0.0,0.0416666679084301,0.5
L. Dykes,WSL 2017-2018,3,1,0.9481481611728668,0.9909090995788574,0.7178124785423279,1,0.05185183882713318,0.009090900421142578,0.31604938705762226,0.3333333333333333
L. Dykes,WSL 2018-2019,2,0,0.31343284249305725,0.0,0.45748189091682434,0,-0.31343284249305725,0.0,0.15671642124652863,0.0
L. Evans,WSL 2017-2018,8,2,0.5738136321306229,1.4042552709579468,0.45748189091682434,8,1.4261863678693771,0.5957447290420532,0.07172670401632786,1.0
L. Evans,WSL 2018-2019,7,1,0.9627736657857895,1.1110447645187378,1.1972738951444626,3,0.03722633421421051,-0.11104476451873779,0.13753909511225565,0.42857142857142855
L. Evans,WSL 2019-2020,13,2,2.826412707567215,2.1540077477693558,1.9150863736867905,7,-0.826412707567215,-0.15400774776935577,0.21741636212055498,0.5384615384615384
L. Evans,WSL 2020-2021,4,2,0.7533505260944366,1.7490026354789734,0.6767801344394684,3,1.2466494739055634,0.2509973645210266,0.18833763152360916,0.75
L. Evans,WSL 2021-2022,15,1,0.823459655046463,0.8461276292800903,1.665851667523384,10,0.176540344953537,0.15387237071990967,0.05489731033643087,0.6666666666666666
L. Evans,WSL 2022-2023,13,3,1.7736498638987541,2.987352669239044,1.8507110625505447,8,1.2263501361012459,0.01264733076095581,0.13643460491528878,0.6153846153846154
L. Evans,WSL 2023-2024,7,1,0.6239565089344978,0.5894736647605896,0.6850268095731735,5,0.37604349106550217,0.4105263352394104,0.08913664413349968,0.7142857142857143
L. Galton,WSL 2019-2020,31,4,4.591252140700817,5.691567361354828,3.8044196516275406,18,-0.5912521407008171,-1.6915673613548279,0.1481049077645425,0.5806451612903226
L. Galton,WSL 2020-2021,25,6,4.422226823866367,5.255336582660675,3.0088479220867157,17,1.5777731761336327,0.744663417339325,0.1768890729546547,0.68
L. Galton,WSL 2021-2022,33,8,6.837331935763359,7.740681767463684,5.141671314835548,19,1.162668064236641,0.2593182325363159,0.2071918768413139,0.5757575757575758
L. Galton,WSL 2022-2023,37,10,8.936097800731659,10.29759068787098,5.389784902334213,24,1.063902199268341,-0.2975906878709793,0.24151615677653132,0.6486486486486487
L. Galton,WSL 2023-2024,19,2,2.5067600458860397,3.2109538316726685,2.1519327610731125,11,-0.5067600458860397,-1.2109538316726685,0.13193473925715998,0.5789473684210527
L. Galton,WSL 2024-2025,19,5,4.980959415435791,4.686765670776367,2.8932327926158905,13,0.019040584564208984,0.3132343292236328,0.2621557587071469,0.6842105263157895
L. Galton,WSL 2025-2026,4,0,0.31603773683309555,0.21875,0.37594906985759735,2,-0.31603773683309555,-0.21875,0.07900943420827389,0.5
L. Gunning-Williams,WSL 2024-2025,3,0,0.11065573990345001,0.0,0.14720812439918518,2,-0.11065573990345001,0.0,0.03688524663448334,0.6666666666666666
L. Gunning-Williams,WSL 2025-2026,4,0,0.15671642124652863,0.0,0.26033058762550354,3,-0.15671642124652863,0.0,0.039179105311632156,0.75
L. Hemp,WSL 2017,11,1,1.524760164320469,0.8823529481887817,1.4576044827699661,6,-0.5247601643204689,0.11764705181121826,0.1386145603927699,0.5454545454545454
L. Hemp,WSL 2017-2018,51,7,8.798299093253728,7.001079109020349,8.351983916468736,27,-1.7982990932537284,-0.0010791090203490228,0.17251566849517114,0.5294117647058824
L. Hemp,WSL 2018-2019,26,2,1.8825838938355446,2.2866082191467285,2.6488357931375504,19,0.11741610616445541,-0.2866082191467285,0.07240707283982864,0.7307692307692307
L. Hemp,WSL 2019-2020,21,5,4.450899437069893,4.988666355609894,3.324176609516144,13,0.5491005629301071,0.011333644390106201,0.21194759224142348,0.6190476190476191
L. Hemp,WSL 2020-2021,25,6,4.299761228263378,4.766020596027374,3.1138276755809784,17,1.7002387717366219,1.2339794039726257,0.17199044913053513,0.68
L. Hemp,WSL 2021-2022,62,10,9.407528400421143,10.628750070929527,7.503674730658531,40,0.5924715995788574,-0.6287500709295273,0.15173432903905068,0.6451612903225806
L. Hemp,WSL 2022-2023,65,7,7.9245946034789085,8.910588562488556,7.140386387705803,43,-0.9245946034789085,-1.910588562488556,0.12191684005352167,0.6615384615384615
L. Hemp,WSL 2023-2024,62,11,8.179800726473331,10.13856589794159,7.242888018488884,42,2.8201992735266685,0.8614341020584106,0.13193226978182793,0.6774193548387096
L. Hemp,WSL 2024-2025,30,2,3.5806801095604897,3.258804515004158,3.321880981326103,18,-1.5806801095604897,-1.258804515004158,0.11935600365201632,0.6
L. Hemp,WSL 2025-2026,36,1,2.3735655695199966,2.3316012620925903,3.627890780568123,22,-1.3735655695199966,-1.3316012620925903,0.06593237693111102,0.6111111111111112
L. Hope,WSL 2018-2019,39,7,5.097887237079259,4.931129899330255,6.48799687296879,22,1.9021127629207406,2.068870100669745,0.13071505736100666,0.5641025641025641
L. Hope,WSL 2019-2020,23,4,2.502430415008126,3.03860796079403,3.325817128870545,15,1.497569584991874,0.96139203920597,0.10880132239165766,0.6521739130434783
L. Hope,WSL 2020-2021,23,5,4.939768266387102,4.581541013426897,4.242358919687387,15,0.06023173361289835,0.41845898657310343,0.21477253332117832,0.6521739130434783
L. Hope,WSL 2021-2022,16,0,1.6563250198960304,0.5600000023841858,1.9992826282978058,7,-1.6563250198960304,-0.5600000023841858,0.1035203137435019,0.4375
L. Hope,WSL 2022-2023,22,2,2.7160080522298813,2.3985642790794373,3.3329585045576096,10,-0.7160080522298813,-0.39856427907943726,0.1234549114649946,0.45454545454545453
L. Hope,WSL 2023-2024,14,0,1.8536801785230637,0.3199999928474426,1.8615172058343887,6,-1.8536801785230637,-0.3199999928474426,0.1324057270373617,0.42857142857142855
L. Hope,WSL 2024-2025,10,1,1.0988133400678635,1.0070056915283203,2.06905959546566,3,-0.09881334006786346,-0.0070056915283203125,0.10988133400678635,0.3
L. Hurtig,WSL 2022-2023,7,0,0.23270440101623535,0.0,0.22874094545841217,6,-0.23270440101623535,0.0,0.03324348585946219,0.8571428571428571
L. Hurtig,WSL 2023-2024,5,1,0.8193882554769516,2.395164370536804,0.5858046114444733,3,0.1806117445230484,-1.3951643705368042,0.16387765109539032,0.6
L. Hurtig,WSL 2024-2025,3,1,0.2500000074505806,0.7021276354789734,0.29441624879837036,2,0.7499999925494194,0.2978723645210266,0.0833333358168602,0.6666666666666666
L. James,WSL 2017-2018,3,0,0.4007835015654564,0.14399999380111694,0.6862228363752365,0,-0.4007835015654564,-0.14399999380111694,0.1335945005218188,0.0
L. James,WSL 2019-2020,32,6,3.518798902630806,5.2728758454322815,3.3072869330644608,24,2.481201097369194,0.7271241545677185,0.10996246570721269,0.75
L. James,WSL 2020-2021,17,2,2.2031137347221375,3.6112609654664993,2.4775480180978775,8,-0.20311373472213745,-1.6112609654664993,0.12959492557189045,0.47058823529411764
L. James,WSL 2021-2022,3,1,0.6968626528978348,0.9597894549369812,0.45628586411476135,2,0.3031373471021652,0.0402105450630188,0.23228755096594492,0.6666666666666666
L. James,WSL 2022-2023,42,5,4.92144642606741,5.029068311903535,6.12205300316578,26,0.07855357393258977,-0.02906831190353465,0.11717729585874787,0.6190476190476191
L. James,WSL 2023-2024,61,13,9.574987068772316,13.648575320839882,8.606146261096,41,3.425012931227684,-0.6485753208398819,0.15696700112741502,0.6721311475409836
L. James,WSL 2024-2025,27,3,2.3656467720866203,3.3288732916116714,3.102750152349472,17,0.6343532279133797,-0.32887329161167145,0.08761654711431927,0.6296296296296297
L. James,WSL 2025-2026,45,5,4.093476839363575,5.224132850766182,6.143420621752739,27,0.906523160636425,-0.22413285076618195,0.09096615198585722,0.6
L. Joel,WSL 2020-2021,1,0,0.06481481343507767,0.0,0.21929824352264404,0,-0.06481481343507767,0.0,0.06481481343507767,0.0
L. Joel,WSL 2021-2022,2,0,0.0,0.0,0.0,2,0.0,0.0,0.0,1.0
L. Karlseng Utland,WSL 2019-2020,5,1,1.1201987192034721,1.4042552709579468,0.9371107220649719,2,-0.12019871920347214,-0.4042552709579468,0.22403974384069442,0.4
L. Kendall,WSL 2025-2026,12,0,0.9203005507588387,0.3048780560493469,1.4344289302825928,7,-0.9203005507588387,-0.3048780560493469,0.07669171256323655,0.5833333333333334
L. Kiernan,WSL 2018-2019,21,2,3.1095198318362236,3.3181670904159546,2.0808154493570328,14,-1.1095198318362236,-1.3181670904159546,0.1480723729445821,0.6666666666666666
L. Kiernan,WSL 2019-2020,5,1,0.9027215912938118,0.5894736647605896,0.9453573971986771,2,0.0972784087061882,0.4105263352394104,0.18054431825876235,0.4
L. Kiernan,WSL 2020-2021,1,0,0.15671642124652863,0.5894736647605896,0.22874094545841217,0,-0.15671642124652863,-0.5894736647605896,0.15671642124652863,0.0
L. Kiernan,WSL 2022-2023,1,0,0.0833333358168602,0.24242424964904785,0.25072047114372253,0,-0.0833333358168602,-0.24242424964904785,0.0833333358168602,0.0
L. Kiernan,WSL 2023-2024,15,5,3.1120959892868996,3.673175275325775,2.6548783779144287,9,1.8879040107131004,1.3268247246742249,0.20747306595245998,0.6
L. Kiernan,WSL 2024-2025,16,2,3.2668581753969193,2.2539542466402054,3.3452726751565933,5,-1.2668581753969193,-0.2539542466402054,0.20417863596230745,0.3125
L. Kiernan,WSL 2025-2026,2,0,0.125,0.0,0.26033058762550354,1,-0.125,0.0,0.0625,0.5
L. Kop,WSL 2023-2024,1,1,1.0,0.9909090995788574,1.0,1,0.0,0.009090900421142578,1.0,1.0
L. Le Garrec,WSL 2019-2020,33,1,1.559038832783699,1.709371566772461,4.272773280739784,17,-0.559038832783699,-0.7093715667724609,0.04724360099344543,0.5151515151515151
L. León,WSL 2019-2020,1,0,0.2361111044883728,0.0,0.1538461595773697,0,-0.2361111044883728,0.0,0.2361111044883728,0.0
L. León,WSL 2020-2021,5,1,1.1845253540611849,1.3455712257361994,1.3607875762916193,2,-0.18452535406118487,-0.34557122573619936,0.23690507081223697,0.4
L. Lindström,WSL 2025-2026,6,0,0.7429233342409134,0.0,0.4480391889810562,4,-0.7429233342409134,0.0,0.1238205557068189,0.6666666666666666
L. Little,WSL 2018-2019,6,0,0.8415490910410881,0.19088220596313477,0.8227922320365906,2,-0.8415490910410881,-0.19088220596313477,0.14025818184018135,0.3333333333333333
L. Maier,WSL 2019-2020,5,0,0.1939890757203102,0.07999999821186066,0.4794614166021347,3,-0.1939890757203102,-0.07999999821186066,0.03879781514406204,0.6
L. Maier,WSL 2020-2021,5,0,0.323383092880249,0.0,0.7178124785423279,2,-0.323383092880249,0.0,0.06467661857604981,0.4
L. Maier,WSL 2021-2022,6,1,1.1706053391098976,0.8823529481887817,0.7397920042276382,4,-0.1706053391098976,0.11764705181121826,0.1951008898516496,0.6666666666666666
L. Maier,WSL 2022-2023,2,1,0.6428571343421936,0.9909090995788574,0.26033058762550354,2,0.3571428656578064,0.009090900421142578,0.3214285671710968,1.0
L. Murphy,WSL 2024-2025,12,0,1.6504545211791992,1.7224767208099365,1.6231661438941956,5,-1.6504545211791992,-1.7224767208099365,0.13753787676493326,0.4166666666666667
L. Murphy,WSL 2025-2026,2,0,0.11065573990345001,0.0,0.22874094545841217,1,-0.11065573990345001,0.0,0.055327869951725006,0.5
L. Naalsund,WSL 2023-2024,12,2,0.731558047235012,2.0250749588012695,1.329140529036522,9,1.268441952764988,-0.02507495880126953,0.06096317060291767,0.75
L. Naalsund,WSL 2024-2025,1,0,0.0833333358168602,0.0,0.14720812439918518,0,-0.0833333358168602,0.0,0.0833333358168602,0.0
L. Naalsund,WSL 2025-2026,11,3,1.8696277663111687,2.10638290643692,1.6125274151563644,7,1.1303722336888313,0.8936170935630798,0.16996616057374261,0.6363636363636364
L. Parker,WSL 2021-2022,2,0,1.0972222536802292,0.0,0.4794614166021347,0,-1.0972222536802292,0.0,0.5486111268401146,0.0
L. Parker,WSL 2022-2023,3,0,0.45752688497304916,0.5894736647605896,0.4890715330839157,1,-0.45752688497304916,-0.5894736647605896,0.15250896165768305,0.3333333333333333
L. Parker,WSL 2023-2024,5,1,0.6567164212465286,0.7021276354789734,0.4890715330839157,4,0.3432835787534714,0.2978723645210266,0.13134328424930572,0.8
L. Parker,WSL 2024-2025,6,1,0.11065573990345001,0.5894736647605896,0.25072047114372253,6,0.88934426009655,0.4105263352394104,0.01844262331724167,1.0
L. Parker,WSL 2025-2026,6,2,1.1650165617465973,2.061300277709961,1.3849824965000153,3,0.8349834382534027,-0.06130027770996094,0.1941694269577662,0.5
L. Parry,WSL 2023-2024,1,0,0.0,0.0,0.0,1,0.0,0.0,0.0,1.0
L. Parry,WSL 2024-2025,2,0,0.0,0.0,0.0,2,0.0,0.0,0.0,1.0
L. Parry,WSL 2025-2026,1,0,0.0,0.0,0.0,1,0.0,0.0,0.0,1.0
L. Paul,WSL 2021-2022,2,0,0.0833333358168602,0.0,0.22874094545841217,1,-0.0833333358168602,0.0,0.0416666679084301,0.5
L. Petermann,WSL 2023-2024,32,5,4.483151346445084,3.97649884223938,4.818509116768837,18,0.5168486535549164,1.0235011577606201,0.14009847957640886,0.5625
L. Piggott,WSL 2017-2018,2,1,0.8582089692354202,1.6930367350578308,0.5110510587692261,1,0.14179103076457977,-0.6930367350578308,0.4291044846177101,0.5
L. Potter,WSL 2024-2025,7,0,0.29629629850387573,0.0,0.9275006055831909,3,-0.29629629850387573,0.0,0.04232804264341082,0.42857142857142855
L. Potter,WSL 2025-2026,8,1,1.4086692184209824,1.2770030498504639,1.1594368517398834,3,-0.40866921842098236,-0.27700304985046387,0.1760836523026228,0.375
L. Quinn,WSL 2017,22,5,2.974061658833085,4.247184759233056,3.2743250189757926,15,2.025938341166915,0.7528152407669442,0.13518462085604932,0.6818181818181818
L. Quinn,WSL 2017-2018,34,1,1.9692602902650833,1.0781250074505806,2.9437892585992813,23,-0.9692602902650833,-0.0781250074505806,0.057919420301914215,0.6764705882352942
L. Quinn,WSL 2018-2019,30,2,4.578554354608059,3.9723719358444214,4.012402072548866,14,-2.578554354608059,-1.9723719358444214,0.1526184784869353,0.4666666666666667
L. Quinn,WSL 2019-2020,7,2,0.7495727986097336,1.5179170966148376,1.0432865023612976,4,1.2504272013902664,0.48208290338516235,0.10708182837281909,0.5714285714285714
L. Quinn,WSL 2020-2021,7,1,1.0163070932030678,1.2789090871810913,0.9042807966470718,4,-0.01630709320306778,-0.2789090871810913,0.14518672760043824,0.5714285714285714
L. Quinn,WSL 2021-2022,36,6,5.70610698312521,5.562530532479286,5.011057257652283,20,0.2938930168747902,0.4374694675207138,0.15850297175347805,0.5555555555555556
L. Rafferty,WSL 2016,1,0,0.0833333358168602,0.0,0.22874094545841217,0,-0.0833333358168602,0.0,0.0833333358168602,0.0
L. Rafferty,WSL 2018-2019,4,1,0.697072871029377,1.4052631258964539,0.611328050494194,2,0.302927128970623,-0.40526312589645386,0.17426821775734425,0.5
L. Rafferty,WSL 2020-2021,1,0,0.04054053872823715,0.0,0.26033058762550354,0,-0.04054053872823715,0.0,0.04054053872823715,0.0
L. Reichardt,WSL 2018-2019,6,0,0.3881979063153267,0.0,0.8620485216379166,2,-0.3881979063153267,0.0,0.06469965105255444,0.3333333333333333
L. Ribadeira,WSL 2024-2025,1,0,0.0,0.0,0.0,1,0.0,0.0,0.0,1.0
L. Robe,WSL 2018-2019,3,0,0.0833333358168602,0.0,0.22874094545841217,2,-0.0833333358168602,0.0,0.027777778605620067,0.6666666666666666
L. Robe,WSL 2019-2020,3,0,0.1701701655983925,0.07999999821186066,0.7301818877458572,0,-0.1701701655983925,-0.07999999821186066,0.05672338853279749,0.0
L. Robe,WSL 2022-2023,2,0,0.04054053872823715,0.0,0.14720812439918518,1,-0.04054053872823715,0.0,0.020270269364118576,0.5
L. Robertson,WSL 2021-2022,6,0,0.323383092880249,0.0,0.7178124785423279,4,-0.323383092880249,0.0,0.05389718214670817,0.6666666666666666
L. Roche,WSL 2016,2,1,0.11065573990345001,0.5894736647605896,0.21929824352264404,2,0.88934426009655,0.4105263352394104,0.055327869951725006,1.0
L. Sanderson,WSL 2015,11,0,0.5406231731176376,0.0,0.4794614166021347,9,-0.5406231731176376,0.0,0.04914756119251251,0.8181818181818182
L. Schüller,WSL 2025-2026,6,1,0.8987829387187958,0.828125,0.7397920042276382,4,0.10121706128120422,0.171875,0.14979715645313263,0.6666666666666666
L. Smith,WSL 2021-2022,14,2,2.4451511949300766,1.9979147911071777,2.21683007478714,7,-0.4451511949300766,0.0020852088928222656,0.17465365678071976,0.5
L. Smørsgård,WSL 2015,1,0,0.0,0.0,0.0,1,0.0,0.0,0.0,1.0
L. Staniforth,WSL 2015,8,0,0.1666666716337204,0.0,0.6755841076374054,5,-0.1666666716337204,0.0,0.02083333395421505,0.625
L. Staniforth,WSL 2016,9,0,0.6294403374195099,0.0,1.1499941498041153,3,-0.6294403374195099,0.0,0.06993781526883443,0.3333333333333333
L. Staniforth,WSL 2017,12,1,1.1542457176781282,0.9985218106246576,1.9343186377025232,7,-0.15424571767812822,0.001478189375342387,0.09618714313984401,0.5833333333333334
L. Staniforth,WSL 2017-2018,40,3,3.3367175832390785,2.767358899116516,4.048107549548149,25,-0.3367175832390785,0.2326411008834839,0.08341793958097696,0.625
L. Staniforth,WSL 2018-2019,44,2,3.5129228681325912,2.3204366266727448,4.9349221885204315,24,-1.5129228681325912,-0.32043662667274475,0.07983915609392253,0.5454545454545454
L. Staniforth,WSL 2019-2020,26,1,1.2263575866818428,1.3229473233222961,2.0526843816041946,18,-0.2263575866818428,-0.32294732332229614,0.04716759948776318,0.6923076923076923
L. Staniforth,WSL 2020-2021,17,0,0.6153360679745674,0.8134736567735672,1.5613882094621658,10,-0.6153360679745674,-0.8134736567735672,0.03619623929262161,0.5882352941176471
L. Staniforth,WSL 2021-2022,15,2,1.3552507609128952,1.3805184364318848,2.2582497745752335,7,0.6447492390871048,0.6194815635681152,0.09035005072752635,0.4666666666666667
L. Staniforth,WSL 2022-2023,10,1,0.7027929723262787,0.9758979082107544,1.582833081483841,4,0.2972070276737213,0.024102091789245605,0.07027929723262787,0.4
L. Staniforth,WSL 2023-2024,7,0,0.0833333358168602,0.0,0.14720812439918518,6,-0.0833333358168602,0.0,0.011904762259551458,0.8571428571428571
L. Staniforth,WSL 2024-2025,5,0,0.4115816578269005,0.5894736647605896,0.7083697766065598,2,-0.4115816578269005,-0.5894736647605896,0.0823163315653801,0.4
L. Staniforth,WSL 2025-2026,1,0,0.6666666865348816,0.828125,0.22874094545841217,0,-0.6666666865348816,-0.828125,0.6666666865348816,0.0
L. Vetterlein,WSL 2019-2020,5,1,0.540755920112133,0.5894736647605896,0.8650206029415131,2,0.459244079887867,0.4105263352394104,0.1081511840224266,0.4
L. Vetterlein,WSL 2020-2021,4,0,0.16807910054922104,0.14399999380111694,0.415376678109169,2,-0.16807910054922104,-0.14399999380111694,0.04201977513730526,0.5
L. Wade,WSL 2022-2023,8,1,0.4654088020324707,0.5600000023841858,0.45748189091682434,7,0.5345911979675293,0.4399999976158142,0.05817610025405884,0.875
L. Wandeler,WSL 2025-2026,5,0,0.0833333358168602,0.0,0.22874094545841217,4,-0.0833333358168602,0.0,0.01666666716337204,0.8
L. Whipp,WSL 2019-2020,6,1,0.8170549347996712,0.9350447654724121,0.936943307518959,3,0.18294506520032883,0.06495523452758789,0.13617582246661186,0.5
L. Whipp,WSL 2020-2021,3,0,0.0833333358168602,0.0,0.22874094545841217,2,-0.0833333358168602,0.0,0.027777778605620067,0.6666666666666666
L. Whipp,WSL 2021-2022,3,0,0.1939890757203102,0.14399999380111694,0.45748189091682434,1,-0.1939890757203102,-0.14399999380111694,0.06466302524010341,0.3333333333333333
L. Wienroither,WSL 2021-2022,6,0,0.36872024834156036,0.3199999928474426,0.37594906985759735,4,-0.36872024834156036,-0.3199999928474426,0.06145337472359339,0.6666666666666666
L. Wienroither,WSL 2022-2023,9,1,1.5137777402997017,1.402156412601471,1.1752943694591522,5,-0.5137777402997017,-0.40215641260147095,0.16819752669996685,0.5555555555555556
L. Wienroither,WSL 2023-2024,2,0,0.0,0.0,0.0,2,0.0,0.0,0.0,1.0
L. Wienroither,WSL 2024-2025,2,0,0.15671642124652863,0.24242424964904785,0.1538461595773697,1,-0.15671642124652863,-0.24242424964904785,0.07835821062326431,0.5
L. Williamson,WSL 2015,9,0,0.39700178802013397,0.0,0.94655342400074,5,-0.39700178802013397,0.0,0.04411130978001489,0.5555555555555556
L. Williamson,WSL 2016,6,0,0.17928669601678848,0.0,0.7082023620605469,3,-0.17928669601678848,0.0,0.02988111600279808,0.5
L. Williamson,WSL 2017,8,0,0.38425925374031067,0.0,0.6862228363752365,5,-0.38425925374031067,0.0,0.048032406717538834,0.625
L. Williamson,WSL 2017-2018,3,1,0.5738136321306229,0.9597894549369812,0.69751937687397,1,0.42618636786937714,0.0402105450630188,0.1912712107102076,0.3333333333333333
L. Williamson,WSL 2018-2019,8,1,1.3991846442222595,1.9937289357185364,1.3416773527860641,3,-0.3991846442222595,-0.9937289357185364,0.17489808052778244,0.375
L. Williamson,WSL 2019-2020,8,1,0.7469210624694824,0.8957894593477249,1.089716598391533,4,0.2530789375305176,0.10421054065227509,0.0933651328086853,0.5
L. Williamson,WSL 2020-2021,23,1,3.220657154917717,1.4029473215341568,4.173808470368385,6,-2.220657154917717,-0.4029473215341568,0.14002857195294421,0.2608695652173913
L. Williamson,WSL 2021-2022,13,2,1.080301247537136,1.4838253855705261,1.9884764850139618,6,0.9196987524628639,0.5161746144294739,0.08310009596439508,0.46153846153846156
L. Williamson,WSL 2022-2023,11,1,1.1127184703946114,1.1110447645187378,0.9711963832378387,7,-0.11271847039461136,-0.11104476451873779,0.10115622458132831,0.6363636363636364
L. Williamson,WSL 2023-2024,4,0,0.05577657371759415,0.14399999380111694,0.22874094545841217,4,-0.05577657371759415,-0.14399999380111694,0.013944143429398537,1.0
L. Williamson,WSL 2024-2025,22,2,2.8137769922614098,3.1029951572418213,2.5390109568834305,12,-0.8137769922614098,-1.1029951572418213,0.12789895419370045,0.5454545454545454
L. Williamson,WSL 2025-2026,2,1,0.3467668443918228,0.7021276354789734,0.37594906985759735,1,0.6532331556081772,0.2978723645210266,0.1733834221959114,0.5
L. Wilms,WSL 2025-2026,13,2,1.102814331650734,1.466947317123413,1.6132266968488693,8,0.897185668349266,0.5330526828765869,0.08483187166544107,0.6153846153846154
L. Woodham,WSL 2017,2,0,0.23270440101623535,0.0,0.22874094545841217,1,-0.23270440101623535,0.0,0.11635220050811768,0.5
L. Woodham,WSL 2020-2021,3,0,0.1939890757203102,0.14399999380111694,0.45748189091682434,1,-0.1939890757203102,-0.14399999380111694,0.06466302524010341,0.3333333333333333
L. Woodham,WSL 2021-2022,5,0,0.0833333358168602,0.5600000023841858,0.19607843458652496,4,-0.0833333358168602,-0.5600000023841858,0.01666666716337204,0.8
L. Woodham,WSL 2022-2023,2,0,0.23270440101623535,0.0,0.22874094545841217,1,-0.23270440101623535,0.0,0.11635220050811768,0.5
L. Woodham,WSL 2024-2025,6,1,0.8954816237092018,1.2678410410881042,1.562074288725853,4,0.10451837629079819,-0.26784104108810425,0.14924693728486696,0.6666666666666666
L. Woodham,WSL 2025-2026,1,0,0.11065573990345001,0.0,0.22874094545841217,0,-0.11065573990345001,0.0,0.11065573990345001,0.0
L. Wubben-Moy,WSL 2017,4,0,0.2361111044883728,0.0,0.26033058762550354,3,-0.2361111044883728,0.0,0.0590277761220932,0.75
L. Wubben-Moy,WSL 2020-2021,12,3,2.7363397628068924,3.1309178471565247,2.915072202682495,5,0.2636602371931076,-0.13091784715652466,0.22802831356724104,0.4166666666666667
L. Wubben-Moy,WSL 2021-2022,11,2,1.1801002025604248,1.8293148279190063,1.1342620253562927,8,0.8198997974395752,0.17068517208099365,0.10728183659640225,0.7272727272727273
L. Wubben-Moy,WSL 2022-2023,16,1,2.0188886001706123,1.291601300239563,2.298732176423073,6,-1.0188886001706123,-0.291601300239563,0.12618053751066327,0.375
L. Wubben-Moy,WSL 2023-2024,19,1,1.1902776062488556,0.3199999928474426,1.61531400680542,12,-0.1902776062488556,0.6800000071525574,0.06264618980257135,0.631578947368421
L. Wubben-Moy,WSL 2024-2025,7,1,0.7866784557700157,1.4558837413787842,1.2587810903787613,2,0.21332154422998428,-0.4558837413787842,0.11238263653857368,0.2857142857142857
L. Wubben-Moy,WSL 2025-2026,9,0,1.7643745243549347,0.0,1.0937615483999252,4,-1.7643745243549347,0.0,0.19604161381721497,0.4444444444444444
L. Wälti,WSL 2018-2019,7,0,0.596634104847908,0.3048780560493469,0.7082023620605469,4,-0.596634104847908,-0.3048780560493469,0.08523344354970115,0.5714285714285714
L. Wälti,WSL 2019-2020,2,0,0.0,0.0,0.0,2,0.0,0.0,0.0,1.0
L. Wälti,WSL 2020-2021,1,0,0.0,0.0,0.0,1,0.0,0.0,0.0,1.0
L. Wälti,WSL 2021-2022,7,0,0.26737216114997864,0.3048780560493469,0.5014409422874451,5,-0.26737216114997864,-0.3048780560493469,0.03819602302142552,0.7142857142857143
L. Wälti,WSL 2022-2023,10,1,0.47757329046726227,0.3048780560493469,0.6535603255033493,8,0.5224267095327377,0.6951219439506531,0.04775732904672623,0.8
L. Wälti,WSL 2023-2024,5,0,0.6239565089344978,0.0,0.611328050494194,2,-0.6239565089344978,0.0,0.12479130178689957,0.4
L. Wälti,WSL 2024-2025,10,0,0.35070549696683884,0.2239999920129776,0.7901258170604706,7,-0.35070549696683884,-0.2239999920129776,0.035070549696683884,0.7
Laia Aleixandri,WSL 2022-2023,6,0,0.8383794352412224,0.5894736647605896,0.7967677563428879,2,-0.8383794352412224,-0.5894736647605896,0.13972990587353706,0.3333333333333333
Laia Aleixandri,WSL 2023-2024,14,1,1.3443097695708275,1.2589473277330399,1.590547889471054,8,-0.3443097695708275,-0.25894732773303986,0.09602212639791625,0.5714285714285714
Laia Aleixandri,WSL 2024-2025,10,2,1.8169521987438202,1.9506985545158386,2.6851494014263153,4,0.1830478012561798,0.04930144548416138,0.18169521987438203,0.4
Laia Codina,WSL 2023-2024,3,0,0.484849289059639,0.0,0.38258710503578186,1,-0.484849289059639,0.0,0.16161642968654633,0.3333333333333333
Laia Codina,WSL 2024-2025,1,0,0.0,0.0,0.0,1,0.0,0.0,0.0,1.0
Laia Codina,WSL 2025-2026,6,0,0.389420822262764,0.8318979144096375,0.3665063679218292,4,-0.389420822262764,-0.8318979144096375,0.06490347037712733,0.6666666666666666
Lee Geum-Min,WSL 2019-2020,1,1,0.4299674332141876,0.8157894611358643,0.22874094545841217,1,0.5700325667858124,0.18421053886413574,0.4299674332141876,1.0
Lee Geum-Min,WSL 2020-2021,17,3,2.6621602922677994,1.7091333270072937,1.9612520784139633,11,0.3378397077322006,1.2908666729927063,0.15659766425104701,0.6470588235294118
Lee Geum-Min,WSL 2021-2022,16,2,2.036161631345749,1.5482552647590637,1.4891941249370575,12,-0.0361616313457489,0.4517447352409363,0.1272601019591093,0.75
Lee Geum-Min,WSL 2022-2023,21,3,3.877307042479515,2.580382764339447,2.83966027200222,12,-0.8773070424795151,0.419617235660553,0.1846336686895007,0.5714285714285714
Lee Geum-Min,WSL 2023-2024,8,2,1.3781155943870544,1.6191697716712952,0.94655342400074,6,0.6218844056129456,0.38083022832870483,0.1722644492983818,0.75
Leila Ouahabi,WSL 2022-2023,5,0,0.7533505260944366,0.14399999380111694,0.9149637818336487,2,-0.7533505260944366,-0.14399999380111694,0.15067010521888732,0.4
Leila Ouahabi,WSL 2023-2024,10,1,1.451646313071251,0.828125,1.0609758794307709,6,-0.4516463130712509,0.171875,0.1451646313071251,0.6
Leila Ouahabi,WSL 2024-2025,14,0,0.4815119430422783,0.7334736585617065,0.9905124753713608,10,-0.4815119430422783,-0.7334736585617065,0.03439371021730559,0.7142857142857143
Leila Ouahabi,WSL 2025-2026,7,0,0.5811637118458748,0.0,0.6046900153160095,4,-0.5811637118458748,0.0,0.08302338740655354,0.5714285714285714
Li Mengwen,WSL 2023-2024,3,0,0.22131147980690002,0.0,0.4794614166021347,1,-0.22131147980690002,0.0,0.07377049326896667,0.3333333333333333
Li Mengwen,WSL 2024-2025,3,0,0.15671642124652863,0.0,0.22874094545841217,2,-0.15671642124652863,0.0,0.05223880708217621,0.6666666666666666
Lucía Corrales,WSL 2025-2026,10,1,1.1991825699806213,0.828125,0.9931759089231491,6,-0.19918256998062134,0.171875,0.11991825699806213,0.6
Lucía García,WSL 2022-2023,28,8,4.467131540179253,7.410765528678894,4.073514997959137,20,3.5328684598207474,0.589234471321106,0.15954041214925901,0.7142857142857143
Lucía García,WSL 2023-2024,40,3,3.80882278829813,4.658035755157471,2.999144732952118,30,-0.80882278829813,-1.6580357551574707,0.09522056970745325,0.75
M. Agyemang,WSL 2024-2025,19,3,3.738892413675785,3.834631860256195,2.0210947394371033,13,-0.7388924136757851,-0.8346318602561951,0.19678381124609395,0.6842105263157895
M. Agyemang,WSL 2025-2026,10,1,0.9083891063928604,0.9629629850387573,0.45748189091682434,9,0.09161089360713959,0.037037014961242676,0.09083891063928604,0.9
M. Alexander,WSL 2017,1,0,0.0833333358168602,0.0,0.25072047114372253,0,-0.0833333358168602,0.0,0.0833333358168602,0.0
M. Alexander,WSL 2018-2019,4,1,0.5406231731176376,0.8823529481887817,0.4480391889810562,3,0.45937682688236237,0.11764705181121826,0.1351557932794094,0.75
M. Barker,WSL 2020-2021,3,0,0.0833333358168602,0.14399999380111694,0.14720812439918518,2,-0.0833333358168602,-0.14399999380111694,0.027777778605620067,0.6666666666666666
M. Barron-Clark,WSL 2017,2,1,1.0833333358168602,0.9909090995788574,1.2287409454584122,1,-0.0833333358168602,0.009090900421142578,0.5416666679084301,0.5
M. Bartrip,WSL 2016,1,0,0.0,0.0,0.0,1,0.0,0.0,0.0,1.0
M. Bartrip,WSL 2017-2018,3,0,0.11065573990345001,0.0,0.22874094545841217,2,-0.11065573990345001,0.0,0.03688524663448334,0.6666666666666666
M. Bartrip,WSL 2018-2019,6,0,0.2500000074505806,0.0,0.9276680201292038,2,-0.2500000074505806,0.0,0.0416666679084301,0.3333333333333333
M. Bartrip,WSL 2020-2021,1,0,0.0,0.0,0.0,1,0.0,0.0,0.0,1.0
M. Bartrip,WSL 2021-2022,5,0,0.12962962687015533,0.44887804985046387,0.6767801344394684,2,-0.12962962687015533,-0.44887804985046387,0.025925925374031066,0.4
M. Bartrip,WSL 2022-2023,4,2,1.0833333358168602,1.070909097790718,1.2287409454584122,4,0.9166666641831398,0.9290909022092819,0.27083333395421505,1.0
M. Bartrip,WSL 2024-2025,2,0,0.0833333358168602,0.0,0.22874094545841217,1,-0.0833333358168602,0.0,0.0416666679084301,0.5
M. Bergman-Lundin,WSL 2023-2024,2,0,0.0,0.0,0.0,2,0.0,0.0,0.0,1.0
M. Bright,WSL 2015,14,0,0.4254705607891083,0.0,1.0527292042970657,9,-0.4254705607891083,0.0,0.030390754342079163,0.6428571428571429
M. Bright,WSL 2016,16,1,1.5022214576601982,0.7021276354789734,2.3097835183143616,6,-0.5022214576601982,0.2978723645210266,0.09388884110376239,0.375
M. Bright,WSL 2017,15,2,2.193065896630287,2.10638290643692,2.344299867749214,6,-0.19306589663028717,-0.10638290643692017,0.1462043931086858,0.4
M. Bright,WSL 2017-2018,11,1,1.9492698535323143,0.3199999928474426,1.570830911397934,5,-0.9492698535323143,0.6800000071525574,0.17720635032111948,0.45454545454545453
M. Bright,WSL 2018-2019,29,1,1.9435738176107407,1.3118837475776672,3.6650716811418533,13,-0.9435738176107407,-0.31188374757766724,0.06701978681416347,0.4482758620689655
M. Bright,WSL 2019-2020,15,1,1.498265527188778,1.3435271978378296,2.0869374573230743,6,-0.4982655271887779,-0.3435271978378296,0.09988436847925186,0.4
M. Bright,WSL 2020-2021,6,1,1.355438008904457,1.8516013026237488,1.0432865023612976,2,-0.3554380089044571,-0.8516013026237488,0.22590633481740952,0.3333333333333333
M. Bright,WSL 2021-2022,27,0,1.3873839601874352,0.46642424166202545,3.479881167411804,11,-1.3873839601874352,-0.46642424166202545,0.05138459111805315,0.4074074074074074
M. Bright,WSL 2022-2023,7,1,0.35094110667705536,1.6140255481004715,1.0909607857465744,3,0.6490588933229446,-0.6140255481004715,0.05013444381100791,0.42857142857142855
M. Bright,WSL 2023-2024,12,1,1.5175670832395554,1.5492631196975708,1.6756212711334229,5,-0.5175670832395554,-0.5492631196975708,0.12646392360329628,0.4166666666666667
M. Bright,WSL 2024-2025,15,0,1.7769324332475662,0.7474526464939117,2.1423226445913315,5,-1.7769324332475662,-0.7474526464939117,0.11846216221650442,0.3333333333333333
M. Bright,WSL 2025-2026,7,0,0.1701701655983925,0.2879999876022339,0.8334309607744217,3,-0.1701701655983925,-0.2879999876022339,0.02431002365691321,0.42857142857142855
M. Campbell,WSL 2016,4,0,0.22131147980690002,0.0,0.4890715330839157,2,-0.22131147980690002,0.0,0.055327869951725006,0.5
M. Campbell,WSL 2017,1,1,0.46315789222717285,0.8823529481887817,0.26033058762550354,1,0.5368421077728271,0.11764705181121826,0.46315789222717285,1.0
M. Campbell,WSL 2019-2020,1,0,0.0,0.0,0.0,1,0.0,0.0,0.0,1.0
M. Campbell,WSL 2022-2023,2,0,0.0833333358168602,0.07999999821186066,0.22874094545841217,1,-0.0833333358168602,-0.07999999821186066,0.0416666679084301,0.5
M. Campbell,WSL 2023-2024,1,0,0.0,0.0,0.0,1,0.0,0.0,0.0,1.0
M. Cato,WSL 2024-2025,17,2,1.6823622435331345,1.4175986647605896,1.289716824889183,13,0.31763775646686554,0.5824013352394104,0.09896248491371379,0.7647058823529411
M. Clémaron,WSL 2019-2020,5,0,0.17547055333852768,0.3199999928474426,0.4782653898000717,3,-0.17547055333852768,-0.3199999928474426,0.035094110667705535,0.6
M. Clémaron,WSL 2020-2021,6,0,0.46136123687028885,0.29874999821186066,0.9137677550315857,2,-0.46136123687028885,-0.29874999821186066,0.07689353947838147,0.3333333333333333
M. Clémaron,WSL 2021-2022,11,0,0.2602163180708885,0.14399999380111694,0.9685329496860504,7,-0.2602163180708885,-0.14399999380111694,0.02365602891553532,0.6363636363636364
M. Connolly,WSL 2018-2019,11,1,0.9399942457675934,0.14399999380111694,1.219253420829773,7,0.060005754232406616,0.8560000061988831,0.08545402234250848,0.6363636363636364
M. Connolly,WSL 2019-2020,7,1,1.0685958787798882,0.8157894611358643,0.8555779010057449,4,-0.06859587877988815,0.18421053886413574,0.1526565541114126,0.5714285714285714
M. Connolly,WSL 2020-2021,11,2,1.6135492473840714,2.7635859847068787,1.3556554019451141,8,0.38645075261592865,-0.7635859847068787,0.14668629521673376,0.7272727272727273
M. Connolly,WSL 2021-2022,12,0,0.31481482088565826,0.43199998140335083,0.9578942209482193,9,-0.31481482088565826,-0.43199998140335083,0.026234568407138188,0.75
M. Connolly,WSL 2022-2023,6,0,0.12387387454509735,0.0,0.5110510587692261,4,-0.12387387454509735,0.0,0.020645645757516224,0.6666666666666666
M. Connolly,WSL 2023-2024,4,2,1.4266934767365456,1.885260820388794,1.6425180435180664,3,0.5733065232634544,0.11473917961120605,0.3566733691841364,0.75
M. Enderby,WSL 2023-2024,12,0,1.0167840346693993,0.7021276354789734,1.1876637786626816,7,-1.0167840346693993,-0.7021276354789734,0.0847320028891166,0.5833333333333334
M. Enderby,WSL 2024-2025,7,0,0.48452962189912796,0.3199999928474426,0.9371107220649719,3,-0.48452962189912796,-0.3199999928474426,0.06921851741416114,0.42857142857142855
M. Enderby,WSL 2025-2026,20,3,2.6442413926124573,2.4932156205177307,2.1474533081054688,14,0.3557586073875427,0.5067843794822693,0.13221206963062287,0.7
M. Eriksson,WSL 2017-2018,15,3,2.6369112506508827,2.3961722254753113,2.9005649238824844,7,0.3630887493491173,0.6038277745246887,0.1757940833767255,0.4666666666666667
M. Eriksson,WSL 2018-2019,29,2,2.8802058920264244,2.4883093386888504,4.870784729719162,9,-0.8802058920264244,-0.4883093386888504,0.09931744455263533,0.3103448275862069
M. Eriksson,WSL 2019-2020,15,1,1.7668606042861938,2.0140113830566406,2.514442339539528,4,-0.7668606042861938,-1.0140113830566406,0.11779070695241292,0.26666666666666666
M. Eriksson,WSL 2020-2021,26,2,4.346353843808174,2.552507758140564,4.733572602272034,10,-2.346353843808174,-0.552507758140564,0.16716745553108361,0.38461538461538464
M. Eriksson,WSL 2021-2022,18,1,2.235676109790802,0.5894736647605896,2.729406177997589,6,-1.235676109790802,0.4105263352394104,0.12420422832171123,0.3333333333333333
M. Eriksson,WSL 2022-2023,14,1,2.6424692794680595,2.0164366364479065,1.6985736042261124,7,-1.6424692794680595,-1.0164366364479065,0.18874780567628996,0.5
M. Ewers,WSL 2017,2,0,0.0,0.0,0.0,2,0.0,0.0,0.0,1.0
M. Ewers,WSL 2017-2018,9,0,0.6647340953350067,0.7021276354789734,1.1634596139192581,4,-0.6647340953350067,-0.7021276354789734,0.07385934392611186,0.4444444444444444
M. Ewers,WSL 2018-2019,5,0,0.25141243636608124,0.14399999380111694,0.6862228363752365,2,-0.25141243636608124,-0.14399999380111694,0.05028248727321625,0.4
M. Ewers,WSL 2020-2021,8,0,0.707289844751358,0.3048780560493469,1.0515331774950027,2,-0.707289844751358,-0.3048780560493469,0.08841123059391975,0.25
M. Ewers,WSL 2021-2022,1,0,0.0833333358168602,0.0,0.26033058762550354,0,-0.0833333358168602,0.0,0.0833333358168602,0.0
M. Farrow,WSL 2015,2,1,0.46315789222717285,0.8157894611358643,0.22874094545841217,2,0.5368421077728271,0.18421053886413574,0.23157894611358643,1.0
M. Farrow,WSL 2017-2018,9,1,1.079871654510498,1.058213710784912,0.7397920042276382,7,-0.07987165451049805,-0.05821371078491211,0.11998573939005534,0.7777777777777778
M. Farrow,WSL 2018-2019,6,2,2.144784167408943,1.7104779481887817,1.1342620253562927,3,-0.14478416740894318,0.28952205181121826,0.3574640279014905,0.5
M. Farrow,WSL 2019-2020,7,0,0.37419354915618896,0.0,0.22874094545841217,6,-0.37419354915618896,0.0,0.053456221308027,0.8571428571428571
M. Filis,WSL 2021-2022,3,0,0.2215312346816063,0.0,0.5014409422874451,1,-0.2215312346816063,0.0,0.07384374489386876,0.3333333333333333
M. Filis,WSL 2022-2023,3,0,0.06481481343507767,0.0,0.22874094545841217,2,-0.06481481343507767,0.0,0.021604937811692555,0.6666666666666666
M. Filis,WSL 2023-2024,3,0,0.0,0.0,0.0,3,0.0,0.0,0.0,1.0
M. Finnigan,WSL 2017-2018,9,0,0.8685330301523209,0.26737216114997864,1.7502928376197815,3,-0.8685330301523209,-0.26737216114997864,0.09650367001692454,0.3333333333333333
M. Finnigan,WSL 2018-2019,10,0,1.2261046841740608,1.4543517231941223,1.4589044749736786,3,-1.2261046841740608,-1.4543517231941223,0.12261046841740608,0.3
M. Finnigan,WSL 2019-2020,6,0,0.9990117624402046,0.828125,0.5203525274991989,3,-0.9990117624402046,-0.828125,0.16650196040670076,0.5
M. Finnigan,WSL 2020-2021,10,2,1.1993455588817596,1.4042552709579468,1.15504552423954,7,0.8006544411182404,0.5957447290420532,0.11993455588817596,0.7
M. Finnigan,WSL 2021-2022,5,1,0.596634104847908,0.8823529481887817,0.5231571942567825,3,0.403365895152092,0.11764705181121826,0.11932682096958161,0.6
M. Finnigan,WSL 2022-2023,10,3,1.532719612121582,1.680665209889412,2.1332892179489136,7,1.467280387878418,1.319334790110588,0.1532719612121582,0.7
M. Finnigan,WSL 2023-2024,9,3,1.3613826110959053,2.4397262930870056,1.4357289224863052,5,1.6386173889040947,0.5602737069129944,0.1512647345662117,0.5555555555555556
M. Finnigan,WSL 2024-2025,4,0,0.39282752573490143,0.5600000023841858,0.30105428397655487,2,-0.39282752573490143,-0.5600000023841858,0.09820688143372536,0.5
M. Fishel,WSL 2023-2024,13,1,1.123243935406208,0.9350447654724121,0.9149637818336487,10,-0.12324393540620804,0.06495523452758789,0.08640337964663139,0.7692307692307693
M. Fishel,WSL 2024-2025,8,1,0.9544162899255753,0.8823529481887817,0.6839539408683777,6,0.045583710074424744,0.11764705181121826,0.11930203624069691,0.75
M. Fletcher,WSL 2017,11,3,2.1648167446255684,2.110909104347229,1.3933523297309875,8,0.8351832553744316,0.889090895652771,0.19680152223868805,0.7272727272727273
M. Fowler,WSL 2022-2023,5,1,1.1706053391098976,0.9909090995788574,0.6046900153160095,3,-0.1706053391098976,0.009090900421142578,0.23412106782197953,0.6
M. Fowler,WSL 2023-2024,25,4,2.983133852481842,3.5858187079429626,2.6548783779144287,18,1.016866147518158,0.41418129205703735,0.11932535409927368,0.72
M. Fowler,WSL 2024-2025,25,6,5.317689877457735,5.492504608340379,4.123114448495027,18,0.6823101225422654,0.5074953916596208,0.2127075950983094,0.72
M. Fowler,WSL 2025-2026,5,0,0.909343421459198,0.0,0.8650206029415131,1,-0.909343421459198,0.0,0.1818686842918396,0.2
M. Gejl,WSL 2024-2025,16,3,1.9008452147245407,2.178947329521179,1.631549909710884,12,1.0991547852754593,0.8210526704788208,0.1188028259202838,0.75
M. Goodwin,WSL 2021-2022,2,0,0.4299674332141876,0.7021276354789734,0.22874094545841217,1,-0.4299674332141876,-0.7021276354789734,0.2149837166070938,0.5
M. Goodwin,WSL 2022-2023,16,1,1.1569801941514015,0.7334736585617065,1.290912851691246,11,-0.15698019415140152,0.26652634143829346,0.0723112621344626,0.6875
M. Goodwin,WSL 2023-2024,13,1,1.2180996909737587,1.1481249928474426,1.4797514230012894,8,-0.2180996909737587,-0.14812499284744263,0.09369997622875068,0.6153846153846154
M. Goodwin,WSL 2024-2025,13,2,1.1883875578641891,1.5979170948266983,1.1742215007543564,10,0.8116124421358109,0.4020829051733017,0.09141442752801456,0.7692307692307693
M. Goodwin,WSL 2025-2026,2,0,0.0,0.0,0.0,2,0.0,0.0,0.0,1.0
M. Green,WSL 2017-2018,7,2,1.1602877660132036,1.6022251902557,1.4727140127158747,5,0.8397122339867964,0.3977748097442999,0.16575539514474338,0.7142857142857143
M. Green,WSL 2020-2021,11,1,0.6614489182829857,1.1349090933799744,1.1740983426570892,7,0.3385510817170143,-0.13490909337997437,0.06013171984390779,0.6363636363636364
M. Gut,WSL 2020-2021,6,0,0.0833333358168602,0.0,0.26033058762550354,5,-0.0833333358168602,0.0,0.013888889302810034,0.8333333333333334
M. Haley,WSL 2023-2024,14,1,2.187103748321533,2.1593559980392456,1.7799843847751617,8,-1.1871037483215332,-1.1593559980392456,0.15622169630868094,0.5714285714285714
M. Haley,WSL 2024-2025,13,1,2.401146188378334,0.9909090995788574,1.1342620253562927,9,-1.401146188378334,0.009090900421142578,0.18470355295217955,0.6923076923076923
M. Haley,WSL 2025-2026,34,4,5.543460538837968,4.4978841005302055,4.2274822948909385,25,-1.5434605388379676,-0.4978841005302055,0.1630429570246461,0.7352941176470589
M. Hamano,WSL 2023-2024,15,2,3.8027624264359474,3.136917233467102,2.4056436717510223,8,-1.8027624264359474,-1.136917233467102,0.25351749509572985,0.5333333333333333
M. Hamano,WSL 2024-2025,22,2,3.3492860198020935,3.501238763332367,2.823648303747177,13,-1.3492860198020935,-1.501238763332367,0.1522402736273679,0.5909090909090909
M. Hamano,WSL 2025-2026,15,2,2.5123699083924294,3.419286370277405,2.404157906770706,7,-0.5123699083924294,-1.4192863702774048,0.16749132722616195,0.4666666666666667
M. Harris,WSL 2015,4,0,0.0,0.0,0.0,4,0.0,0.0,0.0,1.0
M. Harris,WSL 2016,1,0,0.15671642124652863,0.0,0.22874094545841217,0,-0.15671642124652863,0.0,0.15671642124652863,0.0
M. Harris,WSL 2017-2018,6,0,0.35070549696683884,0.3048780560493469,0.6862228363752365,3,-0.35070549696683884,-0.3048780560493469,0.05845091616113981,0.5
M. Harris,WSL 2019-2020,6,0,0.2773224115371704,0.0,0.6046900153160095,3,-0.2773224115371704,0.0,0.04622040192286173,0.5
M. Harris,WSL 2020-2021,4,0,0.1666666716337204,0.0,0.45748189091682434,2,-0.1666666716337204,0.0,0.0416666679084301,0.5
M. Harris,WSL 2021-2022,1,0,0.0,0.0,0.0,1,0.0,0.0,0.0,1.0
M. Hijikata,WSL 2025-2026,9,0,1.1534078046679497,0.07999999821186066,1.57322296500206,2,-1.1534078046679497,-0.07999999821186066,0.1281564227408833,0.2222222222222222
M. Hill,WSL 2017,4,0,0.1939890757203102,0.0,0.4794614166021347,2,-0.1939890757203102,0.0,0.04849726893007755,0.5
M. Hourihan,WSL 2018-2019,1,1,1.0,1.0,1.0,1,0.0,0.0,1.0,1.0
M. Höbinger,WSL 2023-2024,26,5,2.236245572566986,4.000563159584999,2.4717762917280197,20,2.763754427433014,0.9994368404150009,0.08600944509873024,0.7692307692307693
M. Höbinger,WSL 2024-2025,30,3,2.4668898624254436,2.504195105738756,3.9163530287219257,21,0.5331101375745564,0.49580489426124386,0.08222966208084811,0.7
M. Höbinger,WSL 2025-2026,6,0,0.4971264526247978,0.0,0.5110510587692261,4,-0.4971264526247978,0.0,0.08285440877079964,0.6666666666666666
M. Iwabuchi,WSL 2020-2021,12,2,1.1975019574165344,1.1357894539833069,1.6144227236509323,7,0.8024980425834656,0.8642105460166931,0.0997918297847112,0.5833333333333334
M. Iwabuchi,WSL 2021-2022,6,1,1.3878860026597977,1.6315789222717285,0.936943307518959,3,-0.38788600265979767,-0.6315789222717285,0.23131433377663294,0.5
M. Iwabuchi,WSL 2022-2023,4,0,0.0,0.0,0.0,4,0.0,0.0,0.0,1.0
M. Kearns,WSL 2018-2019,1,0,0.0,0.0,0.0,1,0.0,0.0,0.0,1.0
M. Kearns,WSL 2022-2023,27,4,3.656894586980343,3.3559616804122925,3.360922157764435,16,0.34310541301965714,0.6440383195877075,0.13544054025853122,0.5925925925925926
M. Kearns,WSL 2023-2024,23,1,3.0899751782417297,1.9791306853294373,3.020188719034195,11,-2.0899751782417297,-0.9791306853294373,0.1343467468800752,0.4782608695652174
M. Kearns,WSL 2024-2025,15,0,1.1655203327536583,0.8461276292800903,1.3352067321538925,9,-1.1655203327536583,-0.8461276292800903,0.07770135551691056,0.6
M. Kearns,WSL 2025-2026,15,1,1.8500958383083344,0.9909090995788574,1.9781430661678314,11,-0.8500958383083344,0.009090900421142578,0.12333972255388896,0.7333333333333333
M. Lambert,WSL 2017-2018,10,0,1.314162716269493,0.0,1.654755786061287,3,-1.314162716269493,0.0,0.1314162716269493,0.3
M. Lawley,WSL 2015,23,1,2.1074878498911858,0.7021276354789734,3.112360268831253,11,-1.1074878498911858,0.2978723645210266,0.09162990651700807,0.4782608695652174
M. Lawley,WSL 2016,23,1,1.6588379815220833,0.21875,2.3315359205007553,14,-0.6588379815220833,0.78125,0.07212339050096014,0.6086956521739131
M. Lawley,WSL 2017,7,1,0.4861111119389534,0.14399999380111694,0.9126948863267899,4,0.5138888880610466,0.8560000061988831,0.06944444456270762,0.5714285714285714
M. Lawley,WSL 2017-2018,10,0,0.42669347673654556,0.0,0.6582591831684113,6,-0.42669347673654556,0.0,0.04266934767365456,0.6
M. Lawley,WSL 2018-2019,5,0,0.11065573990345001,0.0,0.26033058762550354,4,-0.11065573990345001,0.0,0.022131147980690002,0.8
M. Lawley,WSL 2019-2020,23,1,2.6033809226824016,1.5121951219512195,3.188930433697817,15,-1.6033809226824016,-0.5121951219512195,0.11319047489923485,0.6521739130434783
M. Lawley,WSL 2022-2023,15,0,1.1648167297244072,0.07999999821186066,1.352319985628128,9,-1.1648167297244072,-0.07999999821186066,0.07765444864829381,0.6
M. Lawley,WSL 2023-2024,5,1,0.25806450843811035,0.5894736647605896,0.4794614166021347,4,0.7419354915618896,0.4105263352394104,0.05161290168762207,0.8
M. Lawley,WSL 2024-2025,4,0,0.15671642124652863,0.0,0.14720812439918518,3,-0.15671642124652863,0.0,0.039179105311632156,0.75
M. Lawley,WSL 2025-2026,3,0,0.0,0.0,0.0,3,0.0,0.0,0.0,1.0
M. Le Tissier,WSL 2019-2020,1,0,0.11065573990345001,0.0,0.25072047114372253,0,-0.11065573990345001,0.0,0.11065573990345001,0.0
M. Le Tissier,WSL 2020-2021,10,1,1.5880597606301308,1.0,1.572026938199997,4,-0.5880597606301308,0.0,0.15880597606301308,0.4
M. Le Tissier,WSL 2021-2022,11,1,0.45212219655513763,0.8461276292800903,0.7913257479667664,8,0.5478778034448624,0.15387237071990967,0.04110201786864887,0.7272727272727273
M. Le Tissier,WSL 2022-2023,10,2,0.20720721036195755,1.1131017208099365,0.6987596601247787,9,1.7927927896380424,0.8868982791900635,0.020720721036195756,0.9
M. Le Tissier,WSL 2023-2024,10,2,1.8004137724637985,2.4888911843299866,1.7288451790809631,4,0.19958622753620148,-0.4888911843299866,0.18004137724637986,0.4
M. Le Tissier,WSL 2024-2025,9,3,2.0668399450255603,1.9610731718016834,2.5743670281840534,5,0.9331600549744397,1.0389268281983166,0.22964888278061782,0.5555555555555556
M. Le Tissier,WSL 2025-2026,6,1,1.4075962288714037,1.3160975633597956,1.4739100395179376,3,-0.4075962288714037,-0.31609756335979555,0.23459937147856727,0.5
M. Leth Jans,WSL 2017-2018,1,0,0.0,0.0,0.14720812439918518,0,0.0,0.0,0.0,0.0
M. Leupolz,WSL 2020-2021,23,5,3.615692940063593,4.761412214942094,4.407155242271539,15,1.3843070599364071,0.23858778505790568,0.15720404087233011,0.6521739130434783
M. Leupolz,WSL 2021-2022,7,0,0.1666666716337204,0.0,0.5110510587692261,5,-0.1666666716337204,0.0,0.023809524519102915,0.7142857142857143
M. Leupolz,WSL 2022-2023,3,0,0.8041609823703766,1.291601300239563,0.45748189091682434,1,-0.8041609823703766,-1.291601300239563,0.26805366079012555,0.3333333333333333
M. Leupolz,WSL 2023-2024,16,1,1.2076423466205597,2.4265103936195374,1.2056879848241806,12,-0.2076423466205597,-1.4265103936195374,0.07547764666378498,0.75
M. Lundorf,WSL 2019-2020,7,0,0.5496641024947166,0.0,0.7178124785423279,4,-0.5496641024947166,0.0,0.07852344321353096,0.5714285714285714
M. Malard,WSL 2023-2024,26,5,4.536317341029644,5.324231564998627,3.1138276755809784,18,0.463682658970356,-0.3242315649986267,0.17447374388575554,0.6923076923076923
M. Malard,WSL 2024-2025,24,4,4.743088647723198,4.4068339467048645,3.013472154736519,15,-0.7430886477231979,-0.4068339467048645,0.19762869365513325,0.625
M. Malard,WSL 2025-2026,57,6,8.171962842345238,6.969350218772888,6.131030336022377,38,-2.1719628423452377,-0.9693502187728882,0.14336776916395155,0.6666666666666666
M. Marcetto,WSL 2025-2026,5,1,0.7663073614239693,1.2333333492279053,0.4794614166021347,4,0.23369263857603073,-0.23333334922790527,0.15326147228479386,0.8
M. Minami,WSL 2025-2026,2,1,1.0,0.9909090995788574,1.2287409454584122,1,0.0,0.009090900421142578,0.5,0.5
M. Mjelde,WSL 2017,18,2,2.0207994282245636,1.889358639717102,2.1518885046243668,10,-0.0207994282245636,0.11064136028289795,0.11226663490136464,0.5555555555555556
M. Mjelde,WSL 2017-2018,21,4,3.022039160132408,4.228920474648476,2.4598586410284042,14,0.9779608398675919,-0.22892047464847565,0.14390662667297183,0.6666666666666666
M. Mjelde,WSL 2018-2019,6,0,0.24146218597888947,0.0,0.6441176235675812,3,-0.24146218597888947,0.0,0.04024369766314825,0.5
M. Mjelde,WSL 2019-2020,15,4,3.6719372330642326,3.7477105318046195,2.773191606853066,9,0.3280627669357674,0.25228946819538045,0.2447958155376155,0.6
M. Mjelde,WSL 2020-2021,7,2,1.5955284577680797,1.5121951219512195,1.772525709576723,6,0.4044715422319203,0.4878048780487805,0.22793263682401138,0.8571428571428571
M. Mjelde,WSL 2022-2023,2,1,0.7560975609756098,0.7560975609756098,0.7560975609756098,2,0.24390243902439024,0.24390243902439024,0.3780487804878049,1.0
M. Mjelde,WSL 2023-2024,2,0,0.0,0.0,0.0,2,0.0,0.0,0.0,1.0
M. Mjelde,WSL 2024-2025,2,2,1.0833333358168602,1.21875,1.219298243522644,2,0.9166666641831398,0.78125,0.5416666679084301,1.0
M. Mpome,WSL 2024-2025,2,0,0.11065573990345001,0.5894736647605896,0.22754491865634918,2,-0.11065573990345001,-0.5894736647605896,0.055327869951725006,1.0
M. Mpome,WSL 2025-2026,5,1,0.319444440305233,0.7910447716712952,0.45748189091682434,4,0.680555559694767,0.20895522832870483,0.0638888880610466,0.8
M. Munsterman,WSL 2017-2018,2,0,0.0833333358168602,0.0,0.26033058762550354,1,-0.0833333358168602,0.0,0.0416666679084301,0.5
M. Olislagers,WSL 2024-2025,10,2,1.2216340824961662,1.2678410410881042,1.1752943694591522,7,0.7783659175038338,0.7321589589118958,0.12216340824961662,0.7
M. Olislagers,WSL 2025-2026,8,3,1.235200397670269,1.9354609847068787,1.7397920042276382,7,1.764799602329731,1.0645390152931213,0.15440004970878363,0.875
M. Pacheco,WSL 2016,5,1,1.0266015380620956,0.9909090995788574,0.9589228332042694,2,-0.026601538062095642,0.009090900421142578,0.20532030761241912,0.4
M. Pacheco,WSL 2018-2019,4,0,0.2773224115371704,0.24242424964904785,0.7178124785423279,1,-0.2773224115371704,-0.24242424964904785,0.0693306028842926,0.25
M. Pacheco,WSL 2019-2020,2,0,0.17547055333852768,0.0,0.4890715330839157,0,-0.17547055333852768,0.0,0.08773527666926384,0.0
M. Pacheco,WSL 2020-2021,5,0,1.0173721835017204,0.0,0.8459677845239639,1,-1.0173721835017204,0.0,0.2034744367003441,0.2
M. Pacheco,WSL 2021-2022,9,0,0.7286079376935959,0.36274999380111694,1.1656842529773712,5,-0.7286079376935959,-0.36274999380111694,0.08095643752151066,0.5555555555555556
M. Pacheco,WSL 2022-2023,7,0,0.801771268248558,0.0,1.0937615483999252,2,-0.801771268248558,0.0,0.11453875260693687,0.2857142857142857
M. Pacheco,WSL 2023-2024,8,1,0.349155530333519,0.07999999821186066,0.6018853485584259,6,0.650844469666481,0.9200000017881393,0.04364444129168987,0.75
M. Pacheco,WSL 2024-2025,9,1,0.8600676134228706,1.3716012984514236,1.2068840116262436,5,0.13993238657712936,-0.37160129845142365,0.09556306815809673,0.5555555555555556
M. Pacheco,WSL 2025-2026,14,1,2.7450944781303406,2.5433457493782043,1.3540921360254288,9,-1.7450944781303406,-1.5433457493782043,0.19607817700931005,0.6428571428571429
M. Paví,WSL 2024-2025,14,2,1.4663307964801788,1.7764366418123245,1.4576044827699661,10,0.5336692035198212,0.22356335818767548,0.10473791403429848,0.7142857142857143
M. Piemonte,WSL 2023-2024,33,3,2.9728760793805122,2.333706557750702,2.2351973801851273,26,0.027123920619487762,0.6662934422492981,0.09008715392062158,0.7878787878787878
M. Pike,WSL 2019-2020,12,1,1.6531713604927063,0.9721249938011169,1.3760716617107391,7,-0.6531713604927063,0.027875006198883057,0.13776428004105887,0.5833333333333334
M. Pike,WSL 2020-2021,10,0,0.8955657482147217,0.07999999821186066,1.2068840116262436,5,-0.8955657482147217,-0.07999999821186066,0.08955657482147217,0.5
M. Pike,WSL 2021-2022,16,1,2.1921719685196877,1.1349090933799744,3.676857903599739,6,-1.1921719685196877,-0.13490909337997437,0.13701074803248048,0.375
M. Pike,WSL 2022-2023,8,0,0.6329974383115768,0.0,0.9905124753713608,4,-0.6329974383115768,0.0,0.0791246797889471,0.5
M. Ramírez,WSL 2023-2024,12,3,2.870362102985382,2.368226110935211,1.508627712726593,9,0.12963789701461792,0.6317738890647888,0.23919684191544852,0.75
M. Ramírez,WSL 2024-2025,36,4,2.7430214807391167,2.803057610988617,3.3610230535268784,27,1.2569785192608833,1.196942389011383,0.07619504113164213,0.75
M. Robinson,WSL 2022-2023,2,1,0.23270440101623535,0.7910447716712952,0.22874094545841217,2,0.7672955989837646,0.20895522832870483,0.11635220050811768,1.0
M. Sargeant,WSL 2015,1,0,0.11065573990345001,0.0,0.22874094545841217,0,-0.11065573990345001,0.0,0.11065573990345001,0.0
M. Sargeant,WSL 2017,1,0,0.0,0.0,0.0,1,0.0,0.0,0.0,1.0
M. Sargeant,WSL 2017-2018,4,1,0.959557056427002,0.8823529481887817,0.42362335324287415,3,0.04044294357299805,0.11764705181121826,0.2398892641067505,0.75
M. Sargeant,WSL 2018-2019,10,3,2.0580996572971344,2.723304331302643,0.9931759089231491,8,0.9419003427028656,0.2766956686973572,0.20580996572971344,0.8
M. Sargeant,WSL 2019-2020,4,0,0.5133007690310478,0.0,0.42481938004493713,2,-0.5133007690310478,0.0,0.12832519225776196,0.5
M. Sargeant,WSL 2020-2021,3,1,1.11065573990345,1.0,1.219298243522644,2,-0.11065573990345001,0.0,0.37021857996781665,0.6666666666666666
M. Sargeant,WSL 2021-2022,6,0,0.23452961444854736,0.0,0.8239882588386536,2,-0.23452961444854736,0.0,0.039088269074757896,0.3333333333333333
M. Sharpe,WSL 2024-2025,10,0,1.007476381957531,0.0,0.8775574266910553,6,-1.007476381957531,0.0,0.1007476381957531,0.6
M. Smith,WSL 2021-2022,2,0,0.0,0.0,0.0,2,0.0,0.0,0.0,1.0
M. Smith,WSL 2022-2023,1,0,0.3333333432674408,0.0,0.22874094545841217,0,-0.3333333432674408,0.0,0.3333333432674408,0.0
M. Symonds,WSL 2021-2022,10,1,0.721634104847908,0.6097561120986938,0.9149637818336487,7,0.278365895152092,0.39024388790130615,0.0721634104847908,0.7
M. Symonds,WSL 2022-2023,4,0,0.0,0.0,0.0,4,0.0,0.0,0.0,1.0
M. Symonds,WSL 2023-2024,10,0,0.35070549696683884,0.14399999380111694,0.6850268095731735,7,-0.35070549696683884,-0.14399999380111694,0.035070549696683884,0.7
M. Symonds,WSL 2024-2025,9,0,0.3421372249722481,0.0,0.936943307518959,5,-0.3421372249722481,0.0,0.038015247219138674,0.5555555555555556
M. Symonds,WSL 2025-2026,22,0,1.6355549842119217,1.7592297792434692,2.8518884479999542,9,-1.6355549842119217,-1.7592297792434692,0.07434340837326917,0.4090909090909091
M. Taylor,WSL 2022-2023,3,0,0.0833333358168602,0.14399999380111694,0.37594906985759735,1,-0.0833333358168602,-0.14399999380111694,0.027777778605620067,0.3333333333333333
M. Taylor,WSL 2023-2024,2,1,0.4299674332141876,0.8157894611358643,0.25072047114372253,2,0.5700325667858124,0.18421053886413574,0.2149837166070938,1.0
M. Taylor,WSL 2024-2025,4,0,0.12059138715267181,0.2239999920129776,0.4890715330839157,2,-0.12059138715267181,-0.2239999920129776,0.030147846788167953,0.5
M. Taylor,WSL 2025-2026,16,2,1.434407778084278,1.7983512878417969,2.568108484148979,10,0.5655922219157219,0.20164871215820312,0.08965048613026738,0.625
M. Thomas,WSL 2019-2020,26,4,4.472472049295902,4.686180353164673,4.593959867954254,10,-0.47247204929590225,-0.6861803531646729,0.1720181557421501,0.38461538461538464
M. Thomas,WSL 2020-2021,47,4,5.762982830405235,3.9307912588119507,5.922299459576607,26,-1.7629828304052353,0.06920874118804932,0.12261665596606884,0.5531914893617021
M. Thomas,WSL 2021-2022,36,5,4.966056622564793,5.272441029548645,5.1458959728479385,18,0.03394337743520737,-0.272441029548645,0.13794601729346645,0.5
M. Thomas,WSL 2022-2023,15,1,1.1542734205722809,1.9630340933799744,1.1656842529773712,12,-0.15427342057228088,-0.9630340933799744,0.07695156137148539,0.8
M. Thomas,WSL 2023-2024,46,7,4.663793638348579,5.022797167301178,4.515181481838226,34,2.3362063616514206,1.977202832698822,0.10138681822496912,0.7391304347826086
M. Thomas,WSL 2024-2025,28,0,2.3708461448550224,1.5615986585617065,2.6112696081399918,15,-2.3708461448550224,-1.5615986585617065,0.08467307660196509,0.5357142857142857
M. Thomas,WSL 2025-2026,15,2,2.3153067156672478,1.580382764339447,1.883496731519699,9,-0.31530671566724777,0.419617235660553,0.1543537810444832,0.6
M. Turner,WSL 2017,2,0,0.06481481343507767,0.0,0.22874094545841217,1,-0.06481481343507767,0.0,0.032407406717538834,0.5
M. Turner,WSL 2017-2018,10,1,1.0167840346693993,1.5179170966148376,1.156408965587616,6,-0.01678403466939926,-0.5179170966148376,0.10167840346693993,0.6
M. Turner,WSL 2019-2020,5,0,0.7274866476655006,0.7021276354789734,0.5625848025083542,2,-0.7274866476655006,-0.7021276354789734,0.14549732953310013,0.4
M. Turner,WSL 2020-2021,23,4,3.8451105430722237,3.8435155153274536,4.477630004286766,13,0.15488945692777634,0.1564844846725464,0.16717871926400973,0.5652173913043478
M. Turner,WSL 2021-2022,1,0,0.0833333358168602,0.3048780560493469,0.22874094545841217,0,-0.0833333358168602,-0.3048780560493469,0.0833333358168602,0.0
M. Turner,WSL 2022-2023,18,2,1.460452787578106,1.567005693912506,2.7312783002853394,6,0.5395472124218941,0.4329943060874939,0.08113626597656144,0.3333333333333333
M. Turner,WSL 2023-2024,25,3,5.015093334019184,4.598073601722717,4.3185462057590485,10,-2.015093334019184,-1.5980736017227173,0.20060373336076737,0.4
M. Turner,WSL 2024-2025,8,0,0.7559303417801857,0.0,1.1469662636518478,3,-0.7559303417801857,0.0,0.09449129272252321,0.375
M. Turner,WSL 2025-2026,6,1,0.7447822540998459,0.3199999928474426,0.7085929960012436,3,0.2552177459001541,0.6800000071525574,0.12413037568330765,0.5
M. Vanegas,WSL 2025-2026,6,1,0.6110500767827034,0.828125,0.7397920042276382,4,0.3889499232172966,0.171875,0.1018416794637839,0.6666666666666666
M. Vinberg,WSL 2023-2024,11,1,1.6332516446709633,0.7021276354789734,1.800547942519188,5,-0.6332516446709633,0.2978723645210266,0.14847742224281485,0.45454545454545453
M. Vinberg,WSL 2024-2025,13,0,1.5724939480423927,0.3864242434501648,2.072026938199997,5,-1.5724939480423927,-0.3864242434501648,0.1209610729263379,0.38461538461538464
M. Vinberg,WSL 2025-2026,17,1,0.5811637118458748,0.3048780560493469,0.6767801344394684,15,0.4188362881541252,0.6951219439506531,0.034186100696816164,0.8823529411764706
M. Walsh,WSL 2016,1,1,1.0,0.9909090995788574,1.0,1,0.0,0.009090900421142578,1.0,1.0
M. Walsh,WSL 2019-2020,1,1,1.0,1.0,1.0,1,0.0,0.0,1.0,1.0
M. Ward,WSL 2023-2024,3,0,0.6368639916181564,0.5600000023841858,0.784296527504921,1,-0.6368639916181564,-0.5600000023841858,0.21228799720605215,0.3333333333333333
M. Wynne,WSL 2019-2020,1,0,0.0,0.0,0.0,1,0.0,0.0,0.0,1.0
M. Zinsberger,WSL 2022-2023,1,0,0.11065573990345001,0.0,0.1538461595773697,0,-0.11065573990345001,0.0,0.11065573990345001,0.0
M. van den Berg,WSL 2016,4,0,0.11065573990345001,0.0,0.4890715330839157,2,-0.11065573990345001,0.0,0.027663934975862503,0.5
M. van den Berg,WSL 2017,2,1,0.9953703954815865,0.9909090995788574,0.4782653898000717,1,0.004629604518413544,0.009090900421142578,0.49768519774079323,0.5
M. van den Berg,WSL 2017-2018,2,0,0.06481481343507767,0.0,0.22874094545841217,1,-0.06481481343507767,0.0,0.032407406717538834,0.5
M. Þórisdóttir,WSL 2017-2018,5,0,0.389420822262764,0.5894736647605896,0.45748189091682434,3,-0.389420822262764,-0.5894736647605896,0.07788416445255279,0.6
M. Þórisdóttir,WSL 2019-2020,4,1,0.4907689094543457,0.7021276354789734,0.4796288311481476,3,0.5092310905456543,0.2978723645210266,0.12269222736358643,0.75
M. Þórisdóttir,WSL 2020-2021,3,0,0.54227264970541,0.44887804985046387,0.7178124785423279,0,-0.54227264970541,-0.44887804985046387,0.18075754990180334,0.0
M. Þórisdóttir,WSL 2021-2022,5,1,0.9953703954815865,0.9909090995788574,0.38139107823371887,4,0.004629604518413544,0.009090900421142578,0.1990740790963173,0.8
M. Þórisdóttir,WSL 2022-2023,1,0,0.0,0.0,0.0,1,0.0,0.0,0.0,1.0
M. Þórisdóttir,WSL 2023-2024,2,0,0.06481481343507767,0.0,0.22874094545841217,1,-0.06481481343507767,0.0,0.032407406717538834,0.5
M. Þórisdóttir,WSL 2024-2025,6,0,0.6940656378865242,0.7334736585617065,1.156408965587616,3,-0.6940656378865242,-0.7334736585617065,0.1156776063144207,0.5
Maite Oroz,WSL 2024-2025,11,0,0.3879781514406204,0.6897561103105545,1.1342620253562927,6,-0.3879781514406204,-0.6897561103105545,0.035270741040056404,0.5454545454545454
Mariona Caldentey,WSL 2024-2025,33,9,6.237446948159032,7.698428957927518,6.099486901629262,28,2.7625530518409684,1.3015710420724824,0.18901354388360703,0.8484848484848485
Mariona Caldentey,WSL 2025-2026,23,4,2.5178353041410446,3.167425036430359,2.739074632525444,15,1.4821646958589554,0.8325749635696411,0.10947110018004542,0.6521739130434783
Marta Corredera,WSL 2015,4,0,0.34336014091968536,0.0,0.4890715330839157,2,-0.34336014091968536,0.0,0.08584003522992134,0.5
Marta Corredera,WSL 2016,6,0,0.5147131979465485,0.0,0.42481938004493713,4,-0.5147131979465485,0.0,0.08578553299109141,0.6666666666666666
Martina Fernández,WSL 2024-2025,4,0,0.4574225842952728,0.6799242496490479,0.6987596601247787,3,-0.4574225842952728,-0.6799242496490479,0.1143556460738182,0.75
Martina Fernández,WSL 2025-2026,7,3,1.7272259593009949,2.3247058987617493,1.5231571942567825,6,1.2727740406990051,0.6752941012382507,0.24674656561442784,0.8571428571428571
María Pérez,WSL 2025-2026,5,0,0.3321869745850563,1.0383517146110535,0.6975636333227158,4,-0.3321869745850563,-1.0383517146110535,0.06643739491701126,0.8
N. Björn,WSL 2021-2022,3,1,0.2361111044883728,0.5894736647605896,0.37594906985759735,2,0.7638888955116272,0.4105263352394104,0.07870370149612427,0.6666666666666666
N. Björn,WSL 2022-2023,2,0,0.12387387454509735,0.0,0.37594906985759735,0,-0.12387387454509735,0.0,0.061936937272548676,0.0
N. Björn,WSL 2023-2024,8,2,1.714992432150899,1.4582251964545832,1.7150203941798792,5,0.2850075678491011,0.5417748035454168,0.21437405401886236,0.625
N. Björn,WSL 2024-2025,6,1,1.3866838663816452,1.4052631258964539,0.6511682718992233,4,-0.3866838663816452,-0.40526312589645386,0.2311139777302742,0.6666666666666666
N. Björn,WSL 2025-2026,7,0,1.020691066980362,0.7021276354789734,0.5786655396223068,4,-1.020691066980362,-0.7021276354789734,0.14581300956862314,0.5714285714285714
N. Charles,WSL 2016,1,0,0.0,0.0,0.0,1,0.0,0.0,0.0,1.0
N. Charles,WSL 2017,6,0,0.11065573990345001,0.0,0.22874094545841217,5,-0.11065573990345001,0.0,0.01844262331724167,0.8333333333333334
N. Charles,WSL 2017-2018,8,3,1.298924744129181,2.597743332386017,0.7178124785423279,8,1.701075255870819,0.40225666761398315,0.1623655930161476,1.0
N. Charles,WSL 2018-2019,11,1,1.7202694416046143,0.9629629850387573,1.3105003237724304,6,-0.7202694416046143,0.037037014961242676,0.15638813105496494,0.5454545454545454
N. Charles,WSL 2019-2020,19,2,3.2898528203368187,2.208719879388809,3.1955279111862183,8,-1.2898528203368187,-0.2087198793888092,0.17315014843877993,0.42105263157894735
N. Charles,WSL 2020-2021,7,1,1.2928639724850655,1.6068342328071594,0.6767801344394684,4,-0.29286397248506546,-0.6068342328071594,0.1846948532121522,0.5714285714285714
N. Charles,WSL 2021-2022,13,1,2.4571092426776886,0.5894736647605896,2.0535510778427124,5,-1.4571092426776886,0.4105263352394104,0.1890084032828991,0.38461538461538464
N. Charles,WSL 2022-2023,21,4,3.498605467379093,3.6600229144096375,2.2243692576885223,14,0.5013945326209068,0.33997708559036255,0.1666002603513854,0.6666666666666666
N. Charles,WSL 2023-2024,24,2,1.7205643132328987,1.3881250023841858,2.419150486588478,15,0.2794356867671013,0.6118749976158142,0.07169017971803744,0.625
N. Charles,WSL 2024-2025,6,0,1.2404803186655045,0.0,0.6673374325037003,3,-1.2404803186655045,0.0,0.20674671977758408,0.5
N. Charles,WSL 2025-2026,5,1,1.4649610668420792,0.9623529464006424,1.4574818909168243,3,-0.46496106684207916,0.037647053599357605,0.29299221336841585,0.6
N. Cousins,WSL 2017,9,1,1.634791225194931,0.9909090995788574,2.2739882469177246,4,-0.634791225194931,0.009090900421142578,0.18164346946610344,0.4444444444444444
N. Cousins,WSL 2017-2018,4,0,0.17547055333852768,0.5082637965679169,0.9263045787811279,0,-0.17547055333852768,-0.5082637965679169,0.04386763833463192,0.0
N. Cousins,WSL 2018-2019,8,0,0.08474576473236084,0.0,0.22874094545841217,7,-0.08474576473236084,0.0,0.010593220591545105,0.875
N. Dowie,WSL 2015,23,4,5.652502223849297,3.902188263833523,3.066896542906761,14,-1.6525022238492966,0.0978117361664772,0.24576096625431723,0.6086956521739131
N. Dowie,WSL 2016,4,1,0.605675034224987,0.828125,0.8823012709617615,1,0.39432496577501297,0.171875,0.15141875855624676,0.25
N. Dowie,WSL 2021-2022,23,6,5.18717194021475,4.564855646796342,4.885654103465196,13,0.8128280597852502,1.4351443532036576,0.22552921479194565,0.5652173913043478
N. Dowie,WSL 2022-2023,23,3,2.4335535913705826,2.597743332386017,2.1333560049533844,17,0.5664464086294174,0.40225666761398315,0.1058066778856775,0.7391304347826086
N. Fahey,WSL 2015,4,0,0.39937107264995575,0.0,0.37594906985759735,2,-0.39937107264995575,0.0,0.09984276816248894,0.5
N. Fahey,WSL 2016,2,0,0.0833333358168602,0.0,0.21929824352264404,1,-0.0833333358168602,0.0,0.0416666679084301,0.5
N. Fahey,WSL 2017,3,0,0.10535535216331482,0.0,0.4480391889810562,1,-0.10535535216331482,0.0,0.03511845072110494,0.3333333333333333
N. Fahey,WSL 2018-2019,6,2,2.1262237280607224,2.3232160434126854,2.6673374325037003,5,-0.12622372806072235,-0.3232160434126854,0.3543706213434537,0.8333333333333334
N. Fahey,WSL 2019-2020,5,0,0.6442860588431358,0.0,0.7507021129131317,1,-0.6442860588431358,0.0,0.12885721176862716,0.2
N. Fahey,WSL 2022-2023,9,1,1.3780279010534286,0.9909090995788574,1.7178124785423279,6,-0.37802790105342865,0.009090900421142578,0.15311421122815874,0.6666666666666666
N. Fahey,WSL 2023-2024,3,0,0.2068965584039688,0.3048780560493469,0.22874094545841217,2,-0.2068965584039688,-0.3048780560493469,0.06896551946798961,0.6666666666666666
N. Flint,WSL 2015,2,0,0.11065573990345001,0.0,0.22874094545841217,1,-0.11065573990345001,0.0,0.055327869951725006,0.5
N. Flint,WSL 2021-2022,41,2,2.708789773285389,1.7029426842927933,4.181750237941742,25,-0.708789773285389,0.2970573157072067,0.06606804325086314,0.6097560975609756
N. Flint,WSL 2022-2023,11,1,0.8232676163315773,0.6694736629724503,1.44655342400074,7,0.1767323836684227,0.33052633702754974,0.07484251057559793,0.6363636363636364
N. Flint,WSL 2023-2024,5,1,0.8262566700577736,1.1268178820610046,0.7494021207094193,3,0.1737433299422264,-0.12681788206100464,0.16525133401155473,0.6
N. Girma,WSL 2024-2025,1,0,0.0,0.0,0.0,1,0.0,0.0,0.0,1.0
N. Girma,WSL 2025-2026,7,1,0.7916666492819786,0.7021276354789734,0.8461351990699768,4,0.2083333507180214,0.2978723645210266,0.11309523561171123,0.5714285714285714
N. Haigh,WSL 2020-2021,2,2,1.2327044010162354,1.7021276354789734,1.196078434586525,2,0.7672955989837646,0.2978723645210266,0.6163522005081177,1.0
N. Hanssen,WSL 2020-2021,12,1,1.26282200217247,0.5600000023841858,1.6863454282283783,6,-0.2628220021724701,0.4399999976158142,0.10523516684770584,0.5
N. Harding,WSL 2015,11,1,0.9305555820465088,0.5894736647605896,0.25072047114372253,11,0.06944441795349121,0.4105263352394104,0.08459596200422807,1.0
N. Harding,WSL 2016,19,3,2.70473725348711,2.090252637863159,2.7574281692504883,10,0.29526274651288986,0.9097473621368408,0.14235459228879527,0.5263157894736842
N. Harding,WSL 2017,18,4,1.701003722846508,3.507851302623749,1.8520745038986206,14,2.298996277153492,0.4921486973762512,0.094500206824806,0.7777777777777778
N. Harding,WSL 2017-2018,22,4,2.958959721028805,3.9658539295196533,2.885350003838539,14,1.0410402789711952,0.03414607048034668,0.13449816913767296,0.6363636363636364
N. Harding,WSL 2018-2019,8,1,0.7522214502096176,1.7375986576080322,0.9149637818336487,5,0.24777854979038239,-0.7375986576080322,0.0940276812762022,0.625
N. Harding,WSL 2019-2020,5,0,0.3782476559281349,0.0,0.6755841076374054,3,-0.3782476559281349,0.0,0.07564953118562698,0.6
N. Harding,WSL 2020-2021,24,3,2.960579998791218,2.3123802691698074,3.60332989692688,12,0.039420001208782196,0.6876197308301926,0.12335749994963408,0.5
N. Harding,WSL 2021-2022,8,0,0.7346122488379478,0.24242424964904785,0.936943307518959,5,-0.7346122488379478,-0.24242424964904785,0.09182653110474348,0.625
N. Harding,WSL 2022-2023,1,0,0.06481481343507767,0.3048780560493469,0.26033058762550354,0,-0.06481481343507767,-0.3048780560493469,0.06481481343507767,0.0
N. Heroum,WSL 2020-2021,7,0,0.9579401388764381,0.14399999380111694,0.7082023620605469,4,-0.9579401388764381,-0.14399999380111694,0.1368485912680626,0.5714285714285714
N. Jones,WSL 2016,1,0,0.23270440101623535,0.0,0.22874094545841217,0,-0.23270440101623535,0.0,0.23270440101623535,0.0
N. Jones,WSL 2017,3,0,0.2732449397444725,0.0,0.42481938004493713,1,-0.2732449397444725,0.0,0.09108164658149083,0.3333333333333333
N. Karczewska,WSL 2022-2023,10,2,2.4643725231289864,2.4282171726226807,1.563612848520279,5,-0.46437252312898636,-0.42821717262268066,0.24643725231289865,0.5
N. Las,WSL 2024-2025,8,0,0.0833333358168602,0.0,0.19607843458652496,7,-0.0833333358168602,0.0,0.010416666977107525,0.875
N. Las,WSL 2025-2026,1,0,0.0,0.0,0.0,1,0.0,0.0,0.0,1.0
N. Lawrence,WSL 2015,1,0,0.0,0.0,0.0,1,0.0,0.0,0.0,1.0
N. Lawrence,WSL 2017,10,1,1.8009259328246117,0.9909090995788574,2.645313084125519,3,-0.8009259328246117,0.009090900421142578,0.18009259328246116,0.3
N. Lawrence,WSL 2017-2018,2,0,0.0,0.0,0.0,2,0.0,0.0,0.0,1.0
N. Layzell,WSL 2023-2024,8,0,1.0323461145162582,0.3048780560493469,1.2774694561958313,3,-1.0323461145162582,-0.3048780560493469,0.12904326431453228,0.375
N. Layzell,WSL 2024-2025,3,0,0.11065573990345001,0.0,0.21929824352264404,2,-0.11065573990345001,0.0,0.03688524663448334,0.6666666666666666
N. Maritz,WSL 2020-2021,5,0,0.6660785377025604,0.7334736585617065,0.4794614166021347,3,-0.6660785377025604,-0.7334736585617065,0.1332157075405121,0.6
N. Maritz,WSL 2021-2022,6,0,0.1666666716337204,0.14399999380111694,0.45508983731269836,4,-0.1666666716337204,-0.14399999380111694,0.027777778605620067,0.6666666666666666
N. Maritz,WSL 2022-2023,2,0,0.11065573990345001,0.0,0.22874094545841217,1,-0.11065573990345001,0.0,0.055327869951725006,0.5
N. Maritz,WSL 2023-2024,3,0,0.2773224115371704,0.3048780560493469,0.7289858609437943,0,-0.2773224115371704,-0.3048780560493469,0.09244080384572347,0.0
N. Maritz,WSL 2024-2025,4,0,0.22131147980690002,0.8157894611358643,0.37314440310001373,3,-0.22131147980690002,-0.8157894611358643,0.055327869951725006,0.75
N. Maritz,WSL 2025-2026,4,0,0.15671642124652863,0.07999999821186066,0.22874094545841217,3,-0.15671642124652863,-0.07999999821186066,0.039179105311632156,0.75
N. Mouchon,WSL 2024-2025,5,0,0.3467668443918228,0.0,0.45628586411476135,3,-0.3467668443918228,0.0,0.06935336887836456,0.6
N. Mouchon,WSL 2025-2026,17,2,1.5727546364068985,2.1377289295196533,2.3700222223997116,11,0.4272453635931015,-0.13772892951965332,0.0925149786121705,0.6470588235294118
N. Nadim,WSL 2017-2018,25,4,3.608337923884392,3.6722672879695892,3.2818827480077744,15,0.3916620761156082,0.32773271203041077,0.14433351695537566,0.6
N. Nadim,WSL 2018-2019,7,0,0.39937107264995575,0.5894736647605896,0.7397920042276382,4,-0.39937107264995575,-0.5894736647605896,0.057053010378565104,0.5714285714285714
N. Noordam,WSL 2024-2025,7,0,0.9666411578655243,0.0,0.936943307518959,3,-0.9666411578655243,0.0,0.13809159398078918,0.42857142857142855
N. Noordam,WSL 2025-2026,8,0,0.46881550550460815,0.07999999821186066,0.45748189091682434,6,-0.46881550550460815,-0.07999999821186066,0.05860193818807602,0.75
N. Parris,WSL 2015,50,4,4.847792781889439,3.247180163860321,5.070403546094894,32,-0.8477927818894386,0.752819836139679,0.09695585563778877,0.64
N. Parris,WSL 2016,49,1,4.6673499122262,2.184384673833847,5.757989540696144,26,-3.6673499122262,-1.184384673833847,0.09525203902502449,0.5306122448979592
N. Parris,WSL 2017,27,2,2.7596215158700943,1.9818181991577148,2.8851825892925262,17,-0.7596215158700943,0.018181800842285156,0.10220820429148497,0.6296296296296297
N. Parris,WSL 2017-2018,60,11,9.60497311502695,9.973713994026184,7.1895022839307785,41,1.3950268849730492,1.026286005973816,0.16008288525044917,0.6833333333333333
N. Parris,WSL 2018-2019,73,19,15.242277049436801,18.2996860379126,12.39752551259064,50,3.757722950563199,0.7003139620873995,0.2087983157457096,0.684931506849315
N. Parris,WSL 2021-2022,17,1,2.304265102598725,1.4582251964545832,2.966198286268769,8,-1.304265102598725,-0.45822519645458315,0.13554500603521913,0.47058823529411764
N. Parris,WSL 2022-2023,30,4,2.9279067292809486,4.132465720176697,3.3495153039693832,21,1.0720932707190514,-0.13246572017669678,0.09759689097603162,0.7
N. Parris,WSL 2023-2024,35,8,5.144888073205948,7.53235550224781,3.9995278120040894,26,2.855111926794052,0.46764449775218964,0.14699680209159852,0.7428571428571429
N. Parris,WSL 2024-2025,50,7,8.334839016199112,8.691642180085182,6.295332998037338,32,-1.334839016199112,-1.6916421800851822,0.16669678032398225,0.64
N. Parris,WSL 2025-2026,26,4,3.6460612043738365,4.514890670776367,2.514957919716835,19,0.3539387956261635,-0.5148906707763672,0.14023312324514756,0.7307692307692307
N. Rolser,WSL 2015,1,0,0.11065573990345001,0.0,0.22874094545841217,0,-0.11065573990345001,0.0,0.11065573990345001,0.0
N. Sørensen,WSL 2020-2021,18,2,1.6758757382631302,1.9003827571868896,1.3446494340896606,14,0.3241242617368698,0.09961724281311035,0.09310420768128501,0.7777777777777778
N. Sørensen,WSL 2022-2023,15,2,0.9463259801268578,1.9937289357185364,1.9590454250574112,9,1.0536740198731422,0.006271064281463623,0.06308839867512385,0.6
N. Sørensen,WSL 2023-2024,14,0,1.0579953417181969,0.5236280560493469,1.597330704331398,8,-1.0579953417181969,-0.5236280560493469,0.07557109583701406,0.5714285714285714
N. Watts,WSL 2015,8,2,1.450440689921379,1.6068342328071594,1.872858002781868,2,0.5495593100786209,0.3931657671928406,0.1813050862401724,0.25
Natalia Pablos,WSL 2015,39,7,5.945186075277444,5.293838512606737,6.980901685066339,20,1.0548139247225556,1.7061614873932633,0.15244066859685754,0.5128205128205128
Natalia Pablos,WSL 2016,18,4,2.0531853437423706,2.814564287662506,2.3290996104478836,12,1.9468146562576294,1.185435712337494,0.1140658524301317,0.6666666666666666
Nor Mustafa,WSL 2020-2021,2,0,0.15671642124652863,0.0,0.14720812439918518,1,-0.15671642124652863,0.0,0.07835821062326431,0.5
O. Ahtinen,WSL 2023-2024,9,1,0.5133007690310478,0.5600000023841858,0.4794614166021347,8,0.4866992309689522,0.4399999976158142,0.057033418781227536,0.8888888888888888
O. Ahtinen,WSL 2024-2025,5,1,0.34336014091968536,0.7021276354789734,0.37594906985759735,4,0.6566398590803146,0.2978723645210266,0.06867202818393707,0.8
O. Ahtinen,WSL 2025-2026,2,1,0.669540248811245,0.9629629850387573,0.45748189091682434,1,0.33045975118875504,0.037037014961242676,0.3347701244056225,0.5
O. Babajide,WSL 2017-2018,2,0,0.0,0.0,0.0,2,0.0,0.0,0.0,1.0
O. Babajide,WSL 2018-2019,26,4,2.4714580476284027,3.6299970746040344,2.5721495300531387,19,1.5285419523715973,0.3700029253959656,0.09505607875493857,0.7307692307692307
O. Babajide,WSL 2019-2020,24,1,3.1312857642769814,2.1570367217063904,3.081850677728653,13,-2.1312857642769814,-1.1570367217063904,0.13047024017820755,0.5416666666666666
O. Babajide,WSL 2021-2022,2,0,0.0833333358168602,0.0,0.14720812439918518,1,-0.0833333358168602,0.0,0.0416666679084301,0.5
O. Chance,WSL 2017-2018,8,0,0.15671642124652863,0.0,0.22874094545841217,7,-0.15671642124652863,0.0,0.019589552655816078,0.875
O. Chance,WSL 2019-2020,10,0,0.7996641099452972,1.2203211784362793,1.4672145992517471,5,-0.7996641099452972,-1.2203211784362793,0.07996641099452972,0.5
O. Deslandes,WSL 2025-2026,7,0,0.49028537422418594,0.5894736647605896,1.2037706971168518,1,-0.49028537422418594,-0.5894736647605896,0.07004076774631228,0.14285714285714285
O. Fergusson,WSL 2017,5,0,0.6660785377025604,0.0,0.45748189091682434,3,-0.6660785377025604,0.0,0.1332157075405121,0.6
O. Fergusson,WSL 2017-2018,1,0,0.0,0.0,0.0,1,0.0,0.0,0.0,1.0
O. Fergusson,WSL 2018-2019,26,1,2.2118931710720062,1.5894736647605896,2.8825907111167908,15,-1.2118931710720062,-0.5894736647605896,0.08507281427200024,0.5769230769230769
O. Holdt,WSL 2024-2025,14,1,0.6476748436689377,1.8131723999977112,1.3886084854602814,9,0.3523251563310623,-0.8131723999977112,0.04626248883349555,0.6428571428571429
O. Holdt,WSL 2025-2026,44,8,4.080477744340897,5.82843853533268,5.078637287020683,31,3.9195222556591034,2.1715614646673203,0.0927381305532022,0.7045454545454546
O. Jean-François,WSL 2024-2025,7,0,0.40812885761260986,0.8157894611358643,0.9590902477502823,3,-0.40812885761260986,-0.8157894611358643,0.058304122516087124,0.42857142857142855
O. Jean-François,WSL 2025-2026,7,1,1.124544657766819,1.143999993801117,0.6034939885139465,5,-0.124544657766819,-0.14399999380111694,0.16064923682383128,0.7142857142857143
O. McLoughlin,WSL 2020-2021,2,0,0.04054053872823715,0.0,0.22754491865634918,1,-0.04054053872823715,0.0,0.020270269364118576,0.5
O. McLoughlin,WSL 2021-2022,2,0,0.12962962687015533,0.0,0.4794614166021347,0,-0.12962962687015533,0.0,0.06481481343507767,0.0
O. McLoughlin,WSL 2025-2026,11,0,0.5849510952830315,0.0,1.1437047272920609,6,-0.5849510952830315,0.0,0.053177372298457405,0.5454545454545454
O. Siren,WSL 2024-2025,13,0,0.37497565895318985,0.6694736629724503,0.9685329496860504,9,-0.37497565895318985,-0.6694736629724503,0.02884428145793768,0.6923076923076923
O. Siren,WSL 2025-2026,11,1,0.5102163255214691,0.5928780436515808,1.4660185724496841,6,0.4897836744785309,0.4071219563484192,0.04638330232013355,0.5454545454545454
O. Smith,WSL 2024-2025,50,7,6.219880102429448,5.561070626828728,7.145473471138535,30,0.7801198975705521,1.4389293731712716,0.12439760204858896,0.6
O. Smith,WSL 2025-2026,35,5,3.4152905493974686,4.537640392780304,4.685467332601547,21,1.5847094506025314,0.46235960721969604,0.09757972998278482,0.6
O. Tvedten,WSL 2025-2026,6,0,0.04054053872823715,0.0,0.480541467666626,4,-0.04054053872823715,0.0,0.006756756454706192,0.6666666666666666
Ona Batlle,WSL 2020-2021,11,0,0.775079183280468,0.0,0.9264719933271408,7,-0.775079183280468,0.0,0.070461743934588,0.6363636363636364
Ona Batlle,WSL 2021-2022,20,1,0.7245793789625168,1.0214736461639404,1.7853860408067703,13,0.2754206210374832,-0.02147364616394043,0.03622896894812584,0.65
Ona Batlle,WSL 2022-2023,10,1,0.7415082976222038,0.8134736567735672,1.5416333228349686,4,0.2584917023777962,0.1865263432264328,0.07415082976222039,0.4
Ornella Vignola,WSL 2025-2026,35,4,2.2062762528657913,3.807028830051422,3.147777244448662,28,1.7937237471342087,0.19297116994857788,0.06303646436759404,0.8
P. Ademiluyi,WSL 2023-2024,1,0,0.0,0.0,0.0,1,0.0,0.0,0.0,1.0
P. Ademiluyi,WSL 2024-2025,2,0,0.0833333358168602,0.0,0.22874094545841217,1,-0.0833333358168602,0.0,0.0416666679084301,0.5
P. Bailey-Gayle,WSL 2018-2019,1,0,0.2361111044883728,0.0,0.22874094545841217,0,-0.2361111044883728,0.0,0.2361111044883728,0.0
P. Bailey-Gayle,WSL 2021-2022,1,0,0.0,0.0,0.0,1,0.0,0.0,0.0,1.0
P. Bremer,WSL 2017-2018,3,1,0.11065573990345001,0.5894736647605896,0.21929824352264404,3,0.88934426009655,0.4105263352394104,0.03688524663448334,1.0
P. Bremer,WSL 2018-2019,5,0,0.26737216114997864,0.0,0.4890715330839157,3,-0.26737216114997864,0.0,0.053474432229995726,0.6
P. Bremer,WSL 2019-2020,48,10,9.98860627412796,8.660734236240387,7.088983908295631,27,0.011393725872039795,1.339265763759613,0.2080959640443325,0.5625
P. Bremer,WSL 2023-2024,16,2,1.9250413402915,1.6930367350578308,1.6315802335739136,11,0.07495865970849991,0.3069632649421692,0.12031508376821876,0.6875
P. Bremer,WSL 2024-2025,12,1,1.478049784898758,0.8157894611358643,1.4356249570846558,7,-0.47804978489875793,0.18421053886413574,0.12317081540822983,0.5833333333333334
P. Harder,WSL 2020-2021,54,10,6.2846243067122085,7.558722203824578,6.764918884489594,36,3.7153756932877915,2.441277796175422,0.11638193160578164,0.6666666666666666
P. Harder,WSL 2021-2022,53,6,7.245753532502709,6.613395339105187,8.24254164681202,27,-1.2457535325027091,-0.6133953391051872,0.1367123308019379,0.5094339622641509
P. Harder,WSL 2022-2023,36,8,6.841993658099232,8.261203473661004,5.366170009825288,23,1.1580063419007676,-0.2612034736610038,0.19005537939164535,0.6388888888888888
P. Pattinson,WSL 2018-2019,5,0,0.17547055333852768,0.0,0.45748189091682434,3,-0.17547055333852768,0.0,0.035094110667705535,0.6
P. Pattinson,WSL 2019-2020,2,0,0.0,0.0,0.0,2,0.0,0.0,0.0,1.0
P. Pattinson,WSL 2020-2021,2,0,0.0833333358168602,0.0,0.22874094545841217,1,-0.0833333358168602,0.0,0.0416666679084301,0.5
P. Pattinson,WSL 2021-2022,7,0,0.17547055333852768,0.3048780560493469,0.4794614166021347,5,-0.17547055333852768,-0.3048780560493469,0.025067221905503954,0.7142857142857143
P. Pattinson,WSL 2022-2023,13,0,0.7313382923603058,0.2239999920129776,1.4040353149175644,7,-0.7313382923603058,-0.2239999920129776,0.05625679172002352,0.5384615384615384
P. Pattinson,WSL 2023-2024,7,0,0.0833333358168602,0.0,0.21929824352264404,6,-0.0833333358168602,0.0,0.011904762259551458,0.8571428571428571
P. Pattinson,WSL 2024-2025,9,0,0.1939890757203102,0.0,0.45628586411476135,7,-0.1939890757203102,0.0,0.021554341746701136,0.7777777777777778
P. Pattinson,WSL 2025-2026,6,0,0.3639236316084862,0.0,0.9673369228839874,2,-0.3639236316084862,0.0,0.06065393860141436,0.3333333333333333
P. Sawyer,WSL 2017-2018,1,0,0.0,0.0,0.0,1,0.0,0.0,0.0,1.0
P. Williams,WSL 2017,12,0,0.5586036816239357,0.3048780560493469,2.090258151292801,3,-0.5586036816239357,-0.3048780560493469,0.046550306801994644,0.25
P. Williams,WSL 2017-2018,7,0,0.43403883278369904,0.46399998664855957,1.2400369197130203,2,-0.43403883278369904,-0.46399998664855957,0.062005547540528436,0.2857142857142857
P. Williams,WSL 2018-2019,6,0,0.1939890757203102,0.14399999380111694,0.45748189091682434,4,-0.1939890757203102,-0.14399999380111694,0.032331512620051704,0.6666666666666666
P. Wilson,WSL 2017,2,0,0.2361111044883728,0.0,0.22874094545841217,1,-0.2361111044883728,0.0,0.1180555522441864,0.5
P. Wilson,WSL 2017-2018,1,0,0.0,0.0,0.0,1,0.0,0.0,0.0,1.0
Paula Tomás,WSL 2024-2025,11,0,0.6974723413586617,0.7021276354789734,1.1752943694591522,6,-0.6974723413586617,-0.7021276354789734,0.06340657648715106,0.5454545454545454
Paula Tomás,WSL 2025-2026,1,0,0.2361111044883728,0.0,0.22874094545841217,0,-0.2361111044883728,0.0,0.2361111044883728,0.0
R. Allen,WSL 2015,9,0,1.581995902810155,0.8360975591874704,1.7014549581742868,5,-1.581995902810155,-0.8360975591874704,0.17577732253446166,0.5555555555555556
R. Allen,WSL 2016,9,1,1.9206053614616394,1.7910879850387573,1.363002970814705,4,-0.9206053614616394,-0.7910879850387573,0.21340059571795994,0.4444444444444444
R. Allen,WSL 2017,8,0,0.9415423050522804,0.0,0.6862228363752365,5,-0.9415423050522804,0.0,0.11769278813153505,0.625
R. Allen,WSL 2017-2018,32,9,8.577958650887012,9.062876880168915,4.504750043153763,21,0.4220413491129875,-0.0628768801689148,0.26806120784021914,0.65625
R. Allen,WSL 2018-2019,26,2,3.877179555594921,3.2422998547554016,3.446080967783928,13,-1.8771795555949211,-1.2422998547554016,0.14912229059980467,0.5
R. Allen,WSL 2019-2020,15,3,2.9953836277127266,2.888916850090027,1.6233335584402084,11,0.004616372287273407,0.11108314990997314,0.1996922418475151,0.7333333333333333
R. Allen,WSL 2021-2022,15,3,2.1660223826766014,2.4472182542085648,1.868069902062416,10,0.8339776173233986,0.5527817457914352,0.1444014921784401,0.6666666666666666
R. Allen,WSL 2022-2023,2,0,0.0,0.0,0.0,2,0.0,0.0,0.0,1.0
R. Ayane,WSL 2018-2019,16,1,1.4514110162854195,0.7021276354789734,1.705093502998352,9,-0.45141101628541946,0.2978723645210266,0.09071318851783872,0.5625
R. Ayane,WSL 2019-2020,23,0,1.535302571952343,0.45133332163095474,3.942892000079155,10,-1.535302571952343,-0.45133332163095474,0.0667522857370584,0.43478260869565216
R. Ayane,WSL 2020-2021,21,1,2.3869824334979057,1.82784104347229,3.217487320303917,9,-1.3869824334979057,-0.82784104347229,0.11366583016656694,0.42857142857142855
R. Ayane,WSL 2021-2022,21,1,1.3603065593577013,0.7560975609756098,2.4108533470368965,15,-0.3603065593577013,0.24390243902439024,0.0647765028265572,0.7142857142857143
R. Ayane,WSL 2022-2023,19,1,0.9356458112597466,0.782127633690834,1.8865908533334732,12,0.06435418874025345,0.21787236630916595,0.04924451638209192,0.631578947368421
R. Ayane,WSL 2023-2024,5,0,0.7535128742456436,0.0,0.4890715330839157,3,-0.7535128742456436,0.0,0.15070257484912872,0.6
R. Ayane,WSL 2024-2025,3,0,0.0,0.0,0.0,3,0.0,0.0,0.0,1.0
R. Ayane,WSL 2025-2026,3,0,0.08474576473236084,0.0,0.22874094545841217,2,-0.08474576473236084,0.0,0.02824858824412028,0.6666666666666666
R. Bachmann,WSL 2017,23,3,2.8834995105862617,2.809943199157715,2.0336315631866455,17,0.11650048941373825,0.19005680084228516,0.1253695439385331,0.7391304347826086
R. Bachmann,WSL 2017-2018,24,0,1.8455050513148308,0.2879999876022339,1.5207837671041489,18,-1.8455050513148308,-0.2879999876022339,0.07689604380478461,0.75
R. Bachmann,WSL 2018-2019,36,3,4.0524265468120575,2.524561643600464,2.830050155520439,27,-1.0524265468120575,0.47543835639953613,0.1125674040781127,0.75
R. Bachmann,WSL 2019-2020,17,1,1.819521002471447,1.147625520825386,1.3535602688789368,13,-0.819521002471447,-0.14762552082538605,0.10703064720420276,0.7647058823529411
R. Bose,WSL 2025-2026,1,0,0.4299674332141876,0.0,0.22874094545841217,0,-0.4299674332141876,0.0,0.4299674332141876,0.0
R. Corsie,WSL 2020-2021,3,1,0.8041609823703766,0.7021276354789734,0.4480391889810562,2,0.1958390176296234,0.2978723645210266,0.26805366079012555,0.6666666666666666
R. Corsie,WSL 2021-2022,4,1,1.7713652774691582,2.1698564291000366,1.636279657483101,1,-0.7713652774691582,-1.1698564291000366,0.44284131936728954,0.25
R. Corsie,WSL 2022-2023,6,1,1.560676820576191,1.6930367350578308,2.074876144528389,1,-0.560676820576191,-0.6930367350578308,0.26011280342936516,0.16666666666666666
R. Corsie,WSL 2023-2024,12,0,1.1001546308398247,0.9901276230812073,1.1330659985542297,7,-1.1001546308398247,-0.9901276230812073,0.09167955256998539,0.5833333333333334
R. Daly,WSL 2020-2021,10,3,1.118413195014,1.6619170904159546,0.94655342400074,9,1.881586804986,1.3380829095840454,0.1118413195014,0.9
R. Daly,WSL 2022-2023,84,22,16.447182680230316,21.345096545975384,13.948811041872675,53,5.552817319769684,0.6549034540246161,0.19579979381226567,0.6309523809523809
R. Daly,WSL 2023-2024,64,8,8.396666750766155,7.605920207209703,9.811187457747575,38,-0.39666675076615476,0.39407979279029703,0.13119791798072117,0.59375
R. Daly,WSL 2024-2025,49,8,8.578693112585603,9.20671550020939,7.487155398581086,27,-0.5786931125856025,-1.2067155002093894,0.17507536964460413,0.5510204081632653
R. Daly,WSL 2025-2026,19,3,2.4623643904924393,3.2438249588012695,2.8223381340503693,10,0.5376356095075607,-0.24382495880126953,0.12959812581539154,0.5263157894736842
R. Dean,WSL 2019-2020,24,4,4.297623824782487,3.030112218566057,3.6735705849601,16,-0.2976238247824874,0.9698877814339428,0.17906765936593697,0.6666666666666666
R. Dean,WSL 2020-2021,8,0,1.2051909789443016,0.828125,0.9453573971986771,4,-1.2051909789443016,-0.828125,0.1506488723680377,0.5
R. Easton,WSL 2015,1,1,0.7014925479888916,0.7021276354789734,0.21929824352264404,1,0.2985074520111084,0.2978723645210266,0.7014925479888916,1.0
R. Furness,WSL 2015,4,0,0.0,0.0,0.21929824352264404,3,0.0,0.0,0.0,0.75
R. Furness,WSL 2017,18,1,1.00069709867239,0.6742194294929504,1.676594078540802,12,-0.0006970986723899841,0.32578057050704956,0.05559428325957722,0.6666666666666666
R. Furness,WSL 2017-2018,27,3,2.106467626988888,3.097257971763611,3.07062229514122,18,0.8935323730111122,-0.09725797176361084,0.07801731951810696,0.6666666666666666
R. Furness,WSL 2018-2019,34,1,1.8841039314866066,2.188559576869011,4.287926018238068,19,-0.8841039314866066,-1.188559576869011,0.05541482151431196,0.5588235294117647
R. Furness,WSL 2019-2020,38,5,4.7594257411433425,4.32883853883278,5.965682801313516,20,0.2405742588566575,0.6711614611672196,0.12524804581956164,0.5263157894736842
R. Furness,WSL 2022-2023,6,1,0.6239565089344978,1.4052631258964539,0.5952473133802414,4,0.37604349106550217,-0.40526312589645386,0.10399275148908298,0.6666666666666666
R. Furness,WSL 2023-2024,7,1,0.4254705607891083,0.8157894611358643,1.156241551041603,3,0.5745294392108917,0.18421053886413574,0.060781508684158325,0.42857142857142855
R. Grant,WSL 2020-2021,2,0,0.4299674332141876,0.0,0.22874094545841217,1,-0.4299674332141876,0.0,0.2149837166070938,0.5
R. Holloway,WSL 2019-2020,3,0,0.0833333358168602,0.0,0.22874094545841217,2,-0.0833333358168602,0.0,0.027777778605620067,0.6666666666666666
R. Holloway,WSL 2020-2021,1,0,0.0,0.0,0.0,1,0.0,0.0,0.0,1.0
R. Holloway,WSL 2021-2022,11,0,0.6653005629777908,0.14399999380111694,1.6549232006072998,4,-0.6653005629777908,-0.14399999380111694,0.06048186936161735,0.36363636363636365
R. Hönnudóttir,WSL 2018-2019,1,0,0.0,0.0,0.0,1,0.0,0.0,0.0,1.0
R. Hönnudóttir,WSL 2019-2020,1,0,0.0,0.0,0.0,1,0.0,0.0,0.0,1.0
R. Imuran,WSL 2025-2026,1,0,0.0,0.0,0.0,1,0.0,0.0,0.0,1.0
R. Ishikawa,WSL 2025-2026,1,0,0.11065573990345001,0.14399999380111694,0.25072047114372253,0,-0.11065573990345001,-0.14399999380111694,0.11065573990345001,0.0
R. Jarrett,WSL 2020-2021,15,2,1.7300995215773582,1.5894736647605896,1.6231661438941956,10,0.26990047842264175,0.4105263352394104,0.11533996810515722,0.6666666666666666
R. Kafaji,WSL 2024-2025,8,1,1.4540158808231354,1.0,0.94655342400074,5,-0.4540158808231354,0.0,0.18175198510289192,0.625
R. Kafaji,WSL 2025-2026,26,2,3.607832670211792,2.3184889554977417,3.790497273206711,14,-1.607832670211792,-0.3184889554977417,0.13876279500814584,0.5384615384615384
R. Kmita,WSL 2018-2019,6,1,0.7272259593009949,1.1789473295211792,0.6862228363752365,4,0.2727740406990051,-0.1789473295211792,0.12120432655016582,0.6666666666666666
R. Knaak,WSL 2024-2025,12,4,1.38508290797472,3.1082683950662613,1.8932108134031296,7,2.61491709202528,0.8917316049337387,0.11542357566456,0.5833333333333334
R. Knaak,WSL 2025-2026,15,2,1.1780005916953087,1.5156012922525406,1.509238287806511,9,0.8219994083046913,0.4843987077474594,0.07853337277968725,0.6
R. Lavelle,WSL 2020-2021,19,1,1.6781947670913324,1.547142332646905,1.4423203973508463,17,-0.6781947670913324,-0.5471423326469049,0.08832604037322803,0.8947368421052632
R. Laws,WSL 2024-2025,1,1,1.0,0.9909090995788574,1.0,1,0.0,0.009090900421142578,1.0,1.0
R. Littlejohn,WSL 2020-2021,7,0,0.6887713223695755,0.21875,1.0001225918531418,3,-0.6887713223695755,-0.21875,0.09839590319565364,0.42857142857142855
R. Littlejohn,WSL 2021-2022,7,0,0.23148148506879807,0.0,0.7166164517402649,4,-0.23148148506879807,0.0,0.033068783581256866,0.5714285714285714
R. Mace,WSL 2020-2021,4,2,0.9764586612582207,1.5179170966148376,0.7166164517402649,3,1.0235413387417793,0.48208290338516235,0.24411466531455517,0.75
R. Mace,WSL 2021-2022,1,0,0.0833333358168602,0.0,0.26033058762550354,0,-0.0833333358168602,0.0,0.0833333358168602,0.0
R. Mace,WSL 2022-2023,10,0,1.5285945162177086,0.8710447698831558,1.9466760158538818,2,-1.5285945162177086,-0.8710447698831558,0.15285945162177086,0.2
R. Mace,WSL 2023-2024,2,0,0.1666666716337204,0.3048780560493469,0.4480391889810562,1,-0.1666666716337204,-0.3048780560493469,0.0833333358168602,0.5
R. Mace,WSL 2024-2025,16,0,0.6065782830119133,0.0,1.4383842498064041,10,-0.6065782830119133,0.0,0.03791114268824458,0.625
R. Mace,WSL 2025-2026,14,1,1.159784808754921,1.2789090871810913,1.8543376177549362,11,-0.15978480875492096,-0.2789090871810913,0.08284177205392293,0.7857142857142857
R. Madsen,WSL 2023-2024,3,0,0.6428571343421936,0.0,0.22874094545841217,2,-0.6428571343421936,0.0,0.21428571144739786,0.6666666666666666
R. Maltby,WSL 2025-2026,4,0,0.0,0.0,0.0,4,0.0,0.0,0.0,1.0
R. McLauchlan,WSL 2018-2019,7,0,0.7162106186151505,0.14399999380111694,1.4835566729307175,2,-0.7162106186151505,-0.14399999380111694,0.1023158026593072,0.2857142857142857
R. McLauchlan,WSL 2024-2025,4,1,0.9953703954815865,1.0,0.45748189091682434,3,0.004629604518413544,0.0,0.24884259887039661,0.75
R. McLauchlan,WSL 2025-2026,7,0,0.34139784425497055,0.0,0.4794614166021347,5,-0.34139784425497055,0.0,0.048771120607852936,0.7142857142857143
R. Percival,WSL 2018-2019,4,0,0.21296296268701553,0.0,0.6838307827711105,1,-0.21296296268701553,0.0,0.05324074067175388,0.25
R. Percival,WSL 2019-2020,12,0,0.5035035088658333,0.14399999380111694,1.3444820195436478,6,-0.5035035088658333,-0.14399999380111694,0.04195862573881944,0.5
R. Percival,WSL 2020-2021,12,0,0.5649893954396248,0.8823529481887817,0.7494021207094193,9,-0.5649893954396248,-0.8823529481887817,0.047082449619968735,0.75
R. Percival,WSL 2021-2022,19,2,2.310401998460293,2.6045616418123245,2.4386742562055588,12,-0.3104019984602928,-0.6045616418123245,0.12160010518212068,0.631578947368421
R. Percival,WSL 2023-2024,4,1,1.1632599830627441,0.9909090995788574,0.4075387120246887,3,-0.16325998306274414,0.009090900421142578,0.29081499576568604,0.75
R. Petzelberger,WSL 2020-2021,9,3,1.8203442990779877,2.26372629404068,1.1972738951444626,7,1.1796557009220123,0.7362737059593201,0.20226047767533195,0.7777777777777778
R. Petzelberger,WSL 2021-2022,22,3,2.929696261882782,3.176039457321167,3.760812297463417,10,0.07030373811721802,-0.176039457321167,0.13316801190376282,0.45454545454545453
R. Petzelberger,WSL 2022-2023,1,0,0.1666666716337204,0.0,0.14720812439918518,0,-0.1666666716337204,0.0,0.1666666716337204,0.0
R. Petzelberger,WSL 2023-2024,4,0,0.0833333358168602,0.0,0.21929824352264404,3,-0.0833333358168602,0.0,0.02083333395421505,0.75
R. Pitman,WSL 2017-2018,5,1,0.596634104847908,0.7021276354789734,0.7178124785423279,3,0.403365895152092,0.2978723645210266,0.11932682096958161,0.6
R. Roberts,WSL 2016,10,1,1.0012510865926743,0.7021276354789734,1.4478531330823898,4,-0.0012510865926742554,0.2978723645210266,0.10012510865926742,0.4
R. Roberts,WSL 2018-2019,3,0,0.17547055333852768,0.0,0.37594906985759735,1,-0.17547055333852768,0.0,0.058490184446175895,0.3333333333333333
R. Roberts,WSL 2019-2020,12,0,0.42873844504356384,0.21875,1.1878311932086945,7,-0.42873844504356384,-0.21875,0.03572820375363032,0.5833333333333334
R. Roberts,WSL 2022-2023,6,1,0.25141243636608124,0.5894736647605896,0.6767801344394684,4,0.7485875636339188,0.4105263352394104,0.041902072727680206,0.6666666666666666
R. Rowe,WSL 2016,15,1,0.9795957580208778,0.7021276354789734,2.111209064722061,7,0.020404241979122162,0.2978723645210266,0.06530638386805852,0.4666666666666667
R. Rowe,WSL 2017,5,1,1.4100669622421265,0.7021276354789734,0.9685329496860504,2,-0.41006696224212646,0.2978723645210266,0.28201339244842527,0.4
R. Rowe,WSL 2017-2018,14,3,1.0954877510666847,2.5187016129493713,1.7179350703954697,10,1.9045122489333153,0.48129838705062866,0.07824912507619176,0.7142857142857143
R. Rowe,WSL 2018-2019,1,0,0.04054053872823715,0.14399999380111694,0.22874094545841217,0,-0.04054053872823715,-0.14399999380111694,0.04054053872823715,0.0
R. Rowe,WSL 2019-2020,7,0,0.23148148506879807,0.0,0.6862228363752365,4,-0.23148148506879807,0.0,0.033068783581256866,0.5714285714285714
R. Rowe,WSL 2020-2021,27,5,2.943023845553398,4.22270405292511,2.6356581449508667,21,2.056976154446602,0.7772959470748901,0.10900088316864437,0.7777777777777778
R. Rowe,WSL 2021-2022,20,1,1.9964440166950226,1.3386479020118713,2.7886442244052887,9,-0.9964440166950226,-0.33864790201187134,0.09982220083475113,0.45
R. Rowe,WSL 2022-2023,26,3,2.131073221564293,2.777856409549713,3.0907713770866394,15,0.8689267784357071,0.22214359045028687,0.08196435467554973,0.5769230769230769
R. Sevecke,WSL 2020-2021,7,1,1.4340388476848602,0.9629629850387573,1.633813813328743,4,-0.43403884768486023,0.037037014961242676,0.2048626925264086,0.5714285714285714
R. Sevecke,WSL 2021-2022,8,1,1.43886336684227,1.384877622127533,1.3128923773765564,3,-0.4388633668422699,-0.38487762212753296,0.17985792085528374,0.375
R. Sevecke,WSL 2022-2023,12,1,1.5694444626569748,1.2678410410881042,1.2774694561958313,7,-0.5694444626569748,-0.26784104108810425,0.1307870385547479,0.5833333333333334
R. Shimizu,WSL 2022-2023,5,0,0.15119627863168716,0.0,0.4890715330839157,3,-0.15119627863168716,0.0,0.030239255726337434,0.6
R. Shimizu,WSL 2023-2024,4,1,1.2421157211065292,0.8823529481887817,0.7178124785423279,2,-0.24211572110652924,0.11764705181121826,0.3105289302766323,0.5
R. Shimizu,WSL 2025-2026,1,0,0.0,0.0,0.0,1,0.0,0.0,0.0,1.0
R. Siemsen,WSL 2022-2023,13,1,2.6314095184206963,0.9909090995788574,1.6891047209501266,7,-1.6314095184206963,0.009090900421142578,0.20241611680159202,0.5384615384615384
R. Spencer,WSL 2020-2021,1,1,0.9305555820465088,0.9909090995788574,1.0,1,0.06944441795349121,0.009090900421142578,0.9305555820465088,1.0
R. Stott,WSL 2020-2021,2,0,0.25806450843811035,0.0,0.22874094545841217,1,-0.25806450843811035,0.0,0.12903225421905518,0.5
R. Ueki,WSL 2023-2024,64,6,5.617071203887463,6.002964630723,7.663946434855461,42,0.3829287961125374,-0.0029646307229995728,0.0877667375607416,0.65625
R. Ueki,WSL 2024-2025,49,4,4.645678706467152,4.839547112584114,4.893819242715836,31,-0.6456787064671516,-0.8395471125841141,0.09480976951973778,0.6326530612244898
R. Ueki,WSL 2025-2026,35,2,3.070243626832962,3.002172365784645,3.321551650762558,23,-1.070243626832962,-1.002172365784645,0.08772124648094178,0.6571428571428571
R. White,WSL 2015,18,2,2.10266175866127,1.7450906187295914,2.193088263273239,10,-0.10266175866127014,0.25490938127040863,0.11681454214784834,0.5555555555555556
R. White,WSL 2016,21,2,1.8076269701123238,2.2252436503767967,1.8962567746639252,15,0.19237302988767624,-0.22524365037679672,0.08607747476725351,0.7142857142857143
R. Williams,WSL 2015,31,7,4.619372896850109,5.636902809143066,5.453395828604698,17,2.380627103149891,1.3630971908569336,0.1490120289306487,0.5483870967741935
R. Williams,WSL 2016,23,3,2.725099243223667,2.0770622715353966,3.124956801533699,12,0.27490075677633286,0.9229377284646034,0.11848257579233336,0.5217391304347826
R. Williams,WSL 2017,15,2,3.4028800651431084,1.6644805818796158,2.5498055517673492,6,-1.4028800651431084,0.3355194181203842,0.22685867100954055,0.4
R. Williams,WSL 2017-2018,32,3,5.332295373082161,3.826336622238159,4.727054372429848,14,-2.332295373082161,-0.8263366222381592,0.16663423040881753,0.4375
R. Williams,WSL 2019-2020,16,0,1.7201291546225548,0.6728070005774498,2.413295865058899,6,-1.7201291546225548,-0.6728070005774498,0.10750807216390967,0.375
R. Williams,WSL 2020-2021,13,0,0.7906171083450317,0.7910447716712952,1.5079382956027985,6,-0.7906171083450317,-0.7910447716712952,0.06081670064192552,0.46153846153846156
R. Williams,WSL 2021-2022,39,4,6.635319232940674,4.73547226190567,6.071706593036652,16,-2.635319232940674,-0.7354722619056702,0.1701363905882224,0.41025641025641024
R. Williams,WSL 2022-2023,17,4,3.3681070134043694,4.152740657329559,2.2437556982040405,10,0.6318929865956306,-0.15274065732955933,0.1981239419649629,0.5882352941176471
R. Williams,WSL 2023-2024,29,5,3.6665076911449432,5.121673762798309,3.6100760102272034,17,1.3334923088550568,-0.12167376279830933,0.12643129969465322,0.5862068965517241
R. Williams,WSL 2024-2025,3,0,0.2215312346816063,0.3048780560493469,0.3665063679218292,2,-0.2215312346816063,-0.3048780560493469,0.07384374489386876,0.6666666666666666
R. Williams,WSL 2025-2026,5,0,0.0,0.0,0.0,5,0.0,0.0,0.0,1.0
R. Yankey,WSL 2015,1,0,0.06481481343507767,0.0,0.26033058762550354,0,-0.06481481343507767,0.0,0.06481481343507767,0.0
R. Yankey,WSL 2016,6,0,0.2602163180708885,0.0,0.7082023620605469,3,-0.2602163180708885,0.0,0.04336938634514809,0.5
R. van Gool,WSL 2025-2026,10,0,0.823459655046463,1.4061276316642761,1.4356249570846558,4,-0.823459655046463,-1.4061276316642761,0.0823459655046463,0.4
R. Öling,WSL 2024-2025,1,0,0.2361111044883728,0.0,0.21929824352264404,0,-0.2361111044883728,0.0,0.2361111044883728,0.0
Rafaelle,WSL 2021-2022,5,1,0.2588038891553879,1.291601300239563,0.6850268095731735,3,0.7411961108446121,-0.291601300239563,0.051760777831077576,0.6
Rafaelle,WSL 2022-2023,18,2,1.0935352370142937,1.43560129404068,1.9969283044338226,9,0.9064647629857063,0.5643987059593201,0.0607519576119052,0.5
S. Albuery,WSL 2018-2019,3,0,0.4299674332141876,0.0,0.26033058762550354,2,-0.4299674332141876,0.0,0.14332247773806253,0.6666666666666666
S. Awujo,WSL 2024-2025,2,0,0.2361111044883728,0.0,0.22874094545841217,1,-0.2361111044883728,0.0,0.1180555522441864,0.5
S. Awujo,WSL 2025-2026,8,0,0.2588038891553879,0.0,0.7397920042276382,5,-0.2588038891553879,0.0,0.032350486144423485,0.625
S. Baggaley,WSL 2017-2018,1,1,1.0,0.9909090995788574,1.0,1,0.0,0.009090900421142578,1.0,1.0
S. Baggaley,WSL 2020-2021,1,1,1.0,0.9966806173324585,1.0,1,0.0,0.003319382667541504,1.0,1.0
S. Baltimore,WSL 2024-2025,16,4,1.7603948563337326,3.1101407557725906,2.1438273191452026,11,2.2396051436662674,0.8898592442274094,0.11002467852085829,0.6875
S. Baltimore,WSL 2025-2026,21,3,2.7231094448304756,2.3030448763108833,3.2650678066945655,12,0.27689055516952443,0.6969551236891167,0.12967187832526075,0.5714285714285714
S. Barker,WSL 2016,3,0,0.2500000074505806,0.0,0.4794614166021347,1,-0.2500000074505806,0.0,0.0833333358168602,0.3333333333333333
S. Blackstenius,WSL 2021-2022,15,6,3.3057121336460114,5.170766770839691,2.396676003932953,12,2.6942878663539886,0.8292332291603088,0.22038080890973408,0.8
S. Blackstenius,WSL 2022-2023,70,8,10.366479121148586,6.980274736881256,8.683383151888847,41,-2.3664791211485863,1.019725263118744,0.14809255887355124,0.5857142857142857
S. Blackstenius,WSL 2023-2024,41,7,7.932755142450333,7.035248219966888,5.235568434000015,25,-0.9327551424503326,-0.03524821996688843,0.19348183274269104,0.6097560975609756
S. Blackstenius,WSL 2024-2025,34,5,5.244019530713558,6.321109727025032,3.5821157097816467,23,-0.2440195307135582,-1.321109727025032,0.15423586855039878,0.6764705882352942
S. Blackstenius,WSL 2025-2026,55,10,8.823279462754726,10.037308096885681,7.0988419353961945,35,1.1767205372452736,-0.03730809688568115,0.16042326295917683,0.6363636363636364
S. Boye,WSL 2021-2022,1,0,0.11065573990345001,0.0,0.14720812439918518,0,-0.11065573990345001,0.0,0.11065573990345001,0.0
S. Bradley-Auckland,WSL 2016,2,0,0.2361111044883728,0.0,0.25072047114372253,1,-0.2361111044883728,0.0,0.1180555522441864,0.5
S. Bradley-Auckland,WSL 2018-2019,6,0,0.5173721686005592,0.0,0.9430653154850006,1,-0.5173721686005592,0.0,0.08622869476675987,0.16666666666666666
S. Bradley-Auckland,WSL 2019-2020,6,0,0.3639236316084862,0.0,0.8227922320365906,2,-0.3639236316084862,0.0,0.06065393860141436,0.3333333333333333
S. Bruun,WSL 2021-2022,6,0,0.12387387454509735,0.0,0.4890715330839157,4,-0.12387387454509735,0.0,0.020645645757516224,0.6666666666666666
S. Catley,WSL 2020-2021,1,0,0.11065573990345001,0.14399999380111694,0.14720812439918518,0,-0.11065573990345001,-0.14399999380111694,0.11065573990345001,0.0
S. Catley,WSL 2021-2022,16,1,0.5259562954306602,1.6429473161697388,1.1342620253562927,11,0.47404370456933975,-0.6429473161697388,0.032872268464416265,0.6875
S. Catley,WSL 2022-2023,4,1,0.9305555820465088,0.9909090995788574,0.22874094545841217,4,0.06944441795349121,0.009090900421142578,0.2326388955116272,1.0
S. Catley,WSL 2023-2024,19,1,0.8765975311398506,1.0263529419898987,1.4822474420070648,13,0.12340246886014938,-0.02635294198989868,0.0461367121652553,0.6842105263157895
S. Catley,WSL 2024-2025,5,0,0.2500000074505806,0.3048780560493469,0.6743880808353424,2,-0.2500000074505806,-0.3048780560493469,0.05000000149011612,0.4
S. Catley,WSL 2025-2026,4,0,0.0,0.0,0.0,4,0.0,0.0,0.0,1.0
S. Chossenotte,WSL 2024-2025,10,1,1.1181592270731926,1.6930367350578308,1.1752943694591522,6,-0.1181592270731926,-0.6930367350578308,0.11181592270731926,0.6
S. Coffey,WSL 2025-2026,3,0,0.23270440101623535,0.0,0.22874094545841217,2,-0.23270440101623535,0.0,0.07756813367207845,0.6666666666666666
S. Cooke,WSL 2023-2024,7,1,1.222268894314766,1.43560129404068,1.0937615483999252,4,-0.22226889431476593,-0.43560129404067993,0.17460984204496657,0.5714285714285714
S. D'Angelo,WSL 2024-2025,1,0,0.0,0.0,0.0,1,0.0,0.0,0.0,1.0
S. Ewens,WSL 2021-2022,4,0,0.0,0.0,0.22874094545841217,3,0.0,0.0,0.0,0.75
S. Franssi,WSL 2025-2026,5,0,0.15671642124652863,0.0,0.22874094545841217,4,-0.15671642124652863,0.0,0.03134328424930573,0.8
S. Gaupset,WSL 2025-2026,31,3,2.8687449619174004,3.595834195613861,3.39814256131649,21,0.13125503808259964,-0.5958341956138611,0.09254016006185163,0.6774193548387096
S. Haug,WSL 2023-2024,51,7,8.492359600961208,8.325252965092659,7.227080151438713,29,-1.4923596009612083,-1.325252965092659,0.166516854920808,0.5686274509803921
S. Haug,WSL 2024-2025,15,3,2.391177222132683,3.0956242084503174,2.3504271805286407,8,0.6088227778673172,-0.09562420845031738,0.15941181480884553,0.5333333333333333
S. Haug,WSL 2025-2026,1,0,0.0,0.0,0.0,1,0.0,0.0,0.0,1.0
S. Hayles,WSL 2020-2021,17,2,2.0126129016280174,1.9762499928474426,1.883496731519699,11,-0.012612901628017426,0.023750007152557373,0.11838899421341278,0.6470588235294118
S. Hayles,WSL 2021-2022,3,0,0.23270440101623535,0.0,0.22874094545841217,2,-0.23270440101623535,0.0,0.07756813367207845,0.6666666666666666
S. Hayles,WSL 2023-2024,4,0,0.8931253254413605,0.0,0.4480391889810562,2,-0.8931253254413605,0.0,0.22328133136034012,0.5
S. Haywood,WSL 2020-2021,2,0,0.4947822466492653,0.14399999380111694,0.42481938004493713,0,-0.4947822466492653,-0.14399999380111694,0.24739112332463264,0.0
S. Holmberg,WSL 2025-2026,10,2,1.787216491997242,2.0978720784187317,1.1864677518606186,7,0.21278350800275803,-0.09787207841873169,0.1787216491997242,0.7
S. Holmgaard,WSL 2022-2023,3,0,0.4299674332141876,0.0,0.4700187146663666,1,-0.4299674332141876,0.0,0.14332247773806253,0.3333333333333333
S. Holmgaard,WSL 2023-2024,8,2,1.5748416259884834,1.9909090995788574,1.4261822551488876,4,0.42515837401151657,0.009090900421142578,0.19685520324856043,0.5
S. Holmgaard,WSL 2024-2025,11,3,1.1174227595329285,2.6773964762687683,2.136383891105652,6,1.8825772404670715,0.3226035237312317,0.10158388723026622,0.5454545454545454
S. Hopcroft,WSL 2024-2025,2,0,0.0,0.0,0.0,2,0.0,0.0,0.0,1.0
S. Houghton,WSL 2015,20,3,3.174661085009575,2.5688685327768326,2.4636296778917313,12,-0.1746610850095749,0.4311314672231674,0.15873305425047873,0.6
S. Houghton,WSL 2016,23,2,1.2229026183485985,1.42546097189188,2.2423661649227142,16,0.7770973816514015,0.57453902810812,0.05316967905863472,0.6956521739130435
S. Houghton,WSL 2017,16,0,0.5998656749725342,0.3048780560493469,1.500768393278122,7,-0.5998656749725342,-0.3048780560493469,0.037491604685783386,0.4375
S. Houghton,WSL 2017-2018,26,2,1.762973964214325,2.3791540637612343,3.341235265135765,13,0.23702603578567505,-0.3791540637612343,0.06780669093132019,0.5
S. Houghton,WSL 2018-2019,33,3,2.534436024725437,2.3638253808021545,4.863935023546219,13,0.46556397527456284,0.6361746191978455,0.07680109165834659,0.3939393939393939
S. Houghton,WSL 2019-2020,7,2,1.2671716958284378,1.291601300239563,1.34287728369236,3,0.7328283041715622,0.708398699760437,0.18102452797549112,0.42857142857142855
S. Houghton,WSL 2020-2021,20,2,2.457352966070175,1.6603827625513077,2.60147662460804,11,-0.45735296607017517,0.3396172374486923,0.12286764830350876,0.55
S. Houghton,WSL 2021-2022,2,1,0.25806450843811035,0.5894736647605896,0.22874094545841217,2,0.7419354915618896,0.4105263352394104,0.12903225421905518,1.0
S. Houghton,WSL 2022-2023,11,2,0.4576423391699791,1.4311297237873077,0.6862228363752365,10,1.542357660830021,0.5688702762126923,0.041603849015452644,0.9090909090909091
S. Houghton,WSL 2023-2024,2,0,0.0,0.0,0.0,2,0.0,0.0,0.0,1.0
S. Howard,WSL 2018-2019,1,0,0.06481481343507767,0.0,0.22874094545841217,0,-0.06481481343507767,0.0,0.06481481343507767,0.0
S. Howard,WSL 2019-2020,4,0,0.42669347673654556,0.0,0.6673374325037003,1,-0.42669347673654556,0.0,0.10667336918413639,0.25
S. Howard,WSL 2021-2022,12,1,1.104291632771492,0.6424242407083511,1.8615172058343887,5,-0.104291632771492,0.35757575929164886,0.09202430273095767,0.4166666666666667
S. Howard,WSL 2022-2023,10,1,1.5340937972068787,1.289659097790718,2.281470149755478,4,-0.5340937972068787,-0.2896590977907181,0.15340937972068786,0.4
S. Howard,WSL 2023-2024,10,1,1.309438019990921,1.291601300239563,1.623560681939125,3,-0.309438019990921,-0.291601300239563,0.1309438019990921,0.3
S. Howard,WSL 2024-2025,10,1,2.267312802374363,1.4639999866485596,2.1620961725711823,6,-1.267312802374363,-0.46399998664855957,0.2267312802374363,0.6
S. Ingle,WSL 2015,15,1,1.2126845940947533,0.9909090995788574,1.5989177227020264,9,-0.21268459409475327,0.009090900421142578,0.08084563960631688,0.6
S. Ingle,WSL 2016,3,0,0.9305555820465088,0.0,0.1538461595773697,2,-0.9305555820465088,0.0,0.31018519401550293,0.6666666666666666
S. Ingle,WSL 2017,3,0,0.11065573990345001,0.0,0.1538461595773697,2,-0.11065573990345001,0.0,0.03688524663448334,0.6666666666666666
S. Ingle,WSL 2017-2018,6,0,0.0833333358168602,0.0,0.3979285955429077,4,-0.0833333358168602,0.0,0.013888889302810034,0.6666666666666666
S. Ingle,WSL 2018-2019,16,0,0.4254705607891083,0.24242424964904785,1.1752943694591522,11,-0.4254705607891083,-0.24242424964904785,0.026591910049319267,0.6875
S. Ingle,WSL 2019-2020,12,4,2.168992444872856,3.090744197368622,1.5074064284563065,9,1.8310075551271439,0.9092558026313782,0.18074937040607134,0.75
S. Ingle,WSL 2020-2021,14,0,0.46759258955717087,0.0,1.4576044827699661,8,-0.46759258955717087,0.0,0.033399470682655065,0.5714285714285714
S. Ingle,WSL 2021-2022,18,1,1.594005025923252,1.1349090933799744,2.645145669579506,10,-0.5940050259232521,-0.13490909337997437,0.088555834773514,0.5555555555555556
S. Ingle,WSL 2022-2023,13,2,1.9702338948845863,2.9814240485429764,1.811042159795761,8,0.029766105115413666,-0.9814240485429764,0.1515564534526605,0.6153846153846154
S. Ingle,WSL 2023-2024,8,0,0.4793759882450104,0.5600000023841858,0.6362796574831009,6,-0.4793759882450104,-0.5600000023841858,0.0599219985306263,0.75
S. Kees,WSL 2025-2026,5,1,1.231481485068798,0.9909090995788574,1.6743438243865967,2,-0.23148148506879807,0.009090900421142578,0.2462962970137596,0.4
S. Kerr,WSL 2019-2020,13,1,2.0569233745336533,0.9445518851280212,1.424941971898079,8,-1.0569233745336533,0.05544811487197876,0.15822487496412718,0.6153846153846154
S. Kerr,WSL 2020-2021,84,21,19.525321125984192,20.442561209201813,12.542986392974854,53,1.474678874015808,0.5574387907981873,0.23244429911885942,0.6309523809523809
S. Kerr,WSL 2021-2022,70,20,12.206548899412155,13.969855844974518,10.272118300199509,46,7.793451100587845,6.030144155025482,0.17437926999160222,0.6571428571428571
S. Kerr,WSL 2022-2023,79,12,13.992290280759335,11.50148057937622,11.722378566861153,42,-1.9922902807593346,0.4985194206237793,0.1771175984906245,0.5316455696202531
S. Kerr,WSL 2023-2024,24,4,4.126347929239273,3.249571204185486,3.0801326483488083,14,-0.12634792923927307,0.7504287958145142,0.17193116371830305,0.5833333333333334
S. Kerr,WSL 2024-2025,4,0,0.17547055333852768,0.14399999380111694,0.45748189091682434,2,-0.17547055333852768,-0.14399999380111694,0.04386763833463192,0.5
S. Kerr,WSL 2025-2026,37,7,5.244489096105099,5.876766502857208,4.264293596148491,26,1.7555109038949013,1.1232334971427917,0.14174294854338104,0.7027027027027027
S. Koren,WSL 2017-2018,4,1,0.7494118735194206,0.3199999928474426,0.6862228363752365,2,0.2505881264805794,0.6800000071525574,0.18735296837985516,0.5
S. Kumagai,WSL 2025-2026,6,2,0.9553840160369873,1.9947367906570435,0.9149637818336487,4,1.0446159839630127,0.005263209342956543,0.1592306693394979,0.6666666666666666
S. Lohmann,WSL 2025-2026,2,0,0.4299674332141876,1.0263529419898987,0.37594906985759735,0,-0.4299674332141876,-1.0263529419898987,0.2149837166070938,0.0
S. Lundgaard,WSL 2022-2023,3,0,0.0,0.0,0.0,3,0.0,0.0,0.0,1.0
S. Lundgaard,WSL 2023-2024,2,0,0.5705095380544662,0.8461276292800903,0.45748189091682434,1,-0.5705095380544662,-0.8461276292800903,0.2852547690272331,0.5
S. Lundgaard,WSL 2024-2025,2,0,0.1939890757203102,0.0,0.4075387120246887,0,-0.1939890757203102,0.0,0.0969945378601551,0.0
S. Lundgaard,WSL 2025-2026,1,0,0.0,0.0,0.0,1,0.0,0.0,0.0,1.0
S. Magill,WSL 2017-2018,8,1,1.162523303180933,0.828125,0.94655342400074,5,-0.162523303180933,0.171875,0.14531541289761662,0.625
S. Magill,WSL 2018-2019,15,2,1.437342956662178,1.4175986647605896,1.4164047241210938,11,0.562657043337822,0.5824013352394104,0.09582286377747853,0.7333333333333333
S. Magill,WSL 2019-2020,15,1,1.4886303544044495,0.8157894611358643,1.1740983426570892,11,-0.48863035440444946,0.18421053886413574,0.0992420236269633,0.7333333333333333
S. Magill,WSL 2020-2021,14,6,4.431631408631802,4.709314942359924,2.394715204834938,10,1.5683685913681984,1.2906850576400757,0.3165451006165573,0.7142857142857143
S. Magill,WSL 2021-2022,8,3,1.8625289648771286,2.8362250328063965,1.7397920042276382,7,1.1374710351228714,0.16377496719360352,0.23281612060964108,0.875
S. Magill,WSL 2022-2023,4,0,0.4299674332141876,0.0,0.22874094545841217,3,-0.4299674332141876,0.0,0.1074918583035469,0.75
S. Magill,WSL 2023-2024,5,0,0.6312369927763939,0.07999999821186066,0.6862228363752365,3,-0.6312369927763939,-0.07999999821186066,0.12624739855527878,0.6
S. Martinez,WSL 2024-2025,31,10,6.634731039404869,8.73695832490921,6.467962488532066,18,3.365268960595131,1.2630416750907898,0.2140235819162861,0.5806451612903226
S. Martinez,WSL 2025-2026,37,6,6.1939936876297,5.838530659675598,5.863011956214905,21,-0.1939936876296997,0.16146934032440186,0.1674052348008027,0.5675675675675675
S. Mayling,WSL 2017,5,0,0.0833333358168602,0.0,0.22874094545841217,4,-0.0833333358168602,0.0,0.01666666716337204,0.8
S. Mayling,WSL 2017-2018,4,0,0.0833333358168602,0.0,0.22874094545841217,3,-0.0833333358168602,0.0,0.02083333395421505,0.75
S. Mayling,WSL 2018-2019,5,0,0.6272243931889534,0.3048780560493469,0.7809917628765106,2,-0.6272243931889534,-0.3048780560493469,0.1254448786377907,0.4
S. Mayling,WSL 2019-2020,5,0,0.0,0.0,0.0,5,0.0,0.0,0.0,1.0
S. Mayling,WSL 2020-2021,5,0,0.6887713223695755,0.14399999380111694,0.8388729691505432,1,-0.6887713223695755,-0.14399999380111694,0.1377542644739151,0.2
S. Mayling,WSL 2021-2022,8,1,0.7994270622730255,0.5867499858140945,1.4921208322048187,3,0.2005729377269745,0.41325001418590546,0.09992838278412819,0.375
S. Mayling,WSL 2022-2023,2,0,0.2361111044883728,0.5894736647605896,0.26033058762550354,2,-0.2361111044883728,-0.5894736647605896,0.1180555522441864,1.0
S. Mayling,WSL 2023-2024,3,1,0.7560975609756098,0.7560975609756098,0.7560975609756098,3,0.24390243902439024,0.24390243902439024,0.25203252032520324,1.0
S. Mayling,WSL 2024-2025,3,1,1.0833333358168602,0.9909090995788574,1.2287409454584122,2,-0.0833333358168602,0.009090900421142578,0.3611111119389534,0.6666666666666666
S. Mayling,WSL 2025-2026,1,0,0.06481481343507767,0.0,0.22874094545841217,0,-0.06481481343507767,0.0,0.06481481343507767,0.0
S. Mewis,WSL 2020-2021,55,7,7.487140825245438,7.432772523019372,8.432327306125222,28,-0.48714082524543834,-0.43277252301937175,0.1361298331862807,0.509090909090909
S. Murray,WSL 2015,3,1,0.36872024834156036,0.5894736647605896,0.415376678109169,2,0.6312797516584396,0.4105263352394104,0.12290674944718678,0.6666666666666666
S. Murray,WSL 2016,2,1,0.4299674332141876,0.5894736647605896,0.22874094545841217,2,0.5700325667858124,0.4105263352394104,0.2149837166070938,1.0
S. Murray,WSL 2018-2019,1,0,0.0,0.0,0.0,1,0.0,0.0,0.0,1.0
S. Murray,WSL 2023-2024,2,0,0.2361111044883728,0.8157894611358643,0.37594906985759735,0,-0.2361111044883728,-0.8157894611358643,0.1180555522441864,0.0
S. Nüsken,WSL 2023-2024,38,8,7.557385109364986,7.192626804113388,4.827344313263893,28,0.4426148906350136,0.8073731958866119,0.1988785555096049,0.7368421052631579
S. Nüsken,WSL 2024-2025,45,2,5.953747563064098,1.889358639717102,5.790548250079155,22,-3.9537475630640984,0.11064136028289795,0.1323055014014244,0.4888888888888889
S. Nüsken,WSL 2025-2026,27,2,3.472174882888794,3.8463380932807922,2.95890474319458,17,-1.472174882888794,-1.8463380932807922,0.128599069736622,0.6296296296296297
S. O’Brien,WSL 2021-2022,22,1,3.2825003787875175,1.304878056049347,3.0268267542123795,10,-2.2825003787875175,-0.3048780560493469,0.1492045626721599,0.45454545454545453
S. O’Brien,WSL 2022-2023,14,0,1.0438910722732544,0.0,1.7176264226436615,6,-1.0438910722732544,0.0,0.07456364801951818,0.42857142857142855
S. O’Brien,WSL 2023-2024,13,0,1.3560649901628494,1.8752313256263733,1.3825904428958893,8,-1.3560649901628494,-1.8752313256263733,0.10431269155098842,0.6153846153846154
S. O’Brien,WSL 2024-2025,10,3,1.6070613265037537,2.4002700448036194,1.5001225918531418,8,1.3929386734962463,0.5997299551963806,0.16070613265037537,0.8
S. O’Brien,WSL 2025-2026,20,5,4.29597881436348,4.555701196193695,2.7627848386764526,13,0.7040211856365204,0.44429880380630493,0.214798940718174,0.65
S. Perry-Campbell,WSL 2016,2,0,0.0,0.0,0.0,2,0.0,0.0,0.0,1.0
S. Perry-Campbell,WSL 2018-2019,3,0,0.08474576473236084,0.0,0.21929824352264404,2,-0.08474576473236084,0.0,0.02824858824412028,0.6666666666666666
S. Piubel,WSL 2024-2025,22,1,2.9390013441443443,2.4619542360305786,2.603039890527725,12,-1.9390013441443443,-1.4619542360305786,0.1335909701883793,0.5454545454545454
S. Piubel,WSL 2025-2026,6,2,1.2570480927824974,1.4175986647605896,0.94655342400074,4,0.7429519072175026,0.5824013352394104,0.20950801546374956,0.6666666666666666
S. Robson,WSL 2015,3,0,0.17547055333852768,0.0,0.4794614166021347,1,-0.17547055333852768,0.0,0.058490184446175895,0.3333333333333333
S. Sandbech,WSL 2020-2021,35,1,3.518417759094296,1.0609756170249567,5.025858691189347,17,-2.518417759094296,-0.060975617024956685,0.10052622168840847,0.4857142857142857
S. Smith,WSL 2016,1,0,0.11065573990345001,0.0,0.22874094545841217,0,-0.11065573990345001,0.0,0.11065573990345001,0.0
S. Stratigakis,WSL 2023-2024,2,0,0.15671642124652863,0.0,0.22874094545841217,1,-0.15671642124652863,0.0,0.07835821062326431,0.5
S. Struck,WSL 2023-2024,1,0,0.0833333358168602,0.5600000023841858,0.22874094545841217,0,-0.0833333358168602,-0.5600000023841858,0.0833333358168602,0.0
S. Takarada,WSL 2023-2024,11,1,1.493638001382351,1.5558410286903381,0.8811052441596985,9,-0.4936380013823509,-0.5558410286903381,0.13578527285294098,0.8181818181818182
S. Takarada,WSL 2024-2025,3,1,0.5406231731176376,0.7021276354789734,0.784296527504921,2,0.45937682688236237,0.2978723645210266,0.18020772437254587,0.6666666666666666
S. Tierney,WSL 2016,1,0,0.2361111044883728,0.0,0.14720812439918518,0,-0.2361111044883728,0.0,0.2361111044883728,0.0
S. Tierney,WSL 2021-2022,7,2,0.9981219694018364,1.6429473161697388,1.0176707357168198,4,1.0018780305981636,0.35705268383026123,0.14258885277169092,0.5714285714285714
S. Tierney,WSL 2022-2023,14,2,1.7503715083003044,1.9259538650512695,1.6890088617801666,9,0.2496284916996956,0.07404613494873047,0.1250265363071646,0.6428571428571429
S. Tierney,WSL 2023-2024,25,3,2.91644137352705,2.820277690887451,1.8665663450956345,20,0.08355862647294998,0.17972230911254883,0.116657654941082,0.8
S. Tierney,WSL 2024-2025,6,1,0.45752688497304916,0.7334736585617065,0.6787409335374832,5,0.5424731150269508,0.26652634143829346,0.07625448082884152,0.8333333333333334
S. Tierney,WSL 2025-2026,9,1,0.6790581196546555,1.4718266129493713,1.0002900063991547,6,0.32094188034534454,-0.47182661294937134,0.0754509021838506,0.6666666666666666
S. Troelsgaard,WSL 2021-2022,6,0,0.4373067170381546,0.14399999380111694,0.94655342400074,2,-0.4373067170381546,-0.14399999380111694,0.07288445283969243,0.3333333333333333
S. Troelsgaard,WSL 2022-2023,25,4,2.9555031342840774,3.2346618382669075,3.109613007161675,18,1.0444968657159226,0.7653381617330925,0.1182201253713631,0.72
S. Walton,WSL 2015,1,0,0.0,0.0,0.0,1,0.0,0.0,0.0,1.0
S. Williams,WSL 2015,1,0,0.0833333358168602,0.0,0.22874094545841217,0,-0.0833333358168602,0.0,0.0833333358168602,0.0
S. Wiltshire,WSL 2015,1,0,0.0,0.0,0.0,1,0.0,0.0,0.0,1.0
S. Wiltshire,WSL 2017,8,2,2.8163139340354175,2.475158106989977,2.61575543553364,5,-0.8163139340354175,-0.47515810698997685,0.3520392417544272,0.625
S. Worm,WSL 2017-2018,9,0,0.48544785380363464,0.0,1.156408965587616,4,-0.48544785380363464,0.0,0.05393865042262607,0.4444444444444444
S. Worm,WSL 2019-2020,3,1,0.0833333358168602,0.5894736647605896,0.21929824352264404,3,0.9166666641831398,0.4105263352394104,0.027777778605620067,1.0
S. Worm,WSL 2020-2021,8,2,1.122333213686943,2.057598650455475,1.6138908565044403,3,0.877666786313057,-0.057598650455474854,0.14029165171086788,0.375
S. Zadorsky,WSL 2020-2021,5,0,0.4988536462187767,0.3048780560493469,1.084318846464157,1,-0.4988536462187767,-0.3048780560493469,0.09977072924375534,0.2
S. Zadorsky,WSL 2021-2022,6,1,0.807728610932827,0.9629629850387573,0.9685329496860504,3,0.192271389067173,0.037037014961242676,0.13462143515547118,0.5
S. Zadorsky,WSL 2022-2023,3,0,0.15671642124652863,0.5894736647605896,0.21929824352264404,2,-0.15671642124652863,-0.5894736647605896,0.05223880708217621,0.6666666666666666
S. Zadorsky,WSL 2023-2024,1,0,0.0,0.0,0.0,1,0.0,0.0,0.0,1.0
S. Zadorsky,WSL 2024-2025,7,0,0.39676617830991745,0.0,0.611328050494194,4,-0.39676617830991745,0.0,0.05668088261570249,0.5714285714285714
S. Zadorsky,WSL 2025-2026,4,0,0.1939890757203102,0.0,0.6838307827711105,1,-0.1939890757203102,0.0,0.04849726893007755,0.25
S. Zambra,WSL 2015,6,0,0.30092591792345047,0.0,0.4890715330839157,4,-0.30092591792345047,0.0,0.05015431965390841,0.6666666666666666
S. Zambra,WSL 2016,18,1,1.2296315431594849,1.291601300239563,1.653559759259224,12,-0.22963154315948486,-0.291601300239563,0.06831286350886027,0.6666666666666666
S. Zambra,WSL 2017,14,0,0.6007055044174194,0.0,1.3385871350765228,8,-0.6007055044174194,0.0,0.042907536029815674,0.5714285714285714
S. van Veenendaal,WSL 2016,1,1,0.9305555820465088,0.9909090995788574,1.0,1,0.06944441795349121,0.009090900421142578,0.9305555820465088,1.0
S. van Veenendaal,WSL 2017-2018,1,1,1.0,0.9909090995788574,1.0,1,0.0,0.009090900421142578,1.0,1.0
S. van de Sanden,WSL 2016,21,3,2.4528306499123573,2.484081506729126,2.3409786224365234,14,0.5471693500876427,0.515918493270874,0.11680145951963607,0.6666666666666666
S. van de Sanden,WSL 2017,5,0,0.1939890757203102,0.0,0.45628586411476135,3,-0.1939890757203102,0.0,0.03879781514406204,0.6
S. van de Sanden,WSL 2022-2023,11,1,0.9245191290974617,1.0263529419898987,1.0503371506929398,7,0.0754808709025383,-0.02635294198989868,0.0840471935543147,0.6363636363636364
S. van de Sanden,WSL 2023-2024,10,1,1.1647994369268417,0.5894736647605896,1.2798867672681808,6,-0.16479943692684174,0.4105263352394104,0.11647994369268418,0.6
T. Duggan,WSL 2015,31,6,5.082524374127388,4.1822310090065,4.842832162976265,17,0.917475625872612,1.8177689909934998,0.1639523991653996,0.5483870967741935
T. Duggan,WSL 2016,47,5,6.000920298259433,4.5598939831663925,7.931881653826411,24,-1.000920298259433,0.4401060168336075,0.1276791552821156,0.5106382978723404
T. Duggan,WSL 2017,30,4,4.8265598027444465,3.6786079613900764,4.046723729226647,19,-0.8265598027444465,0.3213920386099236,0.1608853267581482,0.6333333333333333
T. Duggan,WSL 2021-2022,32,2,3.680321678519249,1.3463529348373413,3.3632481545209885,20,-1.680321678519249,0.6536470651626587,0.11501005245372653,0.625
T. Duggan,WSL 2023-2024,4,0,0.40817495435476303,0.0,0.6362796574831009,1,-0.40817495435476303,0.0,0.10204373858869076,0.25
T. Hansen,WSL 2025-2026,1,0,0.0833333358168602,0.0,0.22874094545841217,0,-0.0833333358168602,0.0,0.0833333358168602,0.0
T. Heath,WSL 2020-2021,26,4,2.696562737226486,3.603143811225891,3.4527190029621124,15,1.3034372627735138,0.3968561887741089,0.10371395143178794,0.5769230769230769
T. Heath,WSL 2021-2022,9,2,2.490935727953911,2.916862964630127,1.2068840116262436,6,-0.4909357279539108,-0.916862964630127,0.2767706364393234,0.6666666666666666
T. Hinds,WSL 2018-2019,11,0,1.3931381404399872,1.0888780504465103,1.882300704717636,3,-1.3931381404399872,-1.0888780504465103,0.12664892185818066,0.2727272727272727
T. Hinds,WSL 2019-2020,1,0,0.0,0.0,0.0,1,0.0,0.0,0.0,1.0
T. Hinds,WSL 2022-2023,23,0,1.930044025182724,2.1093001067638397,2.300645560026169,16,-1.930044025182724,-2.1093001067638397,0.08391495761664017,0.6956521739130435
T. Hinds,WSL 2023-2024,16,2,1.1937286332249641,1.5992684364318848,2.3631255626678467,8,0.8062713667750359,0.40073156356811523,0.07460803957656026,0.5
T. Hinds,WSL 2024-2025,29,3,3.252849206328392,2.4957871437072754,4.339905187487602,17,-0.25284920632839203,0.5042128562927246,0.11216721401132386,0.5862068965517241
T. Hinds,WSL 2025-2026,9,0,1.1376270726323128,1.0214736461639404,1.4165721386671066,3,-1.1376270726323128,-1.0214736461639404,0.12640300807025698,0.3333333333333333
T. Koga,WSL 2025-2026,7,3,2.4887713342905045,2.6067357063293457,2.0937615483999252,5,0.5112286657094955,0.3932642936706543,0.35553876204150064,0.7142857142857143
T. Kyvåg,WSL 2022-2023,5,0,0.2215312346816063,0.14399999380111694,0.4890715330839157,3,-0.2215312346816063,-0.14399999380111694,0.04430624693632126,0.6
T. Micah,WSL 2023-2024,1,1,1.0,0.9909090995788574,1.0,1,0.0,0.009090900421142578,1.0,1.0
T. Middag,WSL 2016,5,0,0.5406231731176376,0.5600000023841858,0.37594906985759735,3,-0.5406231731176376,-0.5600000023841858,0.10812463462352753,0.6
T. Middag,WSL 2019-2020,9,0,0.3639236316084862,0.0,0.8459677845239639,5,-0.3639236316084862,0.0,0.04043595906760958,0.5555555555555556
T. Payne,WSL 2024-2025,18,1,3.1042385026812553,1.3312309980392456,2.4261374324560165,10,-2.1042385026812553,-0.3312309980392456,0.17245769459340307,0.5555555555555556
T. Payne,WSL 2025-2026,11,0,0.6512789130210876,0.0,0.7494021207094193,8,-0.6512789130210876,0.0,0.059207173911007965,0.7272727272727273
T. Primmer,WSL 2021-2022,5,1,0.4115816578269005,0.7021276354789734,0.6767801344394684,3,0.5884183421730995,0.2978723645210266,0.0823163315653801,0.6
T. Primmer,WSL 2022-2023,11,1,1.2053572684526443,0.9208776354789734,1.4028392881155014,6,-0.20535726845264435,0.07912236452102661,0.10957793349569495,0.5454545454545454
T. Wullaert,WSL 2018-2019,31,3,1.8604705333709717,3.1313907504081726,2.704016163945198,22,1.1395294666290283,-0.1313907504081726,0.0600151784958378,0.7096774193548387
T. Wullaert,WSL 2019-2020,15,3,2.8707447424530983,3.5419222116470337,2.6336009204387665,7,0.1292552575469017,-0.5419222116470337,0.19138298283020655,0.4666666666666667
T. Yallop,WSL 2021-2022,28,1,3.299769416451454,2.544341340661049,3.2699466347694397,14,-2.299769416451454,-1.544341340661049,0.11784890773040908,0.5
Tang Jiali,WSL 2021-2022,11,0,0.9441840052604675,0.0,1.1876637786626816,6,-0.9441840052604675,0.0,0.08583490956913341,0.5454545454545454
Tatiana Pinto,WSL 2015,1,0,0.37419354915618896,0.0,0.22874094545841217,0,-0.37419354915618896,0.0,0.37419354915618896,0.0
Tatiana Pinto,WSL 2023-2024,14,2,2.072840452194214,1.6964366436004639,1.4076613038778305,10,-0.07284045219421387,0.30356335639953613,0.1480600322995867,0.7142857142857143
V. Asseyi,WSL 2022-2023,41,6,5.122594885528088,5.090958952903748,4.219357922673225,29,0.8774051144719124,0.9090410470962524,0.12494133867141677,0.7073170731707317
V. Asseyi,WSL 2023-2024,65,6,10.453086110513384,9.273923608224566,10.865372079174692,34,-4.453086110513384,-3.2739236082245657,0.1608167093925136,0.5230769230769231
V. Asseyi,WSL 2024-2025,38,9,6.810572881705877,8.273750391311761,6.602749135799524,25,2.189427118294123,0.7262496086882386,0.17922560215015465,0.6578947368421053
V. Asseyi,WSL 2025-2026,54,2,6.8950944452024086,3.7862360088563545,6.4735441415048225,30,-4.8950944452024086,-1.7862360088563545,0.12768693417041496,0.5555555555555556
V. Buurman,WSL 2025-2026,4,0,0.4971264526247978,0.0,0.45748189091682434,2,-0.4971264526247978,0.0,0.12428161315619946,0.5
V. Bøe Risa,WSL 2021-2022,18,2,1.6068780794739723,1.7948608994483948,1.9276231974363327,12,0.3931219205260277,0.20513910055160522,0.08927100441522068,0.6666666666666666
V. Bøe Risa,WSL 2022-2023,9,0,0.2215312346816063,0.0,0.4794614166021347,7,-0.2215312346816063,0.0,0.024614581631289587,0.7777777777777778
V. Gauvin,WSL 2020-2021,25,5,4.46103544206154,4.942049038119432,4.98277482063305,13,0.5389645579384599,0.05795096188056803,0.1784414176824616,0.52
V. Gauvin,WSL 2021-2022,12,0,1.049841746687889,0.5894736647605896,0.5231571942567825,9,-1.049841746687889,-0.5894736647605896,0.08748681222399075,0.75
V. Hanshaw,WSL 2024-2025,6,0,0.4727541580796242,0.14399999380111694,0.6850268095731735,3,-0.4727541580796242,-0.14399999380111694,0.07879235967993736,0.5
V. Hanshaw,WSL 2025-2026,8,1,0.46136123687028885,0.5894736647605896,1.1879986077547073,4,0.5386387631297112,0.4105263352394104,0.057670154608786106,0.5
V. Miedema,WSL 2017-2018,38,4,5.782347275171338,5.712523466203271,4.327697700116692,26,-1.7823472751713378,-1.7125234662032707,0.15216703355714048,0.6842105263157895
V. Miedema,WSL 2018-2019,108,22,16.201007813215256,18.497737154364586,10.44394001364708,87,5.798992186784744,3.502262845635414,0.15000933160384497,0.8055555555555556
V. Miedema,WSL 2019-2020,56,16,10.849497765302658,14.96883475780487,7.737742364406586,39,5.150502234697342,1.0311652421951294,0.19374103152326175,0.6964285714285714
V. Miedema,WSL 2020-2021,106,18,14.519905351102352,16.807699978351593,13.2266094237566,71,3.480094648897648,1.192300021648407,0.13698023916134294,0.6698113207547169
V. Miedema,WSL 2021-2022,105,14,9.75358883291483,11.441248819231987,9.639386549592018,78,4.246411167085171,2.558751180768013,0.09289132221823647,0.7428571428571429
V. Miedema,WSL 2022-2023,22,4,1.5943302437663078,3.1286380290985107,1.5173849016427994,19,2.405669756233692,0.8713619709014893,0.07246955653483217,0.8636363636363636
V. Miedema,WSL 2023-2024,16,2,3.157741941511631,2.2825103998184204,2.270909756422043,8,-1.157741941511631,-0.2825103998184204,0.19735887134447694,0.5
V. Miedema,WSL 2024-2025,39,7,5.784898966550827,5.833781659603119,4.179754510521889,29,1.215101033449173,1.166218340396881,0.1483307427320725,0.7435897435897436
V. Miedema,WSL 2025-2026,66,10,9.087233044207096,7.846912086009979,7.4658195078372955,45,0.9127669557929039,2.1530879139900208,0.13768534915465297,0.6818181818181818
V. Pelova,WSL 2022-2023,13,1,0.49863389134407043,0.8882236629724503,1.209643304347992,9,0.5013661086559296,0.11177633702754974,0.03835645318031311,0.6923076923076923
V. Pelova,WSL 2023-2024,27,2,3.689829185605049,2.5433457493782043,2.959713488817215,18,-1.6898291856050491,-0.5433457493782043,0.1366603402075944,0.6666666666666666
V. Pelova,WSL 2024-2025,5,1,0.323383092880249,0.7021276354789734,0.45748189091682434,4,0.676616907119751,0.2978723645210266,0.06467661857604981,0.8
V. Pelova,WSL 2025-2026,15,0,0.3175522983074188,0.14399999380111694,0.45748189091682434,14,-0.3175522983074188,-0.14399999380111694,0.02117015322049459,0.9333333333333333
V. Sarri,WSL 2020-2021,1,1,0.7014925479888916,0.9909090995788574,0.25072047114372253,1,0.2985074520111084,0.009090900421142578,0.7014925479888916,1.0
V. Sarri,WSL 2021-2022,31,3,1.899723507463932,3.103057876229286,3.211564391851425,20,1.100276492536068,-0.1030578762292862,0.061281403466578455,0.6451612903225806
V. Sarri,WSL 2022-2023,40,4,4.528841152787209,3.3312169909477234,5.0014035403728485,26,-0.5288411527872086,0.6687830090522766,0.11322102881968021,0.65
V. Sarri,WSL 2023-2024,14,0,1.3440517038106918,0.8157894611358643,1.4028392881155014,8,-1.3440517038106918,-0.8157894611358643,0.09600369312933513,0.5714285714285714
V. Sarri,WSL 2024-2025,22,2,1.7755490317940712,2.69454862177372,2.3619295358657837,14,0.2244509682059288,-0.6945486217737198,0.08070677417245778,0.6363636363636364
V. Schnaderbeck,WSL 2018-2019,2,0,0.11065573990345001,0.14399999380111694,0.22874094545841217,1,-0.11065573990345001,-0.14399999380111694,0.055327869951725006,0.5
V. Schnaderbeck,WSL 2021-2022,2,0,0.1939890757203102,0.0,0.29441624879837036,0,-0.1939890757203102,0.0,0.0969945378601551,0.0
V. Williams,WSL 2015,5,0,0.31481482088565826,0.0833333358168602,0.8310389071702957,2,-0.31481482088565826,-0.0833333358168602,0.06296296417713165,0.4
V. Williams,WSL 2016,4,2,1.1179993748664856,1.9259259700775146,0.6767801344394684,3,0.8820006251335144,0.07407402992248535,0.2794998437166214,0.75
V. Williams,WSL 2017,1,0,0.1666666716337204,0.0,0.21929824352264404,0,-0.1666666716337204,0.0,0.1666666716337204,0.0
V. Williams,WSL 2017-2018,5,0,0.48890339583158493,0.0,0.9125717282295227,1,-0.48890339583158493,0.0,0.09778067916631698,0.2
V. Williams,WSL 2018-2019,10,2,1.66214207559824,2.2628713846206665,1.4816051721572876,4,0.3378579244017601,-0.2628713846206665,0.166214207559824,0.4
V. Williams,WSL 2019-2020,6,1,1.9128139822221384,1.7470066605544672,1.984838506434022,5,-0.9128139822221384,-0.7470066605544672,0.3188023303703564,0.8333333333333334
V. Williams,WSL 2020-2021,4,0,0.17547055333852768,0.0,0.45628586411476135,2,-0.17547055333852768,0.0,0.04386763833463192,0.5
V. Williams,WSL 2021-2022,8,3,2.4067164435982704,2.580382764339447,1.865020602941513,6,0.5932835564017296,0.419617235660553,0.3008395554497838,0.75
V. Williams,WSL 2022-2023,2,1,1.0,0.8157894611358643,1.0,2,0.0,0.18421053886413574,0.5,1.0
Vicky Losada,WSL 2015,13,2,2.3044368401169777,1.989315927028656,3.2498356848955154,4,-0.3044368401169777,0.010684072971343994,0.1772643723166906,0.3076923076923077
Vicky Losada,WSL 2016,22,2,1.0564557015895844,0.9445518851280212,1.9963105469942093,15,0.9435442984104156,1.0554481148719788,0.04802071370861747,0.6818181818181818
Vicky Losada,WSL 2021-2022,13,3,2.5292448550462723,2.7193896770477295,1.6755392849445343,9,0.4707551449537277,0.2806103229522705,0.19455729654202095,0.6923076923076923
Vicky Losada,WSL 2023-2024,9,1,1.070912381861268,0.8360975591874704,1.7014549581742868,5,-0.07091238186126803,0.16390244081252958,0.11899026465125201,0.5555555555555556
Vicky Losada,WSL 2024-2025,12,1,1.13458751142025,1.7242552638053894,0.9275006055831909,9,-0.13458751142024994,-0.7242552638053894,0.09454895928502083,0.75
W. Kaptein,WSL 2024-2025,14,2,2.333356633782387,1.5179170966148376,1.6233335584402084,9,-0.3333566337823868,0.48208290338516235,0.1666683309844562,0.6428571428571429
W. Kaptein,WSL 2025-2026,27,2,3.827747844159603,4.581953585147858,3.311577081680298,15,-1.8277478441596031,-2.5819535851478577,0.1417684386725779,0.5555555555555556
W. Kiszkis,WSL 2019-2020,1,0,0.23270440101623535,0.0,0.22874094545841217,0,-0.23270440101623535,0.0,0.23270440101623535,0.0
W. Sangaré,WSL 2025-2026,11,0,0.44331831485033035,0.0,0.8554104864597321,7,-0.44331831485033035,0.0,0.04030166498639367,0.6363636363636364
Wang Shuang,WSL 2023-2024,8,0,0.6092896312475204,0.0,1.0027860254049301,3,-0.6092896312475204,0.0,0.07616120390594006,0.375
Y. Daniëls,WSL 2017-2018,26,1,1.1820987537503242,1.4710056781768799,2.7165632396936417,15,-0.18209875375032425,-0.4710056781768799,0.04546533668270478,0.5769230769230769
Y. Daniëls,WSL 2018-2019,8,1,0.877224400639534,0.8957894593477249,1.1974413096904755,4,0.122775599360466,0.10421054065227509,0.10965305007994175,0.5
Y. Daniëls,WSL 2019-2020,15,2,3.9505036605930908,4.27697533950573,3.1400066225267036,7,-1.9505036605930908,-2.2769753395057304,0.26336691070620605,0.4666666666666667
Y. Daniëls,WSL 2020-2021,13,2,1.2514124363660812,1.3493872284889221,1.6046900153160095,11,0.7485875636339188,0.6506127715110779,0.09626249510508317,0.8461538461538461
Y. Daniëls,WSL 2022-2023,13,0,0.618720255792141,0.6694736629724503,0.9806390851736069,8,-0.618720255792141,-0.6694736629724503,0.047593865830164686,0.6153846153846154
Y. Daniëls,WSL 2023-2024,3,0,0.7773224264383316,0.828125,0.5294117778539658,1,-0.7773224264383316,-0.828125,0.25910747547944385,0.3333333333333333
Y. Daniëls,WSL 2024-2025,1,0,0.0833333358168602,0.0,0.22874094545841217,0,-0.0833333358168602,0.0,0.0833333358168602,0.0
Y. Endo,WSL 2025-2026,5,1,1.33196721971035,0.9909090995788574,1.7385959774255753,2,-0.33196721971035004,0.009090900421142578,0.26639344394207,0.4
Y. Hasegawa,WSL 2021-2022,16,2,0.9883355051279068,1.2708749920129776,2.2070066034793854,9,1.0116644948720932,0.7291250079870224,0.061770969070494175,0.5625
Y. Hasegawa,WSL 2022-2023,12,1,0.9934002831578255,2.044479340314865,1.4155435264110565,7,0.00659971684217453,-1.0444793403148651,0.0827833569298188,0.5833333333333334
Y. Hasegawa,WSL 2023-2024,10,0,0.5134335160255432,0.0,0.9589228332042694,6,-0.5134335160255432,0.0,0.05134335160255432,0.6
Y. Hasegawa,WSL 2024-2025,16,0,0.9570714980363846,0.3199999928474426,0.8960783779621124,12,-0.9570714980363846,-0.3199999928474426,0.059816968627274036,0.75
Y. Hasegawa,WSL 2025-2026,19,2,3.7643052861094475,2.799999713897705,2.8882219344377518,9,-1.7643052861094475,-0.7999997138977051,0.19812133084786565,0.47368421052631576
Y. Momiki,WSL 2023-2024,17,2,1.190527394413948,2.2842171788215637,0.9055210798978806,15,0.8094726055860519,-0.2842171788215637,0.07003102320082047,0.8823529411764706
Y. Momiki,WSL 2024-2025,21,3,3.0984951911903007,3.344563907239495,3.702896168682633,11,-0.0984951911903007,-0.34456390723949504,0.147547390056681,0.5238095238095238
Y. Momiki,WSL 2025-2026,19,3,2.2980515418983085,2.0182251988387687,2.797923272702752,13,0.7019484581016915,0.9817748011612313,0.12095008115254255,0.6842105263157895
Y. Tennebø,WSL 2025-2026,1,0,0.04054053872823715,0.0,0.19607843458652496,0,-0.04054053872823715,0.0,0.04054053872823715,0.0
Z. Kramžar,WSL 2025-2026,8,1,1.417574182152748,2.10638290643692,1.2543152421712875,5,-0.4175741821527481,-1.1063829064369202,0.1771967727690935,0.625
Z. Morse,WSL 2022-2023,4,0,0.15671642124652863,0.0,0.22754491865634918,3,-0.15671642124652863,0.0,0.039179105311632156,0.75
Z. Shaw,WSL 2024-2025,1,0,0.0,0.0,0.0,1,0.0,0.0,0.0,1.0
Z. Shaw,WSL 2025-2026,1,1,0.5862069129943848,0.8823529481887817,0.21929824352264404,1,0.41379308700561523,0.11764705181121826,0.5862069129943848,1.0
Z. Wyne,WSL 2017-2018,12,0,1.026734285056591,0.5894736647605896,1.4040353149175644,6,-1.026734285056591,-0.5894736647605896,0.08556119042138259,0.5
Z. Wyne,WSL 2021-2022,4,1,1.332133688032627,1.5894356966018677,0.9281998872756958,1,-0.3321336880326271,-0.5894356966018677,0.3330334220081568,0.25
Zhang Linyan,WSL 2023-2024,1,0,0.0,0.0,0.0,1,0.0,0.0,0.0,1.0
È. Périsset,WSL 2022-2023,5,0,0.37419354915618896,0.14399999380111694,0.4794614166021347,3,-0.37419354915618896,-0.14399999380111694,0.07483870983123779,0.6
È. Périsset,WSL 2023-2024,2,0,0.0833333358168602,0.07999999821186066,0.1538461595773697,1,-0.0833333358168602,-0.07999999821186066,0.0416666679084301,0.5
