player_name,season,shots_n,goals,xg,psxg,on_target,placement_q_mean,shot_power_mean,contact_quality_mean,technique_mean,optimal_placement_mean,finishing_luck,conv_rate,ot_pct,goals_minus_psxg
A. Addison,WSL 2019-2020,3,1,0.2804878056049347,0.7358490824699402,3,51.39757884483577,55.666666666666664,18.146976187727585,11.666666666666666,100.0,0.2641509175300598,0.3333333333333333,1.0,0.2641509175300598
A. Addison,WSL 2020-2021,17,2,2.057377286255359,2.0820348262786865,11,55.421709605613415,50.05882352941177,17.00869901240084,5.294117647058823,23.75,-0.08203482627868658,0.11764705882352941,0.6470588235294118,-0.08203482627868652
A. Addison,WSL 2021-2022,12,1,1.9572670294380767,1.2692554651237116,7,61.43102961257957,49.833333333333336,16.665714276541134,10.416666666666666,16.0,-0.26925546512371157,0.08333333333333333,0.5833333333333334,-0.26925546512371157
A. Ale,WSL 2020-2021,2,0,0.0,0.0,2,,54.5,0.0,32.5,,0.0,0.0,1.0,0.0
A. Ale,WSL 2021-2022,3,1,0.931034505367279,0.9850746393203736,2,33.76799931559136,55.666666666666664,15.478746279135628,13.333333333333334,30.0,0.0149253606796264,0.3333333333333333,0.6666666666666666,0.014925360679626354
A. Ale,WSL 2022-2023,1,0,0.2598684132099151,0.0,0,78.3701331999492,50.0,39.1850665999746,0.0,50.0,0.0,0.0,0.0,0.0
A. Ale,WSL 2023-2024,1,0,0.4285714328289032,0.5131579041481018,0,17.811980986590655,42.0,30.967394284405046,20.0,100.0,-0.5131579041481018,0.0,0.0,-0.5131579041481018
A. Ale,WSL 2024-2025,3,0,0.9001117646694182,0.633093535900116,0,55.96805554719676,50.0,34.31496313259954,0.0,10.0,-0.633093535900116,0.0,0.0,-0.633093535900116
A. Ale,WSL 2025-2026,5,0,0.22057237476110447,0.0,3,57.929069174999384,44.4,27.504961003333086,13.0,45.0,0.0,0.0,0.6,0.0
A. Anvegård,WSL 2021-2022,28,4,3.261395201086997,4.454563304781914,18,58.47404489590023,49.42857142857143,21.474590955289013,12.321428571428571,44.285714285714285,-0.45456330478191387,0.14285714285714285,0.6428571428571429,-0.45456330478191376
A. Asante,WSL 2017-2018,1,0,0.0,0.0,1,,50.0,0.0,0.0,,0.0,0.0,1.0,0.0
A. Asante,WSL 2020-2021,4,1,0.3641948327422142,0.7721518874168396,3,53.16274603650761,46.0,21.165158998086532,12.5,50.0,0.2278481125831604,0.25,0.75,0.2278481125831604
A. Asante,WSL 2021-2022,4,1,0.3574293851852416,0.8278987258672714,3,21.477773621113407,52.25,14.912017182616218,13.75,100.0,0.17210127413272858,0.25,0.75,0.17210127413272858
A. Baker,WSL 2021-2022,2,0,0.2598684132099151,0.0,1,78.23156509860823,50.0,19.557891274652057,0.0,0.0,0.0,0.0,0.5,0.0
A. Baker,WSL 2022-2023,1,1,0.7007874250411987,0.633093535900116,1,24.123524710216916,50.0,31.05456843211194,0.0,30.0,0.366906464099884,1.0,1.0,0.36690646409988403
A. Baker,WSL 2023-2024,2,0,0.0,0.0,2,31.508376311352116,62.5,10.377094077838029,7.5,30.0,0.0,0.0,1.0,0.0
A. Beever-Jones,WSL 2022-2023,19,2,1.4944723471999164,3.348419174551964,13,39.24106624241618,46.63157894736842,19.696437159178387,9.473684210526315,56.666666666666664,-1.3484191745519638,0.10526315789473684,0.6842105263157895,-1.3484191745519638
A. Beever-Jones,WSL 2023-2024,40,11,8.517848379909992,9.01529836654663,27,49.188715462987815,51.775,27.13404979690972,9.75,40.689655172413794,1.9847016334533687,0.275,0.675,1.9847016334533691
A. Beever-Jones,WSL 2024-2025,46,9,8.479567289352417,7.844574749469757,34,43.72541320732755,50.130434782608695,24.7622031931012,10.869565217391305,38.611111111111114,1.1554252505302425,0.1956521739130435,0.7391304347826086,1.155425250530243
A. Beever-Jones,WSL 2025-2026,27,4,3.953750185668468,3.760934829711914,18,46.47735710451572,51.22222222222222,24.108701824809184,10.37037037037037,48.0,0.2390651702880858,0.14814814814814814,0.6666666666666666,0.23906517028808594
A. Bergström,WSL 2025-2026,12,1,2.2811600863933563,1.9315721839666367,6,46.534246294133716,50.5,28.7960155669501,7.916666666666667,36.36363636363637,-0.9315721839666367,0.08333333333333333,0.5,-0.9315721839666367
A. Blanchard,WSL 2024-2025,22,4,5.060824703879472,4.406652283377763,10,57.66816836607328,50.45454545454545,31.570291687696628,7.045454545454546,22.77777777777778,-0.4066522833777638,0.18181818181818182,0.45454545454545453,-0.40665228337776327
A. Csiki,WSL 2024-2025,2,0,0.2598684132099151,0.0,1,78.64413519137965,50.0,19.66103379784491,0.0,0.0,0.0,0.0,0.5,0.0
A. Csiki,WSL 2025-2026,1,1,0.4285714328289032,0.8780487775802612,1,18.903556396732448,50.0,35.793241525774064,0.0,30.0,0.1219512224197387,1.0,1.0,0.12195122241973877
A. Csillag,WSL 2025-2026,8,1,1.1778849139809606,2.416985332965851,4,57.04483685777343,47.0,28.556873183342802,7.5,42.0,-1.4169853329658508,0.125,0.5,-1.4169853329658508
A. Dahlkemper,WSL 2020-2021,2,0,0.0837070271372795,0.0,1,78.20230175640613,42.0,22.883908772434864,20.0,50.0,0.0,0.0,0.5,0.0
A. Dennis,WSL 2025-2026,1,0,0.4670658707618713,0.0,0,77.86205751198719,42.0,45.59769542266026,20.0,50.0,0.0,0.0,0.0,0.0
A. Denton,WSL 2023-2024,3,0,0.136865347623825,0.0,2,77.79060211733663,42.0,15.18732257511166,23.333333333333332,50.0,0.0,0.0,0.6666666666666666,0.0
A. Denton,WSL 2024-2025,13,2,1.837878510355949,1.7646724879741669,8,53.433824366466446,46.15384615384615,30.264817677299273,20.76923076923077,44.0,0.23532751202583307,0.15384615384615385,0.6153846153846154,0.23532751202583313
A. Denton,WSL 2025-2026,4,1,0.6921340599656104,1.249006986618042,1,60.24270848484678,46.0,43.65557330872537,12.5,27.5,-0.249006986618042,0.25,0.25,-0.249006986618042
A. Eikeland,WSL 2019-2020,21,2,3.2639630511403075,2.995251163840294,9,44.42249569177929,52.523809523809526,20.489067789449567,13.571428571428571,42.30769230769231,-0.9952511638402938,0.09523809523809523,0.42857142857142855,-0.9952511638402939
A. Eikeland,WSL 2020-2021,32,2,3.804768472909927,2.458636447787285,22,64.86356437603045,46.75,15.821056656972956,9.21875,40.0,-0.45863644778728485,0.0625,0.6875,-0.45863644778728485
A. Eikeland,WSL 2021-2022,12,2,1.001723527908325,1.7417027205228806,9,57.52506683485956,48.75,15.05287905156157,10.833333333333334,52.5,0.2582972794771194,0.16666666666666666,0.75,0.25829727947711945
A. Eikeland,WSL 2022-2023,13,1,1.682586535811424,1.2318693697452545,5,49.757448514334186,50.53846153846154,27.48374727598941,13.461538461538462,55.45454545454545,-0.2318693697452544,0.07692307692307693,0.38461538461538464,-0.23186936974525452
A. Engman,WSL 2018-2019,10,2,1.534385934472084,2.22752845287323,6,61.80880462548067,46.8,26.72522674626389,8.5,26.666666666666668,-0.22752845287323004,0.2,0.6,-0.22752845287322998
A. Engman,WSL 2019-2020,3,1,0.7269342839717864,0.7358490824699402,2,51.788835096426936,47.333333333333336,24.621435856841714,8.333333333333334,15.0,0.2641509175300598,0.3333333333333333,0.6666666666666666,0.2641509175300598
A. Everett,WSL 2024-2025,2,0,0.100000001490116,0.0,0,70.89649778962496,58.5,41.28158222814581,17.5,25.0,0.0,0.0,0.0,0.0
A. Filbey,WSL 2017-2018,1,0,0.0837070271372795,0.0,0,77.84093467521515,42.0,47.25380067094092,25.0,0.0,0.0,0.0,0.0,0.0
A. Filbey,WSL 2019-2020,1,1,1.0,1.0,1,47.31173216021583,50.0,53.65586608010792,0.0,100.0,0.0,1.0,1.0,0.0
A. Filbey,WSL 2020-2021,1,1,0.3084021806716919,0.8585858345031738,1,52.273745268963125,42.0,58.56111433624345,20.0,100.0,0.1414141654968261,1.0,1.0,0.14141416549682617
A. Fujino,WSL 2024-2025,20,1,1.8054440245032306,0.6883116960525513,13,48.41605408284918,50.1,20.855154491813934,8.5,19.333333333333332,0.3116883039474487,0.05,0.65,0.31168830394744873
A. Fujino,WSL 2025-2026,26,5,4.318559557199477,5.472661569714546,18,42.80235727852042,50.61538461538461,26.48479225061157,9.615384615384615,46.19047619047619,-0.47266156971454626,0.19230769230769232,0.6923076923076923,-0.4726615697145462
A. Galli,WSL 2021-2022,6,1,0.8469831347465515,0.633093535900116,3,48.25452736100663,54.333333333333336,12.041222239668352,16.666666666666668,50.0,0.366906464099884,0.16666666666666666,0.5,0.36690646409988403
A. Galli,WSL 2022-2023,10,0,0.41285082697868325,0.0,6,58.210115717778315,43.6,21.62970138200016,19.0,18.333333333333332,0.0,0.0,0.6,0.0
A. Galli,WSL 2023-2024,14,3,1.693884557340203,2.1363915561175926,10,42.78154880620222,44.92857142857143,33.34970869001976,22.142857142857142,65.71428571428571,0.8636084438824072,0.21428571428571427,0.7142857142857143,0.8636084438824074
A. Galli,WSL 2024-2025,2,0,0.1085714250802993,0.5131579041481018,1,43.99065557340302,42.0,22.86169912223895,25.0,30.0,-0.5131579041481018,0.0,0.5,-0.5131579041481018
A. Galli,WSL 2025-2026,3,1,0.931034505367279,0.7721518874168396,3,22.294027302563165,46.333333333333336,25.535199192116647,20.0,100.0,0.2278481125831604,0.3333333333333333,1.0,0.2278481125831604
A. Gaylor,WSL 2018-2019,10,1,0.539764270186424,1.272132284939289,4,67.22054419756141,46.1,28.48256011408629,20.5,46.666666666666664,-0.272132284939289,0.1,0.4,-0.2721322849392891
A. Goddard,WSL 2018-2019,6,0,0.7300846353173255,0.0,2,78.30798750777717,44.666666666666664,23.465885765833182,15.0,33.333333333333336,0.0,0.0,0.3333333333333333,0.0
A. Grant,WSL 2019-2020,21,2,2.3859723582863803,2.43367101252079,13,59.881018686230014,47.095238095238095,19.922648367697644,15.238095238095237,45.55555555555556,-0.43367101252079004,0.09523809523809523,0.6190476190476191,-0.4336710125207901
A. Grant,WSL 2020-2021,1,0,0.0,0.0,1,,42.0,0.0,20.0,,0.0,0.0,1.0,0.0
A. Green,WSL 2017,2,0,0.0,0.0,2,,50.0,0.0,0.0,,0.0,0.0,1.0,0.0
A. Green,WSL 2017-2018,2,0,0.167414054274559,0.0666666701436042,0,11.771434350437788,42.0,8.109525306430177,25.0,100.0,-0.0666666701436042,0.0,0.0,-0.0666666701436042
A. Greenwood,WSL 2015,15,1,1.1440839900112731,0.7560975609756098,11,26.007263942556058,47.53333333333333,2.3791039200364215,17.333333333333332,30.0,0.2439024390243902,0.06666666666666667,0.7333333333333333,0.24390243902439024
A. Greenwood,WSL 2016,6,1,0.9235116152501688,0.7560975609756098,4,53.565536183881036,44.666666666666664,8.244282486868135,16.666666666666668,30.0,0.2439024390243902,0.16666666666666666,0.6666666666666666,0.24390243902439024
A. Greenwood,WSL 2017,7,2,2.001217348728238,1.7560975609756098,5,49.94563891762678,44.857142857142854,15.613604630508819,13.571428571428571,65.0,0.2439024390243902,0.2857142857142857,0.7142857142857143,0.24390243902439024
A. Greenwood,WSL 2017-2018,13,2,2.1587020887470825,1.8925293593144998,9,48.84334055650144,48.23076923076923,14.401351192617069,12.692307692307692,28.0,0.10747064068550011,0.15384615384615385,0.6923076923076923,0.10747064068550016
A. Greenwood,WSL 2020-2021,11,0,0.5251484736800193,0.0,9,73.63304876009585,51.0,7.4514892812208355,21.818181818181817,25.0,0.0,0.0,0.8181818181818182,0.0
A. Greenwood,WSL 2021-2022,17,4,3.298368145234701,4.041559707827684,13,50.24612583664468,47.705882352941174,20.229291838122116,10.882352941176471,61.25,-0.04155970782768442,0.23529411764705882,0.7647058823529411,-0.04155970782768392
A. Greenwood,WSL 2022-2023,15,0,1.4678533656931505,1.1753524898028955,8,41.20079447064763,44.666666666666664,26.803922496862132,14.666666666666666,60.0,-1.1753524898028955,0.0,0.5333333333333333,-1.1753524898028955
A. Greenwood,WSL 2023-2024,17,1,1.4055756404995914,2.7661353200674057,9,46.55050954841092,45.88235294117647,26.01688922896986,21.470588235294116,73.33333333333333,-1.7661353200674057,0.058823529411764705,0.5294117647058824,-1.7661353200674057
A. Greenwood,WSL 2024-2025,5,0,0.7007874250411987,0.0,3,58.41664124209604,42.8,20.858325705962145,19.0,26.666666666666668,0.0,0.0,0.6,0.0
A. Greenwood,WSL 2025-2026,13,0,0.5652063637971877,0.7079630941152573,8,43.22427965609408,51.76923076923077,22.489253161840626,14.615384615384615,45.0,-0.7079630941152573,0.0,0.6153846153846154,-0.7079630941152573
A. Harrison,WSL 2018-2019,10,0,0.0837070271372795,0.0,9,78.07752557554575,50.6,4.570542945443954,9.0,50.0,0.0,0.0,0.9,0.0
A. Harrison,WSL 2019-2020,5,1,1.0837070271372795,1.0,4,56.52206182527195,45.6,19.637745698387725,24.0,15.0,0.0,0.2,0.8,0.0
A. Harrison,WSL 2020-2021,11,2,1.4549589082598682,1.4696796536445618,7,63.99078543694519,47.90909090909091,17.612602468172174,14.545454545454545,32.5,0.5303203463554382,0.18181818181818182,0.6363636363636364,0.5303203463554382
A. Harrison,WSL 2023-2024,14,1,0.9791299924254415,0.6883116960525513,7,56.04436104760271,59.0,29.422536940513773,11.785714285714286,20.833333333333332,0.3116883039474487,0.07142857142857142,0.5,0.31168830394744873
A. Hazard,WSL 2018-2019,1,0,0.0,0.0,1,,50.0,0.0,0.0,,0.0,0.0,1.0,0.0
A. Heatherson,WSL 2017,5,2,1.3140852823853493,1.8780487775802612,3,52.36074375784956,51.8,23.073774750384814,12.0,100.0,0.1219512224197387,0.4,0.6,0.12195122241973877
A. Heatherson,WSL 2017-2018,16,2,2.1333152838051315,2.651099666953087,8,66.50170640878936,48.125,29.398428461617044,17.1875,43.0,-0.6510996669530869,0.125,0.5,-0.6510996669530869
A. Heatherson,WSL 2018-2019,21,2,1.7370914593338962,2.412210777401924,13,41.331637695404005,52.0,12.080653424887542,16.19047619047619,58.57142857142857,-0.4122107774019242,0.09523809523809523,0.6190476190476191,-0.41221077740192413
A. Hegerberg,WSL 2016,10,0,0.7123394571244714,0.0,4,,49.4,0.0,19.5,,0.0,0.0,0.4,0.0
A. Hegerberg,WSL 2017,11,0,0.19227845221757878,0.1948051899671554,7,32.59447805994136,46.18181818181818,2.770429823847152,22.727272727272727,100.0,-0.1948051899671554,0.0,0.6363636363636364,-0.1948051899671554
A. Hegerberg,WSL 2017-2018,6,0,0.5837070271372795,0.0,3,78.12486173192309,47.5,14.965254733098291,22.5,50.0,0.0,0.0,0.5,0.0
A. Hodson,WSL 2015,9,0,0.6727192401885984,0.0,4,,46.44444444444444,0.0,10.555555555555555,,0.0,0.0,0.4444444444444444,0.0
A. Hodson,WSL 2016,6,0,0.5664656385779381,0.0,4,71.58103411130942,47.333333333333336,5.965086175942452,8.333333333333334,0.0,0.0,0.0,0.6666666666666666,0.0
A. Hodson,WSL 2017,3,0,0.1379238963127136,0.0,1,,44.666666666666664,0.0,16.666666666666668,,0.0,0.0,0.3333333333333333,0.0
A. Hodson,WSL 2017-2018,12,1,2.417972356081009,1.0,8,53.23049888051708,51.833333333333336,9.431590137842413,3.75,10.0,0.0,0.08333333333333333,0.6666666666666666,0.0
A. Hodson,WSL 2018-2019,1,1,0.4000000059604645,0.1948051899671554,1,21.704838170325065,42.0,25.029908117510523,25.0,100.0,0.8051948100328445,1.0,1.0,0.8051948100328445
A. Hodson,WSL 2019-2020,1,0,0.0,0.0,1,,50.0,0.0,0.0,,0.0,0.0,1.0,0.0
A. Holmes,WSL 2017,6,0,0.7870380133390424,0.0,2,,44.666666666666664,0.0,15.833333333333334,,0.0,0.0,0.3333333333333333,0.0
A. Ilestedt,WSL 2023-2024,7,1,1.2999310120940206,1.3874269127845764,2,48.79045703545054,47.857142857142854,35.81753433442107,16.428571428571427,58.57142857142857,-0.3874269127845764,0.14285714285714285,0.2857142857142857,-0.3874269127845764
A. James-Turner,WSL 2015,19,1,0.9070078730583188,0.5131579041481018,11,59.36759310525491,45.8421052631579,2.811150895284413,17.63157894736842,100.0,0.4868420958518982,0.05263157894736842,0.5789473684210527,0.4868420958518982
A. James-Turner,WSL 2016,18,0,1.420482568442821,0.1085714250802993,8,,45.111111111111114,0.6031745837794404,14.722222222222221,,-0.1085714250802993,0.0,0.4444444444444444,-0.1085714250802993
A. James-Turner,WSL 2017,3,1,0.3140852823853492,0.7721518874168396,2,47.75120708189249,44.666666666666664,15.680053387817141,16.666666666666668,30.0,0.2278481125831604,0.3333333333333333,0.6666666666666666,0.2278481125831604
A. James-Turner,WSL 2017-2018,6,0,0.3247892446815966,0.159420296549797,2,64.42272079165386,46.833333333333336,27.271341746633606,22.5,32.5,-0.159420296549797,0.0,0.3333333333333333,-0.159420296549797
A. James-Turner,WSL 2018-2019,18,0,1.6749690882861612,0.633093535900116,9,67.14586590145969,46.94444444444444,15.963148336969205,14.722222222222221,40.0,-0.633093535900116,0.0,0.5,-0.633093535900116
A. James-Turner,WSL 2019-2020,16,1,1.9657215178012846,1.4538239389657974,6,68.46483127055198,45.875,24.529627724929725,22.5,56.25,-0.45382393896579754,0.0625,0.375,-0.4538239389657974
A. James-Turner,WSL 2020-2021,41,1,2.8604788444936267,1.4030905812978745,21,67.68464373314475,46.41463414634146,19.839760152125482,21.585365853658537,36.31578947368421,-0.4030905812978744,0.024390243902439025,0.5121951219512195,-0.40309058129787445
A. James-Turner,WSL 2022-2023,14,1,2.205817818641662,1.8638540506362915,4,51.751620053539156,46.07142857142857,33.37865370479238,17.857142857142858,50.76923076923077,-0.8638540506362915,0.07142857142857142,0.2857142857142857,-0.8638540506362915
A. James-Turner,WSL 2023-2024,12,2,1.5920012816786766,1.8198906481266022,9,37.660174168868316,50.833333333333336,21.31118082253101,11.666666666666666,52.22222222222222,0.18010935187339777,0.16666666666666666,0.75,0.18010935187339783
A. James-Turner,WSL 2024-2025,1,0,0.0542168691754341,0.0,0,78.24640566824779,42.0,45.78986950079056,20.0,50.0,0.0,0.0,0.0,0.0
A. Johnson,WSL 2017,1,0,0.0,0.0,1,,50.0,0.0,0.0,,0.0,0.0,1.0,0.0
A. Johnson,WSL 2017-2018,8,0,0.3791438005864618,0.5131579041481018,4,69.47668874000458,49.125,23.043514325556526,14.375,32.5,-0.5131579041481018,0.0,0.5,-0.5131579041481018
A. Johnson,WSL 2018-2019,1,0,0.0542168691754341,0.0,0,78.10427502882142,42.0,47.385470847744045,25.0,50.0,0.0,0.0,0.0,0.0
A. Joice,WSL 2017,7,0,0.3008498772978781,0.1085714250802993,5,,45.42857142857143,1.5510203582899897,14.285714285714286,,-0.1085714250802993,0.0,0.7142857142857143,-0.1085714250802993
A. Joice,WSL 2017-2018,11,1,1.6672905087471006,0.6883116960525513,7,65.10162138660436,46.0,14.319932756495632,10.909090909090908,32.5,0.3116883039474487,0.09090909090909091,0.6363636363636364,0.31168830394744873
A. Jordan,WSL 2019-2020,2,0,0.0,0.0,2,,46.0,0.0,12.5,,0.0,0.0,1.0,0.0
A. Jøsendal,WSL 2025-2026,1,0,0.0837070271372795,0.0,0,78.02570801416103,42.0,47.34618734041385,25.0,0.0,0.0,0.0,0.0,0.0
A. Kennedy,WSL 2020-2021,28,1,2.0663927830755706,1.6291218549013138,17,60.641336724105976,46.285714285714285,15.610012116698902,20.357142857142858,58.0,-0.6291218549013138,0.03571428571428571,0.6071428571428571,-0.6291218549013138
A. Kennedy,WSL 2021-2022,4,1,0.27373069524765,1.133093535900116,3,33.33269113230428,50.25,20.16470763566027,18.75,100.0,-0.13309353590011602,0.25,0.75,-0.13309353590011597
A. Kennedy,WSL 2022-2023,5,0,0.16278829425573338,0.0,3,56.70323442512986,46.8,19.67763699420562,8.0,43.333333333333336,0.0,0.0,0.6,0.0
A. Kennedy,WSL 2023-2024,11,0,1.7100090235471723,1.8256073743104935,3,54.68799428888746,42.72727272727273,32.3512905026644,19.09090909090909,66.66666666666667,-1.8256073743104935,0.0,0.2727272727272727,-1.8256073743104935
A. Kennedy,WSL 2024-2025,1,0,0.0,0.0,1,36.097245201138456,75.0,23.048622600569228,15.0,30.0,0.0,0.0,1.0,0.0
A. Kennedy,WSL 2025-2026,13,1,2.1895937547087665,1.6181681752204895,6,63.6657963879588,47.38461538461539,29.362138128391994,15.0,45.55555555555556,-0.6181681752204896,0.07692307692307693,0.46153846153846156,-0.6181681752204895
A. Kuyken,WSL 2017-2018,1,0,0.4670658707618713,0.0,0,78.38622327934928,50.0,39.19311163967464,0.0,0.0,0.0,0.0,0.0,0.0
A. Kuyken,WSL 2018-2019,1,0,0.0,0.0,1,,42.0,0.0,25.0,,0.0,0.0,1.0,0.0
A. Lahmari,WSL 2017,1,0,0.0,0.0,1,,42.0,0.0,25.0,,0.0,0.0,1.0,0.0
A. Larkin,WSL 2024-2025,7,1,0.5507728978991507,0.8585858345031738,6,35.330350554057574,46.57142857142857,18.678588298129398,10.714285714285714,34.0,0.1414141654968261,0.14285714285714285,0.8571428571428571,0.14141416549682617
A. Lawrence,WSL 2023-2024,5,1,0.7983483970165253,0.977011501789093,4,43.031621448541785,53.4,25.741384256817934,8.0,22.5,0.0229884982109069,0.2,0.8,0.022988498210906982
A. Lawrence,WSL 2024-2025,6,1,0.580319583415985,0.9919191747903824,5,11.812453891917938,46.0,14.048118328917719,12.5,58.0,0.008080825209617587,0.16666666666666666,0.8333333333333334,0.008080825209617615
A. Lehmann,WSL 2018-2019,35,6,5.557263158261775,6.150480940937996,20,56.81214986755117,49.31428571428572,22.406567199139314,10.857142857142858,16.842105263157894,-0.15048094093799622,0.17142857142857143,0.5714285714285714,-0.1504809409379959
A. Lehmann,WSL 2019-2020,16,3,3.015886396169662,2.7331090569496155,10,62.15695123467294,48.375,18.92974589769857,12.1875,22.857142857142858,0.2668909430503843,0.1875,0.625,0.2668909430503845
A. Lehmann,WSL 2020-2021,14,1,1.325011573731899,0.8591805025935172,9,58.495384256648116,45.42857142857143,16.637731036744036,13.928571428571429,41.666666666666664,0.14081949740648278,0.07142857142857142,0.6428571428571429,0.1408194974064828
A. Lehmann,WSL 2021-2022,30,2,2.2408598272538764,1.7534185035563095,19,57.76760039239157,46.6,18.750874157209758,16.666666666666668,24.666666666666668,0.24658149644369043,0.06666666666666667,0.6333333333333333,0.24658149644369054
A. Lehmann,WSL 2022-2023,24,5,3.7428880541062934,4.1925381331182106,19,37.2653126419743,48.0,21.187172544345835,6.041666666666667,36.25,0.8074618668817891,0.20833333333333334,0.7916666666666666,0.8074618668817894
A. Lehmann,WSL 2023-2024,12,2,2.6410217210650444,1.6653231978416443,6,61.34433984803703,52.083333333333336,27.584102104284664,1.25,26.666666666666668,0.3346768021583556,0.16666666666666666,0.5,0.3346768021583557
A. Lehmann,WSL 2025-2026,8,1,1.3308655023574827,0.977011501789093,5,51.09797530865552,59.375,24.07553387245492,5.625,23.333333333333332,0.0229884982109069,0.125,0.625,0.022988498210906982
A. Leon,WSL 2018-2019,11,1,1.2667211443185802,1.5937969237565994,6,44.31759994219385,50.90909090909091,16.38859765771357,14.090909090909092,42.0,-0.5937969237565994,0.09090909090909091,0.5454545454545454,-0.5937969237565994
A. Leon,WSL 2019-2020,21,5,4.042273670434952,5.808968722820282,12,56.487091118813886,51.0,28.877864474138033,14.047619047619047,40.0,-0.8089687228202822,0.23809523809523808,0.5714285714285714,-0.808968722820282
A. Leon,WSL 2020-2021,27,1,1.4124128147959705,1.5278537422418594,20,56.11836057617071,47.407407407407405,11.184285971800195,11.481481481481481,30.0,-0.5278537422418594,0.037037037037037035,0.7407407407407407,-0.5278537422418594
A. Leon,WSL 2021-2022,25,2,1.8742990270256994,3.6190055161714554,17,44.24596307788305,48.2,14.240413306758027,12.8,57.77777777777778,-1.6190055161714554,0.08,0.68,-1.6190055161714554
A. Leon,WSL 2022-2023,1,1,0.4285714328289032,0.7721518874168396,1,27.065558269587648,50.0,36.69733575729901,0.0,100.0,0.2278481125831604,1.0,1.0,0.2278481125831604
A. Leon,WSL 2023-2024,25,5,3.6948662549257274,5.257308706641197,19,45.86957516020934,50.4,19.168193322957197,6.0,31.53846153846154,-0.2573087066411974,0.2,0.76,-0.2573087066411972
A. Leon,WSL 2024-2025,13,3,1.3514848947525022,2.5951796770095825,12,38.97388265173361,48.15384615384615,17.635690737796548,5.384615384615385,72.85714285714286,0.40482032299041726,0.23076923076923078,0.9230769230769231,0.4048203229904175
A. Luik,WSL 2016,2,0,0.0837070271372795,0.0,1,,42.0,0.0,25.0,,0.0,0.0,0.5,0.0
A. Mannion,WSL 2015,3,1,0.3042168691754341,0.8780487775802612,2,50.87774016644651,44.666666666666664,17.26011113687703,13.333333333333334,100.0,0.1219512224197387,0.3333333333333333,0.6666666666666666,0.12195122241973877
A. Mannion,WSL 2016,2,1,0.8398045881128893,0.7560975609756098,1,55.06370048508469,50.0,25.10738853590532,0.0,30.0,0.2439024390243902,0.5,0.5,0.24390243902439024
A. Mannion,WSL 2017,1,0,0.0542168691754341,0.159420296549797,0,37.773594539631006,42.0,32.00273949964274,25.0,100.0,-0.159420296549797,0.0,0.0,-0.159420296549797
A. Mannion,WSL 2017-2018,8,3,3.1080972710397186,3.024390243902439,7,52.113599844227714,46.0,32.027383700894326,12.5,22.5,-0.0243902439024391,0.375,0.875,-0.024390243902439046
A. Mannion,WSL 2018-2019,4,2,1.9295482751799793,1.707000311918375,3,15.402764912579826,46.0,31.968234217939273,11.25,65.0,0.292999688081625,0.5,0.75,0.292999688081625
A. Mannion,WSL 2021-2022,4,0,0.5507728978991507,0.0,2,78.19592705163626,48.0,21.215648429575733,5.0,25.0,0.0,0.0,0.5,0.0
A. Mannion,WSL 2022-2023,1,0,0.050000000745058,0.0,0,78.95322103062745,75.0,44.47661051531372,15.0,0.0,0.0,0.0,0.0,0.0
A. Masaka,WSL 2024-2025,1,0,0.0,0.0,1,27.268011376784397,50.0,13.634005688392199,0.0,30.0,0.0,0.0,1.0,0.0
A. McManus,WSL 2015,3,0,0.3435754403471946,0.0,1,,55.666666666666664,0.0,13.333333333333334,,0.0,0.0,0.3333333333333333,0.0
A. McManus,WSL 2016,4,0,0.3574293851852416,0.0,2,,56.25,0.0,3.75,,0.0,0.0,0.5,0.0
A. McManus,WSL 2017-2018,8,2,0.8344489857554431,0.9131579101085663,4,62.92589602747798,46.0,30.56321983987803,10.625,43.333333333333336,1.0868420898914337,0.25,0.5,1.0868420898914337
A. McManus,WSL 2018-2019,6,1,1.2994743436574936,0.9850746393203736,4,48.77704007838737,52.833333333333336,13.054879876333096,5.833333333333333,50.0,0.0149253606796264,0.16666666666666666,0.6666666666666666,0.014925360679626354
A. McManus,WSL 2019-2020,1,0,0.2804878056049347,0.5131579041481018,0,20.641382382647375,50.0,25.715428315766744,0.0,30.0,-0.5131579041481018,0.0,0.0,-0.5131579041481018
A. McManus,WSL 2020-2021,1,1,0.931034505367279,0.977011501789093,1,29.01225794575651,50.0,43.81647402655104,0.0,100.0,0.0229884982109069,1.0,1.0,0.022988498210906982
A. McManus,WSL 2021-2022,5,1,0.5289417840540407,0.633093535900116,3,64.60142567491691,42.0,19.385513017050744,20.0,75.0,0.366906464099884,0.2,0.6,0.36690646409988403
A. McManus,WSL 2022-2023,1,0,0.0,0.0666666701436042,1,9.887702800280088,55.0,10.277184837781503,10.0,30.0,-0.0666666701436042,0.0,1.0,-0.0666666701436042
A. Morgan,WSL 2020-2021,5,2,1.609756093926546,1.5121951219512195,4,55.765287207716206,46.8,27.13609022735551,9.0,36.666666666666664,0.4878048780487804,0.4,0.8,0.4878048780487805
A. Neville,WSL 2019-2020,5,1,1.1627882942557335,1.1166535913944244,3,45.81231425198518,53.4,22.110282490628766,8.0,66.66666666666667,-0.11665359139442451,0.2,0.6,-0.11665359139442444
A. Neville,WSL 2020-2021,8,2,1.143743574619293,1.1883116960525513,6,57.942147776778214,45.625,21.650039137724953,15.0,50.0,0.8116883039474487,0.25,0.75,0.8116883039474487
A. Neville,WSL 2021-2022,30,3,5.505437184125184,5.825996711850166,15,61.01463473643663,47.56666666666667,26.352609355003377,13.5,36.111111111111114,-2.8259967118501668,0.1,0.5,-2.8259967118501663
A. Neville,WSL 2022-2023,24,3,2.5172560513019557,4.087992042303085,16,45.2921100172599,45.333333333333336,25.011197976017986,13.75,48.888888888888886,-1.0879920423030853,0.125,0.6666666666666666,-1.0879920423030853
A. Neville,WSL 2023-2024,14,1,2.0279322750866413,1.7171716690063477,8,54.016617921177286,49.0,26.54273140543406,15.0,58.0,-0.7171716690063478,0.07142857142857142,0.5714285714285714,-0.7171716690063477
A. Neville,WSL 2024-2025,11,0,0.3747892454266546,0.4340425655245779,6,52.24897288790983,50.0,36.24763283477952,26.818181818181817,64.54545454545455,-0.4340425655245779,0.0,0.5454545454545454,-0.4340425655245779
A. Neville,WSL 2025-2026,8,1,1.1231752708554268,1.0,4,62.123978429011856,45.125,32.87982524421278,25.0,46.666666666666664,0.0,0.125,0.5,0.0
A. Nildén,WSL 2018-2019,1,1,0.25,0.8585858345031738,1,41.506358281325724,50.0,46.51075417575807,0.0,30.0,0.1414141654968261,1.0,1.0,0.14141416549682617
A. Nildén,WSL 2019-2020,2,0,0.136865347623825,0.1948051899671554,1,10.9183840888252,50.0,5.651673871713631,0.0,30.0,-0.1948051899671554,0.0,0.5,-0.1948051899671554
A. Nildén,WSL 2023-2024,8,0,1.0351992174983022,0.0,3,61.12863045847229,46.0,34.73098189590281,12.5,17.5,0.0,0.0,0.375,0.0
A. Nildén,WSL 2024-2025,8,2,1.2363724559545517,1.1166535913944244,5,49.582838902763804,43.0,31.921609654354924,21.25,47.142857142857146,0.8833464086055755,0.25,0.625,0.8833464086055756
A. Nildén,WSL 2025-2026,10,2,2.7983483970165253,2.712860584259033,9,34.47207251993608,49.3,24.760744094084863,11.0,67.5,-0.7128605842590333,0.2,0.9,-0.7128605842590332
A. Nouwen,WSL 2021-2022,6,1,1.868134267628193,0.9850746393203736,3,54.98821115217919,50.166666666666664,14.923408388631733,13.333333333333334,15.0,0.0149253606796264,0.16666666666666666,0.5,0.014925360679626354
A. Nouwen,WSL 2022-2023,2,0,0.0837070271372795,0.0,1,78.14544843502475,42.0,22.86969544208952,20.0,50.0,0.0,0.0,0.5,0.0
A. Nouwen,WSL 2024-2025,4,1,0.7983483970165253,0.8585858345031738,3,35.78101070507445,51.5,31.413232444644358,21.25,75.0,0.1414141654968261,0.25,0.75,0.14141416549682617
A. Oshoala,WSL 2015,22,3,3.022855922579765,2.0144805759191513,13,36.56833250716969,52.81818181818182,5.467587092651322,12.272727272727273,30.0,0.9855194240808485,0.13636363636363635,0.5909090909090909,0.9855194240808487
A. Oshoala,WSL 2016,17,3,3.1499665379524227,2.94716078042984,11,40.38901007121425,48.11764705882353,10.442716287568063,5.294117647058823,52.5,0.052839219570159704,0.17647058823529413,0.6470588235294118,0.05283921957015991
A. Palmer,WSL 2017,1,0,0.0542168691754341,0.0,0,,42.0,0.0,25.0,,0.0,0.0,0.0,0.0
A. Palmer,WSL 2017-2018,5,0,0.167414054274559,0.0,3,78.05981843470167,43.6,18.611963686940335,19.0,25.0,0.0,0.0,0.6,0.0
A. Palmer,WSL 2020-2021,6,0,0.3300646618008613,0.0,1,77.1516991352689,45.5,39.36876352858426,25.833333333333332,50.0,0.0,0.0,0.16666666666666666,0.0
A. Palmer,WSL 2023-2024,3,1,0.0837070271372795,0.633093535900116,3,36.053360688623385,42.0,23.904277810764512,25.0,30.0,0.366906464099884,0.3333333333333333,1.0,0.36690646409988403
A. Patten,WSL 2017,6,0,0.42251902073621744,0.0,2,,43.333333333333336,0.0,17.5,,0.0,0.0,0.3333333333333333,0.0
A. Patten,WSL 2021-2022,7,0,0.0542168691754341,0.1948051899671554,5,58.45346239222094,44.285714285714285,11.090135917795562,15.0,75.0,-0.1948051899671554,0.0,0.7142857142857143,-0.1948051899671554
A. Patten,WSL 2022-2023,15,0,1.3879384025931354,0.7611111104488373,8,56.611484376236895,42.53333333333333,22.061223089324297,19.333333333333332,66.66666666666667,-0.7611111104488373,0.0,0.5333333333333333,-0.7611111104488373
A. Patten,WSL 2023-2024,13,2,2.4158549830317497,1.8355973362922668,8,55.43142136948133,55.92307692307692,26.628921762930815,15.0,47.77777777777778,0.164402663707733,0.15384615384615385,0.6153846153846154,0.16440266370773315
A. Patten,WSL 2024-2025,10,2,0.9723710566759106,1.3689426183700562,8,40.609503518035524,46.9,22.3201540864226,16.0,55.714285714285715,0.6310573816299438,0.2,0.8,0.6310573816299438
A. Patten,WSL 2025-2026,9,1,0.5890122130513189,1.391206681728363,6,46.44308364525937,60.333333333333336,24.00727237640322,17.77777777777778,55.0,-0.3912066817283631,0.1111111111111111,0.6666666666666666,-0.39120668172836304
A. Plumptre,WSL 2021-2022,18,3,3.354568343609571,2.9400409162044525,6,63.93211297205686,48.333333333333336,33.373667682807316,12.777777777777779,57.142857142857146,0.05995908379554743,0.16666666666666666,0.3333333333333333,0.059959083795547485
A. Plumptre,WSL 2022-2023,14,1,1.204704117029905,1.325401246547699,9,52.8260021819327,47.0,22.558027182032962,14.642857142857142,51.111111111111114,-0.325401246547699,0.07142857142857142,0.6428571428571429,-0.325401246547699
A. Riley,WSL 2018-2019,3,0,0.4670658707618713,0.0,2,78.3701331999492,55.666666666666664,13.0616888666582,13.333333333333334,0.0,0.0,0.0,0.6666666666666666,0.0
A. Rodgers,WSL 2017-2018,1,0,0.0837070271372795,0.0,0,78.48566748139434,42.0,47.57616707403051,25.0,50.0,0.0,0.0,0.0,0.0
A. Rodgers,WSL 2018-2019,5,1,1.0678998529911041,1.1513269394636154,4,20.059134531174067,45.2,12.58645520968317,15.0,65.0,-0.15132693946361542,0.2,0.8,-0.15132693946361542
A. Rodgers,WSL 2019-2020,2,0,0.167414054274559,0.159420296549797,0,51.931294745463404,42.0,36.690285154311994,25.0,40.0,-0.159420296549797,0.0,0.0,-0.159420296549797
A. Rodgers,WSL 2023-2024,18,2,1.6649070233106613,2.425607368350029,13,38.97801018921188,46.94444444444444,25.255127920233107,14.166666666666666,49.375,-0.425607368350029,0.1111111111111111,0.7222222222222222,-0.425607368350029
A. Russo,WSL 2020-2021,14,3,2.773368529975414,2.467664062976837,10,53.601357836273145,47.142857142857146,17.845285385580326,8.214285714285714,26.666666666666668,0.5323359370231627,0.21428571428571427,0.7142857142857143,0.5323359370231628
A. Russo,WSL 2021-2022,61,9,7.356032792478798,8.994130447506905,40,49.73993533914769,45.78688524590164,17.480541647601655,12.950819672131148,54.81481481481482,0.005869552493095287,0.14754098360655737,0.6557377049180327,0.005869552493095398
A. Russo,WSL 2022-2023,72,10,9.619081415235994,9.740338370203972,47,49.13500498805442,47.986111111111114,25.05955254568835,11.944444444444445,47.35849056603774,0.2596616297960276,0.1388888888888889,0.6527777777777778,0.25966162979602814
A. Russo,WSL 2023-2024,79,12,14.512175126228389,12.955690628144799,51,43.53129390199672,49.70886075949367,25.465457012564187,10.316455696202532,53.23076923076923,-0.9556906281447995,0.1518987341772152,0.6455696202531646,-0.955690628144799
A. Russo,WSL 2024-2025,73,12,11.536270654056128,9.298266893479882,52,48.86535647282551,49.19178082191781,24.071414885857614,9.931506849315069,40.943396226415096,2.701733106520117,0.1643835616438356,0.7123287671232876,2.701733106520118
A. Russo,WSL 2025-2026,85,13,9.705015143606719,12.22782792732483,64,43.52734387752352,49.6,23.25034709758905,11.411764705882353,47.301587301587304,0.7721720726751694,0.15294117647058825,0.7529411764705882,0.7721720726751702
A. Sandberg,WSL 2024-2025,4,0,0.3333333432674408,0.6883116960525513,2,42.39122017450511,46.0,30.10794780764669,11.25,70.0,-0.6883116960525513,0.0,0.5,-0.6883116960525513
A. Sandberg,WSL 2025-2026,4,1,0.4411364123225211,0.792513832449913,2,53.46632527360447,50.25,31.410392387642688,22.5,60.0,0.20748616755008698,0.25,0.5,0.20748616755008698
A. Scott,WSL 2015,6,1,0.6172977983951567,0.692307710647583,4,56.07286925659023,48.666666666666664,8.134277657953767,4.166666666666667,30.0,0.307692289352417,0.16666666666666666,0.6666666666666666,0.307692289352417
A. Scott,WSL 2016,3,0,0.0542168691754341,0.0,2,,44.666666666666664,0.0,16.666666666666668,,0.0,0.0,0.6666666666666666,0.0
A. Scott,WSL 2017,1,0,0.0,0.0,1,,42.0,0.0,25.0,,0.0,0.0,1.0,0.0
A. Stringer,WSL 2016,7,0,0.9814926311373708,0.2804878056049347,3,,45.42857142857143,4.006968651499067,14.285714285714286,,-0.2804878056049347,0.0,0.42857142857142855,-0.2804878056049347
A. Stringer,WSL 2017,5,0,0.304279401898384,0.0,2,,47.0,0.0,28.0,,0.0,0.0,0.4,0.0
A. Stringer,WSL 2017-2018,1,0,0.0,0.0,1,,42.0,0.0,25.0,,0.0,0.0,1.0,0.0
A. Stringer,WSL 2018-2019,5,1,0.8344944529235362,0.7358490824699402,3,55.492075945345164,50.2,24.396050611756525,18.0,43.333333333333336,0.2641509175300598,0.2,0.6,0.2641509175300598
A. Stringer,WSL 2020-2021,9,0,0.5248517766594885,0.0,4,78.09283734962851,42.0,15.79325066938253,23.333333333333332,16.666666666666668,0.0,0.0,0.4444444444444444,0.0
A. Stringer,WSL 2021-2022,3,2,1.931034505367279,1.977011501789093,3,44.728000916717974,44.666666666666664,36.90167087901914,13.333333333333334,65.0,0.0229884982109069,0.6666666666666666,1.0,0.022988498210906982
A. Stringer,WSL 2022-2023,4,0,0.0,0.0,4,32.42663014250364,46.0,20.37998173791849,12.5,47.5,0.0,0.0,1.0,0.0
A. Stringer,WSL 2023-2024,2,0,0.0837070271372795,0.2340425550937652,1,20.356730589035934,58.5,19.522336954257778,17.5,65.0,-0.2340425550937652,0.0,0.5,-0.2340425550937652
A. Swaby,WSL 2024-2025,2,1,1.0,0.9850746393203736,2,16.10934856259282,46.0,18.803456730453807,10.0,100.0,0.0149253606796264,0.5,1.0,0.014925360679626354
A. Thestrup,WSL 2022-2023,13,0,0.24543677270412428,0.0,11,38.89453225958221,52.0,10.001302316313845,7.3076923076923075,28.333333333333332,0.0,0.0,0.8461538461538461,0.0
A. Thestrup,WSL 2023-2024,30,9,4.959184520400878,7.434651505656359,26,43.78441559402072,49.96666666666667,23.021938665985143,8.666666666666666,32.10526315789474,1.5653484943436407,0.3,0.8666666666666667,1.5653484943436409
A. Thompson,WSL 2025-2026,38,7,5.866058640182017,6.8516015112400055,23,48.536489796688215,48.921052631578945,26.278826112829563,8.552631578947368,29.0,0.14839848875999417,0.18421052631578946,0.6052631578947368,0.1483984887599945
A. Tysiak,WSL 2023-2024,7,1,0.5552770495414733,1.3348029404878616,5,37.843381878993995,45.0,19.390121710374835,15.714285714285714,87.5,-0.3348029404878616,0.14285714285714285,0.7142857142857143,-0.33480294048786163
A. Tysiak,WSL 2024-2025,11,3,3.1042313724756236,3.258093535900116,7,46.221141540715465,51.09090909090909,31.58223724335361,15.454545454545455,60.0,-0.258093535900116,0.2727272727272727,0.6363636363636364,-0.25809353590011597
A. Tysiak,WSL 2025-2026,5,1,0.5664656385779381,0.7358490824699402,4,36.10500763901619,43.6,22.857097550426115,16.0,70.0,0.2641509175300598,0.2,0.8,0.2641509175300598
A. Weerden,WSL 2024-2025,21,3,2.1502942442893977,2.4094793796539307,16,46.43071933696615,46.76190476190476,21.617432543573695,9.285714285714286,37.857142857142854,0.5905206203460691,0.14285714285714285,0.7619047619047619,0.5905206203460693
A. Whelan,WSL 2015,6,1,1.2162949442863462,0.8585858345031738,3,42.63540521418532,50.0,7.8458796070313115,0.0,30.0,0.1414141654968261,0.16666666666666666,0.5,0.14141416549682617
A. Whelan,WSL 2016,10,2,1.53865759819746,1.5111423134803772,6,40.344217483336834,46.0,8.567848688774815,11.0,30.0,0.4888576865196227,0.2,0.6,0.4888576865196228
A. Whelan,WSL 2018-2019,32,1,2.3066299408674236,2.4336850196123123,19,60.749426487509076,46.4375,16.965056961161824,15.78125,48.46153846153846,-1.4336850196123123,0.03125,0.59375,-1.4336850196123123
A. Whelan,WSL 2019-2020,33,5,5.487250253558158,5.573258303105831,22,54.44610550357104,48.15151515151515,21.360872150866975,11.06060606060606,44.666666666666664,-0.5732583031058311,0.15151515151515152,0.6666666666666666,-0.5732583031058311
A. Whelan,WSL 2020-2021,23,4,5.211124032735824,5.2156312465667725,10,57.3172676277869,48.69565217391305,27.59485991037992,11.08695652173913,33.333333333333336,-1.215631246566773,0.17391304347826086,0.43478260869565216,-1.2156312465667725
A. Whelan,WSL 2021-2022,18,4,2.5813823193311687,3.3032113313674927,10,53.23513504192423,49.5,22.237334175035883,11.944444444444445,37.0,0.6967886686325071,0.2222222222222222,0.5555555555555556,0.6967886686325073
A. Whelan,WSL 2022-2023,24,1,1.6368203014135356,1.3649859428405762,18,42.86915776782095,51.166666666666664,19.041836915765085,10.833333333333334,52.94117647058823,-0.3649859428405763,0.041666666666666664,0.75,-0.36498594284057617
A. Whelan,WSL 2023-2024,21,1,1.1751234270632265,1.2646724879741669,15,40.874232756945666,50.523809523809526,18.367927171643398,10.714285714285714,31.428571428571427,-0.2646724879741669,0.047619047619047616,0.7142857142857143,-0.26467248797416687
A. Yamashita,WSL 2025-2026,1,0,0.0,0.0,1,,42.0,0.0,20.0,,0.0,0.0,1.0,0.0
Alejandra Bernabé,WSL 2024-2025,3,0,0.22057237476110447,0.0,1,65.42682629396546,53.0,39.380079813649395,20.0,50.0,0.0,0.0,0.3333333333333333,0.0
Alejandra Bernabé,WSL 2025-2026,5,0,0.2205723747611045,0.0,3,41.0141882780171,51.8,24.84042747234188,13.0,56.0,0.0,0.0,0.6,0.0
B. Aspin,WSL 2023-2024,10,2,2.176389418542385,2.0261374413967133,5,39.32482863431331,44.1,28.77458520963113,17.0,70.0,-0.026137441396713257,0.2,0.5,-0.026137441396713257
B. Aspin,WSL 2024-2025,1,0,0.0,0.0,1,27.400121654231146,42.0,20.36672749378224,20.0,100.0,0.0,0.0,1.0,0.0
B. Chaplen,WSL 2015,17,3,2.019660385552702,2.421420758817254,12,39.68624146491707,49.0,7.774822644817247,15.294117647058824,30.0,0.5785792411827458,0.17647058823529413,0.7058823529411765,0.5785792411827462
B. Chaplen,WSL 2016,14,3,1.6848236173391338,2.0640514492988586,9,44.48564109372753,45.214285714285715,9.665476556158836,16.428571428571427,53.333333333333336,0.9359485507011412,0.21428571428571427,0.6428571428571429,0.9359485507011414
B. Chaplen,WSL 2017,3,1,0.27373069524765,0.2340425550937652,2,12.404748194855772,42.0,7.185661361191392,25.0,100.0,0.7659574449062347,0.3333333333333333,0.6666666666666666,0.7659574449062347
B. Chaplen,WSL 2017-2018,64,8,9.601645023539298,9.488175042882197,40,60.0586336536458,47.40625,21.53830602124134,10.625,39.0,-1.4881750428821987,0.125,0.625,-1.4881750428821974
B. Chaplen,WSL 2018-2019,52,7,5.308873116970061,7.405201755464077,34,60.57042016349892,47.73076923076923,20.402941757198565,10.288461538461538,38.4,-0.40520175546407716,0.1346153846153846,0.6538461538461539,-0.405201755464077
B. Chaplen,WSL 2019-2020,31,3,2.823325939476489,3.0605925768613815,20,61.83616821200105,46.12903225806452,16.2742404272424,11.935483870967742,36.666666666666664,-0.06059257686138164,0.0967741935483871,0.6451612903225806,-0.06059257686138153
B. Chaplen,WSL 2020-2021,17,1,1.3778185583651061,1.992595553398132,9,52.34773441450538,43.1764705882353,19.55894927019405,19.41176470588235,57.5,-0.9925955533981321,0.058823529411764705,0.5294117647058824,-0.9925955533981321
B. Chaplen,WSL 2021-2022,5,0,0.3435754403471946,0.4288477450609206,3,23.39204325121154,46.8,8.9181617872745,10.0,100.0,-0.4288477450609206,0.0,0.6,-0.4288477450609206
B. England,WSL 2016,24,3,4.414965018630027,2.811582028865814,13,47.74907489230589,46.541666666666664,7.910233777107758,10.625,40.0,0.1884179711341856,0.125,0.5416666666666666,0.1884179711341858
B. England,WSL 2017,7,0,0.7064164727926253,0.0,3,,62.0,0.0,14.285714285714286,,0.0,0.0,0.42857142857142855,0.0
B. England,WSL 2017-2018,48,10,11.370783753693104,14.084434568881989,29,50.71064692354682,50.0625,26.239668419261562,11.041666666666666,41.03448275862069,-4.084434568881989,0.20833333333333334,0.6041666666666666,-4.0844345688819885
B. England,WSL 2018-2019,58,12,10.425356298685072,14.15856422483921,31,57.67528309808118,49.13793103448276,26.124771369182007,11.120689655172415,43.23529411764706,-2.1585642248392114,0.20689655172413793,0.5344827586206896,-2.1585642248392105
B. England,WSL 2019-2020,75,14,10.245483245700596,12.167188331484795,54,52.72515872583277,48.44,16.98968485553825,11.133333333333333,50.333333333333336,1.832811668515205,0.18666666666666668,0.72,1.8328116685152054
B. England,WSL 2020-2021,45,6,7.510491050779819,5.747685477137566,22,60.74510759329707,47.422222222222224,22.54900419482278,14.222222222222221,45.416666666666664,0.25231452286243417,0.13333333333333333,0.4888888888888889,0.2523145228624344
B. England,WSL 2021-2022,33,8,6.365504624549208,8.036243146512566,23,53.25377424453537,50.39393939393939,24.80802473894332,11.212121212121213,51.578947368421055,-0.036243146512566965,0.24242424242424243,0.696969696969697,-0.03624314651256633
B. England,WSL 2022-2023,40,14,7.684153383824882,11.199369957897721,28,46.27923214875059,47.025,31.188358200168334,9.875,44.0,2.800630042102278,0.35,0.7,2.800630042102279
B. England,WSL 2023-2024,32,5,5.497427444905042,6.470986172556877,21,45.351833197326016,47.875,22.895247410936452,12.65625,41.5,-1.4709861725568774,0.15625,0.65625,-1.4709861725568771
B. England,WSL 2024-2025,40,8,7.765966711793003,7.324635511491357,23,53.99160216659036,47.175,31.30667919400371,12.125,49.09090909090909,0.6753644885086431,0.2,0.575,0.6753644885086434
B. England,WSL 2025-2026,44,7,7.467266341898498,7.225560343120156,27,48.406267414737094,51.02272727272727,26.677353544775006,12.954545454545455,41.81818181818182,-0.22556034312015646,0.1590909090909091,0.6136363636363636,-0.22556034312015605
B. Galloway,WSL 2017-2018,10,3,1.579556941986084,2.3785703480243683,7,45.73573260046178,51.8,23.523097490878307,12.5,20.0,0.6214296519756316,0.3,0.7,0.6214296519756317
B. Hendrix,WSL 2018-2019,7,0,0.5485116019845007,0.633093535900116,3,65.86045960947868,43.142857142857146,19.683356498745926,17.142857142857142,66.66666666666667,-0.633093535900116,0.0,0.42857142857142855,-0.633093535900116
B. Hendrix,WSL 2019-2020,1,0,0.0837070271372795,0.0,0,,42.0,0.0,25.0,,0.0,0.0,0.0,0.0
B. Hendrix,WSL 2022-2023,1,0,0.3703703582286834,0.625,0,35.2458035327139,42.0,43.03956843302361,20.0,100.0,-0.625,0.0,0.0,-0.625
B. Horwood,WSL 2018-2019,6,0,0.0837070271372795,0.1948051899671554,5,44.23661128271213,53.0,6.049299112284011,21.666666666666668,100.0,-0.1948051899671554,0.0,0.8333333333333334,-0.1948051899671554
B. Jane,WSL 2017,4,0,1.6318219304084778,1.6318219304084778,4,,57.5,40.795548260211945,6.25,,-1.6318219304084778,0.0,1.0,-1.6318219304084778
B. Jane,WSL 2017-2018,1,0,0.0,0.0,1,,42.0,0.0,25.0,,0.0,0.0,1.0,0.0
B. Jane,WSL 2018-2019,2,0,0.136865347623825,0.0,1,66.67916549501136,42.0,20.003124707086172,22.5,50.0,0.0,0.0,0.5,0.0
B. Jane,WSL 2019-2020,5,0,0.4549903571605681,0.5,2,65.18021649323339,43.6,25.887398281303348,20.0,26.666666666666668,-0.5,0.0,0.4,-0.5
B. Leon,WSL 2017,10,2,1.0327899344265459,1.3214052319526672,7,18.148743598872148,50.9,6.2790900557452165,6.0,30.0,0.6785947680473327,0.2,0.7,0.6785947680473328
B. Mead,WSL 2015,4,1,0.4914414472877978,0.6883116960525513,3,17.437507467142975,52.25,9.008692820453673,15.0,100.0,0.3116883039474487,0.25,0.75,0.31168830394744873
B. Mead,WSL 2016,2,0,0.2344263195991515,0.0,0,,46.0,0.0,12.5,,0.0,0.0,0.0,0.0
B. Mead,WSL 2017,16,1,2.0866586118936534,0.7358490824699402,8,55.313661004035076,47.0625,4.8368208423833305,14.0625,40.0,0.2641509175300598,0.0625,0.5,0.2641509175300598
B. Mead,WSL 2017-2018,51,8,5.2714412808418265,6.505200624465942,40,62.86887734637591,49.09803921568628,15.481205415258305,6.176470588235294,34.11764705882353,1.4947993755340572,0.1568627450980392,0.7843137254901961,1.4947993755340576
B. Mead,WSL 2018-2019,36,7,4.2323115915060034,4.574618890881538,25,67.36946398688426,48.94444444444444,18.912302221150313,8.333333333333334,20.0,2.4253811091184616,0.19444444444444445,0.6944444444444444,2.4253811091184616
B. Mead,WSL 2019-2020,31,3,2.521202057600021,4.107565879821777,19,64.38358453279375,47.096774193548384,21.487221302922787,12.580645161290322,32.666666666666664,-1.1075658798217776,0.0967741935483871,0.6129032258064516,-1.1075658798217773
B. Mead,WSL 2020-2021,40,4,3.982781630009412,3.3793338388204575,27,64.86090310582092,48.1,18.109108955768953,11.875,17.647058823529413,0.6206661611795423,0.1,0.675,0.6206661611795425
B. Mead,WSL 2021-2022,60,11,6.547942601144313,8.89296181499958,44,49.55596346987634,50.11666666666667,15.385451379252835,8.916666666666666,39.583333333333336,2.107038185000419,0.18333333333333332,0.7333333333333333,2.1070381850004196
B. Mead,WSL 2022-2023,24,3,2.971973285079002,3.795454442501068,17,41.069164146616174,49.25,22.875862194495237,7.083333333333333,32.10526315789474,-0.7954544425010684,0.125,0.7083333333333334,-0.7954544425010681
B. Mead,WSL 2023-2024,45,8,6.855113841593265,7.718990221619606,33,37.46266231372142,50.77777777777778,22.048139936415843,10.11111111111111,41.142857142857146,0.28100977838039365,0.17777777777777778,0.7333333333333333,0.281009778380394
B. Mead,WSL 2024-2025,27,7,4.447965279221534,5.18925004452467,20,39.359924195886045,53.48148148148148,24.147037067548883,9.25925925925926,41.36363636363637,1.8107499554753301,0.25925925925925924,0.7407407407407407,1.8107499554753304
B. Mead,WSL 2025-2026,19,2,2.4271511435508724,2.6117370650172234,11,51.33772769378572,48.63157894736842,26.932547525644367,10.0,35.333333333333336,-0.6117370650172234,0.10526315789473684,0.5789473684210527,-0.6117370650172234
B. Olsson,WSL 2025-2026,18,6,4.763973515480757,5.233934581279755,11,51.864684307801674,46.888888888888886,32.64832424519844,8.055555555555555,54.666666666666664,0.7660654187202451,0.3333333333333333,0.6111111111111112,0.7660654187202454
B. Rayner,WSL 2016,1,0,0.2804878056049347,0.0,0,,50.0,0.0,0.0,,0.0,0.0,0.0,0.0
B. Rayner,WSL 2025-2026,1,0,0.0,0.0,1,,50.0,0.0,0.0,,0.0,0.0,1.0,0.0
B. Roberts,WSL 2020-2021,2,0,0.0837070271372795,0.0,1,78.02570801416103,46.0,22.83976033687359,10.0,50.0,0.0,0.0,0.5,0.0
B. Roe,WSL 2018-2019,1,0,0.0,0.0,1,,50.0,0.0,0.0,,0.0,0.0,1.0,0.0
B. Roe,WSL 2020-2021,1,0,0.0,0.0,1,,50.0,0.0,0.0,,0.0,0.0,1.0,0.0
B. Visalli,WSL 2018-2019,22,1,1.3266832232475279,1.1890098303556442,14,67.50333203554193,44.90909090909091,15.637134381189561,15.227272727272727,50.0,-0.18900983035564423,0.045454545454545456,0.6363636363636364,-0.18900983035564423
B. Visalli,WSL 2019-2020,11,0,0.44114474952220895,0.2431273236870765,8,62.63606673436593,44.54545454545455,11.10067379197916,15.454545454545455,50.0,-0.2431273236870765,0.0,0.7272727272727273,-0.2431273236870765
B. Visalli,WSL 2022-2023,1,0,0.0542168691754341,0.159420296549797,0,16.515985522450002,42.0,21.373934991052245,25.0,100.0,-0.159420296549797,0.0,0.0,-0.159420296549797
Bruna Vilamala,WSL 2024-2025,10,1,1.3712916672229765,1.4982325434684753,7,45.45330709848542,44.9,27.17602046979959,18.0,46.25,-0.4982325434684754,0.1,0.7,-0.49823254346847534
C. Arthur,WSL 2017,22,1,1.0481980144977567,0.8585858345031738,13,51.085331662925604,45.31818181818182,2.5591018575708193,18.181818181818183,100.0,0.1414141654968261,0.045454545454545456,0.5909090909090909,0.14141416549682617
C. Arthur,WSL 2017-2018,18,1,0.8707747310400008,0.5524711087346075,11,36.64030825369759,45.888888888888886,9.342318038322093,19.444444444444443,83.33333333333333,0.4475288912653924,0.05555555555555555,0.6111111111111112,0.4475288912653925
C. Arthur,WSL 2018-2019,18,1,1.0754128843545911,1.2597107142210004,9,56.259614220277086,43.333333333333336,19.31256956025242,20.27777777777778,58.888888888888886,-0.2597107142210005,0.05555555555555555,0.5,-0.25971071422100045
C. Arthur,WSL 2019-2020,9,0,0.3258477933704852,0.0,4,76.93504389859552,44.666666666666664,24.148623305165426,16.666666666666668,50.0,0.0,0.0,0.4444444444444444,0.0
C. Arthur,WSL 2020-2021,13,1,1.6830014958977695,1.096960186958313,4,70.99934627395643,48.30769230769231,34.83888745988705,18.846153846153847,40.0,-0.09696018695831299,0.07692307692307693,0.3076923076923077,-0.09696018695831299
C. Arthur,WSL 2021-2022,3,0,0.0837070271372795,0.3611111044883728,2,43.93859351413057,44.666666666666664,10.934209963905488,16.666666666666668,100.0,-0.3611111044883728,0.0,0.6666666666666666,-0.3611111044883728
C. Berryhill,WSL 2020-2021,4,1,0.7560975609756098,0.7560975609756098,4,46.35059630444659,59.5,11.464556245372897,12.5,30.0,0.2439024390243902,0.25,1.0,0.24390243902439024
C. Bizet,WSL 2022-2023,19,2,2.300929874181747,1.923478826880455,8,66.29244679128377,47.94736842105263,28.084487839460955,11.052631578947368,23.846153846153847,0.07652117311954498,0.10526315789473684,0.42105263157894735,0.07652117311954498
C. Bizet,WSL 2023-2024,27,4,3.0599254146218295,3.3488022685050964,18,36.133834634158326,51.0,17.1852560405893,7.037037037037037,28.333333333333332,0.6511977314949036,0.14814814814814814,0.6666666666666666,0.6511977314949036
C. Bizet,WSL 2024-2025,25,2,2.9566733166575427,2.0000506192445755,12,53.285246309335,49.48,27.51415926682749,12.4,27.0,-5.0619244575556e-05,0.08,0.48,-5.061924457550049e-05
C. Bizet,WSL 2025-2026,3,0,0.0837070271372795,0.1315789520740509,2,10.818330691479666,42.0,10.477455306789286,25.0,100.0,-0.1315789520740509,0.0,0.6666666666666666,-0.1315789520740509
C. Bott,WSL 2022-2023,10,0,0.4804407879710196,0.3542254865169524,6,55.08602407686128,46.0,16.500849145432845,12.5,32.0,-0.3542254865169524,0.0,0.6,-0.3542254865169524
C. Bott,WSL 2023-2024,4,0,0.0,0.0,4,21.111759625324268,49.25,6.944606572997735,7.5,65.0,0.0,0.0,1.0,0.0
C. Bott,WSL 2024-2025,6,0,0.5298266187310218,0.0,2,73.79425550002375,46.0,33.525384236121006,12.5,16.0,0.0,0.0,0.3333333333333333,0.0
C. Boureille,WSL 2025-2026,2,0,0.1085714250802993,0.0,1,78.23156509860823,58.5,22.89122460798539,17.5,50.0,0.0,0.0,0.5,0.0
C. Boye-Hlorkah,WSL 2017-2018,11,1,1.0667455717921255,0.9514696002006531,5,59.74871358942719,46.90909090909091,22.980929888572835,20.0,38.333333333333336,0.04853039979934687,0.09090909090909091,0.45454545454545453,0.048530399799346924
C. Boye-Hlorkah,WSL 2018-2019,28,3,1.6603388600051399,2.2505236864089966,19,63.02382448375659,49.75,16.993336139985637,15.892857142857142,44.54545454545455,0.7494763135910033,0.10714285714285714,0.6785714285714286,0.7494763135910034
C. Boye-Hlorkah,WSL 2019-2020,12,0,0.6472771465778347,0.0975609719753265,7,78.08615485555619,48.5,19.442068139146368,14.166666666666666,20.0,-0.0975609719753265,0.0,0.5833333333333334,-0.0975609719753265
C. Boye-Hlorkah,WSL 2020-2021,3,1,0.5756372958421706,1.2196969389915466,2,45.69994576926628,44.666666666666664,30.20806242411534,16.666666666666668,30.0,-0.21969693899154671,0.3333333333333333,0.6666666666666666,-0.21969693899154663
C. Boye-Hlorkah,WSL 2021-2022,17,0,1.4793394505977628,0.159420296549797,9,66.79340326133651,43.88235294117647,11.966634336264816,17.941176470588236,30.0,-0.159420296549797,0.0,0.5294117647058824,-0.159420296549797
C. Boye-Hlorkah,WSL 2022-2023,1,0,0.0837070271372795,0.1333333402872085,0,19.074706929450926,42.0,21.870687006675052,25.0,100.0,-0.1333333402872085,0.0,0.0,-0.1333333402872085
C. Buxton,WSL 2017-2018,3,0,0.5640852823853493,0.0,0,78.45842366752566,42.0,28.37503011139744,13.333333333333334,50.0,0.0,0.0,0.0,0.0
C. Buxton,WSL 2018-2019,1,0,0.0,0.0,1,,42.0,0.0,25.0,,0.0,0.0,1.0,0.0
C. Devlin,WSL 2021-2022,3,0,0.0975609719753265,0.0,2,78.02570801416103,47.333333333333336,15.226506891249059,6.666666666666667,50.0,0.0,0.0,0.6666666666666666,0.0
C. Dunn,WSL 2017,17,1,4.2973814979195595,0.9850746393203736,8,58.314663679043875,50.05882352941177,3.4535041775960673,5.0,30.0,0.0149253606796264,0.058823529411764705,0.47058823529411764,0.014925360679626354
C. Dunn,WSL 2017-2018,13,2,2.1457165777683254,3.9588602781295776,9,43.37481360105281,48.76923076923077,19.786429421567618,3.8461538461538463,25.0,-1.9588602781295779,0.15384615384615385,0.6923076923076923,-1.9588602781295776
C. Emslie,WSL 2017,20,1,2.8075869588590248,1.3891910968757257,9,57.741081066220936,46.65,6.831034391946825,13.75,20.0,-0.38919109687572573,0.05,0.45,-0.38919109687572573
C. Emslie,WSL 2017-2018,38,4,2.6812751367688175,2.8310862854123116,28,70.48708160742818,48.71052631578947,16.228302451255264,10.921052631578947,15.714285714285714,1.1689137145876884,0.10526315789473684,0.7368421052631579,1.1689137145876884
C. Emslie,WSL 2018-2019,21,4,3.2960951104760166,3.920377731323242,15,56.24900926085369,48.76190476190476,19.558660648263757,8.80952380952381,41.111111111111114,0.07962226867675759,0.19047619047619047,0.7142857142857143,0.07962226867675781
C. Emslie,WSL 2020-2021,31,3,3.111971773207187,2.6301850676536556,18,54.681610757304504,46.61290322580645,17.312155720346492,15.64516129032258,46.42857142857143,0.3698149323463441,0.0967741935483871,0.5806451612903226,0.36981493234634444
C. Emslie,WSL 2021-2022,19,2,1.2585731334984298,2.581763595342636,12,60.58699489177699,47.526315789473685,16.728459121833254,12.368421052631579,40.0,-0.5817635953426361,0.10526315789473684,0.631578947368421,-0.5817635953426361
C. Estcourt,WSL 2017,2,0,0.2804878056049347,0.0,1,,46.0,0.0,12.5,,0.0,0.0,0.5,0.0
C. Estcourt,WSL 2017-2018,9,0,1.4891733452677725,1.8214052319526672,4,50.2027868522451,52.888888888888886,21.12768045435475,11.666666666666666,18.0,-1.8214052319526672,0.0,0.4444444444444444,-1.8214052319526672
C. Estcourt,WSL 2018-2019,3,0,0.2804878056049347,0.0,2,78.27650420854977,44.666666666666664,13.046084034758294,16.666666666666668,0.0,0.0,0.0,0.6666666666666666,0.0
C. Ferguson,WSL 2022-2023,1,0,0.0,0.0,1,17.48936184592733,50.0,8.744680922963665,0.0,30.0,0.0,0.0,1.0,0.0
C. Foord,WSL 2020-2021,33,10,7.787368431687354,9.723648712038994,25,44.186208305375736,49.27272727272727,21.117145286995225,7.121212121212121,37.5,0.27635128796100583,0.30303030303030304,0.7575757575757576,0.27635128796100616
C. Foord,WSL 2021-2022,31,4,1.1945722438395021,3.1764655113220215,29,53.76592393778992,49.45161290322581,8.545970015689154,8.387096774193548,28.333333333333332,0.8235344886779783,0.12903225806451613,0.9354838709677419,0.8235344886779785
C. Foord,WSL 2022-2023,51,6,5.521042715758084,6.329337909817696,38,46.449346125933396,48.80392156862745,21.199719374550302,8.72549019607843,38.529411764705884,-0.329337909817696,0.11764705882352941,0.7450980392156863,-0.3293379098176956
C. Foord,WSL 2023-2024,48,4,4.404303662478923,4.480549171566963,35,41.902826743570415,50.083333333333336,20.374002150758226,6.979166666666667,31.35135135135135,-0.4805491715669633,0.08333333333333333,0.7291666666666666,-0.4805491715669632
C. Foord,WSL 2024-2025,36,6,5.42396593093872,7.101069748401642,27,46.743194880456926,54.361111111111114,26.271393169771656,7.777777777777778,27.5,-1.1010697484016423,0.16666666666666666,0.75,-1.1010697484016418
C. Foord,WSL 2025-2026,28,2,1.9687196835875507,1.55062697827816,21,38.48395041924263,48.5,15.578846301959349,8.571428571428571,39.44444444444444,0.4493730217218399,0.07142857142857142,0.75,0.4493730217218399
C. Grant,WSL 2023-2024,4,0,0.5576610714197158,0.0,1,62.92861364159024,48.0,33.13097348746179,5.0,20.0,0.0,0.0,0.25,0.0
C. Grant,WSL 2024-2025,17,4,2.837794110178947,3.5621367543935776,11,53.080793068059755,49.588235294117645,29.80958749656229,6.176470588235294,26.428571428571427,0.4378632456064223,0.23529411764705882,0.6470588235294118,0.4378632456064224
C. Grant,WSL 2025-2026,14,1,1.5199091881513591,1.6056765168905258,8,49.97977481458158,53.0,24.38517073716056,3.9285714285714284,29.09090909090909,-0.6056765168905258,0.07142857142857142,0.5714285714285714,-0.6056765168905258
C. Haines,WSL 2015,4,0,0.27373069524765,0.159420296549797,2,21.03013710527504,58.5,5.907752695616191,20.0,30.0,-0.159420296549797,0.0,0.5,-0.159420296549797
C. Haines,WSL 2016,5,1,0.6413300372660158,0.977011501789093,3,43.083381689205645,51.8,10.17040717965512,13.0,30.0,0.0229884982109069,0.2,0.6,0.022988498210906982
C. Haines,WSL 2017,5,0,0.2511210814118385,0.7340425550937653,2,36.30489461057401,42.0,14.998567586010727,25.0,65.0,-0.7340425550937653,0.0,0.4,-0.7340425550937653
C. Haines,WSL 2019-2020,3,0,0.4617558047175407,0.0,0,75.0353634172435,44.666666666666664,43.073237264177315,16.666666666666668,33.333333333333336,0.0,0.0,0.0,0.0
C. Harrison-Murray,WSL 2015,21,1,0.9631349034607408,0.6725782006978989,15,27.537920204003346,47.0,3.065806328171761,13.571428571428571,30.0,0.3274217993021012,0.047619047619047616,0.7142857142857143,0.32742179930210114
C. Harrison-Murray,WSL 2016,12,0,1.0616407841444013,0.1333333402872085,3,47.07223609644871,48.083333333333336,4.950464136533192,13.333333333333334,40.0,-0.1333333402872085,0.0,0.25,-0.1333333402872085
C. Harrison-Murray,WSL 2018-2019,14,0,0.6922574937343595,0.0,7,78.16514095707332,46.0,21.326999524982618,12.5,21.428571428571427,0.0,0.0,0.5,0.0
C. Harrison-Murray,WSL 2019-2020,2,0,0.0837070271372795,0.0,1,,46.0,0.0,12.5,,0.0,0.0,0.5,0.0
C. Harrison-Murray,WSL 2020-2021,9,2,1.499067751917897,1.575988209102212,5,60.26219089467526,45.55555555555556,28.118468773010235,13.88888888888889,55.0,0.424011790897788,0.2222222222222222,0.5555555555555556,0.42401179089778807
C. Harrison-Murray,WSL 2021-2022,8,1,0.9440214580333813,0.7560975609756098,4,62.269428960938654,47.125,21.111056427226533,20.625,45.0,0.2439024390243902,0.125,0.5,0.24390243902439024
C. Hayes,WSL 2024-2025,1,0,0.0,0.0,1,,42.0,0.0,20.0,,0.0,0.0,1.0,0.0
C. Hayes,WSL 2025-2026,10,2,2.0065731927752495,1.9413394033908844,6,40.73536655451984,42.8,26.784831498647257,18.0,78.75,0.05866059660911549,0.2,0.6,0.0586605966091156
C. Holland,WSL 2022-2023,27,4,2.909670211374759,3.2159501761198044,15,53.36108354798127,47.7037037037037,27.843328982866574,13.703703703703704,35.23809523809524,0.7840498238801955,0.14814814814814814,0.5555555555555556,0.7840498238801956
C. Holland,WSL 2023-2024,33,2,2.148986220359802,2.665364846587181,23,42.56705826481355,50.42424242424242,19.957021934691646,14.848484848484848,62.857142857142854,-0.6653648465871811,0.06060606060606061,0.696969696969697,-0.6653648465871811
C. Holland,WSL 2024-2025,26,0,1.6980906315147875,1.4447300881147385,16,49.99711930548463,44.46153846153846,23.97363600175178,16.73076923076923,44.73684210526316,-1.4447300881147385,0.0,0.6153846153846154,-1.4447300881147385
C. Holland,WSL 2025-2026,28,3,4.754340779490587,3.4107753005696506,14,52.624656033057875,47.0,28.826873740968473,8.75,38.333333333333336,-0.41077530056965067,0.10714285714285714,0.5,-0.4107753005696506
C. Humphrey,WSL 2015,2,1,0.7007874250411987,0.8585858345031738,2,21.704838170325065,50.0,18.304997060128876,0.0,30.0,0.1414141654968261,0.5,1.0,0.14141416549682617
C. Humphrey,WSL 2016,18,1,1.1137263029813762,0.8780487775802612,9,59.48146303214514,45.611111111111114,3.1156774913044667,18.333333333333332,100.0,0.1219512224197387,0.05555555555555555,0.5,0.12195122241973877
C. Humphrey,WSL 2017,1,0,0.050000000745058,0.0,0,,42.0,0.0,25.0,,0.0,0.0,0.0,0.0
C. Humphrey,WSL 2017-2018,9,0,0.181267999112606,0.6107188761234283,7,65.28655879373406,42.888888888888886,10.974525161004788,21.666666666666668,40.0,-0.6107188761234283,0.0,0.7777777777777778,-0.6107188761234283
C. Humphrey,WSL 2018-2019,21,0,1.2870069891214369,1.5162104219198227,9,71.23880567327055,46.857142857142854,22.222873382092736,17.61904761904762,41.0,-1.5162104219198227,0.0,0.42857142857142855,-1.5162104219198227
C. Humphrey,WSL 2019-2020,8,0,0.5759854800999162,0.159420296549797,3,64.39085138819073,47.125,25.51163383753801,20.625,60.0,-0.159420296549797,0.0,0.375,-0.159420296549797
C. Humphrey,WSL 2020-2021,15,0,0.42129166796803447,0.0,9,78.06838796194981,54.06666666666667,12.964673950482196,18.333333333333332,50.0,0.0,0.0,0.6,0.0
C. Humphrey,WSL 2022-2023,1,0,0.0,0.0,1,,42.0,0.0,25.0,,0.0,0.0,1.0,0.0
C. Hunt,WSL 2024-2025,11,3,2.1706986129283905,2.49167937040329,7,61.2338328181598,46.90909090909091,33.15324658043072,17.727272727272727,51.25,0.50832062959671,0.2727272727272727,0.6363636363636364,0.5083206295967102
C. Hunt,WSL 2025-2026,13,0,1.4914333596825597,0.8041571527719498,6,46.44214839007128,47.0,27.39314909668612,13.846153846153847,50.833333333333336,-0.8041571527719498,0.0,0.46153846153846156,-0.8041571527719498
C. Jones,WSL 2021-2022,1,0,0.4414414465427398,0.0,0,78.00064102300699,50.0,39.000320511503496,0.0,0.0,0.0,0.0,0.0,0.0
C. Jones,WSL 2022-2023,21,2,3.2711094543337818,1.9205271154642105,13,38.18526404227618,49.76190476190476,22.398848660264285,7.142857142857143,41.578947368421055,0.07947288453578946,0.09523809523809523,0.6190476190476191,0.07947288453578949
C. Jones,WSL 2023-2024,20,3,3.8400099426507945,3.872011423110962,15,30.743157116845175,50.45,21.02194664807118,11.75,48.125,-0.8720114231109619,0.15,0.75,-0.8720114231109619
C. Kapocs,WSL 2024-2025,19,2,2.3426894396543503,2.179991066455841,14,45.66491849386895,48.0,18.85386580929585,10.526315789473685,58.18181818181818,-0.17999106645584118,0.10526315789473684,0.7368421052631579,-0.17999106645584106
C. Kapocs,WSL 2025-2026,14,3,3.02446187287569,2.3064798712730408,8,49.64823914640662,46.57142857142857,31.20771075641673,9.642857142857142,58.46153846153846,0.693520128726959,0.21428571428571427,0.5714285714285714,0.6935201287269592
C. Kelly,WSL 2015,1,0,0.0,0.0,1,,50.0,0.0,0.0,,0.0,0.0,1.0,0.0
C. Kelly,WSL 2016,3,1,1.0938227996230125,0.9850746393203736,1,8.240145629781043,47.333333333333336,11.224103998167243,8.333333333333334,30.0,0.0149253606796264,0.3333333333333333,0.3333333333333333,0.014925360679626354
C. Kelly,WSL 2017,11,2,1.8783172518014906,1.9415963888168335,8,33.82265362578294,50.09090909090909,8.37004957184436,8.181818181818182,30.0,0.0584036111831664,0.18181818181818182,0.7272727272727273,0.058403611183166504
C. Kelly,WSL 2017-2018,21,3,2.2096531263030155,2.5596060363984687,15,60.89224222555708,44.857142857142854,17.008877049164532,15.0,36.25,0.440393963601531,0.14285714285714285,0.7142857142857143,0.44039396360153127
C. Kelly,WSL 2018-2019,27,1,1.1052756682038305,0.8780487775802612,19,74.21657557750365,46.370370370370374,15.135162472574352,17.59259259259259,20.0,0.1219512224197387,0.037037037037037035,0.7037037037037037,0.12195122241973877
C. Kelly,WSL 2019-2020,45,9,7.285489100962876,8.984573982656002,26,55.04742086618006,46.666666666666664,22.83627618755816,14.555555555555555,40.416666666666664,0.015426017343997747,0.2,0.5777777777777777,0.015426017343997955
C. Kelly,WSL 2020-2021,54,10,9.094256286032316,8.767919403023836,35,59.964142021868845,50.351851851851855,23.07131434705827,9.722222222222221,23.448275862068964,1.2320805969761637,0.18518518518518517,0.6481481481481481,1.2320805969761643
C. Kelly,WSL 2021-2022,9,1,0.6227094456553458,0.633093535900116,7,59.68807759257544,47.333333333333336,12.799065459170368,7.777777777777778,26.666666666666668,0.366906464099884,0.1111111111111111,0.7777777777777778,0.36690646409988403
C. Kelly,WSL 2022-2023,77,5,7.2390166968107215,4.9132919907569885,50,46.06347656292808,49.36363636363637,20.46116151711726,8.571428571428571,29.821428571428573,0.08670800924301164,0.06493506493506493,0.6493506493506493,0.08670800924301147
C. Kelly,WSL 2023-2024,71,5,6.407830115862009,4.94566619069111,55,41.600839012770486,47.70422535211268,16.994100013012293,10.56338028169014,32.61904761904762,0.05433380930888937,0.07042253521126761,0.7746478873239436,0.05433380930888987
C. Kelly,WSL 2024-2025,22,2,2.5685991272330284,1.8436604738235474,18,41.841408886882405,51.86363636363637,18.066077918166265,8.409090909090908,47.333333333333336,0.1563395261764525,0.09090909090909091,0.8181818181818182,0.15633952617645264
C. Kelly,WSL 2025-2026,23,5,3.567812398076057,3.8812915980815887,15,51.19261461600528,49.47826086956522,29.250808121499908,14.130434782608695,34.73684210526316,1.118708401918411,0.21739130434782608,0.6521739130434783,1.1187084019184113
C. Lacasse,WSL 2023-2024,15,3,1.4214434102177618,1.9858490824699402,12,39.53630947067309,45.733333333333334,25.104098935564885,12.0,59.23076923076923,1.0141509175300598,0.2,0.8,1.0141509175300598
C. Laris­ey,WSL 2024-2025,4,0,0.6173061355948446,0.0,0,78.20422711517979,48.0,40.76878022425656,5.0,25.0,0.0,0.0,0.0,0.0
C. Lloyd,WSL 2017,11,0,0.6680934801697728,0.1085714250802993,6,,44.18181818181818,0.9870129552754481,16.818181818181817,,-0.1085714250802993,0.0,0.5454545454545454,-0.1085714250802993
C. Lloyd,WSL 2017-2018,2,0,0.0,0.0,2,,44.5,0.0,30.0,,0.0,0.0,1.0,0.0
C. Macário,WSL 2023-2024,16,2,1.7713452726602552,2.0336237475275993,13,33.79139737040872,49.375,18.88065187385085,8.75,52.5,-0.033623747527599196,0.125,0.8125,-0.033623747527599335
C. Macário,WSL 2024-2025,35,6,5.614357283566056,6.107156222913323,27,39.03458083714401,49.142857142857146,23.005186513966972,12.285714285714286,47.77777777777778,-0.1071562229133236,0.17142857142857143,0.7714285714285715,-0.10715622291332316
C. Macário,WSL 2025-2026,17,0,1.2520827576518057,0.0,13,50.94641179539127,49.588235294117645,14.466207043878082,6.764705882352941,30.0,0.0,0.0,0.7647058823529411,0.0
C. McCarron,WSL 2020-2021,3,0,0.1337070278823375,0.0666666701436042,1,49.07333441263745,42.0,22.580000394537418,25.0,40.0,-0.0666666701436042,0.0,0.3333333333333333,-0.0666666701436042
C. Mustaki,WSL 2023-2024,1,0,0.0,0.0,1,14.784000360750376,75.0,12.392000180375188,15.0,30.0,0.0,0.0,1.0,0.0
C. Nevin,WSL 2022-2023,1,0,0.0,0.0,1,37.93473928267396,50.0,18.96736964133698,0.0,30.0,0.0,0.0,1.0,0.0
C. Nevin,WSL 2023-2024,7,1,1.195121943950653,1.4901694059371948,5,46.168900849762295,45.42857142857143,26.446762043217372,14.285714285714286,66.0,-0.49016940593719494,0.14285714285714285,0.7142857142857143,-0.4901694059371948
C. Nevin,WSL 2024-2025,2,0,0.0837070271372795,0.0,1,44.55438112169473,42.0,30.610523894180698,25.0,50.0,0.0,0.0,0.5,0.0
C. Peplow,WSL 2016,1,0,0.0,0.0,1,,42.0,0.0,25.0,,0.0,0.0,1.0,0.0
C. Peplow,WSL 2017,4,0,0.0,0.0,4,,46.0,0.0,12.5,,0.0,0.0,1.0,0.0
C. Peplow,WSL 2018-2019,10,0,1.306002929806709,0.0,2,78.16752497628735,46.1,27.28359082621954,21.5,41.666666666666664,0.0,0.0,0.2,0.0
C. Peplow,WSL 2019-2020,8,0,0.5128508284687993,0.5131579041481018,2,72.11944177580513,43.0,35.01079947314897,21.25,33.333333333333336,-0.5131579041481018,0.0,0.25,-0.5131579041481018
C. Peplow,WSL 2020-2021,1,0,0.0542168691754341,0.0,0,78.00064102300699,42.0,47.33365384483683,25.0,50.0,0.0,0.0,0.0,0.0
C. Peplow,WSL 2021-2022,1,0,0.0975609719753265,0.0,0,,50.0,0.0,0.0,,0.0,0.0,0.0,0.0
C. Press,WSL 2020-2021,44,4,4.4489156752824774,3.6579792201519012,27,63.65801912954457,48.52272727272727,18.514838664394002,8.977272727272727,36.0,0.3420207798480987,0.09090909090909091,0.6136363636363636,0.34202077984809875
C. Rafferty,WSL 2015,5,1,0.703330986201763,0.7721518874168396,3,7.167829363048315,46.8,6.683027594139202,9.0,100.0,0.2278481125831604,0.2,0.6,0.2278481125831604
C. Rafferty,WSL 2016,10,3,2.7541622072458263,2.840134918689728,6,34.40153027735229,58.4,14.680634297672029,10.5,53.333333333333336,0.159865081310272,0.3,0.6,0.15986508131027222
C. Rafferty,WSL 2018-2019,6,2,1.8794923722743986,1.8631234169006348,4,48.69795925197516,50.833333333333336,18.543054737610145,10.0,100.0,0.1368765830993651,0.3333333333333333,0.6666666666666666,0.13687658309936523
C. Redisch Kvamme,WSL 2020-2021,5,0,0.3574293851852416,0.0,3,77.9251878627681,61.0,16.58503757255362,8.0,0.0,0.0,0.0,0.6,0.0
C. Rule,WSL 2023-2024,1,0,0.2598684132099151,0.7358490824699402,0,56.73241284016274,50.0,50.441678894179574,0.0,30.0,-0.7358490824699402,0.0,0.0,-0.7358490824699402
C. Rule,WSL 2024-2025,1,1,0.2598684132099151,0.7358490824699402,1,50.02765901645472,50.0,47.08930198232556,0.0,30.0,0.2641509175300598,1.0,1.0,0.2641509175300598
C. Rule,WSL 2025-2026,6,0,0.1337070278823375,0.0,3,53.29416194247038,43.333333333333336,26.650345253807103,17.5,70.0,0.0,0.0,0.5,0.0
C. Schröder,WSL 2015,1,0,0.0837070271372795,0.0,0,,42.0,0.0,25.0,,0.0,0.0,0.0,0.0
C. Schröder,WSL 2016,1,1,0.4285714328289032,0.8780487775802612,1,45.19082994492475,50.0,48.936878299870216,0.0,30.0,0.1219512224197387,1.0,1.0,0.12195122241973877
C. Scofield,WSL 2018-2019,5,1,0.417414054274559,0.7358490824699402,3,69.30764674756288,56.8,27.874055185755175,16.0,26.666666666666668,0.2641509175300598,0.2,0.6,0.2641509175300598
C. Scofield,WSL 2019-2020,3,0,0.0975609719753265,0.5,1,53.48455586625023,44.666666666666664,28.383740844305635,16.666666666666668,50.0,-0.5,0.0,0.3333333333333333,-0.5
C. Scofield,WSL 2020-2021,1,0,0.0,0.0,1,,42.0,0.0,25.0,,0.0,0.0,1.0,0.0
C. Siems,WSL 2020-2021,10,1,1.8046439997851844,1.9764934331178665,3,43.77149000002674,47.7,25.916168466029625,16.5,55.714285714285715,-0.9764934331178664,0.1,0.3,-0.9764934331178665
C. Stoney,WSL 2015,1,0,0.0837070271372795,0.0,0,,75.0,0.0,15.0,,0.0,0.0,0.0,0.0
C. Stoney,WSL 2016,2,0,0.6039312183856963,0.0,0,,58.5,0.0,17.5,,0.0,0.0,0.0,0.0
C. Stoney,WSL 2017,1,0,0.0,0.0,0,,42.0,0.0,20.0,,0.0,0.0,0.0,0.0
C. Stoney,WSL 2017-2018,3,0,0.3641948327422142,0.2804878056049347,2,,47.333333333333336,9.34959352016449,6.666666666666667,,-0.2804878056049347,0.0,0.6666666666666666,-0.2804878056049347
C. Swaby,WSL 2024-2025,4,0,0.0837070271372795,0.0,3,47.72077802955372,44.0,21.645291761082646,16.25,83.33333333333333,0.0,0.0,0.75,0.0
C. Sweetman-Kirk,WSL 2017-2018,35,5,6.5121898096872535,6.407288071222421,22,60.31126405506619,47.97142857142857,22.628481756156926,8.285714285714286,26.25,-1.4072880712224218,0.14285714285714285,0.6285714285714286,-1.4072880712224212
C. Sweetman-Kirk,WSL 2018-2019,34,10,7.017142529349501,7.910910191695865,22,56.32147632644716,51.088235294117645,26.677533544467778,9.705882352941176,32.857142857142854,2.089089808304135,0.29411764705882354,0.6470588235294118,2.089089808304135
C. Sweetman-Kirk,WSL 2019-2020,12,0,1.1510048322379587,0.2260869666934012,6,46.37307312918555,50.833333333333336,10.099618493819984,12.5,62.5,-0.2260869666934012,0.0,0.5,-0.2260869666934012
C. Sáez,WSL 2024-2025,6,2,1.5113540887832642,2.038465663790703,5,30.09601197660527,44.666666666666664,22.72433231115527,15.833333333333334,82.5,-0.0384656637907029,0.3333333333333333,0.8333333333333334,-0.03846566379070282
C. Tandberg,WSL 2025-2026,43,6,6.559266852442083,7.351237585995255,25,47.30419944371616,46.627906976744185,27.12500429743486,13.604651162790697,46.470588235294116,-1.3512375859952557,0.13953488372093023,0.5813953488372093,-1.3512375859952552
C. Ubogagu,WSL 2015,32,6,5.252025831490754,4.999636232852936,21,44.512215810841134,47.9375,9.12059586723265,9.84375,30.0,1.0003637671470638,0.1875,0.65625,1.0003637671470642
C. Ubogagu,WSL 2021-2022,14,0,0.2886431887745856,0.0,11,78.25904105071741,48.92857142857143,8.980135350672104,10.0,16.666666666666668,0.0,0.0,0.7857142857142857,0.0
C. Ubogagu,WSL 2022-2023,2,0,0.0,0.0,2,30.52692055011622,46.0,18.596793608391444,10.0,65.0,0.0,0.0,1.0,0.0
C. Walker,WSL 2017-2018,16,1,0.3967337608337401,0.633093535900116,15,68.25523918759241,47.0,5.973836162370576,9.375,75.0,0.366906464099884,0.0625,0.9375,0.36690646409988403
C. Walker,WSL 2018-2019,23,1,2.1044945940375324,1.1964844763278961,15,53.47508911196154,50.34782608695652,11.947603945116654,11.956521739130435,26.25,-0.196484476327896,0.043478260869565216,0.6521739130434783,-0.19648447632789612
C. Walker,WSL 2019-2020,24,0,1.3333152867853635,0.9389980137348175,14,72.59659404657933,46.541666666666664,16.73005334534659,13.958333333333334,8.88888888888889,-0.9389980137348175,0.0,0.5833333333333334,-0.9389980137348175
C. Walker,WSL 2020-2021,30,6,4.822903340909538,4.650803959224282,21,56.927136524572916,47.9,20.304800070713725,9.166666666666666,49.23076923076923,1.3491960407757175,0.2,0.7,1.349196040775718
C. Walker,WSL 2021-2022,25,3,2.3959715925157066,3.501529723405838,17,50.52887238203942,48.8,17.58485425880234,11.0,53.63636363636363,-0.5015297234058381,0.12,0.68,-0.501529723405838
C. Walker,WSL 2022-2023,6,0,0.3347046747803688,0.0,4,54.58070214147947,50.0,22.741959225616444,0.0,42.0,0.0,0.0,0.6666666666666666,0.0
C. Weir,WSL 2015,28,3,3.912810463458299,3.1454064026474953,15,21.358576681742367,45.17857142857143,5.872332158944551,18.392857142857142,58.0,-0.14540640264749538,0.10714285714285714,0.5357142857142857,-0.14540640264749527
C. Weir,WSL 2016,43,7,3.014013959322033,5.222209876630364,33,41.59913883392419,45.76744186046512,9.712938315571327,17.325581395348838,73.75,1.7777901233696354,0.16279069767441862,0.7674418604651163,1.7777901233696358
C. Weir,WSL 2017,21,5,3.6247244030237193,4.149325221776962,14,37.57823045602345,48.23809523809524,13.221884161175838,18.571428571428573,58.0,0.8506747782230375,0.23809523809523808,0.6666666666666666,0.8506747782230377
C. Weir,WSL 2017-2018,42,1,1.6203656122088428,1.842594563961029,27,63.41241331336861,44.30952380952381,15.934376430772534,17.976190476190474,48.75,-0.842594563961029,0.023809523809523808,0.6428571428571429,-0.842594563961029
C. Weir,WSL 2018-2019,35,5,3.732476040720939,4.426058806478977,27,58.89461058346014,47.22857142857143,15.724064369373517,14.571428571428571,45.0,0.5739411935210227,0.14285714285714285,0.7714285714285715,0.5739411935210228
C. Weir,WSL 2019-2020,35,3,1.633876390755176,2.389842763543129,25,66.49658873890219,47.142857142857146,17.100105258366455,19.571428571428573,39.23076923076923,0.610157236456871,0.08571428571428572,0.7142857142857143,0.610157236456871
C. Weir,WSL 2020-2021,44,8,6.7927630005813215,7.499747311923562,30,53.60159767913733,47.38636363636363,20.925818733112308,9.772727272727273,37.61904761904762,0.5002526880764376,0.18181818181818182,0.6818181818181818,0.5002526880764382
C. Weir,WSL 2021-2022,50,6,5.098331440240144,8.211922764778137,35,50.38187040183219,48.32,17.040679776584977,12.7,34.76190476190476,-2.211922764778137,0.12,0.7,-2.211922764778137
C. Wellings,WSL 2016,16,2,2.051777206361294,1.7128605842590332,12,38.12105794111174,48.125,5.90667971680517,16.25,30.0,0.2871394157409667,0.125,0.75,0.2871394157409668
C. Wellings,WSL 2017,7,1,1.5006505250930784,0.977011501789093,3,37.071102852041825,50.142857142857146,6.835128068527672,11.428571428571429,30.0,0.0229884982109069,0.14285714285714285,0.42857142857142855,0.022988498210906982
C. Wellings,WSL 2017-2018,42,4,4.151663459837436,3.150397837162018,25,66.00152383937937,49.57142857142857,16.5283522022991,11.30952380952381,24.375,0.849602162837982,0.09523809523809523,0.5952380952380952,0.8496021628379822
C. Wellings,WSL 2018-2019,49,3,2.3876838609576216,2.599454015493393,33,67.31785295306867,47.714285714285715,13.323826890057484,13.26530612244898,24.666666666666668,0.40054598450660683,0.061224489795918366,0.673469387755102,0.40054598450660706
C. Wellings,WSL 2019-2020,15,1,2.0333038626647575,1.6146833954787836,10,71.87167244726533,45.733333333333334,17.896267290701346,13.0,32.5,-0.6146833954787837,0.06666666666666667,0.6666666666666666,-0.6146833954787836
C. Wellings,WSL 2020-2021,28,2,2.364349458366632,2.497186928987503,17,52.502124696016985,49.857142857142854,17.363550656919124,13.392857142857142,37.69230769230769,-0.4971869289875029,0.07142857142857142,0.6071428571428571,-0.49718692898750305
C. Wellings,WSL 2022-2023,30,4,4.239206988364457,4.822376728057861,15,56.50483439097522,48.96666666666667,31.090977151114615,15.333333333333334,36.25,-0.8223767280578614,0.13333333333333333,0.5,-0.8223767280578613
C. Wheeler,WSL 2022-2023,2,0,0.0,0.0,2,30.8101714806436,46.0,11.869209536827567,12.5,100.0,0.0,0.0,1.0,0.0
C. Wheeler,WSL 2023-2024,2,0,0.27373069524765,0.0,0,78.3944759015412,46.0,43.36390461743727,12.5,0.0,0.0,0.0,0.0,0.0
C. Wheeler,WSL 2024-2025,8,0,0.22163092344999308,0.0,4,61.30470378491517,53.25,26.739263919343188,13.125,30.0,0.0,0.0,0.5,0.0
C. Wheeler,WSL 2025-2026,4,0,0.23442631959915147,0.1315789520740509,1,46.36343502061539,58.5,30.835226317529745,20.0,50.0,-0.1315789520740509,0.0,0.25,-0.1315789520740509
Carla Camacho,WSL 2025-2026,13,1,2.0777954608201976,1.266187071800232,7,56.11166640084332,46.07692307692308,23.392226494157455,13.076923076923077,47.5,-0.266187071800232,0.07692307692307693,0.5384615384615384,-0.26618707180023193
Cho So-Hyun,WSL 2018-2019,4,0,0.1910822167992591,0.0,2,78.26583585718701,42.0,23.31645896429675,23.75,50.0,0.0,0.0,0.5,0.0
Cho So-Hyun,WSL 2019-2020,2,0,0.2598684132099151,0.633093535900116,1,47.272731157731016,46.0,24.64791916126783,10.0,100.0,-0.633093535900116,0.0,0.5,-0.633093535900116
Cho So-Hyun,WSL 2020-2021,6,0,0.7815479859709739,1.9544987678527832,2,56.239905077229835,44.666666666666664,31.019128865007193,15.0,70.0,-1.9544987678527832,0.0,0.3333333333333333,-1.9544987678527832
Cho So-Hyun,WSL 2021-2022,1,0,0.0542168691754341,0.0,0,78.27650420854977,42.0,47.47158543760822,25.0,50.0,0.0,0.0,0.0,0.0
Cho So-Hyun,WSL 2022-2023,3,0,0.3574293851852416,0.0,1,56.10270359313258,44.666666666666664,32.49579624101073,13.333333333333334,43.333333333333336,0.0,0.0,0.3333333333333333,0.0
D. Bowman,WSL 2015,8,0,0.37354645133018477,0.0,3,,46.125,0.0,23.75,,0.0,0.0,0.375,0.0
D. Bowman,WSL 2016,4,1,0.0542168691754341,0.159420296549797,4,43.99065557340302,42.0,8.777817504132187,25.0,30.0,0.8405797034502029,0.25,1.0,0.8405797034502029
D. Bowman,WSL 2018-2019,19,1,1.3478572517633436,0.8033766150474547,8,71.949454730241,45.89473684210526,25.514837115346474,22.63157894736842,55.0,0.19662338495254525,0.05263157894736842,0.42105263157894735,0.19662338495254528
D. Bowman,WSL 2019-2020,7,0,0.2511210814118385,0.1948051899671554,4,59.80864229474396,41.42857142857143,11.7599235229179,24.285714285714285,40.0,-0.1948051899671554,0.0,0.5714285714285714,-0.1948051899671554
D. Bowman,WSL 2020-2021,12,0,0.7863347455859182,0.2909992486238479,5,60.57554025224731,44.083333333333336,23.673141806242864,26.25,40.0,-0.2909992486238479,0.0,0.4166666666666667,-0.2909992486238479
D. Bruinenberg,WSL 2017,11,0,0.6727192401885984,0.0,5,,44.90909090909091,0.0,15.454545454545455,,0.0,0.0,0.45454545454545453,0.0
D. Bruinenberg,WSL 2017-2018,28,2,2.628698758780956,2.974150165915489,17,61.19962605567144,45.67857142857143,19.098414094458093,18.035714285714285,56.666666666666664,-0.9741501659154892,0.07142857142857142,0.6071428571428571,-0.9741501659154892
D. Bruinenberg,WSL 2018-2019,8,0,0.167414054274559,0.159420296549797,6,42.004638805951274,45.0,6.890072629472315,15.625,15.0,-0.159420296549797,0.0,0.75,-0.159420296549797
D. Brynjarsdóttir,WSL 2020-2021,10,0,0.8697161823511121,0.0,5,78.11253611827233,44.4,18.28917389032113,14.5,50.0,0.0,0.0,0.5,0.0
D. Brynjarsdóttir,WSL 2021-2022,32,4,4.160241059958934,5.019199788570404,19,47.81472222331517,46.03125,17.09205362146828,13.28125,58.57142857142857,-1.019199788570404,0.125,0.59375,-1.019199788570404
D. Brynjarsdóttir,WSL 2022-2023,27,6,5.264604907937166,6.598912340111848,18,50.336415112792295,46.370370370370374,27.75913507808206,13.518518518518519,51.578947368421055,-0.5989123401118489,0.2222222222222222,0.6666666666666666,-0.5989123401118484
D. Brynjarsdóttir,WSL 2024-2025,8,0,0.40184037387371047,0.1315789520740509,4,61.142673679894905,43.625,33.07667413856504,20.0,61.42857142857143,-0.1315789520740509,0.0,0.5,-0.1315789520740509
D. Caldwell,WSL 2021-2022,3,0,0.0,0.0,3,,47.333333333333336,0.0,6.666666666666667,,0.0,0.0,1.0,0.0
D. Caldwell,WSL 2022-2023,4,0,0.2964953221380709,0.0,0,78.11985195382286,44.0,44.05992597691142,15.0,50.0,0.0,0.0,0.0,0.0
D. Carter,WSL 2015,42,2,3.1348902583122245,1.5917079970240593,27,56.06146330392599,48.166666666666664,3.7945141293544524,11.904761904761905,60.0,0.4082920029759407,0.047619047619047616,0.6428571428571429,0.4082920029759407
D. Carter,WSL 2016,33,6,3.035343118011951,3.6802206933498383,23,39.29784865720057,48.06060606060606,7.776772730467582,15.151515151515152,65.0,2.3197793066501613,0.18181818181818182,0.696969696969697,2.3197793066501617
D. Carter,WSL 2017,17,4,2.990364640951156,3.507264345884323,12,52.21708899154219,45.88235294117647,14.480954742214202,15.0,47.5,0.49273565411567677,0.23529411764705882,0.7058823529411765,0.4927356541156769
D. Carter,WSL 2017-2018,38,2,3.717412762343883,3.035275310277939,25,62.84326252160852,47.60526315789474,16.20305425141409,7.631578947368421,30.666666666666668,-1.0352753102779388,0.05263157894736842,0.6578947368421053,-1.0352753102779388
D. Carter,WSL 2018-2019,5,0,0.167414054274559,0.0666666701436042,3,43.52343887550476,42.0,12.43802112929591,24.0,40.0,-0.0666666701436042,0.0,0.6,-0.0666666701436042
D. Carter,WSL 2020-2021,38,3,3.0464937239885326,2.3487552404403687,25,65.47395602371316,46.21052631578947,15.801237264364994,11.578947368421053,25.714285714285715,0.6512447595596311,0.07894736842105263,0.6578947368421053,0.6512447595596313
D. Carter,WSL 2021-2022,33,2,2.6464856602251525,2.0083427727222443,22,48.80131046973926,48.03030303030303,9.339076170570525,12.424242424242424,30.0,-0.008342772722244332,0.06060606060606061,0.6666666666666666,-0.008342772722244263
D. Carter,WSL 2022-2023,23,5,3.9677548657466724,4.131416099827464,19,36.14678734269886,49.69565217391305,21.623346206541875,5.0,36.31578947368421,0.8685839001725357,0.21739130434782608,0.8260869565217391,0.8685839001725357
D. Cascarino,WSL 2025-2026,8,0,0.3435754403471946,0.792513832449913,6,40.75232573531778,45.0,18.832028663973983,15.0,52.0,-0.792513832449913,0.0,0.75,-0.792513832449913
D. Castellanos,WSL 2022-2023,42,1,3.673985056579112,2.3026371151208878,24,50.38707953863027,50.80952380952381,24.04949634053323,16.428571428571427,40.645161290322584,-1.3026371151208878,0.023809523809523808,0.5714285714285714,-1.3026371151208878
D. Castellanos,WSL 2023-2024,5,0,0.5507728978991507,0.0,3,56.49961597559565,45.2,20.28321812601203,15.0,10.0,0.0,0.0,0.6,0.0
D. Cooper,WSL 2017,1,0,0.3333333432674408,0.0,0,,75.0,0.0,15.0,,0.0,0.0,0.0,0.0
D. Cooper,WSL 2018-2019,1,0,0.0,0.0,1,,42.0,0.0,25.0,,0.0,0.0,1.0,0.0
D. Cooper,WSL 2020-2021,8,0,0.549875184893608,0.0,3,78.18827241740178,48.75,21.83873477101711,16.25,25.0,0.0,0.0,0.375,0.0
D. Cooper,WSL 2021-2022,2,0,0.0,0.0,2,,46.0,0.0,10.0,,0.0,0.0,1.0,0.0
D. Cooper,WSL 2022-2023,7,1,0.5304407887160776,0.7721518874168396,4,59.41429971055625,44.285714285714285,27.623853223651782,15.0,46.0,0.2278481125831604,0.14285714285714285,0.5714285714285714,0.2278481125831604
D. Corboz,WSL 2015,7,1,1.3057771921157837,0.8585858345031738,4,31.076786620670166,52.42857142857143,5.899424049347187,5.714285714285714,30.0,0.1414141654968261,0.14285714285714285,0.5714285714285714,0.14141416549682617
D. Corboz,WSL 2016,6,2,0.6910838484764097,1.5508935451507568,4,48.0176307723561,46.0,17.14629507670202,12.5,100.0,0.44910645484924305,0.3333333333333333,0.6666666666666666,0.44910645484924316
D. Draper,WSL 2023-2024,2,1,1.0837070271372795,1.0,1,51.74753980136822,52.5,42.54043656735078,5.0,15.0,0.0,0.5,0.5,0.0
D. Egurrola,WSL 2020-2021,11,0,0.8509216494858263,0.0,4,76.43471929584419,44.18181818181818,20.098799839964588,15.909090909090908,40.0,0.0,0.0,0.36363636363636365,0.0
D. Janssen,WSL 2015,10,1,0.7636381722986695,0.9942046403884888,4,43.080007121911194,42.8,8.790614633356586,21.0,100.0,0.005795359611511175,0.1,0.4,0.0057953596115112305
D. Janssen,WSL 2016,14,3,2.1849941909313197,2.402618870139122,7,45.10198880182901,42.92857142857143,14.09161026484512,23.214285714285715,82.5,0.5973811298608779,0.21428571428571427,0.5,0.597381129860878
D. Janssen,WSL 2017,5,0,0.3967337608337401,0.0,3,,45.2,0.0,15.0,,0.0,0.0,0.6,0.0
D. Janssen,WSL 2017-2018,22,3,3.1222384646534915,2.22421196103096,13,62.902915997809515,44.22727272727273,23.82472067353572,20.681818181818183,42.5,0.7757880389690399,0.13636363636363635,0.5909090909090909,0.7757880389690399
D. Janssen,WSL 2018-2019,27,3,3.5979318171739574,3.2252184078097343,14,56.38982376422434,44.77777777777778,23.468074543698556,20.555555555555557,41.333333333333336,-0.22521840780973434,0.1111111111111111,0.5185185185185185,-0.22521840780973434
D. Janssen,WSL 2024-2025,18,2,1.7421208657324307,1.928945630788803,8,53.547316700752454,47.5,34.32853162201947,23.333333333333332,58.75,0.07105436921119687,0.1111111111111111,0.4444444444444444,0.0710543692111969
D. Janssen,WSL 2025-2026,8,1,0.5894930660724637,0.633093535900116,3,64.58877005434498,46.125,42.16848578679792,22.5,47.5,0.366906464099884,0.125,0.375,0.36690646409988403
D. Kerkdijk,WSL 2017-2018,3,0,0.136865347623825,0.0,2,,44.666666666666664,0.0,13.333333333333334,,0.0,0.0,0.6666666666666666,0.0
D. Kerkdijk,WSL 2018-2019,8,2,1.4277217090129852,2.470149278640747,7,24.79703662712849,57.375,15.162504162489393,10.625,53.333333333333336,-0.4701492786407472,0.25,0.875,-0.47014927864074707
D. Kerkdijk,WSL 2019-2020,2,1,0.2598684132099151,0.633093535900116,2,40.083801106071654,58.5,22.850686648352987,17.5,100.0,0.366906464099884,0.5,1.0,0.36690646409988403
D. O'Sullivan,WSL 2020-2021,11,0,0.850811146199703,0.6883116960525513,7,65.17595146952635,47.63636363636363,15.848598832178414,17.727272727272727,20.0,-0.6883116960525513,0.0,0.6363636363636364,-0.6883116960525513
D. O'Sullivan,WSL 2025-2026,5,0,0.136865347623825,0.0,4,34.06329427769592,45.2,16.958651044411702,15.0,57.5,0.0,0.0,0.8,0.0
D. Rose,WSL 2021-2022,30,4,3.2200248911976805,4.08176189661026,20,57.10421497992462,46.56666666666667,17.002604892595183,10.5,33.333333333333336,-0.08176189661026012,0.13333333333333333,0.6666666666666666,-0.08176189661026001
D. Rose,WSL 2022-2023,2,0,0.0,0.0,2,34.45122794300911,46.0,21.392280638171222,12.5,65.0,0.0,0.0,1.0,0.0
D. Rose,WSL 2023-2024,10,0,0.6772215664386748,0.7646724879741669,7,33.526918590265886,47.6,18.03811823336219,7.0,41.25,-0.7646724879741669,0.0,0.7,-0.7646724879741669
D. Rose,WSL 2024-2025,3,0,0.1085714250802993,0.0,2,50.17444737274464,50.0,16.724815790914878,0.0,15.0,0.0,0.0,0.6666666666666666,0.0
D. Scott,WSL 2015,7,0,0.1585714258253573,0.050000000745058,6,,47.857142857142854,0.7142857249294,20.0,,-0.050000000745058,0.0,0.8571428571428571,-0.050000000745058
D. Spence,WSL 2015,23,2,3.7470074519515033,1.8385591506958008,11,24.44208035196867,47.608695652173914,4.571879494876537,10.434782608695652,100.0,0.16144084930419916,0.08695652173913043,0.4782608695652174,0.16144084930419922
D. Spence,WSL 2016,19,2,1.624902807176113,1.201469600200653,15,13.382424814805514,47.36842105263158,2.6013954116223736,14.210526315789474,30.0,0.7985303997993469,0.10526315789473684,0.7894736842105263,0.7985303997993469
D. Spence,WSL 2017,16,4,3.911070883274078,3.679257810115814,8,46.54146940428027,50.125,14.58737965505261,10.9375,38.0,0.32074218988418546,0.25,0.5,0.3207421898841858
D. Spence,WSL 2017-2018,15,2,2.277697257697582,2.093557119369507,9,64.04078354148314,46.666666666666664,23.931323183134516,16.333333333333332,50.0,-0.09355711936950684,0.13333333333333333,0.6,-0.09355711936950684
D. Spence,WSL 2018-2019,35,1,3.7735932916402812,1.3962747901678085,24,65.71687443247782,46.285714285714285,12.714220564295111,13.571428571428571,37.27272727272727,-0.39627479016780853,0.02857142857142857,0.6857142857142857,-0.39627479016780853
D. Spence,WSL 2019-2020,17,3,2.4573759660124774,3.634378597140312,11,40.72115623271528,50.0,16.46404341541448,16.470588235294116,55.714285714285715,-0.6343785971403123,0.17647058823529413,0.6470588235294118,-0.6343785971403122
D. Spence,WSL 2020-2021,5,0,0.23442631959915147,0.0,3,72.00627045278681,46.8,16.067920757224027,9.0,25.0,0.0,0.0,0.6,0.0
D. Spence,WSL 2021-2022,9,1,1.5349657237529755,0.9850746393203736,7,43.501383886193054,49.666666666666664,10.904183149137124,3.888888888888889,43.333333333333336,0.0149253606796264,0.1111111111111111,0.7777777777777778,0.014925360679626354
D. Spence,WSL 2022-2023,37,4,4.490174636244773,4.8358167707920074,22,46.53854473083032,47.351351351351354,25.0418937402018,12.297297297297296,40.3448275862069,-0.8358167707920077,0.10810810810810811,0.5945945945945946,-0.8358167707920074
D. Spence,WSL 2023-2024,22,2,2.4683558419346805,2.461833044886589,14,57.643408776741616,48.27272727272727,23.266840078579612,13.181818181818182,46.92307692307692,-0.46183304488658905,0.09090909090909091,0.6363636363636364,-0.46183304488658905
D. Spence,WSL 2024-2025,31,3,1.928421594202518,2.6643614694476128,24,38.67915905161857,48.54838709677419,17.991247767486776,12.741935483870968,48.57142857142857,0.3356385305523873,0.0967741935483871,0.7741935483870968,0.33563853055238724
D. Spence,WSL 2025-2026,17,0,2.2959549501538272,1.546897530555725,10,48.091134164775845,47.23529411764706,22.350219465019226,13.529411764705882,37.5,-1.546897530555725,0.0,0.5882352941176471,-1.546897530555725
D. Stefanović,WSL 2022-2023,2,0,0.0837070271372795,0.0,1,77.96409429987628,42.0,22.824356908302402,20.0,50.0,0.0,0.0,0.5,0.0
D. Stokes,WSL 2015,4,0,0.0975609719753265,0.0,3,,48.0,0.0,6.25,,0.0,0.0,0.75,0.0
D. Stokes,WSL 2016,12,2,1.5474495515227318,1.6502006649971008,9,58.21123747320156,47.333333333333336,8.976438118592881,8.333333333333334,30.0,0.3497993350028991,0.16666666666666666,0.75,0.34979933500289917
D. Stokes,WSL 2017,3,0,0.0,0.0,3,,55.666666666666664,0.0,13.333333333333334,,0.0,0.0,1.0,0.0
D. Stokes,WSL 2017-2018,2,0,0.2598684132099151,0.0,1,62.46999279654189,46.0,15.617498199135472,12.5,0.0,0.0,0.0,0.5,0.0
D. Stokes,WSL 2018-2019,3,1,0.7219292521476746,1.4136460721492767,2,37.96344991946767,50.0,26.790944027981993,0.0,65.0,-0.4136460721492768,0.3333333333333333,0.6666666666666666,-0.41364607214927673
D. Stokes,WSL 2019-2020,3,0,0.181267999112606,0.0,1,78.07752557554575,55.666666666666664,15.235143151479846,11.666666666666666,50.0,0.0,0.0,0.3333333333333333,0.0
D. Stokes,WSL 2020-2021,5,0,0.0975609719753265,0.0,4,78.53725230742414,50.2,8.853725230742414,18.0,0.0,0.0,0.0,0.8,0.0
D. Stokes,WSL 2021-2022,3,1,0.24543677270412428,0.3611111044883728,2,58.774210803011826,44.666666666666664,25.980292423665446,16.666666666666668,15.0,0.6388888955116272,0.3333333333333333,0.6666666666666666,0.6388888955116272
D. Susi,WSL 2015,9,0,0.7180653437972067,0.0,3,71.55464112597215,50.22222222222222,4.715998581072527,18.88888888888889,50.0,0.0,0.0,0.3333333333333333,0.0
D. Turner,WSL 2017-2018,16,5,2.368365217000246,4.77636981010437,12,55.61069336902234,46.5,25.950367570649895,10.3125,36.666666666666664,0.22363018989562972,0.3125,0.75,0.22363018989562988
D. Turner,WSL 2018-2019,6,0,0.167414054274559,0.0,3,78.05308894362486,42.666666666666664,15.78662593504859,20.0,25.0,0.0,0.0,0.5,0.0
D. Turner,WSL 2019-2020,7,1,0.3008498772978781,0.7358490824699402,5,62.34880064559756,50.142857142857146,18.180762872737315,12.142857142857142,33.333333333333336,0.2641509175300598,0.14285714285714285,0.7142857142857143,0.2641509175300598
D. Turner,WSL 2020-2021,9,1,0.9030974954366681,1.6733395755290985,4,34.5361337645376,46.55555555555556,21.349102432535453,20.0,71.66666666666667,-0.6733395755290984,0.1111111111111111,0.4444444444444444,-0.6733395755290985
D. Turner,WSL 2021-2022,11,2,1.128774657845497,1.1560372561216352,7,37.42232717407684,44.90909090909091,13.779115359288589,15.0,48.0,0.8439627438783647,0.18181818181818182,0.6363636363636364,0.8439627438783648
D. Turner,WSL 2022-2023,8,0,0.5346576571464536,0.6799516975879668,4,41.43986915032561,50.25,23.08976979732698,20.625,80.0,-0.6799516975879668,0.0,0.5,-0.6799516975879668
D. Turner,WSL 2023-2024,8,1,0.4422032982110976,0.633093535900116,4,56.03258901721042,47.125,36.64039526823065,18.75,51.25,0.366906464099884,0.125,0.5,0.36690646409988403
D. Turner,WSL 2024-2025,3,0,0.0,0.0,3,30.976010776891343,42.0,22.15467205511234,20.0,100.0,0.0,0.0,1.0,0.0
D. van Domselaar,WSL 2025-2026,1,1,1.0,1.0,1,50.05707853152354,50.0,55.028539265761765,0.0,100.0,0.0,1.0,1.0,0.0
D. van de Donk,WSL 2016,22,2,3.7514869980514045,1.4916793704032898,11,34.531444818627094,49.36363636363637,3.6037193604875353,9.772727272727273,30.0,0.5083206295967101,0.09090909090909091,0.5,0.5083206295967102
D. van de Donk,WSL 2017,12,2,1.5832773745059963,1.6938120648264885,6,33.36274897856536,45.333333333333336,7.503050235247465,13.75,30.0,0.30618793517351134,0.16666666666666666,0.5,0.3061879351735115
D. van de Donk,WSL 2017-2018,29,5,2.2556636855006214,4.029517620801926,24,52.328896921982526,50.206896551724135,14.455057927608173,13.10344827586207,56.0,0.9704823791980741,0.1724137931034483,0.8275862068965517,0.9704823791980743
D. van de Donk,WSL 2018-2019,39,11,8.60927768633133,9.827198585722504,27,45.68888778535322,49.51282051282051,22.625480082322063,12.564102564102564,48.63636363636363,1.1728014142774952,0.28205128205128205,0.6923076923076923,1.1728014142774956
D. van de Donk,WSL 2019-2020,21,5,5.623566813766956,6.887926489114761,13,44.290609302021814,50.57142857142857,23.684830975503512,8.80952380952381,40.0,-1.8879264891147616,0.23809523809523808,0.6190476190476191,-1.8879264891147614
D. van de Donk,WSL 2020-2021,17,2,1.337512161582708,2.2530853897333145,11,56.65480749514983,49.64705882352941,17.306924779903365,11.176470588235293,27.142857142857142,-0.2530853897333146,0.11764705882352941,0.6470588235294118,-0.2530853897333145
D. van de Donk,WSL 2025-2026,3,1,0.9230769276618958,0.8585858345031738,3,43.71773115255987,47.333333333333336,23.158435395885032,6.666666666666667,30.0,0.1414141654968261,0.3333333333333333,1.0,0.14141416549682617
Diana Silva,WSL 2020-2021,7,1,1.128774657845497,1.2128113210201263,2,56.47831661935165,47.714285714285715,31.78370802218934,7.142857142857143,26.666666666666668,-0.21281132102012632,0.14285714285714285,0.2857142857142857,-0.21281132102012634
E. Aluko,WSL 2015,39,6,5.306460170302449,4.574900841567574,27,31.542568827317893,46.717948717948715,6.159181155443955,9.871794871794872,41.666666666666664,1.4250991584324253,0.15384615384615385,0.6923076923076923,1.4250991584324257
E. Aluko,WSL 2016,49,9,7.017985060811042,6.5538370013237,29,42.534061978052364,48.673469387755105,9.160934372496579,8.26530612244898,37.27272727272727,2.4461629986763,0.1836734693877551,0.5918367346938775,2.4461629986763
E. Aluko,WSL 2017,2,0,0.0,0.0,2,,54.5,0.0,32.5,,0.0,0.0,1.0,0.0
E. Aluko,WSL 2017-2018,29,6,5.7757112830877295,5.5343180894851685,18,61.35137468046067,50.241379310344826,24.14392667108875,6.206896551724138,28.125,0.4656819105148311,0.20689655172413793,0.6206896551724138,0.46568191051483154
E. Bissell,WSL 2020-2021,4,1,0.6196239590644835,0.633093535900116,3,54.24881770521626,48.0,18.310405945554933,6.25,50.0,0.366906464099884,0.25,0.75,0.36690646409988403
E. Bissell,WSL 2023-2024,9,1,0.8237435668706891,0.7777777910232544,6,51.02671352406567,51.0,23.9177960442512,7.222222222222222,37.142857142857146,0.2222222089767456,0.1111111111111111,0.6666666666666666,0.2222222089767456
E. Bissell,WSL 2024-2025,6,0,0.5940562933683394,0.633093535900116,1,69.68770529219158,48.166666666666664,44.120431436707484,18.333333333333332,30.0,-0.633093535900116,0.0,0.16666666666666666,-0.633093535900116
E. Bloomfield,WSL 2018-2019,3,0,0.2598684132099151,0.0,2,77.96409429987628,47.333333333333336,12.994015716646047,6.666666666666667,0.0,0.0,0.0,0.6666666666666666,0.0
E. Brazil,WSL 2017,3,0,0.3574377223849295,0.159420296549797,0,17.282296658076945,53.0,7.252363519621905,20.0,100.0,-0.159420296549797,0.0,0.0,-0.159420296549797
E. Brazil,WSL 2018-2019,22,4,3.4584278687834735,2.8969247937202454,14,58.836839333585914,49.36363636363637,17.34879640057927,9.318181818181818,50.0,1.1030752062797544,0.18181818181818182,0.6363636363636364,1.1030752062797546
E. Brazil,WSL 2019-2020,7,0,1.1909029185771942,0.977011501789093,5,64.29910870230918,48.857142857142854,14.325160060378376,2.857142857142857,40.0,-0.977011501789093,0.0,0.7142857142857143,-0.977011501789093
E. Brazil,WSL 2020-2021,13,0,1.1817506477236746,0.625,8,64.16751396818508,47.53846153846154,12.468079072028472,7.3076923076923075,20.0,-0.625,0.0,0.6153846153846154,-0.625
E. Brazil,WSL 2021-2022,13,0,1.2923431992530818,0.5131579041481018,6,72.68193850486969,50.84615384615385,21.29029892095273,17.307692307692307,50.0,-0.5131579041481018,0.0,0.46153846153846156,-0.5131579041481018
E. Brazil,WSL 2022-2023,2,0,0.0,0.0,2,37.509258116422956,58.5,13.543981195772407,20.0,30.0,0.0,0.0,1.0,0.0
E. Brazil,WSL 2023-2024,2,0,0.0837070271372795,0.0,1,45.259595937944624,50.0,22.629797968972312,0.0,15.0,0.0,0.0,0.5,0.0
E. Brownlie,WSL 2018-2019,1,0,0.0,0.0,1,,50.0,0.0,0.0,,0.0,0.0,1.0,0.0
E. Carpenter,WSL 2025-2026,14,2,1.9928157962858672,1.8525026738643646,7,48.50227465017619,50.714285714285715,24.9823657238199,11.071428571428571,32.0,0.14749732613563532,0.14285714285714285,0.5,0.14749732613563538
E. Curson,WSL 2017,3,0,0.0837070271372795,0.0,2,,42.0,0.0,25.0,,0.0,0.0,0.6666666666666666,0.0
E. Curson,WSL 2017-2018,2,0,0.0837070271372795,0.0,1,78.00064102300699,42.0,23.666826922418416,25.0,0.0,0.0,0.0,0.5,0.0
E. Cuthbert,WSL 2017,18,4,2.482206366956234,3.4538062810897827,15,38.806297597850836,46.44444444444444,10.068154646021952,10.277777777777779,82.5,0.546193718910217,0.2222222222222222,0.8333333333333334,0.5461937189102173
E. Cuthbert,WSL 2017-2018,38,2,3.227222070097923,2.0637478083372116,26,59.634342654411675,50.6578947368421,12.448732197629468,8.026315789473685,34.166666666666664,-0.06374780833721166,0.05263157894736842,0.6842105263157895,-0.06374780833721161
E. Cuthbert,WSL 2018-2019,58,8,6.600677985697984,8.733157619833946,36,62.462973564738405,47.3448275862069,21.785831121591727,16.03448275862069,44.81481481481482,-0.7331576198339462,0.13793103448275862,0.6206896551724138,-0.7331576198339462
E. Cuthbert,WSL 2019-2020,28,2,2.4894450232386585,2.3050056397914886,22,47.77418753784523,47.785714285714285,9.572374722959628,13.214285714285714,47.142857142857146,-0.3050056397914886,0.07142857142857142,0.7857142857142857,-0.30500563979148865
E. Cuthbert,WSL 2020-2021,34,2,1.9220266044139858,2.561572402715683,25,60.7341753343503,47.55882352941177,11.671106698609222,17.205882352941178,37.77777777777778,-0.561572402715683,0.058823529411764705,0.7352941176470589,-0.561572402715683
E. Cuthbert,WSL 2021-2022,44,4,2.9048706591129294,3.874635726213455,31,49.655885191345064,46.34090909090909,14.16622945256447,16.25,28.823529411764707,0.1253642737865447,0.09090909090909091,0.7045454545454546,0.1253642737865448
E. Cuthbert,WSL 2022-2023,41,5,3.5093494169414035,4.828805968165398,30,34.97061025791738,47.53658536585366,24.963100865441465,18.658536585365855,72.70270270270271,0.17119403183460224,0.12195121951219512,0.7317073170731707,0.17119403183460236
E. Cuthbert,WSL 2023-2024,43,5,4.1774537935853,3.365288250148296,28,45.16849674538112,47.604651162790695,25.906781137704858,17.790697674418606,41.388888888888886,1.6347117498517036,0.11627906976744186,0.6511627906976745,1.634711749851704
E. Cuthbert,WSL 2024-2025,28,4,2.18396446108818,3.7677516490221024,20,42.1480188586366,48.25,23.116193362607643,12.857142857142858,50.0,0.2322483509778976,0.14285714285714285,0.7142857142857143,0.23224835097789764
E. Cuthbert,WSL 2025-2026,37,2,2.0580607578158374,2.291132263839245,27,38.773534520259474,46.972972972972975,20.943156338706576,17.16216216216216,69.64285714285714,-0.2911322638392446,0.05405405405405406,0.7297297297297297,-0.29113226383924484
E. Dale,WSL 2023-2024,2,0,0.2804878056049347,0.0,1,77.988318213549,50.0,19.49707955338725,0.0,0.0,0.0,0.0,0.5,0.0
E. Donovan,WSL 2018-2019,5,1,0.3641948327422142,0.9850746393203736,4,64.06730205353465,51.8,19.72390824662917,13.0,75.0,0.0149253606796264,0.2,0.8,0.014925360679626354
E. Follis,WSL 2016,3,1,0.5170658715069293,0.159420296549797,2,62.94839156007082,55.666666666666664,12.085601558843107,13.333333333333334,0.0,0.8405797034502029,0.3333333333333333,0.6666666666666666,0.8405797034502029
E. Follis,WSL 2017-2018,13,0,1.2200487330555916,0.5122784599661827,9,75.546161499222,49.46153846153846,17.229756589363767,8.846153846153847,25.0,-0.5122784599661827,0.0,0.6923076923076923,-0.5122784599661827
E. Follis,WSL 2018-2019,22,4,2.7145734243094917,3.1418800354003906,16,53.25168847284491,48.59090909090909,14.572567649396577,8.636363636363637,21.25,0.8581199645996092,0.18181818181818182,0.7272727272727273,0.8581199645996094
E. Follis,WSL 2020-2021,8,0,0.24227845296263678,0.0,5,78.5906937494019,51.25,10.865503385341903,19.375,0.0,0.0,0.0,0.625,0.0
E. Fox,WSL 2023-2024,9,0,0.0837070271372795,0.0,8,35.24372322395219,47.333333333333336,8.757864420137523,8.333333333333334,57.5,0.0,0.0,0.8888888888888888,0.0
E. Fox,WSL 2024-2025,10,1,0.454998694360256,0.633093535900116,7,46.731615473041145,45.2,25.425260130250138,14.5,40.0,0.366906464099884,0.1,0.7,0.36690646409988403
E. Fox,WSL 2025-2026,11,0,0.8191935271024702,0.633093535900116,5,60.767102744287314,47.09090909090909,26.09647427765025,9.090909090909092,36.25,-0.633093535900116,0.0,0.45454545454545453,-0.633093535900116
E. Franklin-Fraiture,WSL 2020-2021,3,0,0.0975609719753265,0.0,2,77.62473832484075,58.333333333333336,12.937456387473459,5.0,0.0,0.0,0.0,0.6666666666666666,0.0
E. Gielnik,WSL 2021-2022,22,2,1.8578494936227794,2.566626787185669,13,60.97744252829297,48.59090909090909,17.033210378464624,7.954545454545454,18.88888888888889,-0.5666267871856691,0.09090909090909091,0.5909090909090909,-0.566626787185669
E. Gielnik,WSL 2022-2023,7,1,0.4943030700087545,1.3717437386512756,4,60.49826646093659,49.57142857142857,31.294949282649487,11.428571428571429,52.0,-0.37174373865127575,0.14285714285714285,0.5714285714285714,-0.37174373865127563
E. Harries,WSL 2020-2021,7,1,0.8381752073764799,1.3780487775802612,5,47.98390577097794,56.0,16.902474569124966,7.857142857142857,20.0,-0.3780487775802613,0.14285714285714285,0.7142857142857143,-0.37804877758026123
E. Harries,WSL 2021-2022,12,3,1.9294783174991603,2.8020163252949715,8,27.184191196548966,49.416666666666664,15.467755279041336,8.75,53.333333333333336,0.19798367470502848,0.25,0.6666666666666666,0.19798367470502853
E. Harries,WSL 2022-2023,12,2,0.8584895655512808,1.7505449205636978,9,37.545830115443934,50.166666666666664,20.363861228779445,13.75,67.5,0.24945507943630219,0.16666666666666666,0.75,0.24945507943630219
E. Harries,WSL 2023-2024,7,0,1.458216816186905,0.0,3,73.56055140230683,56.0,28.65257788177625,7.142857142857143,16.0,0.0,0.0,0.42857142857142855,0.0
E. Harries,WSL 2024-2025,5,2,1.6318219304084778,1.7491633892059326,5,19.1285457661888,48.8,16.900210731758904,13.0,30.0,0.25083661079406727,0.4,1.0,0.2508366107940674
E. Hughes,WSL 2018-2019,7,0,0.8381752073764799,0.0,4,78.41966934414003,47.714285714285715,18.708976764220484,5.714285714285714,33.333333333333336,0.0,0.0,0.5714285714285714,0.0
E. Hughes,WSL 2019-2020,1,0,0.2804878056049347,0.0,0,,75.0,0.0,15.0,,0.0,0.0,0.0,0.0
E. Jansson,WSL 2025-2026,2,0,0.0,0.0,2,47.14339826529269,42.0,15.952516232989838,22.5,30.0,0.0,0.0,1.0,0.0
E. Jones,WSL 2020-2021,1,0,0.0,0.0,1,,50.0,0.0,0.0,,0.0,0.0,1.0,0.0
E. Kelly,WSL 2015,1,0,0.0,0.0,1,,42.0,0.0,25.0,,0.0,0.0,1.0,0.0
E. Kelly,WSL 2019-2020,2,0,0.0,0.0,2,,50.0,0.0,0.0,,0.0,0.0,1.0,0.0
E. Kelly,WSL 2020-2021,5,0,0.7430513501167295,0.0,1,77.99924741275916,45.2,34.533032298437,14.0,25.0,0.0,0.0,0.2,0.0
E. Koivisto,WSL 2020-2021,5,0,0.7007874250411987,0.0,4,,48.4,0.0,5.0,,0.0,0.0,0.8,0.0
E. Koivisto,WSL 2021-2022,18,3,2.08322886750102,2.271114230155945,6,59.924256248666104,52.5,31.44091966548191,16.11111111111111,45.714285714285715,0.7288857698440553,0.16666666666666666,0.3333333333333333,0.7288857698440552
E. Koivisto,WSL 2022-2023,22,3,3.5198786333203316,2.753855213522911,16,41.42558388023692,51.04545454545455,20.788802762768906,6.363636363636363,44.375,0.24614478647708893,0.13636363636363635,0.7272727272727273,0.24614478647708893
E. Koivisto,WSL 2023-2024,15,2,3.172536499798298,1.7209237217903137,8,57.162864188156604,52.666666666666664,31.434644147337377,11.333333333333334,33.84615384615385,0.2790762782096862,0.13333333333333333,0.5333333333333333,0.2790762782096863
E. Kullberg,WSL 2021-2022,2,0,0.0,0.0,2,,58.5,0.0,20.0,,0.0,0.0,1.0,0.0
E. Kullberg,WSL 2022-2023,5,0,0.7705852463841436,0.6883116960525513,1,69.27476524228196,46.8,34.50644293989476,8.0,37.5,-0.6883116960525513,0.0,0.2,-0.6883116960525513
E. Kullberg,WSL 2023-2024,2,0,0.4827586114406585,0.0,1,78.23156509860823,40.0,22.89122460798539,22.5,50.0,0.0,0.0,0.5,0.0
E. Linari,WSL 2025-2026,5,1,1.032083040330468,0.7560975609756098,2,55.4510145242543,45.2,36.59542596131414,13.0,46.0,0.2439024390243902,0.2,0.4,0.24390243902439024
E. Lundh,WSL 2016,4,1,0.4670658707618713,0.7721518874168396,4,48.871032092414225,50.0,11.900018167178075,0.0,30.0,0.2278481125831604,0.25,1.0,0.2278481125831604
E. Mason,WSL 2018-2019,19,4,3.7643425746298416,4.135998672101556,11,58.23588590343911,46.68421052631579,27.097520295536924,13.947368421052632,44.0,-0.135998672101556,0.21052631578947367,0.5789473684210527,-0.13599867210155558
E. Mastrantonio,WSL 2020-2021,7,1,0.40184037387371047,0.159420296549797,4,57.11727521309601,45.57142857142857,16.494074530876848,27.142857142857142,50.0,0.8405797034502029,0.14285714285714285,0.5714285714285714,0.8405797034502029
E. Mayi Kith,WSL 2022-2023,1,0,0.0975609719753265,0.0,0,78.27650420854977,42.0,45.80491877094155,20.0,50.0,0.0,0.0,0.0,0.0
E. Morgan,WSL 2017-2018,2,0,0.0837070271372795,0.0,1,,42.0,0.0,25.0,,0.0,0.0,0.5,0.0
E. Morgan,WSL 2018-2019,4,0,0.1910822167992591,0.1333333402872085,2,60.313993216978936,48.0,8.53924920427643,6.25,0.0,-0.1333333402872085,0.0,0.5,-0.1333333402872085
E. Morgan,WSL 2019-2020,4,1,0.23442631959915147,0.318840593099594,3,16.512655824550585,46.0,8.186135071051266,11.25,65.0,0.6811594069004059,0.25,0.75,0.681159406900406
E. Morgan,WSL 2020-2021,5,1,0.549875184893608,1.0533910244703293,3,54.265505681898446,42.8,25.266664518058178,17.0,60.0,-0.05339102447032931,0.2,0.6,-0.053391024470329285
E. Morgan,WSL 2021-2022,1,0,0.0542168691754341,0.0,0,77.91733511299722,67.0,52.29200088983195,40.0,0.0,0.0,0.0,0.0,0.0
E. Morgan,WSL 2022-2023,6,0,1.1081620156764984,0.159420296549797,2,52.956369626376265,46.0,31.164175184826004,11.666666666666666,38.333333333333336,-0.159420296549797,0.0,0.3333333333333333,-0.159420296549797
E. Morgan,WSL 2023-2024,3,0,0.0542168691754341,0.0,2,78.17359599705715,44.666666666666664,15.806710443953968,16.666666666666668,50.0,0.0,0.0,0.6666666666666666,0.0
E. Morris,WSL 2024-2025,14,1,0.701485678553581,0.2909992486238479,9,43.32515383527532,47.714285714285715,17.882553331078004,7.142857142857143,44.0,0.709000751376152,0.07142857142857142,0.6428571428571429,0.709000751376152
E. Morris,WSL 2025-2026,4,0,1.9232488498091698,0.9447154477238654,0,58.34819411191122,54.25,39.59279624721793,10.0,32.5,-0.9447154477238654,0.0,0.0,-0.9447154477238654
E. Mukandi,WSL 2015,4,0,0.2747892439365386,0.0,1,,42.0,0.0,22.5,,0.0,0.0,0.25,0.0
E. Mukandi,WSL 2016,3,0,0.3574377223849295,0.0,0,,44.666666666666664,0.0,15.0,,0.0,0.0,0.0,0.0
E. Mukandi,WSL 2017-2018,15,1,1.2368655987083907,1.9922886192798612,7,54.989464762130055,47.733333333333334,23.486272370104967,13.666666666666666,42.5,-0.9922886192798612,0.06666666666666667,0.4666666666666667,-0.9922886192798612
E. Mukandi,WSL 2018-2019,4,1,0.22057237476110447,0.7079630941152573,3,33.891812043442165,42.0,17.949342883391637,23.75,65.0,0.2920369058847428,0.25,0.75,0.29203690588474274
E. Mukandi,WSL 2019-2020,6,3,1.0085194855928419,1.6787726432085037,3,50.577164638378655,51.5,37.29355664634296,10.833333333333334,31.666666666666668,1.3212273567914963,0.5,0.5,1.3212273567914963
E. Mukandi,WSL 2020-2021,8,0,0.2716309241950511,0.1333333402872085,4,62.40719229325573,43.0,20.268464766057633,21.875,62.5,-0.1333333402872085,0.0,0.5,-0.1333333402872085
E. Mukandi,WSL 2022-2023,9,3,3.354279402643442,3.254839777946472,5,42.45799162657842,47.44444444444444,34.904869612374945,18.333333333333332,75.0,-0.25483977794647217,0.3333333333333333,0.5555555555555556,-0.25483977794647217
E. Murphy,WSL 2019-2020,2,1,0.4670658707618713,0.8585858345031738,2,34.90956570594625,46.0,24.939512277367506,10.0,100.0,0.1414141654968261,0.5,1.0,0.14141416549682617
E. Murphy,WSL 2020-2021,6,1,0.3574293851852416,0.7646724879741669,5,26.227249168217494,51.5,9.583459523462638,10.0,65.0,0.23532751202583307,0.16666666666666666,0.8333333333333334,0.23532751202583313
E. N'Dow,WSL 2020-2021,1,0,0.1085714250802993,0.633093535900116,0,54.20854791143799,42.0,54.43041336605581,25.0,30.0,-0.633093535900116,0.0,0.0,-0.633093535900116
E. Nyström,WSL 2024-2025,6,0,0.2649750262498855,0.0,3,62.88981912216865,42.0,25.407717485167325,20.0,62.5,0.0,0.0,0.5,0.0
E. Nyström,WSL 2025-2026,3,1,1.2598684132099152,1.2191171944141388,3,13.260824341667306,47.333333333333336,16.611446724697156,6.666666666666667,65.0,-0.2191171944141388,0.3333333333333333,1.0,-0.2191171944141388
E. Pelgander,WSL 2023-2024,2,0,0.167414054274559,0.0,0,77.97053705924387,46.0,43.151935196288605,12.5,0.0,0.0,0.0,0.0,0.0
E. Pelgander,WSL 2024-2025,1,0,0.0,0.0,1,,80.0,0.0,25.0,,0.0,0.0,1.0,0.0
E. Powell,WSL 2023-2024,6,2,1.7155289575457573,2.3631234169006348,5,36.5528818888338,46.0,25.388799936336664,12.5,47.5,-0.3631234169006349,0.3333333333333333,0.8333333333333334,-0.36312341690063477
E. Pusey,WSL 2017-2018,18,0,1.7669246196746822,0.6594202965497971,7,67.72137868004216,44.0,23.521639016483597,17.5,35.0,-0.6594202965497971,0.0,0.3888888888888889,-0.6594202965497971
E. Ramsey,WSL 2021-2022,1,1,1.0,0.9850746393203736,1,38.700990512733206,50.0,48.90273443597781,0.0,100.0,0.0149253606796264,1.0,1.0,0.014925360679626354
E. Rutherford,WSL 2018-2019,27,2,2.43242172896862,2.526317149400711,14,64.22186912221372,48.888888888888886,19.872777670731253,9.074074074074074,20.76923076923077,-0.5263171494007112,0.07407407407407407,0.5185185185185185,-0.5263171494007111
E. Ryan-Doyle,WSL 2021-2022,4,0,0.3574293851852416,0.0,2,78.3701331999492,49.25,9.79626664999365,8.75,0.0,0.0,0.0,0.5,0.0
E. Salmon,WSL 2019-2020,22,5,2.9799235276877876,4.403615057468414,17,48.126884625832,47.27272727272727,18.458009463024805,7.7272727272727275,52.0,0.5963849425315855,0.22727272727272727,0.7727272727272727,0.5963849425315857
E. Salmon,WSL 2020-2021,63,6,6.037397483590898,6.267851805541573,39,63.282311241223,49.19047619047619,17.04864197907198,9.841269841269842,30.8,-0.2678518055415736,0.09523809523809523,0.6190476190476191,-0.2678518055415733
E. Salmon,WSL 2023-2024,15,3,2.1299876347184177,2.5879819467663765,10,52.95862024429788,48.4,26.149680205330863,4.666666666666667,22.727272727272727,0.4120180532336235,0.2,0.6666666666666666,0.4120180532336235
E. Salmon,WSL 2024-2025,29,4,2.464101493358611,4.142905429005623,20,47.793685436412716,49.41379310344828,24.885667908185354,9.137931034482758,44.09090909090909,-0.14290542900562292,0.13793103448275862,0.6896551724137931,-0.14290542900562286
E. Salmon,WSL 2025-2026,36,2,1.910086333751678,2.094434916973114,29,44.68677754673358,48.47222222222222,16.769746622682295,7.222222222222222,27.142857142857142,-0.0944349169731141,0.05555555555555555,0.8055555555555556,-0.09443491697311401
E. Simon,WSL 2018-2019,2,0,0.0,0.0,2,,42.0,0.0,22.5,,0.0,0.0,1.0,0.0
E. Simon,WSL 2022-2023,1,0,0.0,0.0,1,13.856807392437528,42.0,15.261737029552098,25.0,30.0,0.0,0.0,1.0,0.0
E. Simpkins,WSL 2015,1,0,0.0,0.0,1,,50.0,0.0,0.0,,0.0,0.0,1.0,0.0
E. Simpkins,WSL 2016,12,1,0.4898238107562063,0.6883116960525513,7,54.97433744737431,46.5,4.705821078216419,24.583333333333332,30.0,0.3116883039474487,0.08333333333333333,0.5833333333333334,0.31168830394744873
E. Simpkins,WSL 2018-2019,4,0,0.6141948327422142,0.0,1,78.1317239662903,46.0,33.04939648735886,11.25,33.333333333333336,0.0,0.0,0.25,0.0
E. Simpkins,WSL 2019-2020,7,0,0.6593443229794501,0.159420296549797,3,58.63553555406989,52.57142857142857,17.057511270609346,17.857142857142858,50.0,-0.159420296549797,0.0,0.42857142857142855,-0.159420296549797
E. Simpkins,WSL 2020-2021,7,0,0.1337070278823375,0.0,4,79.96928932979831,50.142857142857146,20.231514380194877,12.857142857142858,33.333333333333336,0.0,0.0,0.5714285714285714,0.0
E. Simpkins,WSL 2021-2022,8,0,0.28970173746347416,0.633093535900116,5,68.64255681764726,50.25,12.62108702849801,22.5,40.0,-0.633093535900116,0.0,0.625,-0.633093535900116
E. Snerle,WSL 2021-2022,7,1,0.6884398460388184,0.7721518874168396,5,65.20222579856153,52.57142857142857,19.18588980766869,18.571428571428573,50.0,0.2278481125831604,0.14285714285714285,0.7142857142857143,0.2278481125831604
E. Snerle,WSL 2022-2023,13,2,0.8054004833102225,1.1462514400482178,8,52.49647662252834,43.84615384615385,29.983448560924543,19.23076923076923,49.09090909090909,0.8537485599517822,0.15384615384615385,0.6153846153846154,0.8537485599517822
E. Snerle,WSL 2023-2024,3,0,0.0,0.0,3,16.66666666666666,44.666666666666664,5.5555555555555545,16.666666666666668,100.0,0.0,0.0,1.0,0.0
E. Stenevik,WSL 2022-2023,3,0,0.2598684132099151,0.0,2,52.518595773381676,47.333333333333336,17.506198591127227,8.333333333333334,15.0,0.0,0.0,0.6666666666666666,0.0
E. Stenevik,WSL 2023-2024,3,1,0.6884398460388184,0.5131579041481018,2,36.310983159112574,42.0,30.509292843259527,21.666666666666668,83.33333333333333,0.4868420958518982,0.3333333333333333,0.6666666666666666,0.4868420958518982
E. Stenevik,WSL 2024-2025,2,0,0.6884398460388184,0.0,0,78.14773848054028,46.0,42.40720257360347,10.0,25.0,0.0,0.0,0.0,0.0
E. Stenevik,WSL 2025-2026,1,0,0.0,0.0,1,35.65202191554734,42.0,24.492677624440333,20.0,100.0,0.0,0.0,1.0,0.0
E. Stewart,WSL 2017-2018,10,0,0.6865633912384508,0.8819812685251236,7,18.821337664003984,48.5,5.211004375803054,12.5,65.0,-0.8819812685251236,0.0,0.7,-0.8819812685251236
E. Summanen,WSL 2021-2022,13,0,1.2157223150134084,0.0,5,78.14253392510363,46.38461538461539,20.468789880152123,17.307692307692307,41.666666666666664,0.0,0.0,0.38461538461538464,0.0
E. Summanen,WSL 2022-2023,16,3,2.052020274102688,3.082261562347412,11,31.460887149848393,45.5,21.997725834027307,13.4375,65.38461538461539,-0.082261562347412,0.1875,0.6875,-0.08226156234741211
E. Summanen,WSL 2023-2024,11,1,0.6916797980666157,1.6381579041481018,6,58.55757136147726,42.72727272727273,31.670456597304735,22.272727272727273,62.5,-0.6381579041481018,0.09090909090909091,0.5454545454545454,-0.6381579041481018
E. Summanen,WSL 2024-2025,9,2,1.4002163878119571,1.6429084001517875,3,42.962612534502924,42.888888888888886,31.05233727509985,22.22222222222222,55.0,0.3570915998482123,0.2222222222222222,0.3333333333333333,0.3570915998482125
E. Summanen,WSL 2025-2026,11,2,0.6991438083350656,1.5111423134803772,9,48.41393303352447,43.45454545454545,20.96146077318043,20.0,63.333333333333336,0.4888576865196227,0.18181818181818182,0.8181818181818182,0.4888576865196228
E. Syme,WSL 2018-2019,9,1,0.7844944521784782,1.668747901916504,8,31.305368113974765,46.44444444444444,9.966793167200358,11.11111111111111,30.0,-0.668747901916504,0.1111111111111111,0.8888888888888888,-0.6687479019165039
E. Syme,WSL 2020-2021,2,0,0.0,0.0,2,,42.0,0.0,25.0,,0.0,0.0,1.0,0.0
E. Syme,WSL 2023-2024,8,0,0.2747892439365386,0.2340425550937652,5,35.8860035380505,47.125,25.48732801729354,20.0,55.0,-0.2340425550937652,0.0,0.625,-0.2340425550937652
E. Terland,WSL 2022-2023,56,7,6.3057947754859915,5.853678531944752,35,51.433489289162594,48.30357142857143,23.992203519589516,11.875,39.23076923076923,1.1463214680552483,0.125,0.625,1.1463214680552483
E. Terland,WSL 2023-2024,71,13,8.621916584670542,11.72168093919754,50,42.845780952563786,48.84507042253521,23.318883562571614,10.845070422535212,45.19230769230769,1.2783190608024593,0.18309859154929578,0.704225352112676,1.2783190608024597
E. Terland,WSL 2024-2025,65,10,11.29148332774639,10.845028430223465,41,45.72796115531677,49.43076923076923,25.18281869419933,9.615384615384615,49.6,-0.8450284302234654,0.15384615384615385,0.6307692307692307,-0.845028430223465
E. Terland,WSL 2025-2026,42,6,6.651079289615153,7.712815284729004,30,47.149777257842,50.0,20.48845521355494,6.190476190476191,47.916666666666664,-1.7128152847290044,0.14285714285714285,0.7142857142857143,-1.712815284729004
E. Toone,WSL 2017,1,0,0.0,0.0,1,,50.0,0.0,0.0,,0.0,0.0,1.0,0.0
E. Toone,WSL 2017-2018,5,0,0.22057237476110447,0.1948051899671554,3,68.70336714000058,45.2,18.24283790113638,15.0,40.0,-0.1948051899671554,0.0,0.6,-0.1948051899671554
E. Toone,WSL 2019-2020,18,1,3.0745528340339656,1.8960549086332321,8,61.117492749415234,50.44444444444444,22.451987648485545,15.277777777777779,31.0,-0.8960549086332321,0.05555555555555555,0.4444444444444444,-0.8960549086332321
E. Toone,WSL 2020-2021,75,9,9.789288428135034,8.827548038668748,49,60.19455275170405,47.266666666666666,18.440487487509056,11.666666666666666,37.878787878787875,0.172451961331251,0.12,0.6533333333333333,0.17245196133125162
E. Toone,WSL 2021-2022,66,7,6.587593547999858,7.417285531759262,47,54.38308854373473,48.27272727272727,15.38849251640599,11.818181818181818,33.2,-0.41728553175926225,0.10606060606060606,0.7121212121212122,-0.4172855317592621
E. Toone,WSL 2022-2023,42,3,3.190722994506358,3.671880692243576,29,38.11438887689046,50.214285714285715,19.97723421990476,8.571428571428571,46.06060606060606,-0.6718806922435759,0.07142857142857142,0.6904761904761905,-0.671880692243576
E. Toone,WSL 2023-2024,33,6,5.015439920127391,6.665393561124802,20,47.06105458817732,49.39393939393939,28.897556882044583,13.030303030303031,48.148148148148145,-0.6653935611248019,0.18181818181818182,0.6060606060606061,-0.6653935611248016
E. Toone,WSL 2024-2025,36,5,3.753165628761052,4.704787388443947,27,43.83281378914942,51.19444444444444,25.702847087700732,12.36111111111111,57.666666666666664,0.29521261155605294,0.1388888888888889,0.75,0.29521261155605316
E. Toone,WSL 2025-2026,35,3,2.7615549266338344,3.781056195497513,27,39.3347136474867,52.74285714285714,22.49860029323064,12.714285714285714,52.142857142857146,-0.7810561954975128,0.08571428571428572,0.7714285714285715,-0.7810561954975128
E. Wangerheim,WSL 2025-2026,4,0,0.65934432297945,0.1315789520740509,1,46.84155537268511,46.0,27.740953160231264,10.0,40.0,-0.1315789520740509,0.0,0.25,-0.1315789520740509
E. Watson,WSL 2024-2025,1,0,0.0,0.0,1,51.085331662925604,42.0,33.875999164796134,25.0,100.0,0.0,0.0,1.0,0.0
E. Westwood,WSL 2015,6,0,1.0392318964004514,0.0,1,,44.666666666666664,0.0,14.166666666666666,,0.0,0.0,0.16666666666666666,0.0
E. Westwood,WSL 2016,7,1,0.186865348368883,0.633093535900116,6,34.01862235109862,56.142857142857146,6.0955405598884935,17.857142857142858,100.0,0.366906464099884,0.14285714285714285,0.8571428571428571,0.36690646409988403
E. Westwood,WSL 2017,3,1,0.3574377223849295,1.0131579041481018,1,26.210217807287304,47.333333333333336,21.090540532799007,6.666666666666667,65.0,-0.013157904148101807,0.3333333333333333,0.3333333333333333,-0.013157904148101807
E. Westwood,WSL 2017-2018,1,0,0.0837070271372795,0.0,0,78.20230175640613,42.0,45.76781754486973,20.0,50.0,0.0,0.0,0.0,0.0
E. Whelan,WSL 2021-2022,4,0,0.2205723747611045,0.0,2,78.68086030145946,46.0,11.501774204349099,11.25,50.0,0.0,0.0,0.5,0.0
E. White,WSL 2015,28,3,2.712318925414143,2.8496546803451164,17,51.756794107311315,49.25,8.192321220462375,10.714285714285714,53.333333333333336,0.1503453196548833,0.10714285714285714,0.6071428571428571,0.15034531965488362
E. White,WSL 2016,25,3,3.0675301924347873,2.4724836945533752,15,26.16323357943062,51.8,4.7367744482298875,11.6,53.333333333333336,0.5275163054466245,0.12,0.6,0.5275163054466248
E. White,WSL 2017,15,2,1.2480616569519043,2.136142313480377,13,41.23613379524814,51.8,9.173675784263345,11.0,53.333333333333336,-0.13614231348037725,0.13333333333333333,0.8666666666666667,-0.1361423134803772
E. White,WSL 2017-2018,47,15,10.28375670313835,14.53434544801712,33,48.3619507712224,50.808510638297875,25.65131878631004,8.72340425531915,32.06896551724138,0.46565455198287903,0.3191489361702128,0.7021276595744681,0.46565455198287964
E. White,WSL 2018-2019,30,6,5.376151036471128,5.6919213980436325,19,60.22277867810432,49.0,23.251329045538117,8.333333333333334,38.75,0.3080786019563672,0.2,0.6333333333333333,0.3080786019563675
E. White,WSL 2019-2020,37,6,9.213455237448215,8.674654603004456,21,51.94949067119806,54.13513513513514,22.475085330534746,5.675675675675675,26.11111111111111,-2.674654603004456,0.16216216216216217,0.5675675675675675,-2.6746546030044556
E. White,WSL 2020-2021,54,10,10.942846201360224,10.000802412629128,30,55.80345356820535,50.03703703703704,23.36378276579117,8.796296296296296,35.16129032258065,-0.0008024126291280662,0.18518518518518517,0.5555555555555556,-0.0008024126291275024
E. White,WSL 2021-2022,39,4,6.733748331665992,5.427994608879089,20,56.38494666330775,49.07692307692308,22.301049185369862,10.64102564102564,49.54545454545455,-1.4279946088790894,0.10256410256410256,0.5128205128205128,-1.4279946088790894
E. Wilson,WSL 2017,1,0,0.0,0.0,1,,50.0,0.0,0.0,,0.0,0.0,1.0,0.0
E. de Graaf,WSL 2018-2019,3,1,0.3435754403471946,0.977011501789093,2,62.22860744616236,58.333333333333336,32.17965083327838,5.0,15.0,0.0229884982109069,0.3333333333333333,0.6666666666666666,0.022988498210906982
E. de Graaf,WSL 2021-2022,8,0,0.6629977524280547,0.0,6,77.98616321450226,53.25,9.748270401812782,11.875,0.0,0.0,0.0,0.75,0.0
E. van Egmond,WSL 2020-2021,35,5,3.1042960658669463,4.91738349199295,27,57.059442495627316,47.22857142857143,15.472709325720546,13.285714285714286,49.166666666666664,0.08261650800704923,0.14285714285714285,0.7714285714285715,0.08261650800704956
E. van Egmond,WSL 2025-2026,11,1,0.7457208484411237,0.633093535900116,7,48.93799944980609,47.27272727272727,23.206891286484073,24.09090909090909,71.42857142857143,0.366906464099884,0.09090909090909091,0.6363636363636364,0.36690646409988403
F. Allen,WSL 2017,1,0,0.0,0.0,1,,42.0,0.0,25.0,,0.0,0.0,1.0,0.0
F. Allen,WSL 2017-2018,1,0,0.0,0.0,1,,50.0,0.0,0.0,,0.0,0.0,1.0,0.0
F. Allen,WSL 2019-2020,1,0,0.136865347623825,0.0,0,77.84093467521515,75.0,43.920467337607576,15.0,0.0,0.0,0.0,0.0,0.0
F. Allen,WSL 2020-2021,1,0,0.0837070271372795,0.1948051899671554,0,37.53753676876872,42.0,32.94625741673236,25.0,100.0,-0.1948051899671554,0.0,0.0,-0.1948051899671554
F. Angeldahl,WSL 2021-2022,15,0,1.4195616766810415,1.208026647567749,6,36.211478934049985,49.06666666666667,12.86539837974716,15.333333333333334,61.42857142857143,-1.208026647567749,0.0,0.4,-1.208026647567749
F. Angeldahl,WSL 2022-2023,23,2,2.3851449042558666,1.6962305903434753,14,51.14639923021914,50.82608695652174,20.267459939287587,9.565217391304348,25.333333333333332,0.3037694096565247,0.08695652173913043,0.6086956521739131,0.30376940965652466
F. Angeldahl,WSL 2023-2024,14,0,0.5783067941665648,0.1315789520740509,12,45.409678827970765,48.214285714285715,12.943898413818037,10.714285714285714,38.57142857142857,-0.1315789520740509,0.0,0.8571428571428571,-0.1315789520740509
F. Ayisi,WSL 2015,18,1,2.6796751171350475,1.093646064400673,10,42.36363744743575,49.05555555555556,3.6069185413717966,14.444444444444445,30.0,-0.0936460644006729,0.05555555555555555,0.5555555555555556,-0.09364606440067291
F. Ayisi,WSL 2016,25,3,2.7939859537816627,3.3275439797378166,20,43.719292758101325,46.48,8.999950178569835,10.2,53.333333333333336,-0.32754397973781696,0.12,0.8,-0.32754397973781657
F. Ayisi,WSL 2017,5,0,0.4804407879710196,0.159420296549797,2,45.5426016601915,45.2,11.73170877800375,15.0,15.0,-0.159420296549797,0.0,0.4,-0.159420296549797
F. Ayisi,WSL 2017-2018,6,0,1.1715085506439207,1.3133116960525513,2,58.582934715049674,47.333333333333336,23.434514381247396,6.666666666666667,60.0,-1.3133116960525513,0.0,0.3333333333333333,-1.3133116960525513
F. Brown,WSL 2017,1,0,0.0,0.0,1,,42.0,0.0,20.0,,0.0,0.0,1.0,0.0
F. Brown,WSL 2017-2018,1,0,0.0,0.0,1,,50.0,0.0,0.0,,0.0,0.0,1.0,0.0
F. Brown,WSL 2018-2019,1,0,0.0837070271372795,0.1315789520740509,0,16.005554591384108,42.0,20.283479191246915,25.0,100.0,-0.1315789520740509,0.0,0.0,-0.1315789520740509
F. Brown,WSL 2019-2020,3,0,0.0542168691754341,0.0,2,78.3701331999492,42.0,15.839466644435978,25.0,50.0,0.0,0.0,0.6666666666666666,0.0
F. Bryson,WSL 2017-2018,4,0,0.167414054274559,0.0,2,77.95226369767852,44.0,23.654732591086294,18.75,25.0,0.0,0.0,0.5,0.0
F. Bryson,WSL 2018-2019,2,0,0.167414054274559,0.1315789520740509,0,50.16787291557269,46.0,31.224287405563775,12.5,15.0,-0.1315789520740509,0.0,0.0,-0.1315789520740509
F. Bryson,WSL 2020-2021,7,1,0.7603508979082104,1.0622332245111465,3,37.56949072616191,51.285714285714285,17.191330217284506,9.285714285714286,22.5,-0.06223322451114649,0.14285714285714285,0.42857142857142855,-0.062233224511146545
F. Bryson,WSL 2021-2022,11,1,1.0647415332496166,1.1166535913944244,7,54.78618142243029,46.90909090909091,14.824724598790299,20.454545454545453,57.5,-0.11665359139442451,0.09090909090909091,0.6363636363636364,-0.11665359139442444
F. Bryson,WSL 2022-2023,8,0,0.2464953213930129,0.5,5,47.8890371216084,46.0,23.791722253936488,11.875,51.666666666666664,-0.5,0.0,0.625,-0.5
F. Gibbons,WSL 2018-2019,5,0,0.4942947328090666,0.0,2,78.03522918689957,46.8,23.41056875606987,9.0,33.333333333333336,0.0,0.0,0.4,0.0
F. Gibbons,WSL 2019-2020,3,0,0.1085714250802993,0.0,2,78.30715874753157,47.333333333333336,15.828970902366372,8.333333333333334,0.0,0.0,0.0,0.6666666666666666,0.0
F. Gibbons,WSL 2020-2021,6,0,0.3475609719753265,0.0,4,70.56998327346298,46.0,11.761663878910497,11.666666666666666,0.0,0.0,0.0,0.6666666666666666,0.0
F. Gibbons,WSL 2021-2022,5,0,0.21278829500079138,0.159420296549797,3,14.09531048887455,50.2,2.3660528281862367,18.0,100.0,-0.159420296549797,0.0,0.6,-0.159420296549797
F. Gibbons,WSL 2024-2025,1,0,0.0,0.0,1,23.534608086343365,42.0,20.100637376505016,25.0,30.0,0.0,0.0,1.0,0.0
F. Godfrey,WSL 2022-2023,1,0,0.2804878056049347,0.0,0,78.5199196241169,75.0,44.25995981205845,15.0,0.0,0.0,0.0,0.0,0.0
F. Godfrey,WSL 2025-2026,26,6,4.374431498348712,6.414576277136803,16,48.63988462803587,49.07692307692308,29.121902612607546,14.423076923076923,34.0,-0.4145762771368029,0.23076923076923078,0.6153846153846154,-0.4145762771368027
F. Gregory,WSL 2019-2020,1,0,0.0,0.0,1,,42.0,0.0,25.0,,0.0,0.0,1.0,0.0
F. Gregory,WSL 2020-2021,5,1,0.8956373035907745,1.3214052319526672,4,37.762411513790376,52.6,16.480913694474076,7.0,65.0,-0.3214052319526673,0.2,0.8,-0.32140523195266724
F. Gregory,WSL 2021-2022,13,1,1.691640011966228,1.8049102276563644,5,63.21624911703074,48.23076923076923,28.355417527409944,12.692307692307692,23.333333333333332,-0.8049102276563644,0.07692307692307693,0.38461538461538464,-0.8049102276563644
F. Gregory,WSL 2022-2023,5,0,0.050000000745058,0.0,4,56.38857703858156,55.0,17.91657311157447,3.0,20.0,0.0,0.0,0.8,0.0
F. Gregory,WSL 2023-2024,1,0,0.0,0.0,1,,50.0,0.0,0.0,,0.0,0.0,1.0,0.0
F. Kirby,WSL 2015,12,4,3.4188492596149445,2.8811295479536057,8,38.507899110790575,48.0,13.620807055015776,5.833333333333333,22.5,1.1188704520463941,0.3333333333333333,0.6666666666666666,1.1188704520463943
F. Kirby,WSL 2016,21,5,2.903260864317417,3.544947311282158,16,48.80306377506484,50.04761904761905,11.191559306799691,4.0476190476190474,52.0,1.4550526887178419,0.23809523809523808,0.7619047619047619,1.455052688717842
F. Kirby,WSL 2017,16,6,4.281569868326187,5.561844170093536,12,33.12514275173152,49.0,16.63942208487504,2.8125,30.0,0.4381558299064632,0.375,0.75,0.4381558299064636
F. Kirby,WSL 2017-2018,51,8,5.767397187650203,7.216715931892395,38,59.00214247212538,47.666666666666664,16.379513034809733,7.352941176470588,26.31578947368421,0.7832840681076045,0.1568627450980392,0.7450980392156863,0.783284068107605
F. Kirby,WSL 2018-2019,53,9,7.188488077826616,9.431282949156877,38,54.046845505309236,49.943396226415096,18.1662367003603,6.226415094339623,29.565217391304348,-0.4312829491568778,0.16981132075471697,0.7169811320754716,-0.43128294915687704
F. Kirby,WSL 2019-2020,11,0,0.7595747932791708,0.3611111044883728,7,55.560570070884324,53.09090909090909,9.167350446149486,6.818181818181818,26.666666666666668,-0.3611111044883728,0.0,0.6363636363636364,-0.3611111044883728
F. Kirby,WSL 2020-2021,43,16,8.173226825892923,13.002633661031723,32,47.68733460766254,49.69767441860465,25.2716517766798,6.8604651162790695,52.30769230769231,2.9973663389682765,0.37209302325581395,0.7441860465116279,2.997366338968277
F. Kirby,WSL 2021-2022,33,6,5.0649279803037635,6.708335414528847,18,54.1864126683358,48.03030303030303,25.043864316744145,11.515151515151516,37.0,-0.7083354145288469,0.18181818181818182,0.5454545454545454,-0.7083354145288467
F. Kirby,WSL 2022-2023,16,6,4.711935756955205,5.611167615506707,12,44.192382860789245,48.5,28.99492814960404,4.375,28.46153846153846,0.3888323844932925,0.375,0.75,0.38883238449329305
F. Kirby,WSL 2023-2024,25,3,4.552823856472969,4.175376087427139,15,57.12234144596335,49.76,23.747153738701574,7.4,30.666666666666668,-1.1753760874271393,0.12,0.6,-1.1753760874271393
F. Kirby,WSL 2024-2025,27,7,5.885936769406969,5.747816594999011,20,46.3737794988718,48.44444444444444,25.660702203902037,9.074074074074074,36.5,1.2521834050009888,0.25925925925925924,0.7407407407407407,1.2521834050009888
F. Kirby,WSL 2025-2026,13,2,0.9675738513469695,1.868213564157486,12,22.474990898427304,48.53846153846154,11.003246800196422,6.538461538461538,30.0,0.1317864358425139,0.15384615384615385,0.9230769230769231,0.13178643584251404
F. Maanum,WSL 2021-2022,27,3,2.225820325314998,3.0204102098941803,19,61.81860527557447,44.25925925925926,17.92399883873401,18.333333333333332,52.72727272727273,-0.02041020989418041,0.1111111111111111,0.7037037037037037,-0.020410209894180298
F. Maanum,WSL 2022-2023,62,9,7.4566767141222945,10.149717807769775,46,40.00642271392326,46.12903225806452,19.940003749424225,14.03225806451613,50.26315789473684,-1.1497178077697758,0.14516129032258066,0.7419354838709677,-1.1497178077697754
F. Maanum,WSL 2023-2024,40,3,3.047301791608333,3.3518229871988297,30,40.39929790869716,47.325,20.83526184668594,9.875,51.935483870967744,-0.3518229871988297,0.075,0.75,-0.35182298719882965
F. Maanum,WSL 2024-2025,57,7,8.65997890383005,8.338700756430626,33,48.63287637864672,48.175438596491226,25.983638734721698,10.526315789473685,45.111111111111114,-1.338700756430626,0.12280701754385964,0.5789473684210527,-1.338700756430626
F. Maanum,WSL 2025-2026,32,7,4.671427473425865,6.73118132352829,26,40.39270159233564,49.0625,21.653806996506482,8.125,37.27272727272727,0.26881867647170987,0.21875,0.8125,0.2688186764717102
F. Morgan,WSL 2023-2024,12,1,0.7713452726602552,0.1948051899671554,9,51.56380036505349,49.416666666666664,13.312804717637365,9.583333333333334,36.0,0.8051948100328445,0.08333333333333333,0.75,0.8051948100328445
F. Morgan,WSL 2025-2026,12,1,0.6517794728279112,0.792513832449913,9,34.6497842551044,48.0,18.502028020751617,6.25,31.0,0.20748616755008698,0.08333333333333333,0.75,0.20748616755008698
F. Nagano,WSL 2022-2023,1,0,0.0837070271372795,0.1948051899671554,0,11.548929724341454,42.0,19.951953894518724,25.0,100.0,-0.1948051899671554,0.0,0.0,-0.1948051899671554
F. Nagano,WSL 2023-2024,7,0,0.27373069524765,0.1315789520740509,5,41.73945762563386,45.57142857142857,17.965659592403227,27.142857142857142,27.5,-0.1315789520740509,0.0,0.7142857142857143,-0.1315789520740509
F. Nagano,WSL 2024-2025,9,1,0.580319583415985,0.8780487775802612,8,36.08401762325336,46.44444444444444,14.802019339134212,11.11111111111111,76.0,0.1219512224197387,0.1111111111111111,0.8888888888888888,0.12195122241973877
F. Nagano,WSL 2025-2026,10,0,0.21278829500079138,0.0,6,42.46728457691263,43.6,19.86354960191942,20.0,61.42857142857143,0.0,0.0,0.6,0.0
F. Rolfö,WSL 2025-2026,18,3,4.274828262627125,4.976381421089172,12,38.08136741240275,50.111111111111114,29.05461475767214,9.444444444444445,34.11764705882353,-1.9763814210891728,0.16666666666666666,0.6666666666666666,-1.9763814210891724
F. Tsunoda,WSL 2025-2026,2,2,1.6318219304084778,1.8631234169006348,2,37.35049549286501,52.5,48.28876566660869,5.0,65.0,0.1368765830993651,1.0,1.0,0.13687658309936523
F. Whelan,WSL 2015,2,2,0.6884398460388184,1.3689426183700562,2,20.344259734014603,42.0,37.372935809224806,20.0,100.0,0.6310573816299438,1.0,1.0,0.6310573816299438
F. Whelan,WSL 2016,10,0,0.707192577421665,0.0,5,,46.0,0.0,10.0,,0.0,0.0,0.5,0.0
F. Whelan,WSL 2018-2019,3,0,0.0,0.0,3,,42.0,0.0,20.0,,0.0,0.0,1.0,0.0
F. Williams,WSL 2015,19,2,1.4394842891431434,1.9154307900405512,14,49.28275198485818,43.473684210526315,7.970493095318751,19.473684210526315,43.333333333333336,0.08456920995944883,0.10526315789473684,0.7368421052631579,0.08456920995944883
F. Williams,WSL 2016,26,2,3.453620467789289,3.0941346925569744,16,57.24854729204467,44.34615384615385,9.90319934164148,18.46153846153846,76.66666666666667,-1.0941346925569744,0.07692307692307693,0.6153846153846154,-1.0941346925569744
F. Williams,WSL 2017,6,0,0.2759854793548583,0.633093535900116,3,55.33985905294667,43.333333333333336,9.166011489468358,20.0,100.0,-0.633093535900116,0.0,0.5,-0.633093535900116
F. Williams,WSL 2017-2018,53,7,3.456116717308759,5.78238308429718,34,62.52634502352324,46.77358490566038,21.943031028328004,18.77358490566038,41.15384615384615,1.2176169157028196,0.1320754716981132,0.6415094339622641,1.2176169157028198
F. Williams,WSL 2018-2019,82,11,7.921285445552045,9.73286009834307,46,62.953914646856745,45.26829268292683,24.208395899910627,18.71951219512195,37.2093023255814,1.26713990165693,0.13414634146341464,0.5609756097560976,1.2671399016569307
F. Williams,WSL 2019-2020,57,5,7.919163959782297,7.309311779897388,29,67.24735340020267,45.56140350877193,27.160769071376436,16.49122807017544,43.125,-2.3093117798973877,0.08771929824561403,0.5087719298245614,-2.3093117798973877
F. Williams,WSL 2020-2021,28,3,3.72025661588442,2.8190916445924015,15,61.810902702707516,44.892857142857146,22.31504236695518,16.607142857142858,42.666666666666664,0.18090835540759853,0.10714285714285714,0.5357142857142857,0.18090835540759853
G. Bergsvand,WSL 2022-2023,2,0,0.136865347623825,0.0,1,78.20230175640613,42.0,22.883908772434864,20.0,50.0,0.0,0.0,0.5,0.0
G. Bergsvand,WSL 2023-2024,7,2,1.7269342839717865,1.6773823499679565,6,32.18283948136125,45.42857142857143,23.838569849017492,11.428571428571429,68.33333333333333,0.3226176500320434,0.2857142857142857,0.8571428571428571,0.32261765003204346
G. Bergsvand,WSL 2024-2025,5,0,0.5053051859140394,0.0,2,63.758188943165706,45.2,29.503275577266276,12.0,50.0,0.0,0.0,0.4,0.0
G. Bonner,WSL 2015,13,0,1.468389309942722,1.3816803842782972,6,22.50829380716908,44.53846153846154,9.361971801646265,20.384615384615383,100.0,-1.3816803842782972,0.0,0.46153846153846156,-1.3816803842782972
G. Bonner,WSL 2016,13,0,0.9761135727167126,0.0,5,,43.92307692307692,0.0,21.923076923076923,,0.0,0.0,0.38461538461538464,0.0
G. Bonner,WSL 2017,13,3,3.028081782162189,2.2557377219200134,5,31.564777158407093,52.07692307692308,9.360458773990594,12.692307692307692,53.333333333333336,0.7442622780799865,0.23076923076923078,0.38461538461538464,0.7442622780799866
G. Bonner,WSL 2017-2018,11,1,1.084372006356716,1.5875770896673203,7,44.79406733939882,48.54545454545455,13.080192185043991,3.6363636363636362,70.0,-0.5875770896673203,0.09090909090909091,0.6363636363636364,-0.5875770896673203
G. Bonner,WSL 2018-2019,16,1,1.6984134837985037,0.9315721839666367,10,58.91649142976744,46.0625,14.460206654685505,15.9375,38.333333333333336,0.0684278160333634,0.0625,0.625,0.06842781603336334
G. Bonner,WSL 2019-2020,15,3,2.000824742019176,2.4651896208524704,9,58.38524086464221,48.53333333333333,23.055332361165085,14.333333333333334,57.5,0.5348103791475296,0.2,0.6,0.5348103791475296
G. Bonner,WSL 2020-2021,4,1,1.0969534441828728,0.977011501789093,1,71.34791122795764,44.0,48.00154187739702,15.0,50.0,0.0229884982109069,0.25,0.25,0.022988498210906982
G. Bonner,WSL 2022-2023,4,0,0.35857142508029927,0.4000000059604645,1,38.387716763843684,52.25,22.395393831144865,15.0,60.0,-0.4000000059604645,0.0,0.25,-0.4000000059604645
G. Bonner,WSL 2023-2024,17,3,2.221230842173099,2.7793449759483337,10,47.51667789986827,51.705882352941174,33.245908184944874,19.11764705882353,66.25,0.22065502405166615,0.17647058823529413,0.5882352941176471,0.22065502405166626
G. Bonner,WSL 2024-2025,15,0,2.123820066452026,1.1263773739337921,6,57.084543451321885,44.13333333333333,29.086572128396337,14.666666666666666,60.833333333333336,-1.1263773739337921,0.0,0.4,-1.1263773739337921
G. Bonner,WSL 2025-2026,3,0,0.22057237476110447,0.0,1,78.04097698678851,44.666666666666664,30.458103440040613,13.333333333333334,50.0,0.0,0.0,0.3333333333333333,0.0
G. Brougham,WSL 2017-2018,2,0,0.0837070271372795,0.4285714328289032,1,49.813429692983135,42.0,22.215262249012664,20.0,100.0,-0.4285714328289032,0.0,0.5,-0.4285714328289032
G. Brougham,WSL 2018-2019,4,0,0.9218822345137594,0.0,0,76.57479054206865,44.0,43.70406193770099,16.25,25.0,0.0,0.0,0.0,0.0
G. Brougham,WSL 2020-2021,2,0,0.0837070271372795,0.0,1,78.30715874753157,62.5,22.07678968688289,7.5,50.0,0.0,0.0,0.5,0.0
G. Brougham,WSL 2021-2022,1,0,0.0,0.0,1,,42.0,0.0,20.0,,0.0,0.0,1.0,0.0
G. Clinton,WSL 2020-2021,1,0,0.0,0.0,1,,42.0,0.0,20.0,,0.0,0.0,1.0,0.0
G. Clinton,WSL 2021-2022,3,0,0.0,0.0,3,,44.666666666666664,0.0,15.0,,0.0,0.0,1.0,0.0
G. Clinton,WSL 2023-2024,40,4,2.2832749709486952,3.162241980433464,29,48.9084052544623,46.675,20.947224794011234,17.0,51.2,0.8377580195665357,0.1,0.725,0.837758019566536
G. Clinton,WSL 2024-2025,43,8,6.551663190126418,9.267818823456764,29,43.7592559257822,48.372093023255815,26.595548421131788,12.674418604651162,60.294117647058826,-1.2678188234567647,0.18604651162790697,0.6744186046511628,-1.2678188234567642
G. Clinton,WSL 2025-2026,13,1,1.14648862183094,1.3214052319526672,10,46.438613838352,45.69230769230769,19.902303511178562,13.076923076923077,42.5,-0.3214052319526673,0.07692307692307693,0.7692307692307693,-0.32140523195266724
G. Davison,WSL 2015,29,6,5.709867377288457,4.989216398902056,20,44.201393863203236,48.37931034482759,9.733816329540392,8.275862068965518,30.0,1.010783601097944,0.20689655172413793,0.6896551724137931,1.0107836010979439
G. Davison,WSL 2016,29,3,3.6723822338915446,3.245421117398797,18,47.193588689413566,45.86206896551724,7.623442959461274,12.758620689655173,30.0,-0.24542111739879718,0.10344827586206896,0.6206896551724138,-0.2454211173987968
G. Davison,WSL 2017,5,0,1.3170731721854791,0.7560975609756098,3,,43.6,15.121951219512194,18.0,,-0.7560975609756098,0.0,0.6,-0.7560975609756098
G. Davison,WSL 2017-2018,12,2,0.9768752083182332,1.8960549086332321,7,52.462217222269565,44.666666666666664,20.63346935492825,16.666666666666668,51.666666666666664,0.10394509136676779,0.16666666666666666,0.5833333333333334,0.10394509136676788
G. Davison,WSL 2018-2019,14,2,1.3426215015351768,1.5487990602850914,7,55.606802891418255,46.57142857142857,23.991957860919843,10.714285714285714,34.44444444444444,0.4512009397149086,0.14285714285714285,0.5,0.4512009397149086
G. Davison,WSL 2019-2020,13,0,0.19214076548814768,0.1948051899671554,10,66.75977883328794,45.46153846153846,10.075678765303582,16.153846153846153,66.66666666666667,-0.1948051899671554,0.0,0.7692307692307693,-0.1948051899671554
G. Davison,WSL 2020-2021,9,1,0.3302023485302924,0.3896103799343108,6,41.287978545604105,54.77777777777778,10.217068061085424,16.11111111111111,36.666666666666664,0.6103896200656891,0.1111111111111111,0.6666666666666666,0.6103896200656892
G. Davison,WSL 2021-2022,2,0,0.0,0.0,2,,50.0,0.0,0.0,,0.0,0.0,1.0,0.0
G. Eaton-Collins,WSL 2022-2023,1,0,0.0,0.0,0,78.24640566824779,42.0,45.78986950079056,20.0,50.0,0.0,0.0,0.0,0.0
G. Evans,WSL 2015,8,0,0.2511210814118385,0.0,4,,46.125,0.0,23.125,,0.0,0.0,0.5,0.0
G. Evans,WSL 2017,3,0,0.181267999112606,0.0,1,,42.0,0.0,25.0,,0.0,0.0,0.3333333333333333,0.0
G. Evans,WSL 2017-2018,10,0,0.23792389780282958,0.0,6,78.39568476630623,45.8,18.679136953261246,25.0,37.5,0.0,0.0,0.6,0.0
G. Evans,WSL 2018-2019,8,1,0.4952990859746932,0.633093535900116,5,66.66510884064647,43.0,21.748711303120384,20.625,62.5,0.366906464099884,0.125,0.625,0.36690646409988403
G. Evans,WSL 2019-2020,3,0,0.0,0.0,3,,44.666666666666664,0.0,13.333333333333334,,0.0,0.0,1.0,0.0
G. Evans,WSL 2020-2021,3,1,0.136865347623825,0.633093535900116,3,47.609989614692346,44.666666666666664,16.488155850338774,13.333333333333334,100.0,0.366906464099884,0.3333333333333333,1.0,0.36690646409988403
G. Evans,WSL 2021-2022,11,0,1.8189280033111572,1.7491633892059326,6,63.04888925014927,44.90909090909091,20.91792043650465,12.727272727272727,42.0,-1.7491633892059326,0.0,0.5454545454545454,-1.7491633892059326
G. Evans,WSL 2022-2023,5,0,0.5474613904953,0.1948051899671554,1,53.65286099922223,55.2,33.99526163941404,18.0,42.0,-0.1948051899671554,0.0,0.2,-0.1948051899671554
G. Evans,WSL 2024-2025,2,0,0.0975609719753265,0.0,1,77.94043309548074,42.0,22.818441607203518,20.0,50.0,0.0,0.0,0.5,0.0
G. Fisk,WSL 2020-2021,7,1,1.7713452726602552,1.9157289117574692,3,53.19329952256886,43.142857142857146,26.265495199694538,17.142857142857142,70.0,-0.9157289117574692,0.14285714285714285,0.42857142857142855,-0.9157289117574692
G. Fisk,WSL 2021-2022,7,4,2.5644493699073787,3.0930377393960953,4,41.85362919575291,49.0,34.76457425273451,13.571428571428571,80.0,0.9069622606039046,0.5714285714285714,0.5714285714285714,0.9069622606039047
G. Fisk,WSL 2022-2023,8,0,0.2649750262498855,0.5879917293787003,5,31.827873990083116,48.125,17.473755064784626,14.375,68.33333333333333,-0.5879917293787003,0.0,0.625,-0.5879917293787003
G. Fisk,WSL 2023-2024,10,1,1.4835941717028616,0.9850746393203736,4,63.85881361160346,50.7,36.358356709849346,16.0,40.0,0.0149253606796264,0.1,0.4,0.014925360679626354
G. Fisk,WSL 2024-2025,13,0,0.7748517766594885,0.0,7,46.91921919265168,49.53846153846154,28.074994211710457,13.846153846153847,49.23076923076923,0.0,0.0,0.5384615384615384,0.0
G. Fisk,WSL 2025-2026,15,1,2.2217319868504997,1.096960186958313,7,56.45082082494947,47.266666666666666,32.21149828695028,19.333333333333332,54.61538461538461,-0.09696018695831299,0.06666666666666667,0.4666666666666667,-0.09696018695831299
G. Flaherty,WSL 2015,10,3,1.4824610128998754,2.2623212933540344,8,46.489215042403494,52.6,17.0848068885428,9.0,22.5,0.7376787066459655,0.3,0.8,0.7376787066459656
G. Flaherty,WSL 2016,9,1,1.0592171959578986,0.633093535900116,2,36.636199463251,42.888888888888886,4.886396941699516,17.77777777777778,100.0,0.366906464099884,0.1111111111111111,0.2222222222222222,0.36690646409988403
G. Flaherty,WSL 2017,3,1,0.2598684132099151,0.633093535900116,3,42.25004930963595,42.0,15.594832466162707,20.0,100.0,0.366906464099884,0.3333333333333333,1.0,0.36690646409988403
G. Flaherty,WSL 2017-2018,9,1,1.4114752933382986,0.9850746393203736,6,59.39748421837461,52.0,14.47945913042664,12.222222222222221,26.666666666666668,0.0149253606796264,0.1111111111111111,0.6666666666666666,0.014925360679626354
G. Flaherty,WSL 2018-2019,14,1,1.3624962121248243,1.2358490824699402,9,59.227117408035554,43.142857142857146,15.605471380537171,17.142857142857142,70.0,-0.23584908246994019,0.07142857142857142,0.6428571428571429,-0.23584908246994019
G. Flaherty,WSL 2019-2020,4,0,0.6884398460388184,0.0,2,78.09769262462325,52.25,22.85775648948914,13.75,50.0,0.0,0.0,0.5,0.0
G. Flaherty,WSL 2020-2021,3,0,0.22057237476110447,0.0,1,78.34675781058702,47.333333333333336,28.337808159084563,6.666666666666667,25.0,0.0,0.0,0.3333333333333333,0.0
G. Flaherty,WSL 2021-2022,7,0,0.5335991084575651,0.633093535900116,4,64.19949338058274,46.57142857142857,17.422673259220606,8.571428571428571,33.333333333333336,-0.633093535900116,0.0,0.5714285714285714,-0.633093535900116
G. Flaherty,WSL 2022-2023,6,0,1.4501740038394928,1.8766233921051025,4,21.35872160974024,46.0,14.722797362960572,10.0,30.0,-1.8766233921051025,0.0,0.6666666666666666,-1.8766233921051025
G. George,WSL 2017-2018,10,0,0.830203980207443,0.0,3,78.18164461263312,50.2,16.96966225585996,15.5,37.5,0.0,0.0,0.3,0.0
G. George,WSL 2018-2019,18,1,0.8589561656117437,1.1447368562221527,9,64.33070137939977,43.166666666666664,21.97205158670168,21.944444444444443,42.22222222222222,-0.1447368562221527,0.05555555555555555,0.5,-0.1447368562221527
G. George,WSL 2019-2020,7,0,0.5051674991846082,0.0542168691754341,4,78.05308894362486,45.42857142857143,13.8297298849288,12.142857142857142,50.0,-0.0542168691754341,0.0,0.5714285714285714,-0.0542168691754341
G. George,WSL 2021-2022,10,0,1.0025525651872154,0.0,0,78.19970782897394,43.6,27.959912348692182,17.5,41.666666666666664,0.0,0.0,0.0,0.0
G. George,WSL 2022-2023,19,2,1.471839632838964,1.488268047571182,12,42.555405563174816,46.0,23.338137856098278,10.526315789473685,58.125,0.511731952428818,0.10526315789473684,0.631578947368421,0.511731952428818
G. George,WSL 2023-2024,1,0,0.0975609719753265,0.0,0,77.91733511299722,42.0,45.625334223165275,20.0,50.0,0.0,0.0,0.0,0.0
G. George,WSL 2024-2025,6,0,0.8998896181583402,1.266187071800232,1,61.56854667406035,46.166666666666664,39.48449647319297,25.833333333333332,40.0,-1.266187071800232,0.0,0.16666666666666666,-1.266187071800232
G. Geyoro,WSL 2025-2026,13,1,1.1129644513130186,0.9850746393203736,9,53.52631425643733,46.30769230769231,21.819807400412348,11.153846153846153,53.75,0.0149253606796264,0.07692307692307693,0.6923076923076923,0.014925360679626354
G. Lawley,WSL 2021-2022,9,1,0.991306848824024,1.0263158082962036,5,54.22568272930878,46.55555555555556,22.1874460450546,17.77777777777778,70.0,-0.026315808296203613,0.1111111111111111,0.5555555555555556,-0.026315808296203613
G. McCatty,WSL 2015,2,0,0.24543677270412428,0.0,0,,42.0,0.0,20.0,,0.0,0.0,0.0,0.0
G. Mullett,WSL 2022-2023,1,0,0.0,0.0,1,,42.0,0.0,20.0,,0.0,0.0,1.0,0.0
G. Mullett,WSL 2023-2024,1,0,0.0,0.0,1,19.597618902985776,42.0,18.13214278482622,25.0,100.0,0.0,0.0,1.0,0.0
G. Mullett,WSL 2025-2026,11,1,1.6875901222229002,2.0033273100852966,8,36.189553400659655,55.36363636363637,17.909255712533746,7.7272727272727275,48.333333333333336,-1.0033273100852966,0.09090909090909091,0.7272727272727273,-1.0033273100852966
G. Prior,WSL 2024-2025,2,1,0.2804878056049347,0.7721518874168396,2,38.884569226425995,46.0,34.35789625779892,10.0,65.0,0.2278481125831604,0.5,1.0,0.2278481125831604
G. Prior,WSL 2025-2026,5,0,0.6750370636582373,0.5131579041481018,2,52.12927261623528,46.8,26.597323138049394,8.0,45.0,-0.5131579041481018,0.0,0.4,-0.5131579041481018
G. Reiten,WSL 2019-2020,28,5,3.5116368308663364,3.7404009997844696,19,54.152994252877264,50.607142857142854,19.25228386530704,11.964285714285714,40.0,1.2595990002155302,0.17857142857142858,0.6785714285714286,1.2595990002155304
G. Reiten,WSL 2020-2021,28,1,2.7925181388854976,2.1322699785232544,13,58.45768525452804,49.285714285714285,18.922805814430735,12.142857142857142,31.428571428571427,-1.1322699785232544,0.03571428571428571,0.4642857142857143,-1.1322699785232544
G. Reiten,WSL 2021-2022,38,7,3.854535847902297,5.458952456712723,26,57.865993047925144,46.55263157894737,19.813048538580034,10.789473684210526,35.0,1.5410475432872772,0.18421052631578946,0.6842105263157895,1.5410475432872772
G. Reiten,WSL 2022-2023,33,9,5.608795401163217,7.410620805330392,23,48.892528862800646,49.60606060606061,26.738251631722814,9.242424242424242,41.666666666666664,1.589379194669607,0.2727272727272727,0.696969696969697,1.5893791946696076
G. Reiten,WSL 2023-2024,28,7,5.4016657310833285,6.06645192460316,21,51.02925146966422,51.75,28.31431064891318,8.571428571428571,41.904761904761905,0.9335480753968398,0.25,0.75,0.9335480753968399
G. Reiten,WSL 2024-2025,30,8,6.506351784780257,6.199161001458401,19,54.626784732483735,50.06666666666667,31.89232524218719,5.833333333333333,28.51851851851852,1.8008389985415991,0.26666666666666666,0.6333333333333333,1.8008389985415993
G. Reiten,WSL 2025-2026,5,0,0.3368653506040572,0.0,3,45.046346458732174,60.0,24.523173229366087,6.0,38.0,0.0,0.0,0.6,0.0
G. Stanway,WSL 2015,5,1,0.3347046747803688,0.8585858345031738,4,48.91602782092779,56.8,10.043117789111822,16.0,100.0,0.1414141654968261,0.2,0.8,0.14141416549682617
G. Stanway,WSL 2016,23,4,2.320744730532169,2.6432779729366302,15,57.35110763179713,46.78260869565217,11.275772823228625,15.0,46.0,1.3567220270633698,0.17391304347826086,0.6521739130434783,1.3567220270633698
G. Stanway,WSL 2017,18,1,1.7257790267467497,0.633093535900116,9,31.203810308643003,46.05555555555556,1.9219284017402767,17.5,100.0,0.366906464099884,0.05555555555555555,0.5,0.36690646409988403
G. Stanway,WSL 2017-2018,47,5,5.4594263918697825,4.883264295756817,23,63.009828635435994,45.5531914893617,22.969843283502158,18.29787234042553,31.2,0.11673570424318291,0.10638297872340426,0.48936170212765956,0.11673570424318314
G. Stanway,WSL 2018-2019,72,11,8.623862713575361,9.033351212739944,42,57.2181798870907,48.041666666666664,21.45573084588317,14.166666666666666,43.94736842105263,1.9666487872600553,0.1527777777777778,0.5833333333333334,1.9666487872600555
G. Stanway,WSL 2019-2020,34,5,5.6319696886873825,5.7403550206161125,20,55.05577273935983,47.470588235294116,22.91096376101023,9.411764705882353,36.111111111111114,-0.7403550206161128,0.14705882352941177,0.5882352941176471,-0.7403550206161125
G. Stanway,WSL 2020-2021,53,5,7.1132283583283415,5.141758486628532,29,62.35773461286795,48.867924528301884,20.061068639612692,10.566037735849056,28.076923076923077,-0.14175848662853271,0.09433962264150944,0.5471698113207547,-0.1417584866285324
G. Stanway,WSL 2021-2022,53,8,7.777112454175948,9.479106217622757,30,58.342160583912374,47.924528301886795,24.833438904793116,13.11320754716981,52.666666666666664,-1.4791062176227574,0.1509433962264151,0.5660377358490566,-1.479106217622757
G. Wilson,WSL 2019-2020,2,0,0.0,0.0,2,,46.0,0.0,12.5,,0.0,0.0,1.0,0.0
Gabi Nunes,WSL 2024-2025,18,2,3.3964925855398174,4.0342658162117,12,49.516221462770055,46.77777777777778,27.210664996090998,14.722222222222221,61.666666666666664,-2.0342658162117004,0.1111111111111111,0.6666666666666666,-2.0342658162117004
Geyse,WSL 2023-2024,42,2,3.8535215929150572,2.8704641610383987,28,42.67930935368177,51.523809523809526,19.086442312528675,9.404761904761905,37.58620689655172,-0.8704641610383987,0.047619047619047616,0.6666666666666666,-0.8704641610383987
Geyse,WSL 2024-2025,10,1,0.5677596628665923,1.401469610631466,7,36.24114371284985,58.4,21.534199650367672,11.0,35.0,-0.4014696106314658,0.1,0.7,-0.4014696106314659
Gio Garbelini,WSL 2022-2023,9,1,1.2736860811710358,1.0131579041481018,6,35.11720416046369,58.333333333333336,16.19403884509268,5.0,28.333333333333332,-0.013157904148101807,0.1111111111111111,0.6666666666666666,-0.013157904148101807
H. Bennison,WSL 2021-2022,13,1,1.0942794680595396,0.7358490824699402,7,70.99910221908917,47.61538461538461,17.91588933501188,14.615384615384615,30.0,0.2641509175300598,0.07692307692307693,0.5384615384615384,0.2641509175300598
H. Bennison,WSL 2022-2023,19,3,3.1211726590991016,2.7171716690063477,11,61.16076124695701,45.63157894736842,32.02916803977375,14.736842105263158,42.666666666666664,0.2828283309936522,0.15789473684210525,0.5789473684210527,0.28282833099365234
H. Bennison,WSL 2023-2024,13,1,0.34405629336833937,0.941729336977005,10,35.28536667560365,44.23076923076923,18.233540780732813,19.615384615384617,60.0,0.058270663022994995,0.07692307692307693,0.7692307692307693,0.058270663022994995
H. Bleazard,WSL 2017,2,0,0.0837070271372795,0.0,1,,42.0,0.0,22.5,,0.0,0.0,0.5,0.0
H. Blundell,WSL 2015,4,0,0.2205723747611045,0.0,2,,46.0,0.0,12.5,,0.0,0.0,0.5,0.0
H. Blundell,WSL 2016,3,0,0.2598684132099151,0.0,2,,47.333333333333336,0.0,8.333333333333334,,0.0,0.0,0.6666666666666666,0.0
H. Blundell,WSL 2017,11,1,1.359692506492138,1.0,7,22.232108911811927,49.09090909090909,4.04085343538539,13.636363636363637,30.0,0.0,0.09090909090909091,0.6363636363636364,0.0
H. Blundell,WSL 2017-2018,7,0,0.6240632459521294,0.0,4,78.14544843502475,46.57142857142857,6.7722939358351,10.0,50.0,0.0,0.0,0.5714285714285714,0.0
H. Blundell,WSL 2018-2019,16,1,1.182026222348213,1.172151893377304,10,64.9991343346425,47.8125,15.42678915449458,8.4375,30.0,-0.17215189337730408,0.0625,0.625,-0.17215189337730408
H. Blundell,WSL 2019-2020,7,1,1.4219080507755275,0.9669570773839951,3,45.43730560434204,54.285714285714285,18.31666526621961,3.5714285714285716,15.0,0.033042922616005,0.14285714285714285,0.42857142857142855,0.033042922616004944
H. Blundell,WSL 2020-2021,2,0,0.136865347623825,0.0,1,77.6763227187739,50.0,19.419080679693476,0.0,0.0,0.0,0.0,0.5,0.0
H. Blundell,WSL 2021-2022,10,0,0.7457208484411237,0.4285714328289032,7,56.456443703755355,45.2,10.587514187383345,15.0,10.0,-0.4285714328289032,0.0,0.7,-0.4285714328289032
H. Blundell,WSL 2022-2023,11,1,1.057329803705215,0.8952693790197372,7,59.95744444639922,50.09090909090909,23.488709418150552,8.181818181818182,37.142857142857146,0.10473062098026281,0.09090909090909091,0.6363636363636364,0.10473062098026276
H. Blundell,WSL 2023-2024,12,1,0.7371508814394472,0.6883116960525513,8,56.9057397555499,46.333333333333336,22.633803603092456,10.0,23.75,0.3116883039474487,0.08333333333333333,0.6666666666666666,0.31168830394744873
H. Blundell,WSL 2025-2026,4,0,0.0837070271372795,0.159420296549797,2,58.60879622122057,60.5,20.431184612761953,13.75,15.0,-0.159420296549797,0.0,0.5,-0.159420296549797
H. Cain,WSL 2018-2019,19,2,1.437780290842056,2.20477157831192,14,56.145924873305226,47.473684210526315,13.22355729662842,7.894736842105263,46.666666666666664,-0.2047715783119203,0.10526315789473684,0.7368421052631579,-0.20477157831192017
H. Cain,WSL 2019-2020,16,0,0.9422574937343596,0.159420296549797,9,64.54866531229354,46.5625,12.46797534441007,16.5625,40.0,-0.159420296549797,0.0,0.5625,-0.159420296549797
H. Cain,WSL 2022-2023,39,2,4.880927143845615,3.0336667506433113,22,50.63335738609367,48.15384615384615,24.064795332076688,12.692307692307692,38.62068965517241,-1.0336667506433115,0.05128205128205128,0.5641025641025641,-1.0336667506433113
H. Cain,WSL 2023-2024,3,0,0.0837070271372795,0.1315789520740509,2,20.968488096412955,44.666666666666664,11.08306333065594,16.666666666666668,30.0,-0.1315789520740509,0.0,0.6666666666666666,-0.1315789520740509
H. Cain,WSL 2024-2025,25,3,3.21886196732521,3.7670514285564423,16,56.33696872901275,49.08,22.888218999638227,6.4,41.333333333333336,-0.7670514285564425,0.12,0.64,-0.7670514285564423
H. Cain,WSL 2025-2026,24,0,1.0812155120074745,0.2631579041481018,14,44.679528716193005,50.541666666666664,26.709842486218037,17.708333333333332,43.63636363636363,-0.2631579041481018,0.0,0.5833333333333334,-0.2631579041481018
H. Cissoko,WSL 2020-2021,3,0,0.136865347623825,0.0,2,77.89480085345876,58.333333333333336,14.649133475576457,5.0,0.0,0.0,0.0,0.6666666666666666,0.0
H. Cissoko,WSL 2022-2023,2,1,1.0,0.977011501789093,1,47.42278097910133,61.0,46.69989634972039,25.0,15.0,0.0229884982109069,0.5,0.5,0.022988498210906982
H. Cissoko,WSL 2023-2024,3,1,0.3435754403471946,0.5131579041481018,2,54.788209739293016,58.333333333333336,25.060982287912022,5.0,50.0,0.4868420958518982,0.3333333333333333,0.6666666666666666,0.4868420958518982
H. Eiríksdóttir,WSL 2024-2025,7,0,1.4969970956444738,0.0,2,66.91394458463952,47.714285714285715,30.58216672675027,5.714285714285714,33.333333333333336,0.0,0.0,0.2857142857142857,0.0
H. Eiríksdóttir,WSL 2025-2026,4,0,0.22057237476110447,0.0,2,66.64869982038083,46.0,29.15992909930948,12.5,26.666666666666668,0.0,0.0,0.5,0.0
H. Godfrey,WSL 2019-2020,6,0,0.9613130912184713,0.625,2,55.90457913982137,44.666666666666664,19.323367007177563,13.333333333333334,43.333333333333336,-0.625,0.0,0.3333333333333333,-0.625
H. Hampton,WSL 2018-2019,1,1,1.0,0.9850746393203736,1,36.7681927758219,50.0,47.93633556752216,0.0,100.0,0.0149253606796264,1.0,1.0,0.014925360679626354
H. Hampton,WSL 2021-2022,1,1,1.0,0.977011501789093,1,17.376548691971163,50.0,37.99861939965837,0.0,100.0,0.0229884982109069,1.0,1.0,0.022988498210906982
H. Hayashi,WSL 2022-2023,12,1,1.6093791648745535,0.6762553304433823,5,47.16970329364194,48.083333333333336,25.23357025401482,13.75,44.0,0.3237446695566178,0.08333333333333333,0.4166666666666667,0.32374466955661774
H. Hayashi,WSL 2023-2024,13,2,1.690218038856983,1.6733863353729248,10,42.091522602266316,48.84615384615385,23.977304951819423,10.76923076923077,39.09090909090909,0.3266136646270751,0.15384615384615385,0.7692307692307693,0.3266136646270752
H. Hayashi,WSL 2024-2025,15,4,2.3902969695627685,3.1169874519109726,11,40.2034648485126,49.93333333333333,25.982027509893655,13.666666666666666,58.333333333333336,0.8830125480890273,0.26666666666666666,0.7333333333333333,0.8830125480890274
H. Hayashi,WSL 2025-2026,10,4,2.8836529403924938,3.2369230836629868,5,44.96463107866787,52.6,35.6930847903229,10.5,42.0,0.763076916337013,0.4,0.5,0.7630769163370132
H. Houssein,WSL 2022-2023,1,0,0.0,0.0,1,15.066887903980387,42.0,15.866777285323527,25.0,100.0,0.0,0.0,1.0,0.0
H. Kitagawa,WSL 2025-2026,10,2,1.7583567872643469,1.8905598670244217,5,53.126044666758474,47.7,34.74506636778125,15.5,53.333333333333336,0.10944013297557831,0.2,0.5,0.10944013297557831
H. Ladd,WSL 2017,1,0,0.0,0.0,1,,50.0,0.0,0.0,,0.0,0.0,1.0,0.0
H. Ladd,WSL 2017-2018,12,1,1.2090521603822704,1.1332629919052124,6,67.99075407697042,46.416666666666664,22.330845999005636,17.5,30.0,-0.1332629919052124,0.08333333333333333,0.5,-0.1332629919052124
H. Ladd,WSL 2018-2019,15,2,1.0057108849287029,1.1874952465295792,7,63.408211036204044,47.266666666666666,26.39745380392037,25.666666666666668,42.22222222222222,0.8125047534704208,0.13333333333333333,0.4666666666666667,0.8125047534704208
H. Ladd,WSL 2019-2020,16,0,0.8517324551939961,0.792513832449913,8,57.736240750315616,46.625,9.744660196299705,21.875,45.0,-0.792513832449913,0.0,0.5,-0.792513832449913
H. Ladd,WSL 2020-2021,10,1,1.690922804176807,0.633093535900116,4,64.62950377241673,56.0,21.05665655080453,17.5,20.0,0.366906464099884,0.1,0.4,0.36690646409988403
H. Ladd,WSL 2021-2022,12,2,1.2512986958026884,1.8343851119279861,6,52.92996922945218,47.166666666666664,23.079426027299075,17.083333333333332,41.42857142857143,0.1656148880720139,0.16666666666666666,0.5,0.16561488807201385
H. Ladd,WSL 2022-2023,25,4,2.310832396149635,3.1813647001981735,17,47.54128881531698,48.16,25.28332739005826,12.8,56.31578947368421,0.8186352998018264,0.16,0.68,0.8186352998018265
H. Ladd,WSL 2023-2024,7,2,1.564885579049587,1.7328548431396484,4,43.755420446537045,51.285714285714285,29.035986661971513,8.571428571428571,55.0,0.26714515686035145,0.2857142857142857,0.5714285714285714,0.26714515686035156
H. Ladd,WSL 2024-2025,2,0,0.1085714250802993,0.4000000059604645,1,38.894444047675705,42.0,19.890277767992558,25.0,100.0,-0.4000000059604645,0.0,0.5,-0.4000000059604645
H. Lundkvist,WSL 2025-2026,3,1,0.8253051936626433,1.4355121552944183,2,22.224873482689826,44.666666666666664,30.467558294289095,15.0,53.333333333333336,-0.43551215529441833,0.3333333333333333,0.6666666666666666,-0.43551215529441833
H. Miyazawa,WSL 2023-2024,19,1,1.5852082744240759,1.417513832449913,12,40.75155666491369,47.526315789473685,21.267221050637005,21.57894736842105,63.84615384615385,-0.41751383244991297,0.05263157894736842,0.631578947368421,-0.417513832449913
H. Miyazawa,WSL 2024-2025,17,1,0.7708579078316687,1.201469600200653,14,39.97620583077478,48.294117647058826,18.485091376977305,13.823529411764707,64.54545454545455,-0.20146960020065313,0.058823529411764705,0.8235294117647058,-0.20146960020065308
H. Miyazawa,WSL 2025-2026,19,1,1.5714621804654594,1.833746686577797,9,45.319724109738026,48.473684210526315,32.04647963016728,19.473684210526315,47.36842105263158,-0.8337466865777969,0.05263157894736842,0.47368421052631576,-0.8337466865777969
H. Nolan,WSL 2024-2025,1,0,0.0,0.0,1,25.516878945339478,42.0,19.425106139336407,20.0,100.0,0.0,0.0,1.0,0.0
H. O'Reilly,WSL 2017,12,2,1.2365383489466293,1.3891910968757257,10,42.504433250454284,49.333333333333336,7.015013846393838,2.0833333333333335,30.0,0.6108089031242742,0.16666666666666666,0.8333333333333334,0.6108089031242743
H. O'Reilly,WSL 2017-2018,18,1,1.9857410378754135,2.110105037689209,10,65.846852438188,45.22222222222222,20.001327456486752,16.666666666666668,28.75,-1.110105037689209,0.05555555555555555,0.5555555555555556,-1.110105037689209
H. Payne,WSL 2018-2019,3,0,0.2598684132099151,0.0,2,77.89480085345876,58.333333333333336,12.982466808909793,5.0,0.0,0.0,0.0,0.6666666666666666,0.0
H. Payne,WSL 2023-2024,4,0,0.2804878056049347,0.0,3,43.947966320643935,51.25,10.986991580160984,2.5,15.0,0.0,0.0,0.75,0.0
H. Payne,WSL 2024-2025,5,0,0.3641948327422142,0.0,3,64.6170289448038,46.8,21.05177535010781,10.0,50.0,0.0,0.0,0.6,0.0
H. Raso,WSL 2020-2021,31,5,3.6714730784296985,4.961766481399536,25,46.061640459956095,50.096774193548384,11.971947629412531,8.387096774193548,27.77777777777778,0.03823351860046367,0.16129032258064516,0.8064516129032258,0.03823351860046387
H. Raso,WSL 2021-2022,16,3,2.3040930703282356,2.533875346183777,13,50.51941032691481,54.5,12.853007471008354,5.0,28.0,0.46612465381622303,0.1875,0.8125,0.46612465381622314
H. Raso,WSL 2022-2023,14,1,2.4006432294845577,1.7560975551605225,8,58.05301228812964,51.214285714285715,23.375343948909457,2.857142857142857,26.666666666666668,-0.7560975551605226,0.07142857142857142,0.5714285714285714,-0.7560975551605225
H. Raso,WSL 2024-2025,21,1,1.2659450396895406,1.3785374909639359,17,34.54510349307683,47.95238095238095,14.992310278434408,7.380952380952381,30.714285714285715,-0.3785374909639358,0.047619047619047616,0.8095238095238095,-0.37853749096393585
H. Scott,WSL 2016,1,0,0.0,0.0,1,,42.0,0.0,25.0,,0.0,0.0,1.0,0.0
H. Scott,WSL 2017,2,0,0.0,0.0,2,,46.0,0.0,12.5,,0.0,0.0,1.0,0.0
H. Scott,WSL 2018-2019,11,0,0.5461489632725712,0.1315789520740509,5,68.41648243166028,46.45454545454545,19.24138557345808,18.636363636363637,50.0,-0.1315789520740509,0.0,0.45454545454545453,-0.1315789520740509
H. Scott,WSL 2019-2020,2,0,0.2598684132099151,0.0,1,78.10427502882142,46.0,19.526068757205355,12.5,0.0,0.0,0.0,0.5,0.0
H. Scott,WSL 2020-2021,8,0,0.7442578300833701,0.1948051899671554,4,65.1441816938838,45.0,20.349898219181114,12.5,62.5,-0.1948051899671554,0.0,0.5,-0.1948051899671554
H. Scott,WSL 2021-2022,5,0,0.7651735991239546,0.633093535900116,1,64.11957849919857,45.2,24.3677680984936,13.0,50.0,-0.633093535900116,0.0,0.2,-0.633093535900116
H. Sharp,WSL 2015,1,0,0.0,0.0,1,,50.0,0.0,0.0,,0.0,0.0,1.0,0.0
H. Sharp,WSL 2017,2,1,1.0837070271372795,0.9850746393203736,1,48.871032092414225,46.0,26.993877612909156,10.0,100.0,0.0149253606796264,0.5,0.5,0.014925360679626354
H. Sharp,WSL 2017-2018,7,1,1.220524251461029,0.6883116960525513,5,71.09562010564623,49.57142857142857,18.184683005720842,4.285714285714286,26.666666666666668,0.3116883039474487,0.14285714285714285,0.7142857142857143,0.31168830394744873
H. Short,WSL 2017,3,0,0.3703703582286834,0.0,2,,44.666666666666664,0.0,13.333333333333334,,0.0,0.0,0.6666666666666666,0.0
H. Short,WSL 2018-2019,8,1,0.6646268442273138,0.8671360909938812,5,45.46456606890044,53.25,16.076235191785496,11.25,75.0,0.13286390900611877,0.125,0.625,0.13286390900611877
H. Silcock,WSL 2025-2026,1,0,0.0,0.0,1,,42.0,0.0,20.0,,0.0,0.0,1.0,0.0
H. Wijk,WSL 2025-2026,3,0,0.0,0.0666666701436042,2,31.889077895798145,55.666666666666664,15.7408037778132,13.333333333333334,65.0,-0.0666666701436042,0.0,0.6666666666666666,-0.0666666701436042
I. Atkinson,WSL 2022-2023,5,1,0.5122784599661827,0.977011501789093,4,40.05208891105706,51.8,30.221446799596425,13.0,38.0,0.0229884982109069,0.2,0.8,0.022988498210906982
I. Atkinson,WSL 2023-2024,5,0,0.8381752073764799,1.1462514400482178,3,44.96939110544766,50.0,20.368325971923603,0.0,20.0,-1.1462514400482178,0.0,0.6,-1.1462514400482178
I. Atkinson,WSL 2024-2025,1,0,0.2598684132099151,0.0,0,78.68086030145946,42.0,47.67376348406307,25.0,0.0,0.0,0.0,0.0,0.0
I. Belloumou,WSL 2025-2026,1,0,0.0,0.0,1,,72.0,0.0,50.0,,0.0,0.0,1.0,0.0
I. Beney,WSL 2025-2026,10,2,1.4158359952270982,1.6653231978416443,7,41.858336393612674,51.4,23.905970817636668,7.5,42.5,0.33467680215835555,0.2,0.7,0.3346768021583557
I. Christiansen,WSL 2015,29,6,5.495058009628115,5.410744315240441,20,38.81295049970354,45.758620689655174,11.143712282971572,13.620689655172415,80.0,0.5892556847595584,0.20689655172413793,0.6896551724137931,0.5892556847595589
I. Christiansen,WSL 2016,11,3,1.428281746804714,1.633093535900116,7,44.38911142316323,51.63636363636363,12.779679382886208,10.909090909090908,53.333333333333336,1.366906464099884,0.2727272727272727,0.6363636363636364,1.366906464099884
I. Christiansen,WSL 2017,3,0,0.167414054274559,0.0,1,,42.0,0.0,23.333333333333332,,0.0,0.0,0.3333333333333333,0.0
I. Christiansen,WSL 2017-2018,32,9,7.455078003428331,7.736894046388022,24,53.796055792062916,48.25,20.271225373002533,14.0625,38.57142857142857,1.2631059536119784,0.28125,0.75,1.2631059536119782
I. Christiansen,WSL 2020-2021,29,6,4.313458033360359,4.652612638182756,20,55.30816519748858,47.275862068965516,20.0598460526863,11.551724137931034,34.285714285714285,1.3473873618172434,0.20689655172413793,0.6896551724137931,1.347387361817244
I. Christiansen,WSL 2021-2022,18,0,2.8233527508450713,2.936355900473711,11,65.8702203239372,48.333333333333336,23.97527758458935,15.0,66.66666666666667,-2.936355900473711,0.0,0.6111111111111112,-2.936355900473711
I. Christiansen,WSL 2022-2023,10,0,0.8825861960649488,0.0,4,59.40262009403342,48.5,31.39784570898171,14.0,47.77777777777778,0.0,0.0,0.4,0.0
I. Goodwin,WSL 2025-2026,47,5,7.948039401322602,5.914558112621307,26,54.52203229201394,48.297872340425535,25.185466869436933,10.212765957446809,45.15151515151515,-0.9145581126213076,0.10638297872340426,0.5531914893617021,-0.9145581126213074
I. Hobson,WSL 2023-2024,2,1,0.19108221679925907,0.3611111044883728,1,49.294782142209506,42.0,36.73072430509701,20.0,75.0,0.6388888955116272,0.5,0.5,0.6388888955116272
I. Hobson,WSL 2025-2026,2,0,0.1517778411507606,0.0,0,78.09769262462325,42.0,45.71551297897828,20.0,50.0,0.0,0.0,0.0,0.0
I. Kaagman,WSL 2018-2019,44,4,4.267725350562391,5.278377568576394,26,61.01567986382018,47.95454545454545,21.320491400692113,16.931818181818183,41.0,-1.2783775685763943,0.09090909090909091,0.5909090909090909,-1.2783775685763938
I. Kaagman,WSL 2019-2020,18,1,1.0812136866152284,2.3969506695866585,13,55.43780155013933,51.333333333333336,15.549366189149133,15.555555555555555,55.0,-1.3969506695866585,0.05555555555555555,0.7222222222222222,-1.3969506695866585
I. Kaagman,WSL 2020-2021,39,8,5.876378917112582,6.055398770585293,28,58.40611333478015,46.41025641025641,20.57223033668154,17.435897435897434,35.0,1.944601229414707,0.20512820512820512,0.717948717948718,1.9446012294147073
I. Kaagman,WSL 2021-2022,24,4,3.6417102578391387,3.931035670201953,14,51.00642990377718,46.375,20.603036020025424,14.791666666666666,46.15384615384615,0.06896432979804701,0.16666666666666666,0.5833333333333334,0.0689643297980469
I. Kardinaal,WSL 2025-2026,1,0,0.0837070271372795,0.2340425550937652,0,38.520701505092596,50.0,26.281627405359252,0.0,100.0,-0.2340425550937652,0.0,0.0,-0.2340425550937652
I. Linden,WSL 2016,10,1,1.5231439545750614,0.5,5,60.589327993192576,48.5,5.196133066326295,11.5,50.0,0.5,0.1,0.5,0.5
I. Riley,WSL 2024-2025,10,2,1.3209338188171384,2.281922996044159,8,34.58002344800851,48.4,19.78211052826879,5.0,45.714285714285715,-0.281922996044159,0.2,0.8,-0.28192299604415894
I. Ryland,WSL 2015,3,0,0.2649750262498855,0.0,0,68.85403240027247,42.0,14.253449844489856,25.0,50.0,0.0,0.0,0.0,0.0
I. Umotong,WSL 2018-2019,38,2,3.198145691305398,2.959106422960758,19,61.57409659990174,48.5,17.951395099683882,10.789473684210526,34.11764705882353,-0.9591064229607581,0.05263157894736842,0.5,-0.9591064229607582
I. Umotong,WSL 2019-2020,14,1,2.6640112735331054,1.0815807953476904,5,63.24587510860467,49.285714285714285,23.691297521084557,13.214285714285714,50.0,-0.08158079534769049,0.07142857142857142,0.35714285714285715,-0.08158079534769036
I. Wold,WSL 2020-2021,5,0,0.31470382213592507,0.8319984972476958,2,19.536092889848348,45.2,14.186152183774013,15.0,53.333333333333336,-0.8319984972476958,0.0,0.4,-0.8319984972476958
Inma Gabarro,WSL 2024-2025,2,0,0.0,0.0,2,43.10117296676632,46.0,10.77529324169158,12.5,30.0,0.0,0.0,1.0,0.0
Inma Gabarro,WSL 2025-2026,15,2,1.4003916978836057,1.8706879168748856,10,43.91800808041735,53.93333333333333,20.380711860555554,6.0,35.0,0.1293120831251145,0.13333333333333333,0.6666666666666666,0.12931208312511444
Irene Guerrero,WSL 2023-2024,1,0,0.0,0.0,1,,42.0,0.0,25.0,,0.0,0.0,1.0,0.0
Ivana Fuso,WSL 2020-2021,3,0,0.31813334673643096,0.159420296549797,0,57.07032779807137,61.333333333333336,39.018255753422544,26.666666666666668,50.0,-0.159420296549797,0.0,0.0,-0.159420296549797
Ivana Fuso,WSL 2021-2022,1,0,0.0,0.0,1,,50.0,0.0,0.0,,0.0,0.0,1.0,0.0
J. Anderson,WSL 2025-2026,1,0,0.0,0.0,1,,50.0,0.0,0.0,,0.0,0.0,1.0,0.0
J. Andersson,WSL 2017-2018,8,4,3.3399752974510193,3.428942322731018,6,48.856387060645694,53.75,31.596345524650122,3.125,20.0,0.5710576772689818,0.5,0.75,0.5710576772689819
J. Andersson,WSL 2018-2019,14,0,0.6683646850287912,0.692307710647583,8,73.42512595947834,48.07142857142857,16.142765206056428,11.428571428571429,26.0,-0.692307710647583,0.0,0.5714285714285714,-0.692307710647583
J. Andersson,WSL 2019-2020,8,0,0.2747892439365386,0.0542168691754341,6,78.11246618983284,49.125,12.108435805088698,14.375,25.0,-0.0542168691754341,0.0,0.75,-0.0542168691754341
J. Andersson,WSL 2020-2021,9,0,0.9141188338398932,0.2340425550937652,3,64.27956442580212,44.22222222222222,21.413354190813138,16.11111111111111,16.0,-0.2340425550937652,0.0,0.3333333333333333,-0.2340425550937652
J. Andersson,WSL 2021-2022,9,0,0.8255621418356893,0.633093535900116,4,71.84536998318559,43.77777777777778,16.86231789464243,18.88888888888889,50.0,-0.633093535900116,0.0,0.4444444444444444,-0.633093535900116
J. Arnth,WSL 2018-2019,2,1,0.3967337608337401,1.258093535900116,1,44.695971066389255,46.0,44.5527219050297,10.0,65.0,-0.25809353590011597,0.5,0.5,-0.25809353590011597
J. Baijings,WSL 2024-2025,8,0,0.499401345849037,1.1612320765852926,4,24.626607597899515,45.0,15.175435161538445,15.625,58.0,-1.1612320765852926,0.0,0.5,-1.1612320765852926
J. Baijings,WSL 2025-2026,1,0,0.0,0.0,1,50.90197551285323,42.0,33.78432108975995,25.0,30.0,0.0,0.0,1.0,0.0
J. Bailey,WSL 2015,2,0,0.0837070271372795,0.0,1,,44.5,0.0,30.0,,0.0,0.0,0.5,0.0
J. Bailey,WSL 2016,5,0,0.0542168691754341,0.0,4,,45.2,0.0,15.0,,0.0,0.0,0.8,0.0
J. Bailey,WSL 2018-2019,7,0,0.2017778418958186,0.0,4,78.23156509860823,44.285714285714285,6.540349887995825,15.714285714285714,50.0,0.0,0.0,0.5714285714285714,0.0
J. Bailey,WSL 2019-2020,9,0,1.2630658857524395,1.129358857870102,6,78.1436230366088,45.22222222222222,28.16496151947297,17.22222222222222,50.0,-1.129358857870102,0.0,0.6666666666666666,-1.129358857870102
J. Beattie,WSL 2015,22,0,2.6965798474848266,0.1948051899671554,9,22.06052281036571,43.09090909090909,1.0700492623120084,19.318181818181817,100.0,-0.1948051899671554,0.0,0.4090909090909091,-0.1948051899671554
J. Beattie,WSL 2016,20,3,3.034652195870876,2.4962169528007507,12,35.608765837942805,43.3,7.748316200380169,20.25,100.0,0.503783047199249,0.15,0.6,0.5037830471992493
J. Beattie,WSL 2017,7,0,0.3574377223849295,0.2205723747611045,6,,43.857142857142854,3.1510339251586355,20.0,,-0.2205723747611045,0.0,0.8571428571428571,-0.2205723747611045
J. Beattie,WSL 2017-2018,15,2,2.4078629612922664,3.1499208733439445,7,60.34481144977701,44.733333333333334,31.084933372117057,18.333333333333332,70.0,-1.1499208733439445,0.13333333333333333,0.4666666666666667,-1.1499208733439445
J. Beattie,WSL 2018-2019,14,1,0.9464499354362483,0.9337599575519561,8,70.65641910481354,42.0,11.684142979817624,20.0,66.66666666666667,0.0662400424480439,0.07142857142857142,0.5714285714285714,0.06624004244804393
J. Beattie,WSL 2019-2020,7,0,0.9074505940079686,0.3709079027175902,3,64.49784908535565,46.714285714285715,19.398274053794612,19.285714285714285,50.0,-0.3709079027175902,0.0,0.42857142857142855,-0.3709079027175902
J. Beattie,WSL 2020-2021,7,2,0.6566021740436552,1.6513158082962036,6,26.8828347870884,43.857142857142854,15.694818061359813,18.571428571428573,100.0,0.3486841917037964,0.2857142857142857,0.8571428571428571,0.3486841917037964
J. Beattie,WSL 2021-2022,5,1,0.19227845221757878,0.633093535900116,4,60.5558670321323,51.8,17.24306795516049,11.0,50.0,0.366906464099884,0.2,0.8,0.36690646409988403
J. Beattie,WSL 2022-2023,7,0,0.19227845221757878,0.3263841420412063,5,39.79666065827354,45.42857142857143,21.311643748008116,11.428571428571429,71.66666666666667,-0.3263841420412063,0.0,0.7142857142857143,-0.3263841420412063
J. Beattie,WSL 2023-2024,1,0,0.2598684132099151,0.1948051899671554,1,10.540925533894596,50.0,11.114618465961959,0.0,30.0,-0.1948051899671554,0.0,1.0,-0.1948051899671554
J. Biesmans,WSL 2017-2018,11,1,0.770280212163925,0.8671360909938812,6,66.816707356346,43.81818181818182,20.42931979884983,17.727272727272727,26.0,0.13286390900611877,0.09090909090909091,0.5454545454545454,0.13286390900611877
J. Biesmans,WSL 2018-2019,9,0,0.5607182905077932,0.0,5,77.42784490925732,41.55555555555556,20.909891461316437,24.444444444444443,37.5,0.0,0.0,0.5555555555555556,0.0
J. Blakstad,WSL 2021-2022,9,1,1.413484528660774,0.8871129006147385,6,50.85438934316395,48.22222222222222,11.432774559243121,5.555555555555555,20.0,0.11288709938526159,0.1111111111111111,0.6666666666666666,0.11288709938526154
J. Blakstad,WSL 2022-2023,10,2,2.3220861256122585,4.040217101573944,4,49.9557461209911,51.0,41.76519103188405,14.0,42.0,-2.040217101573944,0.2,0.4,-2.040217101573944
J. Blakstad,WSL 2023-2024,1,0,0.0,0.0,1,31.914991252805695,50.0,15.957495626402848,0.0,30.0,0.0,0.0,1.0,0.0
J. Blakstad,WSL 2025-2026,8,1,0.8304118067026137,1.2520486861467361,5,41.69331392042984,47.125,31.583506199931843,18.125,70.0,-0.25204868614673615,0.125,0.625,-0.25204868614673615
J. Brett,WSL 2017,9,0,1.0924749486148355,0.0,2,,46.44444444444444,0.0,11.11111111111111,,0.0,0.0,0.2222222222222222,0.0
J. Brett,WSL 2017-2018,5,1,1.4987142235040662,0.8585858345031738,3,55.677142188296436,48.4,23.52132433017464,5.0,10.0,0.1414141654968261,0.2,0.6,0.14141416549682617
J. Brett,WSL 2018-2019,8,1,0.9611366912722586,0.8585858345031738,5,63.119126566832016,48.125,20.874478521094908,16.25,45.0,0.1414141654968261,0.125,0.625,0.14141416549682617
J. Carabalí,WSL 2023-2024,8,1,1.3428600579500196,1.0,4,67.41690012076306,43.0,33.40633754528614,18.75,58.333333333333336,0.0,0.125,0.5,0.0
J. Carabalí,WSL 2024-2025,11,1,1.1337070278823376,1.1166535913944244,9,30.948572749169685,47.90909090909091,18.087324127743468,13.181818181818182,67.5,-0.11665359139442451,0.09090909090909091,0.8181818181818182,-0.11665359139442444
J. Carter,WSL 2015,3,0,0.0837070271372795,0.0,2,,42.0,0.0,25.0,,0.0,0.0,0.6666666666666666,0.0
J. Carter,WSL 2016,3,0,0.2344263195991515,0.0,1,,44.666666666666664,0.0,16.666666666666668,,0.0,0.0,0.3333333333333333,0.0
J. Carter,WSL 2017,9,0,0.6042794026434419,0.0,3,,46.55555555555556,0.0,19.444444444444443,,0.0,0.0,0.3333333333333333,0.0
J. Carter,WSL 2017-2018,6,1,0.612535998225212,1.049422800540924,2,65.99011593440031,44.666666666666664,36.909662308704746,16.666666666666668,46.0,-0.04942280054092413,0.16666666666666666,0.3333333333333333,-0.04942280054092407
J. Carter,WSL 2018-2019,2,0,0.195121943950653,0.5131579041481018,0,64.8510065919328,42.0,47.62287185818792,22.5,75.0,-0.5131579041481018,0.0,0.0,-0.5131579041481018
J. Carter,WSL 2019-2020,2,1,0.931034505367279,0.8780487775802612,2,55.197020853585165,46.0,26.96998687710021,12.5,30.0,0.1219512224197387,0.5,1.0,0.12195122241973877
J. Carter,WSL 2020-2021,1,0,0.136865347623825,0.625,0,58.63019699779286,50.0,48.06509849889643,0.0,30.0,-0.625,0.0,0.0,-0.625
J. Carter,WSL 2021-2022,4,0,0.1084337383508682,0.159420296549797,1,55.548811620185845,46.0,19.249521795836607,12.5,75.0,-0.159420296549797,0.0,0.25,-0.159420296549797
J. Carter,WSL 2022-2023,7,2,0.6885037049651144,1.201469600200653,5,48.67603525529584,46.57142857142857,29.105551491224826,9.285714285714286,55.0,0.7985303997993469,0.2857142857142857,0.7142857142857143,0.7985303997993469
J. Carter,WSL 2023-2024,5,1,1.2205723747611046,1.1718166917562485,3,40.28221949654134,45.2,31.17200989880816,12.0,76.0,-0.1718166917562485,0.2,0.6,-0.17181669175624847
J. Cayman,WSL 2023-2024,25,4,4.110899232327937,4.22755965590477,14,48.81041252959858,49.48,29.106778182850462,12.6,50.476190476190474,-0.22755965590477006,0.16,0.56,-0.2275596559047699
J. Cayman,WSL 2024-2025,20,4,2.1631161049008365,2.331221416592598,15,44.69956299686523,50.15,22.39167917379173,13.5,46.42857142857143,1.668778583407402,0.2,0.75,1.668778583407402
J. Cayman,WSL 2025-2026,4,0,0.0837070271372795,0.1948051899671554,2,37.832227285442386,61.75,25.793819234141523,16.25,70.0,-0.1948051899671554,0.0,0.5,-0.1948051899671554
J. Clark,WSL 2023-2024,8,1,1.1529342904686926,0.8585858345031738,5,57.950436507900726,42.0,29.951110569849675,20.0,75.0,0.1414141654968261,0.125,0.625,0.14141416549682617
J. Clark,WSL 2024-2025,9,1,1.9130114689469337,1.5,5,63.35935578586581,47.111111111111114,30.19385933602934,19.444444444444443,75.0,-0.5,0.1111111111111111,0.5555555555555556,-0.5
J. Clark,WSL 2025-2026,10,0,0.45184037461876847,0.0,5,52.93946562754706,42.8,29.156092865729512,18.0,64.44444444444444,0.0,0.0,0.5,0.0
J. Clarke,WSL 2015,28,7,4.319442747387944,5.041588163230477,22,37.79897635603007,48.92857142857143,11.575364892417904,10.0,26.25,1.9584118367695225,0.25,0.7857142857142857,1.958411836769523
J. Clarke,WSL 2016,49,6,6.172333153646166,4.009349318902667,31,43.30082316937341,48.775510204081634,6.933881427105707,11.020408163265307,45.714285714285715,1.9906506810973328,0.12244897959183673,0.6326530612244898,1.9906506810973328
J. Clarke,WSL 2017,17,1,1.1918475404381752,0.633093535900116,14,32.56190685107026,50.588235294117645,2.4670838923061926,8.529411764705882,100.0,0.366906464099884,0.058823529411764705,0.8235294117647058,0.36690646409988403
J. Clarke,WSL 2017-2018,28,4,4.255731604993343,4.569875150918961,21,56.9664519075043,47.92857142857143,18.72160152927459,10.0,40.0,-0.5698751509189607,0.14285714285714285,0.75,-0.5698751509189606
J. Clarke,WSL 2018-2019,24,2,2.8753226622939105,2.579023003578186,18,56.12561248070046,49.625,11.211702536782512,9.583333333333334,35.0,-0.5790230035781863,0.08333333333333333,0.75,-0.579023003578186
J. Clarke,WSL 2019-2020,6,0,0.7229346856474876,0.0,3,78.0172273036837,46.0,20.893195714809817,12.5,0.0,0.0,0.0,0.5,0.0
J. Finn,WSL 2021-2022,1,0,0.0837070271372795,0.0,0,78.14544843502475,50.0,39.07272421751237,0.0,50.0,0.0,0.0,0.0,0.0
J. Fishlock,WSL 2020-2021,38,2,3.646239206194877,3.4432032108306885,22,58.576412410357385,48.8421052631579,19.46128776700768,17.894736842105264,42.35294117647059,-1.4432032108306885,0.05263157894736842,0.5789473684210527,-1.4432032108306885
J. Fleming,WSL 2020-2021,5,0,0.2061323970556258,0.0,3,78.2703351944484,46.8,17.320733705556346,10.0,0.0,0.0,0.0,0.6,0.0
J. Fleming,WSL 2021-2022,25,6,4.492793798446654,4.6545296013355255,16,57.03530305856073,50.12,17.92582946664811,10.4,49.0,1.345470398664474,0.24,0.64,1.3454703986644745
J. Fleming,WSL 2022-2023,13,3,2.6640890315175056,3.254330098628998,7,52.446319534392934,47.53846153846154,30.24575645878215,7.6923076923076925,44.0,-0.254330098628998,0.23076923076923078,0.5384615384615384,-0.2543300986289978
J. Fleming,WSL 2023-2024,7,1,0.6039312183856963,1.391206681728363,6,27.897425777039253,52.0,18.306633080159383,10.714285714285714,30.0,-0.39120668172836304,0.14285714285714285,0.8571428571428571,-0.39120668172836304
J. Fox,WSL 2022-2023,4,1,0.4914414472877978,0.7721518874168396,3,56.80763811215428,46.0,21.65971535033153,11.25,40.0,0.2278481125831604,0.25,0.75,0.2278481125831604
J. Galabadaarachchi,WSL 2019-2020,8,0,0.24543677270412428,0.0,6,78.52906436428444,46.0,9.816133045535555,12.5,0.0,0.0,0.0,0.75,0.0
J. Green,WSL 2019-2020,11,0,1.0224663540720937,0.3542254865169524,4,52.73344879962366,48.72727272727273,12.523666260129323,20.90909090909091,50.0,-0.3542254865169524,0.0,0.36363636363636365,-0.3542254865169524
J. Green,WSL 2020-2021,8,0,0.5959854871034622,0.0,6,78.19592705163626,44.0,11.857824214787867,18.75,50.0,0.0,0.0,0.75,0.0
J. Green,WSL 2021-2022,6,1,1.207151159644127,1.118407979607582,2,54.60265351467111,50.166666666666664,27.404035514039393,14.166666666666666,45.0,-0.1184079796075821,0.16666666666666666,0.3333333333333333,-0.11840797960758209
J. Green,WSL 2022-2023,9,1,1.0678998529911041,1.610105037689209,8,27.862652203836568,50.77777777777778,20.83212227897455,21.11111111111111,70.0,-0.6101050376892091,0.1111111111111111,0.8888888888888888,-0.610105037689209
J. Green,WSL 2023-2024,1,0,0.0975609719753265,0.0,0,77.82037722287852,42.0,45.576855278105924,20.0,50.0,0.0,0.0,0.0,0.0
J. Green,WSL 2024-2025,4,0,0.0975609719753265,0.1948051899671554,3,23.633977969243478,54.25,12.407113996553305,10.0,53.333333333333336,-0.1948051899671554,0.0,0.75,-0.1948051899671554
J. Groenen,WSL 2019-2020,16,0,1.0458359867334364,0.0,12,76.73607922894314,49.375,9.592009903617893,9.375,0.0,0.0,0.0,0.75,0.0
J. Groenen,WSL 2020-2021,12,0,1.5171291232109068,0.6883116960525513,6,66.47107245621467,49.5,17.23558600184277,16.666666666666668,26.0,-0.6883116960525513,0.0,0.5,-0.6883116960525513
J. Groenen,WSL 2021-2022,11,0,0.9683060124516485,0.159420296549797,5,68.0942126186806,45.63636363636363,22.793810310836577,13.636363636363637,25.0,-0.159420296549797,0.0,0.45454545454545453,-0.159420296549797
J. Henning,WSL 2017-2018,2,0,0.0837070271372795,0.0,1,77.988318213549,42.0,23.663746220053916,22.5,0.0,0.0,0.0,0.5,0.0
J. Hutton,WSL 2020-2021,6,0,0.181267999112606,0.1315789520740509,4,40.35895256055367,48.833333333333336,9.606609076018088,19.166666666666668,15.0,-0.1315789520740509,0.0,0.6666666666666666,-0.1315789520740509
J. Jones,WSL 2017,4,0,0.3368653506040572,0.0,2,,46.0,0.0,12.5,,0.0,0.0,0.5,0.0
J. Jones,WSL 2017-2018,12,0,0.4184117019176483,0.0,9,78.45224304226377,46.0,7.232131364633093,12.5,25.0,0.0,0.0,0.75,0.0
J. Kemppi,WSL 2018-2019,7,1,0.4768735766410826,0.3542254865169524,4,45.54397850627767,47.714285714285715,14.5306745154377,7.142857142857143,45.0,0.6457745134830475,0.14285714285714285,0.5714285714285714,0.6457745134830476
J. Matthews,WSL 2015,1,0,0.0837070271372795,0.0,0,,42.0,0.0,20.0,,0.0,0.0,0.0,0.0
J. Matthews,WSL 2017,2,0,0.0837070271372795,0.0,1,,42.0,0.0,25.0,,0.0,0.0,0.5,0.0
J. Matthews,WSL 2017-2018,1,0,0.0975609719753265,0.0,0,,42.0,0.0,20.0,,0.0,0.0,0.0,0.0
J. Matthews,WSL 2018-2019,1,0,0.0837070271372795,0.0,0,78.07752557554575,75.0,44.038762787772875,15.0,50.0,0.0,0.0,0.0,0.0
J. Matthews,WSL 2019-2020,4,0,0.5327586121857165,0.0,2,78.05925034835386,44.0,22.8481459204218,16.25,50.0,0.0,0.0,0.5,0.0
J. Matthews,WSL 2020-2021,2,0,0.136865347623825,0.0,1,77.988318213549,50.0,19.49707955338725,0.0,0.0,0.0,0.0,0.5,0.0
J. Matthews,WSL 2022-2023,7,0,0.2171428501605986,0.0,5,39.96681003729026,44.285714285714285,17.369098822841757,15.0,56.0,0.0,0.0,0.7142857142857143,0.0
J. Matthews,WSL 2023-2024,3,0,0.2804878056049347,0.0,2,42.18610249555064,47.333333333333336,23.31527346999754,6.666666666666667,36.666666666666664,0.0,0.0,0.6666666666666666,0.0
J. Matthews,WSL 2024-2025,9,3,3.7610725834965706,3.528446614742279,5,45.96551812986686,48.333333333333336,35.70912640315583,13.333333333333334,63.75,-0.5284466147422793,0.3333333333333333,0.5555555555555556,-0.528446614742279
J. Moore,WSL 2015,5,0,0.1379238963127136,0.0,3,,42.0,0.0,24.0,,0.0,0.0,0.6,0.0
J. Moore,WSL 2016,12,0,0.6725815534591673,0.0,6,,46.083333333333336,0.0,19.583333333333332,,0.0,0.0,0.5,0.0
J. Moore,WSL 2017,9,1,0.5783067941665648,0.1948051899671554,8,44.99226245370818,45.666666666666664,7.31515757252476,22.22222222222222,40.0,0.8051948100328445,0.1111111111111111,0.8888888888888888,0.8051948100328445
J. Moore,WSL 2017-2018,21,2,1.7807767353951927,2.5194767266511917,8,60.391180680964744,46.23809523809524,27.777265074585188,15.238095238095237,59.285714285714285,-0.5194767266511917,0.09523809523809523,0.38095238095238093,-0.5194767266511917
J. Moore,WSL 2018-2019,19,1,2.5119018331170078,1.8355973362922668,10,68.5312225234589,47.421052631578945,20.483832114873874,17.36842105263158,47.5,-0.835597336292267,0.05263157894736842,0.5263157894736842,-0.8355973362922668
J. Moore,WSL 2019-2020,23,4,2.130663394927978,3.088881552219391,17,63.78991317316674,47.69565217391305,20.07026141010502,18.26086956521739,58.0,0.9111184477806089,0.17391304347826086,0.7391304347826086,0.9111184477806091
J. Moore,WSL 2021-2022,1,0,0.0,0.0,1,,42.0,0.0,25.0,,0.0,0.0,1.0,0.0
J. Moore,WSL 2022-2023,13,0,1.0966352224349971,1.0180061310529709,8,41.734622046654366,46.30769230769231,20.708714935758533,10.76923076923077,54.0,-1.0180061310529709,0.0,0.6153846153846154,-1.0180061310529709
J. Napier,WSL 2020-2021,11,1,1.4114752933382986,0.9850746393203736,8,70.88515627031217,47.09090909090909,15.574777429112322,9.090909090909092,7.5,0.0149253606796264,0.09090909090909091,0.7272727272727273,0.014925360679626354
J. Napier,WSL 2023-2024,11,0,0.6629977524280547,0.0,8,43.577824618292276,49.81818181818182,20.40304946505896,10.909090909090908,54.44444444444444,0.0,0.0,0.7272727272727273,0.0
J. Naz,WSL 2020-2021,5,0,0.0837070271372795,0.0,4,78.45196690403058,46.2,7.845196690403059,17.0,0.0,0.0,0.0,0.8,0.0
J. Naz,WSL 2021-2022,19,2,2.0921744704246517,2.7840748578310013,10,57.62061306374301,46.68421052631579,23.268541276430696,13.157894736842104,33.63636363636363,-0.7840748578310013,0.10526315789473684,0.5263157894736842,-0.7840748578310013
J. Naz,WSL 2022-2023,8,2,1.2699014693498611,1.6444949358701706,5,48.54075279350757,50.125,31.153435356672702,11.25,38.57142857142857,0.35550506412982935,0.25,0.625,0.3555050641298294
J. Naz,WSL 2023-2024,22,3,2.373572692275047,2.499920144677162,14,57.323613264627845,49.18181818181818,22.087928358805872,7.954545454545454,24.615384615384617,0.5000798553228378,0.13636363636363635,0.6363636363636364,0.5000798553228378
J. Naz,WSL 2024-2025,27,2,3.1910447254776955,2.3822569251060486,21,40.54957708109936,47.03703703703704,17.57305356577257,9.25925925925926,44.705882352941174,-0.3822569251060487,0.07407407407407407,0.7777777777777778,-0.3822569251060486
J. Naz,WSL 2025-2026,9,0,0.7219292521476746,0.633093535900116,7,37.1260572152615,47.333333333333336,13.349031383165617,7.777777777777778,52.0,-0.633093535900116,0.0,0.7777777777777778,-0.633093535900116
J. Nighswonger,WSL 2024-2025,1,0,0.0,0.0,1,,42.0,0.0,25.0,,0.0,0.0,1.0,0.0
J. Nighswonger,WSL 2025-2026,5,0,0.2171428501605986,0.0,3,51.65527879365253,42.0,33.827639396826264,24.0,70.0,0.0,0.0,0.6,0.0
J. Nobbs,WSL 2015,13,1,1.0741961896419525,0.8477319926023483,8,12.487306572484032,45.69230769230769,3.5578922833759856,13.461538461538462,65.0,0.15226800739765167,0.07692307692307693,0.6153846153846154,0.15226800739765167
J. Nobbs,WSL 2016,36,4,3.772326510399579,3.177479811012745,23,56.866072595919775,48.361111111111114,7.257909907290615,14.027777777777779,66.0,0.822520188987255,0.1111111111111111,0.6388888888888888,0.8225201889872551
J. Nobbs,WSL 2017,35,4,2.639345675706863,2.967656672000885,20,45.7931297000428,46.885714285714286,6.671786411718102,17.714285714285715,58.0,1.0323433279991148,0.11428571428571428,0.5714285714285714,1.032343327999115
J. Nobbs,WSL 2017-2018,45,3,3.1493272073566905,3.645827107131481,27,63.38363104554004,47.6,19.44172867413359,14.88888888888889,41.0,-0.6458271071314812,0.06666666666666667,0.6,-0.6458271071314812
J. Nobbs,WSL 2018-2019,36,9,6.9111062958836555,8.289558753371239,24,49.37361613745238,47.72222222222222,21.557484701118558,10.13888888888889,35.26315789473684,0.7104412466287608,0.25,0.6666666666666666,0.7104412466287613
J. Nobbs,WSL 2019-2020,29,5,4.178437203168868,3.5695696026086807,19,59.01259371214629,53.241379310344826,21.397064629403136,8.96551724137931,34.666666666666664,1.4304303973913193,0.1724137931034483,0.6551724137931034,1.4304303973913193
J. Nobbs,WSL 2020-2021,31,5,3.4013376459479328,5.168186530470848,25,44.959346677701326,50.38709677419355,14.483505461553206,10.806451612903226,47.27272727272727,-0.16818653047084836,0.16129032258064516,0.8064516129032258,-0.16818653047084808
J. Nobbs,WSL 2021-2022,18,2,2.6398458853363986,2.005077078938484,7,56.957042963055756,47.388888888888886,22.874965666571917,13.333333333333334,30.90909090909091,-0.005077078938484247,0.1111111111111111,0.3888888888888889,-0.005077078938484192
J. Nobbs,WSL 2022-2023,30,6,2.566957507282495,4.780000030994415,25,37.537591165384406,47.333333333333336,22.0172587193704,8.333333333333334,54.166666666666664,1.2199999690055845,0.2,0.8333333333333334,1.2199999690055847
J. Nobbs,WSL 2023-2024,24,2,2.8517156466841693,2.342213496565819,14,48.76508475095172,48.958333333333336,25.21672402907011,12.083333333333334,31.05263157894737,-0.3422134965658188,0.08333333333333333,0.5833333333333334,-0.3422134965658188
J. Nobbs,WSL 2024-2025,28,1,1.8804069198667999,1.0079005509614944,17,49.12257053816073,47.42857142857143,23.028430544420907,18.928571428571427,42.5,-0.00790055096149439,0.03571428571428571,0.6071428571428571,-0.007900550961494446
J. Park,WSL 2018-2019,1,0,0.0,0.0,1,,50.0,0.0,0.0,,0.0,0.0,1.0,0.0
J. Park,WSL 2020-2021,3,0,0.0975609719753265,0.1315789520740509,2,24.72066162365217,44.666666666666664,5.435899791349204,16.666666666666668,30.0,-0.1315789520740509,0.0,0.6666666666666666,-0.1315789520740509
J. Park,WSL 2021-2022,16,0,1.8346205353736873,0.5205314010381699,9,62.314117996168,53.6875,12.97239350122807,5.9375,10.0,-0.5205314010381699,0.0,0.5625,-0.5205314010381699
J. Park,WSL 2022-2023,32,3,2.64417440444231,3.559804677963257,24,37.45672327988066,47.03125,18.608898846382864,11.875,58.63636363636363,-0.559804677963257,0.09375,0.75,-0.5598046779632568
J. Park,WSL 2023-2024,29,4,2.923476509749889,4.003940850496292,21,47.2345048619356,49.758620689655174,23.17859844953829,14.482758620689655,45.26315789473684,-0.0039408504962923085,0.13793103448275862,0.7241379310344828,-0.003940850496292114
J. Park,WSL 2024-2025,31,5,3.5541658699512477,4.6759337186813354,24,45.39463549384272,51.25806451612903,23.42856995675409,12.580645161290322,42.27272727272727,0.3240662813186643,0.16129032258064516,0.7741935483870968,0.32406628131866455
J. Park,WSL 2025-2026,39,6,3.6541567519307128,5.4454036206007,30,43.09728042492145,48.0,23.42027439060482,15.384615384615385,47.142857142857146,0.5545963793992996,0.15384615384615385,0.7692307692307693,0.5545963793992996
J. Pennock,WSL 2021-2022,17,2,1.8664628155529495,2.563358575105667,9,52.58106818606896,48.23529411764706,19.052452744947793,15.882352941176471,30.0,-0.5633585751056671,0.11764705882352941,0.5294117647058824,-0.5633585751056671
J. Potter,WSL 2015,20,0,0.6922032982110976,0.0837070271372795,13,,46.1,0.41853513568639744,21.25,,-0.0837070271372795,0.0,0.65,-0.0837070271372795
J. Potter,WSL 2016,25,1,1.8383068777620784,0.3611111044883728,7,25.43706831465541,44.28,1.275408025012489,21.6,30.0,0.6388888955116272,0.04,0.28,0.6388888955116272
J. Potter,WSL 2017,2,0,0.0975609719753265,0.0,1,,42.0,0.0,25.0,,0.0,0.0,0.5,0.0
J. Potter,WSL 2017-2018,15,0,0.3595548197627067,0.0,10,78.27912328424459,42.0,15.824298325151878,25.0,40.0,0.0,0.0,0.6666666666666666,0.0
J. Potter,WSL 2018-2019,6,0,0.4572534784674643,0.0,1,76.87594968073006,43.333333333333336,38.97609014474863,20.833333333333332,20.0,0.0,0.0,0.16666666666666666,0.0
J. Potter,WSL 2019-2020,5,1,1.098448559641838,1.255523718893528,4,43.34327905942816,48.6,19.040363171835377,22.0,30.0,-0.255523718893528,0.2,0.8,-0.255523718893528
J. Purfield,WSL 2018-2019,1,0,0.0,0.0,1,,42.0,0.0,25.0,,0.0,0.0,1.0,0.0
J. Purfield,WSL 2020-2021,10,2,1.7173061370849605,2.3263710737228394,5,44.80986833691038,46.0,25.16256713908715,12.5,48.57142857142857,-0.3263710737228393,0.2,0.5,-0.32637107372283936
J. Purfield,WSL 2021-2022,14,2,1.7080801650881765,1.4916793704032898,9,71.94702576801275,43.42857142857143,24.635593188105474,19.285714285714285,47.142857142857146,0.50832062959671,0.14285714285714285,0.6428571428571429,0.5083206295967102
J. Purfield,WSL 2022-2023,11,0,0.2759854793548583,0.1333333402872085,8,39.1240098707014,44.18181818181818,14.064123923095798,18.181818181818183,31.666666666666668,-0.1333333402872085,0.0,0.7272727272727273,-0.1333333402872085
J. Rantala,WSL 2023-2024,55,6,5.607701405882834,5.8668175637722015,36,46.57285576438157,47.25454545454546,22.680267940902816,8.727272727272727,31.21951219512195,0.13318243622779846,0.10909090909090909,0.6545454545454545,0.13318243622779846
J. Rantala,WSL 2024-2025,7,1,1.0167737081646917,0.633093535900116,3,68.38279532622704,47.714285714285715,29.516637294176824,7.142857142857143,6.0,0.366906464099884,0.14285714285714285,0.42857142857142855,0.36690646409988403
J. Rantala,WSL 2025-2026,10,0,0.3872627094388007,0.623652935028076,5,55.686328445315944,51.8,25.194507094278144,13.0,34.285714285714285,-0.623652935028076,0.0,0.5,-0.623652935028076
J. Riviere,WSL 2023-2024,4,0,0.0542168691754341,0.0,3,55.450714943373335,44.0,18.02934540251,18.75,75.0,0.0,0.0,0.75,0.0
J. Riviere,WSL 2024-2025,2,0,0.0837070271372795,0.0,1,78.02570801416103,42.0,23.673093670206924,25.0,0.0,0.0,0.0,0.5,0.0
J. Riviere,WSL 2025-2026,6,1,0.6074377223849294,0.3611111044883728,3,47.61936585220496,51.5,28.948571781877675,10.0,46.666666666666664,0.6388888955116272,0.16666666666666666,0.5,0.6388888955116272
J. Roddar,WSL 2025-2026,3,0,0.2598684132099151,0.7358490824699402,3,48.723144287275105,55.666666666666664,28.043983364902214,13.333333333333334,65.0,-0.7358490824699402,0.0,1.0,-0.7358490824699402
J. Roord,WSL 2019-2020,20,2,2.4629583060741425,2.2171716690063477,14,62.904166735836355,47.25,17.739924184010125,13.0,41.25,-0.21717166900634785,0.1,0.7,-0.21717166900634766
J. Roord,WSL 2020-2021,46,7,4.212915927171706,6.349729120731354,36,56.824577246334215,48.5,14.056461906078553,10.217391304347826,50.0,0.650270879268646,0.15217391304347827,0.782608695652174,0.6502708792686462
J. Roord,WSL 2023-2024,27,6,4.289375655353069,6.155172944068909,23,31.906744692457092,48.370370370370374,23.94750934390088,13.148148148148149,76.08695652173913,-0.15517294406890902,0.2222222222222222,0.8518518518518519,-0.1551729440689087
J. Roord,WSL 2024-2025,47,5,6.610852248966693,5.454324722290039,35,42.812117062219436,49.234042553191486,21.443442345905133,9.361702127659575,53.714285714285715,-0.4543247222900394,0.10638297872340426,0.7446808510638298,-0.45432472229003906
J. Rose,WSL 2015,6,0,0.6239536963403223,0.050000000745058,2,,48.833333333333336,0.8333333457509666,16.666666666666668,,-0.050000000745058,0.0,0.3333333333333333,-0.050000000745058
J. Rose,WSL 2016,4,0,0.3684398382902144,0.2598684132099151,3,,48.0,6.496710330247877,5.0,,-0.2598684132099151,0.0,0.75,-0.2598684132099151
J. Rose,WSL 2017-2018,2,0,0.0975609719753265,0.0,1,78.10427502882142,42.0,22.859402090538687,20.0,50.0,0.0,0.0,0.5,0.0
J. Rose,WSL 2025-2026,2,1,0.931034505367279,0.977011501789093,2,36.484900557525386,58.5,38.73095613893241,17.5,65.0,0.0229884982109069,0.5,1.0,0.022988498210906982
J. Ross,WSL 2016,38,8,5.95004367083311,6.584788650274277,26,34.761819581267616,45.36842105263158,11.044370809155255,12.631578947368421,79.0,1.4152113497257228,0.21052631578947367,0.6842105263157895,1.4152113497257233
J. Ross,WSL 2017,11,2,2.250845193862915,1.9620861411094666,9,19.73527864474671,54.63636363636363,7.599805716184608,10.0,30.0,0.0379138588905333,0.18181818181818182,0.8181818181818182,0.03791385889053345
J. Ross,WSL 2017-2018,19,3,2.6399329304695125,2.686074271798134,14,39.37403787971828,46.68421052631579,13.599545301734631,13.421052631578947,65.71428571428571,0.31392572820186615,0.15789473684210525,0.7368421052631579,0.31392572820186615
J. Ross,WSL 2018-2019,37,7,5.523007599864063,7.68574886605507,26,52.17610041231209,47.67567567567568,20.429948609417337,11.35135135135135,50.0,-0.6857488660550703,0.1891891891891892,0.7027027027027027,-0.6857488660550697
J. Ross,WSL 2019-2020,9,1,1.167414054274559,1.2340425550937653,7,45.93268541108759,47.0,10.513403192285246,11.666666666666666,65.0,-0.2340425550937652,0.1111111111111111,0.7777777777777778,-0.23404255509376526
J. Ross,WSL 2020-2021,9,2,0.9100707694888114,1.5663604736328125,6,67.96346284397495,44.666666666666664,28.35920051691723,15.555555555555555,50.0,0.4336395263671874,0.2222222222222222,0.6666666666666666,0.4336395263671875
J. Rybrink,WSL 2024-2025,5,2,1.931034505367279,1.9850746393203735,5,22.25733504265856,50.0,23.039115357251518,0.0,58.0,0.0149253606796264,0.4,1.0,0.014925360679626465
J. Rybrink,WSL 2025-2026,1,0,0.0975609719753265,0.0,0,78.85288693369303,42.0,46.09311013351318,20.0,50.0,0.0,0.0,0.0,0.0
J. Rytting Kaneryd,WSL 2022-2023,15,1,1.7768111005425449,0.6997602060437201,8,56.46804419144417,48.93333333333333,22.66002550450586,3.3333333333333335,20.0,0.30023979395627975,0.06666666666666667,0.5333333333333333,0.30023979395627987
J. Rytting Kaneryd,WSL 2023-2024,22,4,3.4447058141231532,3.830277666449547,17,47.67903733072512,49.90909090909091,23.21974742305719,5.2272727272727275,34.666666666666664,0.16972233355045296,0.18181818181818182,0.7727272727272727,0.16972233355045319
J. Rytting Kaneryd,WSL 2024-2025,46,4,4.48180454596877,4.645800322294235,26,53.91808236559706,50.21739130434783,25.564813258347325,9.130434782608695,37.94117647058823,-0.6458003222942355,0.08695652173913043,0.5652173913043478,-0.6458003222942352
J. Rytting Kaneryd,WSL 2025-2026,23,2,2.5656966939568515,1.5424502789974213,17,42.03189896557983,48.608695652173914,19.473649234498886,4.130434782608695,34.44444444444444,0.4575497210025787,0.08695652173913043,0.7391304347826086,0.45754972100257874
J. Scott,WSL 2015,24,1,3.2626726701855655,0.7721518874168396,9,19.94436706886877,47.083333333333336,1.3806975065391487,15.416666666666666,30.0,0.2278481125831604,0.041666666666666664,0.375,0.2278481125831604
J. Scott,WSL 2016,36,2,2.9619561210274687,1.565797597169876,20,53.509313929370066,47.666666666666664,3.521779302874401,15.972222222222221,100.0,0.4342024028301239,0.05555555555555555,0.5555555555555556,0.4342024028301239
J. Scott,WSL 2017,16,3,3.6107640042901035,2.5144124031066895,9,48.24218986989824,45.5625,11.890630322895657,17.8125,57.5,0.48558759689331044,0.1875,0.5625,0.48558759689331055
J. Scott,WSL 2017-2018,30,7,4.50658918917179,7.298045322299004,18,56.1930808496222,45.766666666666666,27.600414021630108,14.833333333333334,52.77777777777778,-0.2980453222990038,0.23333333333333334,0.6,-0.2980453222990036
J. Scott,WSL 2018-2019,19,0,2.7873579487204547,1.1536249369382858,7,67.24401231790551,47.578947368421055,26.03892045696044,15.263157894736842,45.833333333333336,-1.1536249369382858,0.0,0.3684210526315789,-1.1536249369382858
J. Scott,WSL 2019-2020,11,0,1.6381092667579646,0.0,5,78.19737921719168,44.18181818181818,24.20534584711288,16.818181818181817,16.666666666666668,0.0,0.0,0.45454545454545453,0.0
J. Scott,WSL 2020-2021,20,3,2.936399355530738,3.091601550579071,9,48.67575097841193,43.6,23.240127619392183,18.25,69.16666666666667,-0.09160155057907104,0.15,0.45,-0.09160155057907104
J. Scott,WSL 2021-2022,13,0,1.1837717741727827,0.7358490824699402,7,63.072574231947314,45.07692307692308,12.940047764460985,12.307692307692308,45.0,-0.7358490824699402,0.0,0.5384615384615384,-0.7358490824699402
J. Sigsworth,WSL 2016,7,1,1.171198457479477,0.7721518874168396,5,50.09058461094922,48.857142857142854,6.8871212754256845,3.5714285714285716,100.0,0.2278481125831604,0.14285714285714285,0.7142857142857143,0.2278481125831604
J. Sigsworth,WSL 2019-2020,11,2,2.8052433356642723,2.05438419431448,6,57.79771624791243,51.63636363636363,22.80765149752557,10.0,26.666666666666668,-0.05438419431447991,0.18181818181818182,0.5454545454545454,-0.05438419431447983
J. Sigsworth,WSL 2020-2021,10,3,2.8837011009454723,2.4930756092071533,6,58.67364278322907,47.3,30.348335135084966,9.0,37.142857142857146,0.5069243907928467,0.3,0.6,0.5069243907928467
J. Sigsworth,WSL 2021-2022,20,2,1.5806011541224105,1.2692554651237116,17,62.18160210383688,46.0,10.50991679399851,11.75,22.0,0.7307445348762884,0.1,0.85,0.7307445348762884
J. Sonis,WSL 2018-2019,11,1,0.3977923095226287,0.790999248623848,9,15.883847073132644,43.81818181818182,5.686886188037673,16.818181818181817,53.333333333333336,0.2090007513761521,0.09090909090909091,0.8181818181818182,0.20900075137615204
J. Sonis,WSL 2019-2020,24,0,1.7517811805009835,0.5,12,76.07316395432257,49.375,18.613988961754476,5.208333333333333,4.545454545454546,-0.5,0.0,0.5,-0.5
J. Sonis,WSL 2020-2021,27,4,4.3898225873708725,4.016787469387054,16,58.676682574935185,47.22222222222222,20.687730647605818,10.37037037037037,41.53846153846154,-0.016787469387054665,0.14814814814814814,0.5925925925925926,-0.016787469387054443
J. Sonis,WSL 2021-2022,14,1,1.2477649599313734,1.1883116960525513,8,65.96201174647243,47.5,20.70355180911167,9.285714285714286,25.714285714285715,-0.18831169605255133,0.07142857142857142,0.5714285714285714,-0.18831169605255127
J. Spetsmark,WSL 2017-2018,1,0,0.0975609719753265,0.0,0,78.11785967370074,42.0,45.72559650351703,20.0,50.0,0.0,0.0,0.0,0.0
J. Taylor,WSL 2016,5,2,1.1835460364818573,1.7286736369132996,5,22.810719481781398,50.0,14.934185717836078,0.0,30.0,0.2713263630867004,0.4,1.0,0.27132636308670044
J. Taylor,WSL 2017,13,3,3.2025510934067936,3.4252386209441394,10,44.6299116143276,50.69230769230769,17.125296562931403,5.0,20.0,-0.42523862094413956,0.23076923076923078,0.7692307692307693,-0.42523862094413944
J. Taylor,WSL 2017-2018,7,2,2.351233324263154,1.7411722002959835,3,66.6213183749423,48.857142857142854,36.96654111433901,2.857142857142857,18.333333333333332,0.2588277997040166,0.2857142857142857,0.42857142857142855,0.2588277997040165
J. Taylor,WSL 2022-2023,4,0,0.747553676366806,0.0,2,66.96027722200368,46.0,28.86010395825138,11.25,26.666666666666668,0.0,0.0,0.5,0.0
J. Thibaud,WSL 2023-2024,4,0,0.167414054274559,0.0,2,77.99447961827799,46.0,23.665286571236166,12.5,25.0,0.0,0.0,0.5,0.0
J. Thibaud,WSL 2024-2025,9,1,1.7502569034695625,2.297578379511833,4,59.35508668523752,46.22222222222222,44.18798979284338,20.555555555555557,70.0,-1.2975783795118332,0.1111111111111111,0.4444444444444444,-1.2975783795118332
J. Thibaud,WSL 2025-2026,11,0,0.7061114385724065,0.6594202965497971,4,50.2573632179499,51.72727272727273,30.70328105935546,18.181818181818183,56.0,-0.6594202965497971,0.0,0.36363636363636365,-0.6594202965497971
J. Vanhaevermaet,WSL 2021-2022,14,2,2.030289782438336,1.6912116466498957,5,61.43973611311198,44.285714285714285,26.586797279178622,16.071428571428573,34.44444444444444,0.30878835335010435,0.14285714285714285,0.35714285714285715,0.30878835335010435
J. Vanhaevermaet,WSL 2022-2023,18,4,2.8501130475140197,3.662191322300492,11,42.24507326314527,45.55555555555556,28.11998106152835,11.944444444444445,47.5,0.3378086776995076,0.2222222222222222,0.6111111111111112,0.33780867769950795
J. Vanhaevermaet,WSL 2023-2024,13,1,3.762514909956513,2.9722689448333366,7,54.44486379516621,48.23076923076923,30.759565599535204,11.153846153846153,45.0,-1.972268944833337,0.07692307692307693,0.5384615384615384,-1.9722689448333366
J. Vanhaevermaet,WSL 2024-2025,11,1,1.1812282130122183,0.9315721839666367,8,44.05956599633695,43.45454545454545,24.807443560834734,16.363636363636363,67.77777777777777,0.0684278160333634,0.09090909090909091,0.7272727272727273,0.06842781603336334
J. Wik,WSL 2017-2018,1,0,0.0,0.0,1,,42.0,0.0,25.0,,0.0,0.0,1.0,0.0
J. Zigiotti Olme,WSL 2021-2022,8,2,1.2678051888942716,1.8345705270767212,4,57.83300558637818,54.25,23.004557539798917,10.0,27.5,0.1654294729232787,0.25,0.5,0.1654294729232788
J. Zigiotti Olme,WSL 2022-2023,21,2,1.375802412629127,3.245904862880707,14,40.26921344591199,44.714285714285715,23.54267841575053,20.714285714285715,66.66666666666667,-1.2459048628807068,0.09523809523809523,0.6666666666666666,-1.2459048628807068
J. Zigiotti Olme,WSL 2023-2024,12,0,0.991306848824024,0.0,7,55.478016152876926,46.083333333333336,21.68711649540342,18.75,53.75,0.0,0.0,0.5833333333333334,0.0
J. Zigiotti Olme,WSL 2025-2026,25,2,3.7358113750815387,1.4139223843812943,12,57.694125998456265,44.96,31.72823978060918,20.8,60.95238095238095,0.5860776156187057,0.08,0.48,0.5860776156187057
J. Ziu,WSL 2022-2023,1,0,0.0,0.0,1,15.687928834333437,50.0,7.843964417166719,0.0,30.0,0.0,0.0,1.0,0.0
J. Ziu,WSL 2023-2024,12,0,0.9929904490709303,0.633093535900116,8,46.384651150010264,50.083333333333336,20.643644687670804,7.083333333333333,33.333333333333336,-0.633093535900116,0.0,0.6666666666666666,-0.633093535900116
J. Čanković,WSL 2022-2023,11,4,2.79881627112627,3.66756671667099,6,52.230613835842846,46.36363636363637,37.3800064253949,10.909090909090908,32.0,0.33243328332900984,0.36363636363636365,0.5454545454545454,0.33243328332901
J. Čanković,WSL 2023-2024,7,0,0.2061323970556258,0.633093535900116,5,46.92995362213491,44.285714285714285,24.950146209382012,16.428571428571427,80.0,-0.633093535900116,0.0,0.7142857142857143,-0.633093535900116
J. Čanković,WSL 2024-2025,10,3,0.6502023562788963,1.7901580184698105,9,41.12104945933211,54.3,17.984069753575792,14.5,62.0,1.2098419815301895,0.3,0.9,1.2098419815301895
J. Čanković,WSL 2025-2026,14,2,3.2416845858097076,2.598972499370575,9,47.75380233065806,50.5,24.886060950076732,13.214285714285714,42.0,-0.5989724993705751,0.14285714285714285,0.6428571428571429,-0.598972499370575
J. Šimić,WSL 2018-2019,13,2,1.285772033035755,1.8361395001411438,7,55.26205673349044,50.53846153846154,21.80779873626545,18.46153846153846,17.142857142857142,0.1638604998588563,0.15384615384615385,0.5384615384615384,0.1638604998588562
J. Šimić,WSL 2019-2020,1,0,0.0,0.0,1,,50.0,0.0,0.0,,0.0,0.0,1.0,0.0
Jade Boho,WSL 2016,1,0,0.0,0.0,1,,38.0,0.0,20.0,,0.0,0.0,1.0,0.0
Jana Fernández,WSL 2025-2026,22,1,1.476935543119907,1.3722316175699232,11,48.5378822364859,48.72727272727273,27.78823736312746,20.227272727272727,35.55555555555556,-0.3722316175699233,0.045454545454545456,0.5,-0.3722316175699232
Jeon Ga-Eul,WSL 2021-2022,2,0,0.19108221679925907,0.0,0,78.18213267097426,42.0,46.59106633548713,22.5,50.0,0.0,0.0,0.0,0.0
Ji So-Yun,WSL 2015,34,5,4.940322039876042,4.273144370172082,23,39.414137361602755,49.35294117647059,6.668519838504981,7.352941176470588,30.0,0.7268556298279177,0.14705882352941177,0.6764705882352942,0.7268556298279183
Ji So-Yun,WSL 2016,24,5,3.6144747920334335,5.160078123211861,17,39.95585414761621,51.458333333333336,11.761246078951059,6.875,41.666666666666664,-0.16007812321186093,0.20833333333333334,0.7083333333333334,-0.16007812321186066
Ji So-Yun,WSL 2017,25,4,3.5711738839745517,3.445845305919647,17,40.458846073747466,48.12,7.705055386336707,9.4,65.0,0.5541546940803526,0.16,0.68,0.5541546940803528
Ji So-Yun,WSL 2017-2018,34,6,4.111343711614608,6.482748210430145,25,54.490855525657324,47.911764705882355,18.31132651938742,14.117647058823529,39.285714285714285,-0.4827482104301453,0.17647058823529413,0.7352941176470589,-0.48274821043014526
Ji So-Yun,WSL 2018-2019,42,6,4.663243539631367,5.279266864061356,32,59.6328682910043,47.142857142857146,16.00693297073904,16.071428571428573,43.333333333333336,0.7207331359386442,0.14285714285714285,0.7619047619047619,0.7207331359386444
Ji So-Yun,WSL 2019-2020,40,6,4.763669073581695,6.024327903985977,21,60.91433958700014,46.225,26.709214470756194,21.625,53.75,-0.024327903985977256,0.15,0.525,-0.024327903985977173
Ji So-Yun,WSL 2020-2021,30,2,1.813004676252603,2.194506138563156,18,66.71455469114785,45.0,18.315194854570507,21.833333333333332,46.666666666666664,-0.19450613856315613,0.06666666666666667,0.6,-0.19450613856315613
Ji So-Yun,WSL 2021-2022,17,0,1.1035593599081037,0.2340425550937652,9,73.22684170516837,46.23529411764706,17.449915056131506,11.764705882352942,32.857142857142854,-0.2340425550937652,0.0,0.5294117647058824,-0.2340425550937652
Júlia Bartel,WSL 2024-2025,1,0,0.0,0.0,1,,42.0,0.0,25.0,,0.0,0.0,1.0,0.0
K. Aldridge,WSL 2017-2018,3,0,0.0,0.0,3,,50.0,0.0,0.0,,0.0,0.0,1.0,0.0
K. Asllani,WSL 2016,18,1,2.3201649412512775,0.9850746393203736,12,18.797458457047956,48.27777777777778,2.1639426893408436,10.0,30.0,0.0149253606796264,0.05555555555555555,0.6666666666666666,0.014925360679626354
K. Asllani,WSL 2017,5,1,1.731259137392044,0.9850746393203736,2,11.23684415957905,46.8,7.034132251880147,9.0,30.0,0.0149253606796264,0.2,0.4,0.014925360679626354
K. Asllani,WSL 2025-2026,18,2,2.797163721628305,2.6617802050782413,14,40.88970210308187,45.833333333333336,23.969543409581362,14.166666666666666,40.0,-0.6617802050782413,0.1111111111111111,0.7777777777777778,-0.6617802050782413
K. Barton,WSL 2017-2018,15,0,2.5214475318789478,0.5,5,73.68663640003713,49.06666666666667,25.994879808900027,14.666666666666666,27.77777777777778,-0.5,0.0,0.3333333333333333,-0.5
K. Barton,WSL 2018-2019,30,2,3.1236258819699283,2.43097086250782,17,59.567481864204225,46.6,18.226147488640958,16.166666666666668,49.23076923076923,-0.43097086250782013,0.06666666666666667,0.5666666666666667,-0.43097086250782013
K. Barton,WSL 2019-2020,21,2,3.3281123510039428,2.505260950181542,11,67.03592759215003,47.80952380952381,23.437560171219275,14.523809523809524,37.27272727272727,-0.5052609501815424,0.09523809523809523,0.5238095238095238,-0.5052609501815422
K. Barton,WSL 2020-2021,16,0,1.3443420007824896,0.2340425550937652,8,67.11028944567768,47.0625,11.758145850021279,13.75,30.0,-0.2340425550937652,0.0,0.5,-0.2340425550937652
K. Barton,WSL 2021-2022,15,3,1.6223729625344272,3.3276958614587784,10,38.04166077421713,46.333333333333336,17.976223681345996,15.333333333333334,72.85714285714286,-0.3276958614587785,0.2,0.6666666666666666,-0.3276958614587784
K. Barton,WSL 2022-2023,7,2,1.5497750490903854,1.3506961464881897,4,51.91860073203664,44.285714285714285,28.378674222581513,15.0,70.0,0.6493038535118102,0.2857142857142857,0.5714285714285714,0.6493038535118103
K. Baunach,WSL 2019-2020,9,3,1.8607045635581014,2.7818266972899437,4,43.005479171631904,44.22222222222222,33.75667232650658,16.11111111111111,63.75,0.2181733027100564,0.3333333333333333,0.4444444444444444,0.2181733027100563
K. Benameur,WSL 2021-2022,1,1,1.0,1.0,1,56.084856343857346,50.0,58.04242817192867,0.0,100.0,0.0,1.0,1.0,0.0
K. Buchanan,WSL 2022-2023,2,1,1.0837070271372795,1.118407979607582,1,24.90728712417895,46.0,32.56309658953654,10.0,100.0,-0.1184079796075821,0.5,0.5,-0.11840797960758209
K. Buchanan,WSL 2023-2024,2,1,0.4414414465427398,0.5131579041481018,2,14.966044655840967,46.0,18.513724223475343,10.0,100.0,0.4868420958518982,0.5,1.0,0.4868420958518982
K. Buchanan,WSL 2024-2025,3,0,0.3684398382902144,0.6447368562221527,1,19.75968913849026,53.0,22.438324242577767,18.333333333333332,76.66666666666667,-0.6447368562221527,0.0,0.3333333333333333,-0.6447368562221527
K. Buchanan,WSL 2025-2026,1,0,0.0837070271372795,0.0,0,78.11785967370074,42.0,45.72559650351703,20.0,50.0,0.0,0.0,0.0,0.0
K. Carney,WSL 2015,24,3,3.8710179130842044,2.7814505870749313,11,39.37081040003687,46.541666666666664,7.104936322735625,13.958333333333334,47.5,0.21854941292506885,0.125,0.4583333333333333,0.2185494129250687
K. Carney,WSL 2016,36,3,3.956466334167776,2.754211178276597,18,38.979680465022206,46.02777777777778,6.423112316945311,14.444444444444445,56.666666666666664,0.245788821723403,0.08333333333333333,0.5,0.24578882172340322
K. Carney,WSL 2017,12,4,2.12209107563263,3.106362765882073,10,38.66464051497972,48.75,14.765569222757359,11.25,65.0,0.8936372341179264,0.3333333333333333,0.8333333333333334,0.8936372341179268
K. Carney,WSL 2017-2018,15,3,1.0727838575839992,2.315609872341156,12,53.25898519508713,47.2,18.50523900592196,16.333333333333332,51.666666666666664,0.6843901276588438,0.2,0.8,0.684390127658844
K. Carney,WSL 2018-2019,18,1,2.640935061726628,2.791018812213002,11,66.91050776964508,46.44444444444444,21.85390718859538,10.833333333333334,22.857142857142858,-1.7910188122130022,0.05555555555555555,0.6111111111111112,-1.791018812213002
K. Casparij,WSL 2022-2023,4,0,0.0975609719753265,0.0,3,58.43962378184427,54.25,23.998192251524934,10.0,43.333333333333336,0.0,0.0,0.75,0.0
K. Casparij,WSL 2023-2024,4,1,1.0285954773426056,1.0,3,52.61531436038734,50.0,27.230742885145247,0.0,43.333333333333336,0.0,0.25,0.75,0.0
K. Casparij,WSL 2024-2025,12,2,2.9034590199589725,2.689872086048126,6,55.55644369721953,48.833333333333336,34.03986508896178,17.916666666666668,37.0,-0.6898720860481264,0.16666666666666666,0.5,-0.6898720860481262
K. Casparij,WSL 2025-2026,15,3,2.2819945961236954,2.6823025196790695,13,27.492467716292833,49.6,20.25048101476416,13.333333333333334,60.833333333333336,0.31769748032093037,0.2,0.8666666666666667,0.3176974803209305
K. Chapman,WSL 2015,18,1,1.0571384578943248,0.5,8,28.050747662842152,47.888888888888886,1.8902985461900594,15.555555555555555,100.0,0.5,0.05555555555555555,0.4444444444444444,0.5
K. Chapman,WSL 2016,28,6,3.189693346619605,4.14435438811779,18,35.74983669561116,45.5,9.461195537989303,17.857142857142858,100.0,1.8556456118822098,0.21428571428571427,0.6428571428571429,1.8556456118822098
K. Chapman,WSL 2017,6,0,1.1529342904686928,0.0,2,,51.5,0.0,10.0,,0.0,0.0,0.3333333333333333,0.0
K. Chapman,WSL 2017-2018,17,0,0.6025596670806405,0.1333333402872085,11,63.21410425265411,42.94117647058823,9.534992669446538,20.0,62.5,-0.1333333402872085,0.0,0.6470588235294118,-0.1333333402872085
K. Cooney-Cross,WSL 2023-2024,5,0,0.1379238963127136,0.4000000059604645,3,52.53750029544449,61.8,22.8279167910628,19.0,60.0,-0.4000000059604645,0.0,0.6,-0.4000000059604645
K. Cooney-Cross,WSL 2024-2025,11,0,0.741856940090656,0.5541571527719498,3,50.40747386584094,46.45454545454545,27.738637604191762,19.09090909090909,55.55555555555556,-0.5541571527719498,0.0,0.2727272727272727,-0.5541571527719498
K. Cooney-Cross,WSL 2025-2026,6,0,0.167414054274559,0.0,4,41.236320932775286,50.166666666666664,25.618160466387646,15.0,83.33333333333333,0.0,0.0,0.6666666666666666,0.0
K. Dali,WSL 2019-2020,21,2,1.8484079188144786,1.4484052716231928,14,61.7742915498568,47.095238095238095,14.587087868564819,18.333333333333332,34.285714285714285,0.5515947283768072,0.09523809523809523,0.6666666666666666,0.5515947283768072
K. Dali,WSL 2020-2021,34,3,2.7476234643197635,3.3750635294652565,24,67.53462683158986,44.85294117647059,18.658426357111455,16.323529411764707,35.833333333333336,-0.3750635294652567,0.08823529411764706,0.7058823529411765,-0.37506352946525645
K. Dali,WSL 2021-2022,26,0,1.2624737173318858,0.3673758953809737,16,67.60076383929827,45.61538461538461,14.559924902754027,20.0,44.44444444444444,-0.3673758953809737,0.0,0.6153846153846154,-0.3673758953809737
K. Dali,WSL 2022-2023,34,5,4.270718924701213,5.593908466398716,24,41.354030021587015,50.1764705882353,26.69892135147214,20.88235294117647,65.18518518518519,-0.593908466398716,0.14705882352941177,0.7058823529411765,-0.593908466398716
K. Dali,WSL 2023-2024,25,1,1.005848571658134,1.860431909561157,18,39.65552617811909,44.44,15.209621764451017,18.4,48.46153846153846,-0.860431909561157,0.04,0.72,-0.860431909561157
K. Dali,WSL 2024-2025,6,1,0.6049897670745848,0.8780487775802612,4,46.691303293936045,44.666666666666664,33.291451090424886,16.666666666666668,71.66666666666667,0.1219512224197387,0.16666666666666666,0.6666666666666666,0.12195122241973877
K. Gago,WSL 2024-2025,17,4,3.275999218225479,3.7257609963417053,12,42.31899353724775,47.76470588235294,25.86308537162659,8.823529411764707,55.0,0.27423900365829446,0.23529411764705882,0.7058823529411765,0.2742390036582947
K. Gago,WSL 2025-2026,13,4,2.7719862349331374,3.670167863368988,11,30.895047433888067,48.84615384615385,24.10470231698364,9.23076923076923,48.18181818181818,0.3298321366310117,0.3076923076923077,0.8461538461538461,0.32983213663101196
K. Gorry,WSL 2023-2024,9,0,0.9456391297280786,0.0,2,77.22114081280259,48.44444444444444,36.6971103160899,25.555555555555557,42.857142857142854,0.0,0.0,0.2222222222222222,0.0
K. Gorry,WSL 2024-2025,27,3,2.079288288950919,2.962918668985367,15,40.98968426002241,44.629629629629626,23.985651041967767,19.62962962962963,60.95238095238095,0.03708133101463318,0.1111111111111111,0.5555555555555556,0.03708133101463318
K. Gorry,WSL 2025-2026,20,0,1.2910839244723316,0.0,10,58.77168723919676,47.25,25.95604938136545,13.0,28.0,0.0,0.0,0.5,0.0
K. Graham,WSL 2019-2020,40,3,2.8516439646482463,2.811570018529892,25,68.1195735051423,47.425,19.16742021707349,17.625,42.94117647058823,0.1884299814701078,0.075,0.625,0.18842998147010803
K. Graham,WSL 2020-2021,22,1,1.6406821049749847,2.5933843553066254,11,42.851094031242745,46.63636363636363,16.608651552215722,15.454545454545455,61.0,-1.5933843553066251,0.045454545454545456,0.5,-1.5933843553066254
K. Graham,WSL 2021-2022,26,2,2.2296555712819095,2.2949375212192535,16,63.31303106073003,45.88461538461539,18.156530633484337,15.576923076923077,48.18181818181818,-0.29493752121925365,0.07692307692307693,0.6153846153846154,-0.29493752121925354
K. Graham,WSL 2022-2023,11,2,2.4708842337131496,1.8522107303142548,5,60.20092866133835,44.90909090909091,33.92156068655608,14.545454545454545,40.0,0.14778926968574518,0.18181818181818182,0.45454545454545453,0.14778926968574524
K. Graham,WSL 2023-2024,14,0,1.114922538399696,0.2649122923612594,4,62.399513085887754,49.07142857142857,33.61984147282126,22.5,36.666666666666664,-0.2649122923612594,0.0,0.2857142857142857,-0.2649122923612594
K. Hanson,WSL 2019-2020,16,3,4.036100476980209,3.557173252105713,7,40.21732368311234,47.625,21.633446832004154,13.125,42.0,-0.5571732521057129,0.1875,0.4375,-0.5571732521057129
K. Hanson,WSL 2020-2021,29,5,5.940303083509206,4.881494581699371,15,58.3413647284584,51.724137931034484,23.442842136045343,11.206896551724139,21.875,0.11850541830062833,0.1724137931034483,0.5172413793103449,0.11850541830062866
K. Hanson,WSL 2021-2022,14,1,1.373816795647144,1.179879829287529,8,65.39113452849882,46.0,17.73117608077064,12.5,38.333333333333336,-0.179879829287529,0.07142857142857142,0.5714285714285714,-0.179879829287529
K. Hanson,WSL 2022-2023,37,7,4.405246123671531,6.156042352318764,29,42.93102340935606,48.108108108108105,20.63210918316642,10.135135135135135,43.04347826086956,0.8439576476812362,0.1891891891891892,0.7837837837837838,0.8439576476812363
K. Hanson,WSL 2023-2024,21,0,2.0168192461133,2.906880348920822,9,48.192505683404455,48.57142857142857,25.606974092136202,12.857142857142858,41.25,-2.906880348920822,0.0,0.42857142857142855,-2.906880348920822
K. Hanson,WSL 2024-2025,27,3,2.490109004080295,2.5443041175603867,16,48.55281768906134,47.666666666666664,21.603869730680135,10.555555555555555,39.44444444444444,0.4556958824396134,0.1111111111111111,0.5925925925925926,0.45569588243961334
K. Hanson,WSL 2025-2026,56,12,8.454165630042551,10.695433631539345,36,53.379194791531994,50.25,26.936551871014647,9.107142857142858,33.5,1.3045663684606548,0.21428571428571427,0.6428571428571429,1.3045663684606552
K. Harrop,WSL 2015,10,1,1.186857260763645,0.6883116960525513,4,54.07556441375965,50.1,5.435379975512302,7.5,100.0,0.3116883039474487,0.1,0.4,0.31168830394744873
K. Harrop,WSL 2016,8,2,0.6750370636582372,1.0118203461170197,7,13.586854198433953,44.0,6.3260164060764,16.25,65.0,0.9881796538829803,0.25,0.875,0.9881796538829803
K. Harrop,WSL 2017,3,0,0.22057237476110447,0.0,1,,44.666666666666664,0.0,13.333333333333334,,0.0,0.0,0.3333333333333333,0.0
K. Harrop,WSL 2017-2018,11,0,0.6084962710738181,1.133093535900116,6,59.91440567240509,50.90909090909091,15.498934917134575,13.181818181818182,40.0,-1.133093535900116,0.0,0.5454545454545454,-1.133093535900116
K. Harrop,WSL 2018-2019,11,2,2.12473963946104,2.5253929719328876,6,54.545465684914625,48.72727272727273,29.053166065653535,17.272727272727273,61.42857142857143,-0.5253929719328878,0.18181818181818182,0.5454545454545454,-0.5253929719328876
K. Harrop,WSL 2019-2020,7,2,1.4018403738737104,1.6181681752204895,4,62.688458779659825,44.285714285714285,27.941232783228713,15.0,75.0,0.3818318247795104,0.2857142857142857,0.5714285714285714,0.3818318247795105
K. Harrop,WSL 2020-2021,5,1,0.8820554241538048,0.9306542724370956,3,47.5889442567234,44.4,22.860608911639595,14.0,60.0,0.06934572756290441,0.2,0.6,0.06934572756290436
K. Harrop,WSL 2021-2022,7,1,0.2964953221380709,0.6883116960525513,4,68.49810245923535,43.142857142857146,26.568412733340086,19.285714285714285,62.5,0.3116883039474487,0.14285714285714285,0.5714285714285714,0.31168830394744873
K. Harrop,WSL 2022-2023,4,0,0.0542168691754341,0.0,3,54.584748593349644,46.0,15.729520481670743,12.5,40.0,0.0,0.0,0.75,0.0
K. Hines,WSL 2016,19,0,1.017046738415956,0.136865347623825,9,,47.63157894736842,0.7203439348622368,20.789473684210527,,-0.136865347623825,0.0,0.47368421052631576,-0.136865347623825
K. Hines,WSL 2017,1,0,0.0,0.0,1,,42.0,0.0,25.0,,0.0,0.0,1.0,0.0
K. Holmgaard,WSL 2022-2023,8,1,0.136865347623825,0.633093535900116,8,31.282476965529696,45.0,15.899874811353465,14.375,58.0,0.366906464099884,0.125,1.0,0.36690646409988403
K. Holmgaard,WSL 2023-2024,6,2,0.6383980438113211,2.103154629468918,3,38.22408930190726,42.0,36.29448446496489,20.0,91.66666666666667,-0.10315462946891779,0.3333333333333333,0.5,-0.10315462946891785
K. Holmgaard,WSL 2024-2025,4,2,1.9085073173046112,2.3214052319526672,3,29.08241923159415,47.25,36.11841552210875,12.5,65.0,-0.3214052319526673,0.5,0.75,-0.32140523195266724
K. Holmgaard,WSL 2025-2026,2,0,0.0837070271372795,0.0,1,48.81274704332434,46.0,27.739706854995504,10.0,40.0,0.0,0.0,0.5,0.0
K. Johnston,WSL 2015,10,0,0.568133346736431,0.5,6,22.01237025957096,45.2,3.4339518463118814,14.5,30.0,-0.5,0.0,0.6,-0.5
K. Johnston,WSL 2016,4,0,0.4414414465427398,0.0,3,,46.0,0.0,12.5,,0.0,0.0,0.75,0.0
K. Keating,WSL 2023-2024,1,1,1.0,1.0,1,52.52311660381339,50.0,56.26155830190669,0.0,100.0,0.0,1.0,1.0,0.0
K. Kühl,WSL 2022-2023,8,0,1.0975211858749387,0.0,5,64.74749481290785,47.0,17.22854036989363,9.375,37.5,0.0,0.0,0.625,0.0
K. Kühl,WSL 2023-2024,6,0,0.454998694360256,0.0,2,64.98483662183752,43.333333333333336,32.63257081465452,20.833333333333332,16.0,0.0,0.0,0.3333333333333333,0.0
K. Lampson,WSL 2022-2023,40,9,8.322260689444658,9.960794132657167,25,40.88800943306093,46.0,28.359099726457032,10.75,57.42857142857143,-0.9607941326571676,0.225,0.625,-0.960794132657167
K. Lampson,WSL 2024-2025,37,4,5.559300100657998,3.780983245227395,23,48.03389069429306,50.027027027027025,22.555047109440494,10.405405405405405,28.076923076923077,0.21901675477260474,0.10810810810810811,0.6216216216216216,0.21901675477260518
K. Leine,WSL 2019-2020,6,1,1.8562931418418884,1.8717437386512756,3,40.10355469962284,51.5,21.329051812606533,9.166666666666666,53.333333333333336,-0.8717437386512757,0.16666666666666666,0.5,-0.8717437386512756
K. Leine,WSL 2020-2021,4,0,0.4479018598794937,0.0,1,78.10240593607818,44.0,32.62173555936265,15.0,33.333333333333336,0.0,0.0,0.25,0.0
K. Levell,WSL 2021-2022,1,1,1.0,0.9850746393203736,1,47.49842102638783,50.0,53.30144969280512,0.0,100.0,0.0149253606796264,1.0,1.0,0.014925360679626354
K. Levell,WSL 2022-2023,1,1,1.0,0.9850746393203736,1,56.465722148731736,50.0,57.78510025397707,0.0,100.0,0.0149253606796264,1.0,1.0,0.014925360679626354
K. Linnett,WSL 2015,19,0,1.3894034586846824,0.0,10,,48.36842105263158,0.0,9.736842105263158,,0.0,0.0,0.5263157894736842,0.0
K. Linnett,WSL 2016,17,4,2.8061784191465957,3.4426730333304985,12,24.36917464287714,44.8235294117647,12.937962914938936,14.411764705882353,82.5,0.5573269666695013,0.23529411764705882,0.7058823529411765,0.5573269666695015
K. Linnett,WSL 2017,13,0,0.5053051859140394,0.0,10,,45.69230769230769,0.0,13.461538461538462,,0.0,0.0,0.7692307692307693,0.0
K. Linnett,WSL 2017-2018,10,1,0.9069198220968245,1.3717437386512756,8,48.65724915267006,46.0,12.747151922187669,11.5,66.66666666666667,-0.37174373865127563,0.1,0.8,-0.37174373865127563
K. Linnett,WSL 2018-2019,10,1,0.8387113213539124,0.8780487775802612,8,59.82399551054021,46.0,13.274412325988482,12.5,26.666666666666668,0.1219512224197387,0.1,0.8,0.12195122241973877
K. Linnett,WSL 2019-2020,17,0,0.4362041614949701,0.0,12,78.10941923346807,48.0,10.659931674525655,16.176470588235293,25.0,0.0,0.0,0.7058823529411765,0.0
K. Lipka,WSL 2016,1,0,0.0,0.0,1,,42.0,0.0,25.0,,0.0,0.0,1.0,0.0
K. Lipka,WSL 2017-2018,4,0,0.0,0.0,4,,46.0,0.0,12.5,,0.0,0.0,1.0,0.0
K. Little,WSL 2017-2018,18,3,2.8201844750381095,2.2692554651237113,14,65.63806892082148,47.44444444444444,17.56356880610666,10.555555555555555,44.285714285714285,0.7307445348762884,0.16666666666666666,0.7777777777777778,0.7307445348762887
K. Little,WSL 2018-2019,22,8,5.407000283460792,6.045622068207439,18,54.09093664236315,49.90909090909091,24.132467359109185,5.454545454545454,31.666666666666668,1.9543779317925614,0.36363636363636365,0.8181818181818182,1.9543779317925614
K. Little,WSL 2019-2020,14,5,1.8011651916838272,3.5471824465728385,13,39.41957594113422,49.5,16.068886660715766,7.5,58.0,1.452817553427161,0.35714285714285715,0.9285714285714286,1.4528175534271615
K. Little,WSL 2020-2021,20,5,4.302143442194636,4.551586883824046,17,54.89675878311116,51.7,19.747321242861823,3.75,28.571428571428573,0.4484131161759537,0.25,0.85,0.4484131161759537
K. Little,WSL 2021-2022,22,6,2.8054983823037727,3.686452782008706,19,52.380182587969514,46.22727272727273,17.407775989672302,12.954545454545455,41.111111111111114,2.3135472179912937,0.2727272727272727,0.8636363636363636,2.313547217991294
K. Little,WSL 2022-2023,12,4,4.19589879454636,4.0853942269232215,9,51.32900736281369,48.666666666666664,31.733723793937006,4.166666666666667,37.5,-0.08539422692322152,0.3333333333333333,0.75,-0.08539422692322152
K. Little,WSL 2023-2024,17,1,3.15164664642113,2.463097872893985,11,44.88056302494249,48.1764705882353,26.045282957143165,11.176470588235293,55.0,-1.4630978728939847,0.058823529411764705,0.6470588235294118,-1.463097872893985
K. Little,WSL 2024-2025,7,1,0.45499035716056807,0.7358490824699402,5,42.08112574740657,47.714285714285715,23.56935948328351,7.142857142857143,63.333333333333336,0.2641509175300598,0.14285714285714285,0.7142857142857143,0.2641509175300598
K. Little,WSL 2025-2026,10,0,0.7651735991239544,0.0,6,50.63884523599039,49.4,29.454147022862344,20.0,40.0,0.0,0.0,0.6,0.0
K. Longhurst,WSL 2015,8,0,0.6172977983951566,0.0,4,,51.25,0.0,19.375,,0.0,0.0,0.5,0.0
K. Longhurst,WSL 2016,1,0,0.0,0.0,1,,50.0,0.0,0.0,,0.0,0.0,1.0,0.0
K. Longhurst,WSL 2017,2,0,0.136865347623825,0.0,1,,46.0,0.0,12.5,,0.0,0.0,0.5,0.0
K. Longhurst,WSL 2017-2018,7,1,1.5614877119660375,1.6181681752204895,3,56.708760850526104,43.142857142857146,27.18512861300003,18.571428571428573,66.66666666666667,-0.6181681752204896,0.14285714285714285,0.42857142857142855,-0.6181681752204895
K. Longhurst,WSL 2018-2019,20,2,2.5793735310435286,2.537458121776581,9,57.81289613122072,48.1,18.81408881218953,13.25,53.333333333333336,-0.5374581217765809,0.1,0.45,-0.5374581217765808
K. Longhurst,WSL 2019-2020,11,0,0.2705723755061625,0.2340425550937652,7,68.89647582556812,47.18181818181818,12.760544581015013,16.363636363636363,66.66666666666667,-0.2340425550937652,0.0,0.6363636363636364,-0.2340425550937652
K. Longhurst,WSL 2020-2021,6,0,0.6975738443434236,0.633093535900116,2,72.21567772082449,51.666666666666664,32.23736025310874,25.833333333333332,45.0,-0.633093535900116,0.0,0.3333333333333333,-0.633093535900116
K. Longhurst,WSL 2021-2022,8,1,0.2205723747611045,1.0263158082962036,7,42.528452183463045,46.625,9.998074137376978,11.875,65.0,-0.026315808296203613,0.125,0.875,-0.026315808296203613
K. Longhurst,WSL 2022-2023,5,0,0.2061323970556258,0.4858044385910033,1,39.4224060875458,53.6,27.017122399897676,25.0,57.5,-0.4858044385910033,0.0,0.2,-0.4858044385910033
K. MacLean,WSL 2025-2026,7,0,0.8668656796216963,0.7549555748701096,2,38.79909004175692,46.57142857142857,23.43513391019629,10.714285714285714,51.666666666666664,-0.7549555748701096,0.0,0.2857142857142857,-0.7549555748701096
K. McCabe,WSL 2016,7,0,0.3780487775802612,0.0,5,,48.857142857142854,0.0,3.5714285714285716,,0.0,0.0,0.7142857142857143,0.0
K. McCabe,WSL 2017,6,0,0.0,0.0,5,,49.666666666666664,0.0,20.0,,0.0,0.0,0.8333333333333334,0.0
K. McCabe,WSL 2017-2018,10,2,0.8729853779077528,1.837080478668213,7,56.648701062558274,46.0,19.340981648516294,12.5,40.0,0.1629195213317871,0.2,0.7,0.1629195213317871
K. McCabe,WSL 2018-2019,42,5,2.662459563463926,4.1453834772109985,32,65.16213527210245,47.11904761904762,14.910683736150693,13.928571428571429,19.23076923076923,0.8546165227890011,0.11904761904761904,0.7619047619047619,0.8546165227890015
K. McCabe,WSL 2019-2020,13,0,1.290017038583755,0.792513832449913,5,67.52827153381865,47.53846153846154,23.760653931444,7.3076923076923075,20.0,-0.792513832449913,0.0,0.38461538461538464,-0.792513832449913
K. McCabe,WSL 2020-2021,24,4,2.2479894831776615,3.3387786746025085,17,68.24126697136488,45.875,21.82598591307981,15.833333333333334,32.72727272727273,0.6612213253974912,0.16666666666666666,0.7083333333333334,0.6612213253974915
K. McCabe,WSL 2021-2022,26,5,2.6764798297024353,4.246785497520028,20,50.03775234648867,47.34615384615385,17.344020621716226,15.384615384615385,34.54545454545455,0.7532145024799717,0.19230769230769232,0.7692307692307693,0.7532145024799721
K. McCabe,WSL 2022-2023,24,3,4.104572538740751,5.1050013420058455,11,53.846165006207606,52.083333333333336,34.06730987864334,13.958333333333334,32.10526315789474,-2.105001342005846,0.125,0.4583333333333333,-2.1050013420058455
K. McCabe,WSL 2023-2024,29,3,2.273464664816856,2.112488478422165,22,41.705086343160964,47.758620689655174,19.61237417646924,14.310344827586206,51.0,0.8875115215778351,0.10344827586206896,0.7586206896551724,0.8875115215778351
K. McCabe,WSL 2024-2025,17,1,0.7887057214975355,1.468056470155716,13,32.667275288445325,45.05882352941177,13.100652915843654,14.117647058823529,55.55555555555556,-0.46805647015571594,0.058823529411764705,0.7647058823529411,-0.46805647015571594
K. McCabe,WSL 2025-2026,20,1,0.7276881672441957,1.249422810971737,13,49.000474564740074,50.7,25.582645511568465,19.0,46.666666666666664,-0.2494228109717368,0.05,0.65,-0.2494228109717369
K. McCarthy,WSL 2016,1,0,0.0,0.0,1,,42.0,0.0,20.0,,0.0,0.0,1.0,0.0
K. McDougall,WSL 2015,1,0,0.0,0.0,1,,67.0,0.0,40.0,,0.0,0.0,1.0,0.0
K. Mewis,WSL 2023-2024,3,0,0.0837070271372795,0.0,2,47.039026472486704,42.0,21.23523104638446,25.0,15.0,0.0,0.0,0.6666666666666666,0.0
K. Natkiel,WSL 2018-2019,8,0,0.19227845221757878,0.0,6,,45.0,0.0,15.625,,0.0,0.0,0.75,0.0
K. Natkiel,WSL 2019-2020,9,0,0.1379238963127136,0.0,7,78.27650420854977,52.666666666666664,5.830176159734246,25.555555555555557,50.0,0.0,0.0,0.7777777777777778,0.0
K. Olesen,WSL 2024-2025,2,0,0.0,0.0,2,45.59238168208661,52.5,24.46285750770997,5.0,40.0,0.0,0.0,1.0,0.0
K. Pearce,WSL 2018-2019,8,1,1.2098634764552116,1.1718166917562485,5,58.145276752312,50.25,22.055631782163935,22.5,15.0,-0.1718166917562485,0.125,0.625,-0.17181669175624847
K. Ramshaw,WSL 2017,4,0,0.3641948327422142,0.0,2,,44.0,0.0,17.5,,0.0,0.0,0.5,0.0
K. Ramshaw,WSL 2017-2018,21,3,2.2637123018503185,3.3213285505771637,12,62.97062432159327,47.0,25.831600116517837,12.857142857142858,36.666666666666664,-0.3213285505771638,0.14285714285714285,0.5714285714285714,-0.3213285505771637
K. Reid,WSL 2024-2025,1,0,0.0837070271372795,0.0,0,78.23156509860823,42.0,47.44911588263745,25.0,0.0,0.0,0.0,0.0,0.0
K. Robinson,WSL 2018-2019,3,0,0.5945730879902839,0.0,0,78.23156509860823,55.666666666666664,13.038594183101372,11.666666666666666,50.0,0.0,0.0,0.0,0.0
K. Robinson,WSL 2019-2020,1,0,0.0837070271372795,0.0,0,77.94043309548074,50.0,38.97021654774037,0.0,0.0,0.0,0.0,0.0,0.0
K. Robinson,WSL 2021-2022,2,0,0.136865347623825,0.0,1,75.58688892776162,46.0,18.896722231940405,12.5,0.0,0.0,0.0,0.5,0.0
K. Robinson,WSL 2022-2023,28,4,2.6646827310323706,3.3153960555791855,19,50.635448700775534,49.214285714285715,22.56598523717936,9.107142857142858,31.11111111111111,0.6846039444208143,0.14285714285714285,0.6785714285714286,0.6846039444208145
K. Robinson,WSL 2023-2024,12,3,1.4794771075248716,2.6375196874141693,9,32.751832439912064,54.916666666666664,23.82727797571734,7.916666666666667,40.0,0.3624803125858307,0.25,0.75,0.3624803125858307
K. Robinson,WSL 2024-2025,6,0,0.5793653428554534,0.0,3,67.87257324356918,47.333333333333336,24.01307997007861,8.333333333333334,20.0,0.0,0.0,0.5,0.0
K. Robinson,WSL 2025-2026,2,0,0.0,0.0,2,,48.5,0.0,15.0,,0.0,0.0,1.0,0.0
K. Rood,WSL 2018-2019,1,1,0.2598684132099151,0.8585858345031738,1,19.713221733423257,50.0,35.61418590180684,0.0,30.0,0.1414141654968261,1.0,1.0,0.14141416549682617
K. Seike,WSL 2024-2025,38,6,5.442329574376344,5.652277812361717,22,48.61630088619781,51.421052631578945,25.092891581867217,9.736842105263158,36.785714285714285,0.34772218763828255,0.15789473684210525,0.5789473684210527,0.3477221876382828
K. Seike,WSL 2025-2026,42,8,5.711675502359866,6.492099829018116,28,46.47292203483664,50.5,22.941035525232376,9.047619047619047,31.0,1.5079001709818838,0.19047619047619047,0.6666666666666666,1.507900170981884
K. Shaw,WSL 2021-2022,40,9,6.20995670557022,8.644296407699585,28,49.24090245093398,48.0,19.668447918508186,5.25,37.5,0.3557035923004146,0.225,0.7,0.35570359230041504
K. Shaw,WSL 2022-2023,124,20,19.877148242894467,21.656389510486186,77,45.8482063309153,47.62096774193548,26.68361829457272,11.169354838709678,52.4,-1.656389510486185,0.16129032258064516,0.6209677419354839,-1.6563895104861857
K. Shaw,WSL 2023-2024,78,21,14.625935336802062,20.762792712304652,54,42.136690737243775,48.06410256410256,28.14591483109388,9.615384615384615,54.67741935483871,0.23720728769534888,0.2692307692307692,0.6923076923076923,0.23720728769534816
K. Shaw,WSL 2024-2025,52,12,11.26146638393402,11.496786832809448,31,51.79852676166038,48.65384615384615,31.35074225051247,11.923076923076923,46.27906976744186,0.5032131671905512,0.23076923076923078,0.5961538461538461,0.5032131671905518
K. Shaw,WSL 2025-2026,118,21,20.622645678680115,21.084657425742325,70,49.90585456928969,47.889830508474574,27.016472432547626,9.576271186440678,47.41573033707865,-0.08465742574232449,0.17796610169491525,0.5932203389830508,-0.08465742574232493
K. Simon,WSL 2021-2022,19,3,2.3562599106169326,3.106178021285592,14,49.35982731980101,54.31578947368421,15.225161557431822,12.368421052631579,41.42857142857143,-0.10617802128559217,0.15789473684210525,0.7368421052631579,-0.10617802128559184
K. Sjoman,WSL 2016,1,1,1.0,0.9850746393203736,1,40.28026812224566,50.0,49.692373240734035,0.0,100.0,0.0149253606796264,1.0,1.0,0.014925360679626354
K. Sjoman,WSL 2017-2018,3,0,0.19108221679925907,0.0,1,78.64413519137965,47.333333333333336,13.107355865229941,6.666666666666667,0.0,0.0,0.0,0.3333333333333333,0.0
K. Skeels,WSL 2020-2021,4,0,0.3889215439558029,0.8671360909938812,1,49.54365366315276,46.0,28.832390806136395,11.25,43.333333333333336,-0.8671360909938812,0.0,0.25,-0.8671360909938812
K. Smith,WSL 2015,2,0,0.050000000745058,0.0,1,,46.0,0.0,12.5,,0.0,0.0,0.5,0.0
K. Smith,WSL 2016,4,1,0.22163092344999308,0.159420296549797,2,11.626597859123597,42.0,4.732310289847261,25.0,100.0,0.8405797034502029,0.25,0.5,0.8405797034502029
K. Smith,WSL 2019-2020,2,0,0.0837070271372795,0.159420296549797,1,13.856807392437528,42.0,10.022172963023005,25.0,30.0,-0.159420296549797,0.0,0.5,-0.159420296549797
K. Smith,WSL 2020-2021,1,0,0.0,0.0,1,,50.0,0.0,0.0,,0.0,0.0,1.0,0.0
K. Smith,WSL 2021-2022,1,0,0.0,0.0,1,,42.0,0.0,25.0,,0.0,0.0,1.0,0.0
K. Smith,WSL 2022-2023,5,0,0.504998695105314,0.6631579101085663,2,45.15841190044566,46.8,29.891486744207562,10.0,42.0,-0.6631579101085663,0.0,0.4,-0.6631579101085663
K. Smith,WSL 2023-2024,9,1,2.4649155363440514,0.8780487775802612,5,52.765063750899635,51.0,24.372502198765545,7.222222222222222,30.0,0.1219512224197387,0.1111111111111111,0.5555555555555556,0.12195122241973877
K. Smith,WSL 2024-2025,3,0,0.050000000745058,0.0,2,77.96409429987628,55.666666666666664,17.43846016109049,13.333333333333334,0.0,0.0,0.0,0.6666666666666666,0.0
K. Snoeijs,WSL 2022-2023,42,7,5.606629749987183,6.939654818031846,29,45.95844428685892,50.214285714285715,23.66378248382386,7.976190476190476,39.67741935483871,0.06034518196815375,0.16666666666666666,0.6904761904761905,0.06034518196815419
K. Snoeijs,WSL 2023-2024,25,3,3.2332487925887103,3.7493962347507477,18,39.469843355696625,50.08,21.43114929019895,6.6,42.10526315789474,-0.7493962347507479,0.12,0.72,-0.7493962347507477
K. Snoeijs,WSL 2024-2025,27,4,4.275495624396859,4.132020151469765,19,41.712396357478816,50.7037037037037,24.826660345250595,7.407407407407407,55.65217391304348,-0.1320201514697658,0.14814814814814814,0.7037037037037037,-0.13202015146976542
K. Snoeijs,WSL 2025-2026,8,2,1.4354496598243711,1.6502006649971008,6,51.29907829135603,49.125,27.92540685299764,13.75,51.666666666666664,0.3497993350028991,0.25,0.75,0.34979933500289917
K. Svitková,WSL 2020-2021,11,3,1.390960894525051,2.7113110423088074,9,58.78784143217689,47.63636363636363,22.725054683306645,16.818181818181817,52.0,0.2886889576911925,0.2727272727272727,0.8181818181818182,0.2886889576911926
K. Svitková,WSL 2021-2022,28,2,2.8568812608718868,1.4285714328289032,18,68.28795046323312,48.0,14.410223335812478,15.0,34.44444444444444,0.5714285671710968,0.07142857142857142,0.6428571428571429,0.5714285671710968
K. Veje,WSL 2018-2019,6,0,0.0837070271372795,0.159420296549797,5,13.251415018781964,46.0,3.0124971787585935,11.666666666666666,100.0,-0.159420296549797,0.0,0.8333333333333334,-0.159420296549797
K. Veje,WSL 2022-2023,10,0,0.6620138213038442,0.633093535900116,8,43.96476160036901,46.1,18.922042421144386,21.5,40.0,-0.633093535900116,0.0,0.8,-0.633093535900116
K. Veje,WSL 2023-2024,3,0,0.19227845221757878,0.0,1,78.54612503313567,42.0,31.737597233267447,25.0,0.0,0.0,0.0,0.3333333333333333,0.0
K. Veje,WSL 2024-2025,4,0,0.0,0.0,4,37.33278368153965,52.25,19.416460547244036,16.25,36.666666666666664,0.0,0.0,1.0,0.0
K. Walsh,WSL 2015,3,0,0.167414054274559,0.0,1,,42.0,0.0,25.0,,0.0,0.0,0.3333333333333333,0.0
K. Walsh,WSL 2016,1,0,0.0,0.0,1,,42.0,0.0,25.0,,0.0,0.0,1.0,0.0
K. Walsh,WSL 2017,5,0,0.10421686992049209,0.0,3,,42.0,0.0,25.0,,0.0,0.0,0.6,0.0
K. Walsh,WSL 2017-2018,12,0,0.8948036916553972,0.3542254865169524,4,66.67229714719629,44.75,24.4983170508913,24.166666666666668,57.142857142857146,-0.3542254865169524,0.0,0.3333333333333333,-0.3542254865169524
K. Walsh,WSL 2018-2019,11,1,0.7339093834161758,0.6447368562221527,7,46.45895093483095,44.18181818181818,11.720606747544831,18.181818181818183,45.0,0.3552631437778473,0.09090909090909091,0.6363636363636364,0.3552631437778473
K. Walsh,WSL 2019-2020,10,2,1.3110008239746094,1.3780487775802612,8,57.55781566524376,44.6,18.47904279912287,22.0,57.5,0.6219512224197388,0.2,0.8,0.6219512224197388
K. Walsh,WSL 2020-2021,10,2,0.46600081026554085,1.5162104219198227,9,42.578410928482974,45.3,13.435392905031913,24.0,76.66666666666667,0.48378957808017725,0.2,0.9,0.4837895780801773
K. Walsh,WSL 2021-2022,7,1,1.3870917484164236,1.339300125837326,3,41.037201865974794,43.42857142857143,26.82457263429382,27.857142857142858,62.0,-0.339300125837326,0.14285714285714285,0.42857142857142855,-0.33930012583732605
K. Walsh,WSL 2024-2025,1,0,0.0,0.0,1,46.57121189938886,42.0,31.618939283027764,25.0,100.0,0.0,0.0,1.0,0.0
K. Walsh,WSL 2025-2026,28,2,1.4347329735755914,2.114628493785858,17,49.2606188058263,48.142857142857146,27.37866563383017,19.107142857142858,49.130434782608695,-0.1146284937858581,0.07142857142857142,0.6071428571428571,-0.11462849378585815
K. Weir,WSL 2022-2023,1,0,0.0,0.0,1,,42.0,0.0,20.0,,0.0,0.0,1.0,0.0
K. Zelem,WSL 2015,11,0,0.8245035931468008,0.136865347623825,8,,46.36363636363637,1.2442304329438636,11.363636363636363,,-0.136865347623825,0.0,0.7272727272727273,-0.136865347623825
K. Zelem,WSL 2016,29,6,3.813632492430326,4.415084731288072,18,48.1291929627688,43.93103448275862,9.833567384837307,18.103448275862068,41.666666666666664,1.5849152687119274,0.20689655172413793,0.6206896551724138,1.584915268711928
K. Zelem,WSL 2017,9,3,1.7808255478739738,2.120923727750778,6,40.904197380132544,47.333333333333336,16.159567399198714,8.333333333333334,57.5,0.8790762722492217,0.3333333333333333,0.6666666666666666,0.8790762722492218
K. Zelem,WSL 2019-2020,25,5,4.347230122401946,4.790577315702671,15,65.54103687379586,44.08,28.744337174315298,17.8,20.666666666666668,0.20942268429732885,0.2,0.6,0.20942268429732902
K. Zelem,WSL 2020-2021,31,2,2.2810095250606532,2.273789420723915,20,53.60875825747603,45.16129032258065,14.131027517349537,20.322580645161292,53.63636363636363,-0.27378942072391516,0.06451612903225806,0.6451612903225806,-0.2737894207239151
K. Zelem,WSL 2021-2022,29,5,3.9761974629832473,4.831840288348315,23,51.62137224259142,44.827586206896555,16.025128845864593,21.20689655172414,49.0,0.16815971165168553,0.1724137931034483,0.7931034482758621,0.1681597116516853
K. Zelem,WSL 2022-2023,26,3,4.36216539398926,4.307537409227069,16,52.99635945170214,44.15384615384615,27.094506172771354,18.076923076923077,45.625,-1.3075374092270688,0.11538461538461539,0.6153846153846154,-1.307537409227069
K. Zelem,WSL 2023-2024,18,1,1.4734012691712959,1.1769897176361663,10,53.52752596339986,46.611111111111114,27.309552423584304,21.11111111111111,47.69230769230769,-0.1769897176361664,0.05555555555555555,0.5555555555555556,-0.17698971763616633
K. Zelem,WSL 2025-2026,4,0,0.2344263195991515,0.5131579041481018,2,48.84208012950026,42.0,28.41446432967336,25.0,60.0,-0.5131579041481018,0.0,0.5,-0.5131579041481018
K. van Es,WSL 2019-2020,1,0,0.0837070271372795,0.0,0,,67.0,0.0,40.0,,0.0,0.0,0.0,0.0
K. Ómarsdottir,WSL 2015,4,0,0.3780487775802612,0.0,2,,44.0,0.0,17.5,,0.0,0.0,0.5,0.0
K. Ómarsdottir,WSL 2016,23,1,1.3833413422107692,0.7721518874168396,14,47.65617600176406,50.17391304347826,2.0431584618864007,15.0,100.0,0.2278481125831604,0.043478260869565216,0.6086956521739131,0.2278481125831604
Kerolin,WSL 2024-2025,31,3,3.1230843663215633,3.0432548224925995,21,54.082502031257555,50.225806451612904,19.11824447119787,5.806451612903226,32.35294117647059,-0.043254822492599695,0.0967741935483871,0.6774193548387096,-0.04325482249259949
Kerolin,WSL 2025-2026,30,9,5.551906235516071,8.664226174354553,28,32.436820799023344,52.5,23.86117671618611,7.166666666666667,57.916666666666664,0.33577382564544617,0.3,0.9333333333333333,0.3357738256454468
L. Agg,WSL 2017,1,1,0.136865347623825,0.633093535900116,1,42.41082147020711,42.0,46.8648834787737,20.0,100.0,0.366906464099884,1.0,1.0,0.36690646409988403
L. Arnot,WSL 2019-2020,1,0,0.7007874250411987,0.7358490824699402,0,29.243422812280006,50.0,36.69718388023821,0.0,30.0,-0.7358490824699402,0.0,0.0,-0.7358490824699402
L. Bance,WSL 2020-2021,1,0,0.0,0.0,1,,42.0,0.0,25.0,,0.0,0.0,1.0,0.0
L. Bance,WSL 2022-2023,3,0,0.4285714328289032,0.0,2,51.88542733490775,50.0,25.942713667453877,0.0,20.0,0.0,0.0,0.6666666666666666,0.0
L. Bassett,WSL 2015,2,0,0.2598684132099151,0.0,1,,50.0,0.0,0.0,,0.0,0.0,0.5,0.0
L. Bassett,WSL 2016,3,0,0.2344263195991515,0.0,1,,42.0,0.0,23.333333333333332,,0.0,0.0,0.3333333333333333,0.0
L. Blindkilde Brown,WSL 2021-2022,3,0,0.0,0.0,2,78.24640566824779,42.0,15.263289833596852,23.333333333333332,50.0,0.0,0.0,0.6666666666666666,0.0
L. Blindkilde Brown,WSL 2022-2023,6,0,0.5122784599661827,0.0,4,45.05145019429552,46.0,26.692391763814427,12.5,40.0,0.0,0.0,0.6666666666666666,0.0
L. Blindkilde Brown,WSL 2023-2024,11,1,2.3516250699758525,2.90742889046669,4,48.23203459145356,52.09090909090909,30.084880822018945,11.818181818181818,46.666666666666664,-1.90742889046669,0.09090909090909091,0.36363636363636365,-1.90742889046669
L. Blindkilde Brown,WSL 2024-2025,4,0,0.2598684132099151,0.0,3,57.84743133314917,48.0,14.461857833287292,6.25,15.0,0.0,0.0,0.75,0.0
L. Blindkilde Brown,WSL 2025-2026,11,1,1.6970697119832037,1.108590453863144,5,49.567875779202474,46.81818181818182,31.898275491046174,12.272727272727273,46.36363636363637,-0.108590453863144,0.09090909090909091,0.45454545454545453,-0.10859045386314392
L. Bronze,WSL 2015,5,2,1.535281877964735,1.8550602793693542,3,36.805018617621414,56.8,18.49136539974041,15.0,30.0,0.14493972063064559,0.4,0.6,0.14493972063064575
L. Bronze,WSL 2016,19,2,1.2161242291331287,2.5656565576791763,14,45.86669730291262,51.31578947368421,9.66858375453687,16.31578947368421,47.5,-0.5656565576791763,0.10526315789473684,0.7368421052631579,-0.5656565576791763
L. Bronze,WSL 2017,6,1,0.5911923497915267,1.0392915084958076,5,36.11340163675774,43.333333333333336,8.838437819255581,19.166666666666668,30.0,-0.039291508495807696,0.16666666666666666,0.8333333333333334,-0.03929150849580765
L. Bronze,WSL 2020-2021,28,2,2.7988708019256587,2.8701116740703583,16,62.438768604339224,49.464285714285715,16.010614044421676,13.928571428571429,46.0,-0.8701116740703584,0.07142857142857142,0.5714285714285714,-0.8701116740703583
L. Bronze,WSL 2021-2022,11,0,0.9636237248778341,0.0,5,75.63789559646729,47.90909090909091,11.526379702548569,13.181818181818182,33.333333333333336,0.0,0.0,0.45454545454545453,0.0
L. Bronze,WSL 2024-2025,20,2,1.3401819653809064,1.9997944831848142,14,39.908013535008635,51.4,25.955998153906325,13.0,44.73684210526316,0.0002055168151856579,0.1,0.7,0.00020551681518576892
L. Bronze,WSL 2025-2026,8,0,1.0547956228256223,0.0,4,53.61972634811675,51.25,24.065730713877116,16.875,50.0,0.0,0.0,0.5,0.0
L. Bruton,WSL 2016,6,0,1.6020221470332727,0.7560975609756098,3,,47.333333333333336,12.601626016260163,7.5,,-0.7560975609756098,0.0,0.5,-0.7560975609756098
L. Bruton,WSL 2017,14,2,2.0370385614110202,1.595902149088499,11,47.108216339529775,49.0,7.203198050842451,16.071428571428573,30.0,0.4040978509115009,0.14285714285714285,0.7857142857142857,0.40409785091150097
L. Bruton,WSL 2017-2018,33,3,2.844834893941879,4.445263385772705,19,62.59743404249725,47.515151515151516,20.288040107835673,12.878787878787879,44.0,-1.445263385772705,0.09090909090909091,0.5757575757575758,-1.445263385772705
L. Bruton,WSL 2018-2019,25,3,2.2453648692405803,3.248534744832574,18,57.61716024240026,47.36,17.42167374227914,13.0,39.0,-0.24853474483257398,0.12,0.72,-0.2485347448325741
L. Bruton,WSL 2020-2021,17,3,3.6472284421324725,3.2240028977394104,12,47.46615532011216,49.11764705882353,14.752071738775614,7.352941176470588,31.666666666666668,-0.22400289773941057,0.17647058823529413,0.7058823529411765,-0.2240028977394104
L. Burridge,WSL 2017-2018,3,0,0.22057237476110447,0.0,1,78.27650420854977,55.666666666666664,15.823861812536073,13.333333333333334,50.0,0.0,0.0,0.3333333333333333,0.0
L. Bühler,WSL 2023-2024,4,0,0.0,0.0666666701436042,4,17.577484193189623,47.25,9.59155659852314,12.5,53.333333333333336,-0.0666666701436042,0.0,1.0,-0.0666666701436042
L. Bühler,WSL 2024-2025,1,0,0.0,0.0,1,,42.0,0.0,20.0,,0.0,0.0,1.0,0.0
L. Coombs,WSL 2015,5,0,0.33983942493796326,0.050000000745058,2,,51.8,1.0000000149011599,13.0,,-0.050000000745058,0.0,0.4,-0.050000000745058
L. Coombs,WSL 2016,20,1,1.4737601503729816,0.9225255846977233,9,39.16504883313724,44.4,4.051682080350592,17.5,30.0,0.07747441530227672,0.05,0.45,0.07747441530227672
L. Coombs,WSL 2017,21,1,1.741677641868591,0.9850746393203736,13,20.376729647102625,47.80952380952381,1.8924097144363103,15.476190476190476,30.0,0.0149253606796264,0.047619047619047616,0.6190476190476191,0.014925360679626354
L. Coombs,WSL 2017-2018,22,3,2.207941267639398,2.8874841928482056,11,55.575175597373196,45.86363636363637,25.635640377290542,16.363636363636363,57.857142857142854,0.11251580715179443,0.13636363636363635,0.5,0.11251580715179443
L. Coombs,WSL 2018-2019,34,0,0.9494567774236198,0.9151023924350736,24,48.622899389515034,45.55882352941177,7.628005983399235,16.61764705882353,44.285714285714285,-0.9151023924350736,0.0,0.7058823529411765,-0.9151023924350736
L. Coombs,WSL 2019-2020,2,0,0.136865347623825,0.0,1,78.23156509860823,42.0,23.724557941318725,25.0,50.0,0.0,0.0,0.5,0.0
L. Coombs,WSL 2020-2021,8,2,1.0958851873874662,1.476762279868126,5,48.64606778619706,53.25,23.031421399358717,12.5,46.0,0.5232377201318741,0.25,0.625,0.5232377201318741
L. Coombs,WSL 2021-2022,12,4,1.7362562008202074,2.8925023078918457,9,59.71519603538365,47.166666666666664,28.398187946716508,18.75,41.42857142857143,1.107497692108154,0.3333333333333333,0.75,1.1074976921081543
L. Coombs,WSL 2022-2023,33,5,2.2461416795849796,2.6937370747327805,26,39.53783572772462,48.18181818181818,20.21708756901464,16.363636363636363,59.130434782608695,2.3062629252672195,0.15151515151515152,0.7878787878787878,2.3062629252672195
L. Coombs,WSL 2023-2024,31,3,3.043196856975555,2.179991066455841,22,48.043035952875435,50.645161290322584,23.180091293382162,9.838709677419354,55.416666666666664,0.8200089335441587,0.0967741935483871,0.7096774193548387,0.8200089335441589
L. Coombs,WSL 2024-2025,6,0,0.747733637690544,0.1948051899671554,2,52.27299741530613,47.5,34.888302435266624,23.333333333333332,35.0,-0.1948051899671554,0.0,0.3333333333333333,-0.1948051899671554
L. Coombs,WSL 2025-2026,4,2,1.6238643527030945,1.6733863353729248,4,27.309740685290688,51.25,23.624883605614272,2.5,53.333333333333336,0.3266136646270751,0.5,1.0,0.3266136646270752
L. Crichton,WSL 2015,4,0,0.0837070271372795,0.0,3,,42.0,0.0,23.75,,0.0,0.0,0.75,0.0
L. Crichton,WSL 2016,11,0,0.41735315322875965,0.0,9,,44.90909090909091,0.0,15.454545454545455,,0.0,0.0,0.8181818181818182,0.0
L. Dykes,WSL 2015,2,0,0.0837070271372795,0.0,1,,46.0,0.0,12.5,,0.0,0.0,0.5,0.0
L. Dykes,WSL 2017-2018,3,1,1.0904909819364548,0.977011501789093,1,60.510537925291146,44.666666666666664,45.58093953609205,16.666666666666668,43.333333333333336,0.0229884982109069,0.3333333333333333,0.3333333333333333,0.022988498210906982
L. Dykes,WSL 2018-2019,2,0,0.27373069524765,0.0,0,78.45196690403058,46.0,23.779658392674314,12.5,0.0,0.0,0.0,0.0,0.0
L. Evans,WSL 2017-2018,8,2,0.5670932158827782,1.4241607785224915,8,38.43596289166818,46.0,10.145098280917866,11.875,30.0,0.5758392214775085,0.25,1.0,0.5758392214775085
L. Evans,WSL 2018-2019,7,1,0.9822254031896589,1.2721518874168396,3,57.88726571578857,47.714285714285715,17.856493599455437,7.142857142857143,20.0,-0.2721518874168396,0.14285714285714285,0.42857142857142855,-0.2721518874168396
L. Evans,WSL 2019-2020,13,2,2.7448738440871234,2.2547892928123474,7,57.177297681127,53.92307692307692,24.97586175709321,8.461538461538462,32.5,-0.2547892928123475,0.15384615384615385,0.5384615384615384,-0.2547892928123474
L. Evans,WSL 2020-2021,4,2,0.8637996315956114,1.7892401069402695,3,35.273856390038894,48.0,28.31366361498327,5.0,53.333333333333336,0.2107598930597305,0.5,0.75,0.21075989305973053
L. Evans,WSL 2021-2022,15,1,0.8135701194405552,0.7646724879741669,10,56.42968023364888,47.4,12.378736126000923,13.0,40.0,0.23532751202583307,0.06666666666666667,0.6666666666666666,0.23532751202583313
L. Evans,WSL 2022-2023,13,3,1.8462968990206714,3.035983145236969,8,52.79482616924805,51.38461538461539,32.547515765741544,9.615384615384615,30.0,-0.035983145236969105,0.23076923076923078,0.6153846153846154,-0.035983145236968994
L. Evans,WSL 2023-2024,7,1,0.6593443229794501,0.633093535900116,5,48.34290850208031,46.57142857142857,22.35953485698156,10.714285714285714,32.0,0.366906464099884,0.14285714285714285,0.7142857142857143,0.36690646409988403
L. Galton,WSL 2019-2020,31,4,4.643531754612922,5.47124545276165,18,57.20047945854154,49.0,21.400253739285432,5.32258064516129,36.25,-1.4712454527616503,0.12903225806451613,0.5806451612903226,-1.47124545276165
L. Galton,WSL 2020-2021,25,6,4.502525694668292,5.576681539416313,17,50.72876423188195,48.44,20.266921262951243,7.8,30.0,0.42331846058368666,0.24,0.68,0.42331846058368683
L. Galton,WSL 2021-2022,33,8,6.909174777567386,7.946981519460678,19,51.77623236959223,48.60606060606061,24.580962705446748,8.636363636363637,37.0,0.0530184805393214,0.24242424242424243,0.5757575757575758,0.0530184805393219
L. Galton,WSL 2022-2023,37,10,8.707146003842354,10.26984217762947,24,48.23166393838767,50.5945945945946,29.997393452379256,8.378378378378379,39.666666666666664,-0.26984217762947127,0.2702702702702703,0.6486486486486487,-0.2698421776294708
L. Galton,WSL 2023-2024,19,2,2.486171137541532,3.099449872970581,11,49.55025031786177,46.21052631578947,27.874230188056877,10.263157894736842,59.333333333333336,-1.099449872970581,0.10526315789473684,0.5789473684210527,-1.099449872970581
L. Galton,WSL 2024-2025,19,5,4.7080033123493195,4.6240193247795105,13,42.36441141172143,51.21052631578947,25.77826308761207,6.315789473684211,32.666666666666664,0.3759806752204893,0.2631578947368421,0.6842105263157895,0.3759806752204895
L. Galton,WSL 2025-2026,4,0,0.3435754403471946,0.1948051899671554,2,47.84040492030828,60.5,23.567857436535938,12.5,43.333333333333336,-0.1948051899671554,0.0,0.5,-0.1948051899671554
L. Gunning-Williams,WSL 2024-2025,3,0,0.0975609719753265,0.0,2,77.91733511299722,47.333333333333336,12.98622251883287,8.333333333333334,0.0,0.0,0.0,0.6666666666666666,0.0
L. Gunning-Williams,WSL 2025-2026,4,0,0.136865347623825,0.0,3,78.11785967370074,44.0,11.848065792545926,18.75,50.0,0.0,0.0,0.75,0.0
L. Hemp,WSL 2017,11,1,1.5691991336643696,0.8780487775802612,6,55.67764362830025,45.27272727272727,4.925480467414361,13.181818181818182,100.0,0.1219512224197387,0.09090909090909091,0.5454545454545454,0.12195122241973877
L. Hemp,WSL 2017-2018,51,7,8.63791519821417,7.0085750562025275,27,65.84108301730475,46.333333333333336,27.55661832135802,12.450980392156863,22.903225806451612,-0.00857505620252813,0.13725490196078433,0.5294117647058824,-0.00857505620252752
L. Hemp,WSL 2018-2019,26,2,1.8706713467836376,2.2546721696853638,19,62.52301704212601,49.30769230769231,13.37431666381019,7.884615384615385,32.5,-0.2546721696853639,0.07692307692307693,0.7307692307692307,-0.25467216968536377
L. Hemp,WSL 2019-2020,21,5,4.382130816578865,4.751782268285751,13,53.03444403860108,48.57142857142857,25.505270839657754,11.904761904761905,40.0,0.24821773171424844,0.23809523809523808,0.6190476190476191,0.24821773171424866
L. Hemp,WSL 2020-2021,25,6,4.450020052492618,4.795050337910652,17,52.66604273091537,47.68,20.26057732757914,10.4,39.166666666666664,1.2049496620893476,0.24,0.68,1.2049496620893478
L. Hemp,WSL 2021-2022,62,10,9.567936684936283,10.415091559290886,40,53.723346738180815,50.096774193548384,19.491902492804233,7.82258064516129,33.225806451612904,-0.41509155929088626,0.16129032258064516,0.6451612903225806,-0.4150915592908859
L. Hemp,WSL 2022-2023,65,7,8.398119047284125,8.671707272529602,43,45.53338651974382,49.83076923076923,22.985423403737617,6.923076923076923,38.97959183673469,-1.6717072725296025,0.1076923076923077,0.6615384615384615,-1.671707272529602
L. Hemp,WSL 2023-2024,62,11,8.061484202742575,10.412217766046524,42,53.76052032665997,50.145161290322584,25.55920634152562,10.161290322580646,32.38095238095238,0.5877822339534755,0.1774193548387097,0.6774193548387096,0.587782233953476
L. Hemp,WSL 2024-2025,30,2,3.560211963951587,3.3684837073087692,18,49.19594130494118,48.766666666666666,20.29393276545779,12.666666666666666,31.666666666666668,-1.3684837073087692,0.06666666666666667,0.6,-1.3684837073087692
L. Hemp,WSL 2025-2026,36,1,2.312448095530271,2.378273293375969,22,45.854448571306314,50.083333333333336,21.79246683173911,15.833333333333334,35.6,-1.3782732933759687,0.027777777777777776,0.6111111111111112,-1.378273293375969
L. Hope,WSL 2018-2019,39,7,5.084679823823091,4.79110295743477,22,56.56832090606085,45.64102564102564,22.6748192826422,15.384615384615385,58.63636363636363,2.2088970425652295,0.1794871794871795,0.5641025641025641,2.20889704256523
L. Hope,WSL 2019-2020,23,4,2.929889759275971,2.8891910968757255,15,64.61759260035812,46.82608695652174,18.729923171357246,17.82608695652174,64.44444444444444,1.110808903124274,0.17391304347826086,0.6521739130434783,1.1108089031242745
L. Hope,WSL 2020-2021,23,5,4.821689915366289,4.491242778010484,15,57.136900581627465,46.91304347826087,23.6340753249663,12.608695652173912,35.45454545454545,0.5087572219895151,0.21739130434782608,0.6521739130434783,0.5087572219895158
L. Hope,WSL 2021-2022,16,0,1.6306377649307249,0.5,7,72.59668944199548,46.0625,18.69302581543651,17.1875,28.571428571428573,-0.5,0.0,0.4375,-0.5
L. Hope,WSL 2022-2023,22,2,2.6452721357345577,2.332787349820137,10,63.692161704777334,50.90909090909091,29.447920339370736,12.954545454545455,32.5,-0.3327873498201371,0.09090909090909091,0.45454545454545453,-0.332787349820137
L. Hope,WSL 2023-2024,14,0,1.7373316287994383,0.5,6,57.97201205635742,48.357142857142854,27.17948092690232,11.428571428571429,26.363636363636363,-0.5,0.0,0.42857142857142855,-0.5
L. Hope,WSL 2024-2025,10,1,1.1037969887256618,1.049422800540924,3,69.79532809970789,43.6,39.55616604649133,17.0,50.0,-0.04942280054092413,0.1,0.3,-0.04942280054092407
L. Hurtig,WSL 2022-2023,7,0,0.1666666716337204,0.0,6,38.09709837440743,52.42857142857143,8.16366393737302,5.0,20.0,0.0,0.0,0.8571428571428571,0.0
L. Hurtig,WSL 2023-2024,5,1,0.8637996315956114,2.409235417842865,3,33.58181369298771,46.8,30.554804650918935,8.0,65.0,-1.409235417842865,0.2,0.6,-1.409235417842865
L. Hurtig,WSL 2024-2025,3,1,0.2205723747611045,0.6883116960525513,2,41.52894890930967,42.0,34.86981363740257,21.666666666666668,60.0,0.3116883039474487,0.3333333333333333,0.6666666666666666,0.31168830394744873
L. James,WSL 2017-2018,3,0,0.4411364123225211,0.1315789520740509,0,59.49185239603165,44.666666666666664,36.617271274311896,16.666666666666668,26.666666666666668,-0.1315789520740509,0.0,0.0,-0.1315789520740509
L. James,WSL 2019-2020,32,6,3.574187338352203,5.5327804163098335,24,50.78655404314683,48.53125,17.077790337228837,7.5,24.285714285714285,0.46721958369016625,0.1875,0.75,0.4672195836901665
L. James,WSL 2020-2021,17,2,1.9158287495374675,3.652807056903839,8,54.608234740031314,44.35294117647059,27.740951143762004,16.764705882352942,47.27272727272727,-1.6528070569038391,0.11764705882352941,0.47058823529411764,-1.6528070569038391
L. James,WSL 2021-2022,3,1,0.6392276585102081,0.9919191747903824,2,34.30337400826997,44.666666666666664,24.131427528438255,16.666666666666668,65.0,0.008080825209617587,0.3333333333333333,0.6666666666666666,0.008080825209617615
L. James,WSL 2022-2023,42,5,4.8273335753417586,4.908964110765515,26,45.6550074900617,48.333333333333336,26.210120246047723,9.404761904761905,36.857142857142854,0.09103588923448466,0.11904761904761904,0.6190476190476191,0.09103588923448491
L. James,WSL 2023-2024,61,13,9.695900835096834,14.028996758162975,41,47.679718695698774,47.98360655737705,27.7815840233958,10.081967213114755,41.702127659574465,-1.028996758162976,0.21311475409836064,0.6721311475409836,-1.0289967581629753
L. James,WSL 2024-2025,27,3,2.4475340507924552,3.1599031537771225,17,46.261255853720954,46.18518518518518,24.533690857426787,15.37037037037037,41.0,-0.15990315377712266,0.1111111111111111,0.6296296296296297,-0.1599031537771225
L. James,WSL 2025-2026,45,5,4.134738106280564,4.91079942882061,27,52.11138155663612,46.955555555555556,27.391255409757413,15.222222222222221,43.142857142857146,0.08920057117939012,0.1111111111111111,0.6,0.08920057117938995
L. Joel,WSL 2020-2021,1,0,0.0542168691754341,0.0,0,78.20230175640613,50.0,39.101150878203065,0.0,50.0,0.0,0.0,0.0,0.0
L. Joel,WSL 2021-2022,2,0,0.0,0.0,2,,42.0,0.0,22.5,,0.0,0.0,1.0,0.0
L. Karlseng Utland,WSL 2019-2020,5,1,1.2392127439379692,1.3214052319526672,2,63.66920175902247,45.2,37.396112095324995,12.0,62.5,-0.3214052319526673,0.2,0.4,-0.32140523195266724
L. Kendall,WSL 2025-2026,12,0,0.84405792504549,0.3611111044883728,7,42.226239381152766,50.833333333333336,26.321453007352872,12.916666666666666,47.5,-0.3611111044883728,0.0,0.5833333333333334,-0.3611111044883728
L. Kiernan,WSL 2018-2019,21,2,2.889881588518619,3.4309257119894028,14,49.147884864935534,49.19047619047619,15.850125912036074,12.619047619047619,51.25,-1.4309257119894028,0.09523809523809523,0.6666666666666666,-1.4309257119894028
L. Kiernan,WSL 2019-2020,5,1,0.7609285935759543,0.633093535900116,2,72.51693067823663,51.0,36.47200015336201,11.0,32.5,0.366906464099884,0.2,0.4,0.36690646409988403
L. Kiernan,WSL 2020-2021,1,0,0.136865347623825,0.633093535900116,0,43.93859351413057,75.0,45.96210283406876,15.0,100.0,-0.633093535900116,0.0,0.0,-0.633093535900116
L. Kiernan,WSL 2022-2023,1,0,0.0837070271372795,0.2340425550937652,0,35.477849114310445,42.0,33.093534543301516,25.0,100.0,-0.2340425550937652,0.0,0.0,-0.2340425550937652
L. Kiernan,WSL 2023-2024,15,5,3.1633002236485477,3.8912561386823654,9,51.46035074485524,46.8,28.762418661589432,9.333333333333334,49.09090909090909,1.1087438613176344,0.3333333333333333,0.6,1.1087438613176346
L. Kiernan,WSL 2024-2025,16,2,3.1588902473449703,2.311570018529892,5,60.65456843983161,46.0,32.204278880091806,11.25,33.84615384615385,-0.3115700185298921,0.125,0.3125,-0.31157001852989197
L. Kiernan,WSL 2025-2026,2,0,0.1085714250802993,0.0,1,63.74371592293389,50.0,31.871857961466944,0.0,15.0,0.0,0.0,0.5,0.0
L. Kop,WSL 2023-2024,1,1,1.0,0.9850746393203736,1,46.30406749591948,50.0,52.70427292757095,0.0,100.0,0.0149253606796264,1.0,1.0,0.014925360679626354
L. Le Garrec,WSL 2019-2020,33,1,1.6164409816265102,1.7438979744911194,17,63.85971327117399,46.333333333333336,19.3817612758143,19.393939393939394,47.333333333333336,-0.7438979744911194,0.030303030303030304,0.5151515151515151,-0.7438979744911194
L. León,WSL 2019-2020,1,0,0.2804878056049347,0.0,0,,50.0,0.0,0.0,,0.0,0.0,0.0,0.0
L. León,WSL 2020-2021,5,1,1.1766699387169464,1.3891910968757257,2,66.24679175704603,43.6,43.127883295360036,17.0,50.0,-0.3891910968757258,0.2,0.4,-0.38919109687572573
L. Lindström,WSL 2025-2026,6,0,0.8376527726650237,0.0,4,53.01231656469779,51.5,24.032909679735194,10.0,28.0,0.0,0.0,0.6666666666666666,0.0
L. Little,WSL 2018-2019,6,0,0.9001726657152175,0.1948051899671554,2,55.66315019948814,44.666666666666664,18.223146833041145,13.333333333333334,66.66666666666667,-0.1948051899671554,0.0,0.3333333333333333,-0.1948051899671554
L. Maier,WSL 2019-2020,5,0,0.181267999112606,0.1315789520740509,3,44.34292345473291,42.0,12.99139173672422,25.0,15.0,-0.1315789520740509,0.0,0.6,-0.1315789520740509
L. Maier,WSL 2020-2021,5,0,0.304279401898384,0.0,2,78.44646311551327,51.8,17.355959289769324,13.0,25.0,0.0,0.0,0.4,0.0
L. Maier,WSL 2021-2022,6,1,1.1516068801283834,0.8780487775802612,4,72.17344410672057,44.166666666666664,25.489160470137005,21.666666666666668,16.666666666666668,0.1219512224197387,0.16666666666666666,0.6666666666666666,0.12195122241973877
L. Maier,WSL 2022-2023,2,1,0.7007874250411987,0.9850746393203736,2,21.68973598010645,46.0,29.7876542465255,12.5,30.0,0.0149253606796264,0.5,1.0,0.014925360679626354
L. Murphy,WSL 2024-2025,12,0,1.6950130388140676,1.7663039565086365,5,53.51580042874489,47.333333333333336,25.873073940939815,8.333333333333334,16.666666666666668,-1.7663039565086365,0.0,0.4166666666666667,-1.7663039565086365
L. Murphy,WSL 2025-2026,2,0,0.1085714250802993,0.0,1,78.73697423136802,46.0,19.684243557842006,12.5,0.0,0.0,0.0,0.5,0.0
L. Naalsund,WSL 2023-2024,12,2,0.7847201898694036,2.1139190644025803,9,46.11186443594354,53.666666666666664,24.544308028543185,19.166666666666668,55.0,-0.11391906440258032,0.16666666666666666,0.75,-0.11391906440258026
L. Naalsund,WSL 2024-2025,1,0,0.0837070271372795,0.0,0,78.00064102300699,42.0,45.66698717817016,20.0,50.0,0.0,0.0,0.0,0.0
L. Naalsund,WSL 2025-2026,11,3,1.9913681671023367,2.1410945057868958,7,49.01304732488849,50.54545454545455,28.617413466873185,9.090909090909092,58.888888888888886,0.8589054942131042,0.2727272727272727,0.6363636363636364,0.8589054942131042
L. Parker,WSL 2021-2022,2,0,1.0678998529911041,0.0,0,78.01080507090933,50.0,39.005402535454664,0.0,0.0,0.0,0.0,0.0,0.0
L. Parker,WSL 2022-2023,3,0,0.5261324048042297,0.5131579041481018,1,64.67279278647086,53.0,31.133621081415754,21.666666666666668,50.0,-0.5131579041481018,0.0,0.3333333333333333,-0.5131579041481018
L. Parker,WSL 2023-2024,5,1,0.8376527726650237,0.7358490824699402,4,39.35253666387455,43.6,24.489442493702793,18.0,75.0,0.2641509175300598,0.2,0.8,0.2641509175300598
L. Parker,WSL 2024-2025,6,1,0.1085714250802993,0.6883116960525513,6,19.47654679601854,51.0,13.267074078935602,15.0,65.0,0.3116883039474487,0.16666666666666666,1.0,0.31168830394744873
L. Parker,WSL 2025-2026,6,2,1.1982803940773008,1.9316202104091644,3,59.10525309899017,47.5,46.432949823763124,21.666666666666668,51.666666666666664,0.06837978959083552,0.3333333333333333,0.5,0.06837978959083557
L. Parry,WSL 2023-2024,1,0,0.0,0.0,1,,75.0,0.0,15.0,,0.0,0.0,1.0,0.0
L. Parry,WSL 2024-2025,2,0,0.0,0.0,2,,46.0,0.0,12.5,,0.0,0.0,1.0,0.0
L. Parry,WSL 2025-2026,1,0,0.0,0.0,1,10.9183840888252,50.0,5.4591920444126,0.0,30.0,0.0,0.0,1.0,0.0
L. Paul,WSL 2021-2022,2,0,0.0837070271372795,0.0,1,78.3701331999492,46.0,23.759199966653966,12.5,0.0,0.0,0.0,0.5,0.0
L. Petermann,WSL 2023-2024,32,5,4.42027848958969,4.137458175420761,18,49.69087798923837,47.8125,28.175539524500234,10.625,48.888888888888886,0.8625418245792389,0.15625,0.5625,0.8625418245792389
L. Piggott,WSL 2017-2018,2,1,0.9507874250411987,1.6181681752204895,1,44.410708157575186,50.0,46.477876707094936,0.0,30.0,-0.6181681752204896,0.5,0.5,-0.6181681752204895
L. Potter,WSL 2024-2025,7,0,0.2716309241950511,0.0,3,60.4125767777408,51.42857142857143,33.272056714269866,22.142857142857142,66.66666666666667,0.0,0.0,0.42857142857142855,0.0
L. Potter,WSL 2025-2026,8,1,1.3129839450120924,1.337198093533516,3,60.1202344122806,55.375,36.108762072790114,17.5,47.142857142857146,-0.3371980935335159,0.125,0.375,-0.33719809353351593
L. Quinn,WSL 2017,22,5,2.9695427475905993,4.313307678554116,15,36.21677668036438,48.72727272727273,13.690969757234567,19.318181818181817,86.0,0.6866923214458835,0.22727272727272727,0.6818181818181818,0.686692321445884
L. Quinn,WSL 2017-2018,34,1,2.1094158440828314,1.221624217927456,23,73.59352786179127,44.529411764705884,12.01195447478311,18.08823529411765,50.0,-0.2216242179274559,0.029411764705882353,0.6764705882352942,-0.2216242179274559
L. Quinn,WSL 2018-2019,30,2,4.836195923388003,4.020425200462341,14,67.40629657789889,44.56666666666667,26.963941612998173,15.833333333333334,45.625,-2.0204252004623413,0.06666666666666667,0.4666666666666667,-2.0204252004623413
L. Quinn,WSL 2019-2020,7,2,0.9534148722887038,1.4916793704032898,4,59.719841837567074,50.142857142857146,25.598580683890408,12.142857142857142,40.0,0.50832062959671,0.2857142857142857,0.5714285714285714,0.5083206295967102
L. Quinn,WSL 2020-2021,7,1,0.9828030988574027,1.3033956438302994,4,30.452914859696804,52.0,16.191576052519416,10.714285714285714,40.0,-0.3033956438302994,0.14285714285714285,0.5714285714285714,-0.3033956438302994
L. Quinn,WSL 2021-2022,36,6,5.631846617907285,5.81530999392271,20,50.004575874577576,46.97222222222222,21.236251626762694,13.472222222222221,52.5,0.18469000607728947,0.16666666666666666,0.5555555555555556,0.18469000607728958
L. Rafferty,WSL 2016,1,0,0.0837070271372795,0.0,0,,42.0,0.0,20.0,,0.0,0.0,0.0,0.0
L. Rafferty,WSL 2018-2019,4,1,0.7050750330090523,1.3717437386512756,2,22.928535102338813,46.0,16.020211815469267,10.0,30.0,-0.37174373865127575,0.25,0.5,-0.37174373865127563
L. Rafferty,WSL 2020-2021,1,0,0.050000000745058,0.0,0,78.14544843502475,50.0,39.07272421751237,0.0,50.0,0.0,0.0,0.0,0.0
L. Reichardt,WSL 2018-2019,6,0,0.3879864290356635,0.0,2,78.13613375226603,47.5,30.767600139644234,21.666666666666668,37.5,0.0,0.0,0.3333333333333333,0.0
L. Ribadeira,WSL 2024-2025,1,0,0.0,0.0,1,5.68037557443755,50.0,2.840187787218775,0.0,30.0,0.0,0.0,1.0,0.0
L. Robe,WSL 2018-2019,3,0,0.0837070271372795,0.0,2,,44.666666666666664,0.0,16.666666666666668,,0.0,0.0,0.6666666666666666,0.0
L. Robe,WSL 2019-2020,3,0,0.1084337383508682,0.0,0,46.66481309480343,42.0,21.110493253823364,25.0,75.0,0.0,0.0,0.0,0.0
L. Robe,WSL 2022-2023,2,0,0.0542168691754341,0.0,1,55.922002441996376,42.0,34.627667887664856,20.0,75.0,0.0,0.0,0.5,0.0
L. Robertson,WSL 2021-2022,6,0,0.318133346736431,0.0,4,78.14544843502475,47.5,7.901009591807617,23.333333333333332,0.0,0.0,0.0,0.6666666666666666,0.0
L. Roche,WSL 2016,2,1,0.1085714250802993,0.633093535900116,2,51.59661918295723,42.0,26.562224500907718,25.0,100.0,0.366906464099884,0.5,1.0,0.36690646409988403
L. Sanderson,WSL 2015,11,0,0.5783067941665647,0.0,9,,48.72727272727273,0.0,20.454545454545453,,0.0,0.0,0.8181818181818182,0.0
L. Schüller,WSL 2025-2026,6,1,0.9483082592487334,0.8585858345031738,4,62.13687248685435,51.5,20.66048062756279,9.166666666666666,33.333333333333336,0.1414141654968261,0.16666666666666666,0.6666666666666666,0.14141416549682617
L. Smith,WSL 2021-2022,14,2,2.4431362003087993,1.812973365187645,7,64.63087161754913,49.5,27.397246897709554,8.214285714285714,23.333333333333332,0.18702663481235499,0.14285714285714285,0.5,0.18702663481235504
L. Smørsgård,WSL 2015,1,0,0.0,0.0,1,,50.0,0.0,0.0,,0.0,0.0,1.0,0.0
L. Staniforth,WSL 2015,8,0,0.167414054274559,0.0,5,,46.125,0.0,19.375,,0.0,0.0,0.625,0.0
L. Staniforth,WSL 2016,9,0,0.605129279196262,0.0,3,,42.0,0.0,25.0,,0.0,0.0,0.3333333333333333,0.0
L. Staniforth,WSL 2017,12,1,1.1156523807383165,0.990140116069375,7,44.028736377309265,47.083333333333336,6.699967210504764,15.416666666666666,65.0,0.009859883930625007,0.08333333333333333,0.5833333333333334,0.00985988393062498
L. Staniforth,WSL 2017-2018,40,3,2.9943628832697864,2.853548288345337,25,63.69268485872383,46.325,15.878698188003767,13.25,46.25,0.14645171165466297,0.075,0.625,0.14645171165466309
L. Staniforth,WSL 2018-2019,44,2,3.5812076739966865,2.3415953516960144,24,53.751046802575786,46.34090909090909,13.149762916018636,16.363636363636363,49.375,-0.3415953516960143,0.045454545454545456,0.5454545454545454,-0.3415953516960144
L. Staniforth,WSL 2019-2020,26,1,1.2036724165081976,1.2975782006978989,18,60.97317325391381,45.96153846153846,12.928975860381751,19.423076923076923,51.25,-0.2975782006978988,0.038461538461538464,0.6923076923076923,-0.29757820069789886
L. Staniforth,WSL 2020-2021,17,0,0.5692544281482694,0.7646724879741669,10,58.57327541977438,43.705882352941174,16.839998349515806,20.88235294117647,54.285714285714285,-0.7646724879741669,0.0,0.5882352941176471,-0.7646724879741669
L. Staniforth,WSL 2021-2022,15,2,1.30306851491332,1.2853097915649414,7,67.26908941156132,46.86666666666667,31.34706347848015,15.333333333333334,48.18181818181818,0.7146902084350586,0.13333333333333333,0.4666666666666667,0.7146902084350586
L. Staniforth,WSL 2022-2023,10,1,0.7771065607666968,0.906620755791664,4,45.45816545634062,42.8,29.509370056061606,21.5,72.22222222222223,0.09337924420833599,0.1,0.4,0.09337924420833599
L. Staniforth,WSL 2023-2024,7,0,0.0837070271372795,0.0,6,45.77821447226182,46.714285714285715,14.095331672627532,23.571428571428573,60.0,0.0,0.0,0.8571428571428571,0.0
L. Staniforth,WSL 2024-2025,5,0,0.41843983903527243,0.633093535900116,2,67.40889055083568,48.6,28.35456171398473,23.0,26.666666666666668,-0.633093535900116,0.0,0.4,-0.633093535900116
L. Staniforth,WSL 2025-2026,1,0,0.5416666865348816,0.7721518874168396,0,21.600154320436356,38.0,40.631300449390025,20.0,100.0,-0.7721518874168396,0.0,0.0,-0.7721518874168396
L. Vetterlein,WSL 2019-2020,5,1,0.5607182905077932,0.633093535900116,2,46.39803635691685,48.6,9.771698184425714,21.0,100.0,0.366906464099884,0.2,0.4,0.36690646409988403
L. Vetterlein,WSL 2020-2021,4,0,0.167414054274559,0.1315789520740509,2,32.434720765116964,42.0,7.124515569528336,22.5,100.0,-0.1315789520740509,0.0,0.5,-0.1315789520740509
L. Wade,WSL 2022-2023,8,1,0.3574293851852416,0.5,7,40.4890218030471,46.625,11.966691588071331,19.375,36.666666666666664,0.5,0.125,0.875,0.5
L. Wandeler,WSL 2025-2026,5,0,0.0975609719753265,0.0,4,51.02135592233163,58.4,17.30640677669949,10.0,20.0,0.0,0.0,0.8,0.0
L. Whipp,WSL 2019-2020,6,1,0.854441501200199,0.9315721839666367,3,49.358420532487536,47.333333333333336,18.386354941843955,8.333333333333334,43.333333333333336,0.0684278160333634,0.16666666666666666,0.5,0.06842781603336334
L. Whipp,WSL 2020-2021,3,0,0.0837070271372795,0.0,2,78.10427502882142,50.333333333333336,17.461823615914682,30.0,0.0,0.0,0.0,0.6666666666666666,0.0
L. Whipp,WSL 2021-2022,3,0,0.181267999112606,0.159420296549797,1,46.423982540864785,55.666666666666664,18.735530479119564,13.333333333333334,50.0,-0.159420296549797,0.0,0.3333333333333333,-0.159420296549797
L. Wienroither,WSL 2021-2022,6,0,0.3574293851852416,0.5131579041481018,4,68.81487798002169,46.333333333333336,15.146046961855236,19.166666666666668,25.0,-0.5131579041481018,0.0,0.6666666666666666,-0.5131579041481018
L. Wienroither,WSL 2022-2023,9,1,1.5162096843123434,1.3717437386512756,5,50.48015256307951,52.0,30.71180619390996,13.88888888888889,42.5,-0.37174373865127575,0.1111111111111111,0.5555555555555556,-0.37174373865127563
L. Wienroither,WSL 2023-2024,2,0,0.0,0.0,2,38.227971143885924,46.0,13.723659452638149,12.5,100.0,0.0,0.0,1.0,0.0
L. Wienroither,WSL 2024-2025,2,0,0.136865347623825,0.159420296549797,1,22.3238845367959,50.0,13.553246716644903,0.0,30.0,-0.159420296549797,0.0,0.5,-0.159420296549797
L. Williamson,WSL 2015,9,0,0.3538705110549925,0.0,5,,43.77777777777778,0.0,18.333333333333332,,0.0,0.0,0.5555555555555556,0.0
L. Williamson,WSL 2016,6,0,0.231267999857664,0.0,3,,42.0,0.0,23.333333333333332,,0.0,0.0,0.5,0.0
L. Williamson,WSL 2017,8,0,0.4479018598794937,0.0,5,,42.0,0.0,23.125,,0.0,0.0,0.625,0.0
L. Williamson,WSL 2017-2018,3,1,0.5756372958421706,0.9315721839666367,1,45.13458554697534,64.0,37.994125724265146,18.333333333333332,36.666666666666664,0.0684278160333634,0.3333333333333333,0.3333333333333333,0.06842781603336334
L. Williamson,WSL 2018-2019,8,1,1.4854450821876524,1.958494782447815,3,50.96505450658591,47.125,26.81260163415407,18.125,60.0,-0.9584947824478149,0.125,0.375,-0.9584947824478149
L. Williamson,WSL 2019-2020,8,1,0.7629977539181707,0.9093567430973053,4,57.70649711603748,48.125,24.77670146870994,15.625,60.0,0.0906432569026947,0.125,0.5,0.0906432569026947
L. Williamson,WSL 2020-2021,23,1,3.2074982114136215,1.1392448768019674,6,62.754284231278895,46.43478260869565,23.483652286507738,14.565217391304348,42.142857142857146,-0.13924487680196748,0.043478260869565216,0.2608695652173913,-0.1392448768019674
L. Williamson,WSL 2021-2022,13,2,1.0408244505524633,1.5073625445365906,6,62.26508883157107,45.76923076923077,29.647213544474425,17.692307692307693,58.888888888888886,0.49263745546340937,0.15384615384615385,0.46153846153846156,0.4926374554634094
L. Williamson,WSL 2022-2023,11,1,1.184480145573616,1.2777777910232544,7,48.53330972455893,49.45454545454545,24.921203572327272,16.818181818181817,48.75,-0.2777777910232544,0.09090909090909091,0.6363636363636364,-0.2777777910232544
L. Williamson,WSL 2023-2024,4,0,0.0542168691754341,0.1948051899671554,4,17.74992612167023,44.0,15.752668652255448,16.25,82.5,-0.1948051899671554,0.0,1.0,-0.1948051899671554
L. Williamson,WSL 2024-2025,22,2,2.667927958071231,3.2005509436130524,12,53.265576974455314,49.40909090909091,28.35336057233008,12.272727272727273,52.35294117647059,-1.2005509436130524,0.09090909090909091,0.5454545454545454,-1.2005509436130524
L. Williamson,WSL 2025-2026,2,1,0.3574293851852416,0.7358490824699402,1,49.006270029764174,42.0,42.20753791859785,20.0,75.0,0.2641509175300598,0.5,0.5,0.2641509175300598
L. Wilms,WSL 2025-2026,13,2,1.165708057582378,1.6204125583171844,8,40.04286468671184,46.15384615384615,24.268720526903184,21.153846153846153,45.0,0.37958744168281555,0.15384615384615385,0.6153846153846154,0.37958744168281555
L. Woodham,WSL 2017,2,0,0.2598684132099151,0.0,1,,50.0,0.0,0.0,,0.0,0.0,0.5,0.0
L. Woodham,WSL 2020-2021,3,0,0.181267999112606,0.1948051899671554,1,58.746272042778145,50.0,21.5301425805976,0.0,15.0,-0.1948051899671554,0.0,0.3333333333333333,-0.1948051899671554
L. Woodham,WSL 2021-2022,5,0,0.0837070271372795,0.5,4,47.703249365216216,50.2,9.43699160318829,18.0,30.0,-0.5,0.0,0.8,-0.5
L. Woodham,WSL 2022-2023,2,0,0.2598684132099151,0.0,1,56.045285103387414,50.0,28.022642551693707,0.0,15.0,0.0,0.0,0.5,0.0
L. Woodham,WSL 2024-2025,6,1,0.8820554241538048,1.477011501789093,4,38.434990659076576,47.333333333333336,20.19672106197099,8.333333333333334,40.0,-0.47701150178909313,0.16666666666666666,0.6666666666666666,-0.477011501789093
L. Woodham,WSL 2025-2026,1,0,0.1085714250802993,0.0,0,78.41881860313322,42.0,47.54274263489995,25.0,0.0,0.0,0.0,0.0,0.0
L. Wubben-Moy,WSL 2017,4,0,0.2598684132099151,0.0,3,,42.0,0.0,22.5,,0.0,0.0,0.75,0.0
L. Wubben-Moy,WSL 2020-2021,12,3,2.6727672480046745,3.250619739294052,5,52.52893868531474,52.916666666666664,33.62471824489405,12.083333333333334,56.0,-0.25061973929405224,0.25,0.4166666666666667,-0.2506197392940521
L. Wubben-Moy,WSL 2021-2022,11,2,1.2366413176059723,2.011142313480377,8,42.246178612229144,46.45454545454545,14.984238784442692,15.909090909090908,70.0,-0.011142313480377322,0.18181818181818182,0.7272727272727273,-0.011142313480377197
L. Wubben-Moy,WSL 2022-2023,16,1,1.9748063683509822,1.266187071800232,6,68.06153393474447,43.0,32.58467598515461,17.8125,52.5,-0.266187071800232,0.0625,0.375,-0.26618707180023193
L. Wubben-Moy,WSL 2023-2024,19,1,1.162182934582233,0.5,12,52.18790475568889,43.26315789473684,26.039085210578946,17.105263157894736,67.33333333333333,0.5,0.05263157894736842,0.631578947368421,0.5
L. Wubben-Moy,WSL 2024-2025,7,1,0.8553312458097933,1.3735703378915785,2,44.67654168608821,47.857142857142854,33.70119133876991,16.428571428571427,75.71428571428571,-0.3735703378915785,0.14285714285714285,0.2857142857142857,-0.37357033789157845
L. Wubben-Moy,WSL 2025-2026,9,0,1.7171451449394224,0.0,4,56.26599798854672,44.666666666666664,28.71081392083558,13.333333333333334,56.25,0.0,0.0,0.4444444444444444,0.0
L. Wälti,WSL 2018-2019,7,0,0.5959854871034622,0.3611111044883728,4,65.73610862088697,45.42857142857143,12.128967869838785,14.285714285714286,50.0,-0.3611111044883728,0.0,0.5714285714285714,-0.3611111044883728
L. Wälti,WSL 2019-2020,2,0,0.0,0.0,2,,46.0,0.0,12.5,,0.0,0.0,1.0,0.0
L. Wälti,WSL 2020-2021,1,0,0.0,0.0,1,,42.0,0.0,25.0,,0.0,0.0,1.0,0.0
L. Wälti,WSL 2021-2022,7,0,0.24543677270412428,0.3611111044883728,5,56.57798568709702,43.142857142857146,12.011140784059267,21.428571428571427,75.0,-0.3611111044883728,0.0,0.7142857142857143,-0.3611111044883728
L. Wälti,WSL 2022-2023,10,1,0.49429473280906655,0.3611111044883728,8,35.50965976083847,51.1,21.787197217800504,24.0,37.5,0.6388888955116272,0.1,0.8,0.6388888955116272
L. Wälti,WSL 2023-2024,5,0,0.6098394319415092,0.0,2,60.413448090750514,42.0,37.87339071204192,23.0,42.0,0.0,0.0,0.4,0.0
L. Wälti,WSL 2024-2025,10,0,0.3574377223849295,0.2631579041481018,7,38.05634588429675,46.1,19.609194771948168,21.5,48.57142857142857,-0.2631579041481018,0.0,0.7,-0.2631579041481018
Laia Aleixandri,WSL 2022-2023,6,0,0.9649434462189673,0.5131579041481018,2,66.19802954960285,48.833333333333336,26.85402159283035,16.666666666666668,32.5,-0.5131579041481018,0.0,0.3333333333333333,-0.5131579041481018
Laia Aleixandri,WSL 2023-2024,14,1,1.1292307451367376,1.3328537419438362,8,41.55267660663294,46.07142857142857,23.466095256771162,15.714285714285714,58.18181818181818,-0.3328537419438362,0.07142857142857142,0.5714285714285714,-0.3328537419438362
Laia Aleixandri,WSL 2024-2025,10,2,1.8134866282343862,2.038465663790703,4,57.58148145930823,47.7,36.360396981394146,15.5,51.111111111111114,-0.0384656637907029,0.2,0.4,-0.03846566379070282
Laia Codina,WSL 2023-2024,3,0,0.550012871623039,0.0,1,63.6842700125456,44.666666666666664,36.28657945071725,13.333333333333334,50.0,0.0,0.0,0.3333333333333333,0.0
Laia Codina,WSL 2024-2025,1,0,0.0,0.0,1,42.53312434640406,42.0,27.933228839868697,20.0,100.0,0.0,0.0,1.0,0.0
Laia Codina,WSL 2025-2026,6,0,0.3967337608337401,0.9942046403884888,4,18.247534838970022,47.5,20.483679510316346,19.166666666666668,100.0,-0.9942046403884888,0.0,0.6666666666666666,-0.9942046403884888
Lee Geum-Min,WSL 2019-2020,1,1,0.4670658707618713,0.8585858345031738,1,51.550945675128,50.0,51.533047872659225,0.0,30.0,0.1414141654968261,1.0,1.0,0.14141416549682617
Lee Geum-Min,WSL 2020-2021,17,3,2.573586925864219,1.7852718830108643,11,57.29373191443019,46.76470588235294,14.535648170604892,14.411764705882353,46.666666666666664,1.2147281169891357,0.17647058823529413,0.6470588235294118,1.2147281169891357
Lee Geum-Min,WSL 2021-2022,16,2,2.150643229484558,1.5754245966672897,12,54.337297802190854,49.0625,13.454664456661952,8.75,35.0,0.42457540333271027,0.125,0.75,0.42457540333271027
Lee Geum-Min,WSL 2022-2023,21,3,3.7616947442293163,2.6181681752204895,12,54.1233567372954,47.04761904761905,29.37747194556947,13.571428571428571,35.294117647058826,0.3818318247795104,0.14285714285714285,0.5714285714285714,0.3818318247795105
Lee Geum-Min,WSL 2023-2024,8,2,1.2801527678966522,1.6138978600502014,6,33.4622511167391,50.125,24.233518505428275,10.625,38.57142857142857,0.38610213994979853,0.25,0.75,0.3861021399497986
Leila Ouahabi,WSL 2022-2023,5,0,0.7713452726602553,0.159420296549797,2,61.57285012875938,46.8,35.0762801770118,10.0,26.0,-0.159420296549797,0.0,0.4,-0.159420296549797
Leila Ouahabi,WSL 2023-2024,10,1,1.6953180730342863,0.8585858345031738,6,59.92718065271118,45.2,26.050270731958438,14.5,37.142857142857146,0.1414141654968261,0.1,0.6,0.14141416549682617
Leila Ouahabi,WSL 2024-2025,14,0,0.44114474952220895,0.792513832449913,10,33.77989542787884,50.214285714285715,19.611774273345073,18.928571428571427,60.90909090909091,-0.792513832449913,0.0,0.7142857142857143,-0.792513832449913
Leila Ouahabi,WSL 2025-2026,7,0,0.6000128723680971,0.0,4,49.60675545894503,45.42857142857143,29.327187253282034,13.571428571428571,44.285714285714285,0.0,0.0,0.5714285714285714,0.0
Li Mengwen,WSL 2023-2024,3,0,0.23442631959915147,0.0,1,77.90606798322798,42.0,30.968689327742663,23.333333333333332,25.0,0.0,0.0,0.3333333333333333,0.0
Li Mengwen,WSL 2024-2025,3,0,0.136865347623825,0.0,2,59.134293167897326,44.666666666666664,22.48920883374355,15.0,75.0,0.0,0.0,0.6666666666666666,0.0
Lucía Corrales,WSL 2025-2026,10,1,1.3812604472041128,0.8780487775802612,6,53.191111547470065,50.9,28.40347986243565,5.5,30.0,0.1219512224197387,0.1,0.6,0.12195122241973877
Lucía García,WSL 2022-2023,28,8,4.662397000938653,7.083720922470093,20,49.410840477694485,52.92857142857143,25.495566380000707,7.857142857142857,37.77777777777778,0.916279077529907,0.2857142857142857,0.7142857142857143,0.9162790775299072
Lucía García,WSL 2023-2024,40,3,3.979363061487674,4.581710934638977,30,37.07389766255519,49.0,19.37557110365549,10.25,38.96551724137931,-1.5817109346389773,0.075,0.75,-1.581710934638977
M. Agyemang,WSL 2024-2025,19,3,3.666823528707027,3.850077912211418,13,37.66572046812912,49.94736842105263,23.31553899354268,11.052631578947368,30.0,-0.8500779122114184,0.15789473684210525,0.6842105263157895,-0.8500779122114182
M. Agyemang,WSL 2025-2026,10,1,0.900787428021431,0.924643874168396,9,36.53879150524835,47.3,15.402235740746358,10.0,33.333333333333336,0.075356125831604,0.1,0.9,0.075356125831604
M. Alexander,WSL 2017,1,0,0.0837070271372795,0.0,0,,42.0,0.0,25.0,,0.0,0.0,0.0,0.0
M. Alexander,WSL 2018-2019,4,1,0.5913300365209577,0.8585858345031738,3,51.24816539876217,44.0,21.334768441797678,18.75,40.0,0.1414141654968261,0.25,0.75,0.14141416549682617
M. Barker,WSL 2020-2021,3,0,0.0542168691754341,0.0745303556323051,2,25.73907535246746,47.666666666666664,7.812927226178739,36.666666666666664,100.0,-0.0745303556323051,0.0,0.6666666666666666,-0.0745303556323051
M. Barron-Clark,WSL 2017,2,1,1.0837070271372795,0.9850746393203736,1,16.35678588367668,46.0,18.865316060724773,12.5,100.0,0.0149253606796264,0.5,0.5,0.014925360679626354
M. Bartrip,WSL 2016,1,0,0.0,0.0,1,,42.0,0.0,20.0,,0.0,0.0,1.0,0.0
M. Bartrip,WSL 2017-2018,3,0,0.1085714250802993,0.0,2,,44.666666666666664,0.0,16.666666666666668,,0.0,0.0,0.6666666666666666,0.0
M. Bartrip,WSL 2018-2019,6,0,0.2511210814118385,0.0,2,73.21988129542838,51.666666666666664,24.13830365719043,25.0,33.333333333333336,0.0,0.0,0.3333333333333333,0.0
M. Bartrip,WSL 2020-2021,1,0,0.0,0.0,1,,42.0,0.0,25.0,,0.0,0.0,1.0,0.0
M. Bartrip,WSL 2021-2022,5,0,0.10421686992049209,0.6725782006978989,2,38.86098598094216,45.2,17.027098331803373,14.0,83.33333333333333,-0.6725782006978989,0.0,0.4,-0.6725782006978989
M. Bartrip,WSL 2022-2023,4,2,1.0837070271372795,0.9850746393203736,4,18.30369642723716,46.0,16.33527928845007,12.5,53.333333333333336,1.0149253606796265,0.5,1.0,1.0149253606796265
M. Bartrip,WSL 2024-2025,2,0,0.0542168691754341,0.0,1,78.20230175640613,42.0,23.7172421057682,25.0,50.0,0.0,0.0,0.5,0.0
M. Bergman-Lundin,WSL 2023-2024,2,0,0.0,0.0,2,28.59159084027982,50.0,14.29579542013991,0.0,30.0,0.0,0.0,1.0,0.0
M. Bright,WSL 2015,14,0,0.48149933665990824,0.0,9,,44.857142857142854,0.0,14.642857142857142,,0.0,0.0,0.6428571428571429,0.0
M. Bright,WSL 2016,16,1,1.4473724290728565,0.7358490824699402,6,53.517909774828354,44.0,3.5729850434278574,16.875,100.0,0.2641509175300598,0.0625,0.375,0.2641509175300598
M. Bright,WSL 2017,15,2,2.180005274713039,2.2326154708862305,6,35.13848236570986,46.333333333333336,9.31241251167678,15.0,100.0,-0.23261547088623052,0.13333333333333333,0.4,-0.23261547088623047
M. Bright,WSL 2017-2018,11,1,2.1012425497174263,0.4000000059604645,5,70.65846606278542,44.90909090909091,26.148905884717838,13.636363636363637,32.857142857142854,0.5999999940395355,0.09090909090909091,0.45454545454545453,0.5999999940395355
M. Bright,WSL 2018-2019,29,1,1.9233891107141967,1.4306542724370956,13,68.76383346255248,45.241379310344826,20.319533186585524,17.24137931034483,52.142857142857146,-0.4306542724370956,0.034482758620689655,0.4482758620689655,-0.43065427243709564
M. Bright,WSL 2019-2020,15,1,1.5909061953425403,1.366621881723404,6,55.50486308954273,44.666666666666664,17.017711817673447,13.666666666666666,37.142857142857146,-0.36662188172340393,0.06666666666666667,0.4,-0.36662188172340393
M. Bright,WSL 2020-2021,6,1,1.375854179263115,1.68251633644104,2,53.48821414391202,48.833333333333336,29.85309750795365,17.5,62.5,-0.68251633644104,0.16666666666666666,0.3333333333333333,-0.68251633644104
M. Bright,WSL 2021-2022,27,0,1.3986251391470426,0.42089215666055657,11,64.79929061268972,47.925925925925924,17.15145092750451,16.11111111111111,44.166666666666664,-0.42089215666055657,0.0,0.4074074074074074,-0.42089215666055657
M. Bright,WSL 2022-2023,7,1,0.4333606697618959,1.4497835561633108,3,51.49297568032267,49.714285714285715,36.959845938004094,15.0,65.71428571428571,-0.44978355616331095,0.14285714285714285,0.42857142857142855,-0.4497835561633108
M. Bright,WSL 2023-2024,12,1,1.6092154458165164,1.6510996669530869,5,62.55605487986079,45.416666666666664,35.192772033991375,18.333333333333332,58.0,-0.6510996669530869,0.08333333333333333,0.4166666666666667,-0.6510996669530869
M. Bright,WSL 2024-2025,15,0,1.6868092119693754,0.8656215071678162,5,53.90703910270101,51.333333333333336,28.071836433193813,18.666666666666668,58.333333333333336,-0.8656215071678162,0.0,0.3333333333333333,-0.8656215071678162
M. Bright,WSL 2025-2026,7,0,0.1584337390959262,0.318840593099594,3,47.965597376231734,46.714285714285715,27.875525226907104,20.714285714285715,71.66666666666667,-0.318840593099594,0.0,0.42857142857142855,-0.318840593099594
M. Campbell,WSL 2016,4,0,0.24543677270412428,0.0,2,,42.0,0.0,22.5,,0.0,0.0,0.5,0.0
M. Campbell,WSL 2017,1,1,0.4827586114406585,0.8780487775802612,1,47.404406733739194,38.0,56.7103333609441,20.0,100.0,0.1219512224197387,1.0,1.0,0.12195122241973877
M. Campbell,WSL 2019-2020,1,0,0.0,0.0,1,,42.0,0.0,20.0,,0.0,0.0,1.0,0.0
M. Campbell,WSL 2022-2023,2,0,0.0837070271372795,0.1315789520740509,1,14.935273625639777,42.0,17.77465442726399,25.0,100.0,-0.1315789520740509,0.0,0.5,-0.1315789520740509
M. Campbell,WSL 2023-2024,1,0,0.0,0.0,1,49.0323022778522,42.0,32.84948447225944,25.0,30.0,0.0,0.0,1.0,0.0
M. Cato,WSL 2024-2025,17,2,1.6760849133133886,1.4916793704032898,13,37.77122455741745,48.1764705882353,20.63621292239338,10.294117647058824,57.142857142857146,0.5083206295967101,0.11764705882352941,0.7647058823529411,0.5083206295967102
M. Clémaron,WSL 2019-2020,5,0,0.16278829425573338,0.5,3,57.535871937524405,56.8,16.17384105417155,15.0,40.0,-0.5,0.0,0.6,-0.5
M. Clémaron,WSL 2020-2021,6,0,0.4377152249217031,0.2614718601107596,2,13.116940913845873,43.333333333333336,6.271293897305888,20.0,65.0,-0.2614718601107596,0.0,0.3333333333333333,-0.2614718601107596
M. Clémaron,WSL 2021-2022,11,0,0.2464953213930129,0.159420296549797,7,65.15476920400435,48.72727272727273,15.008377027682053,20.90909090909091,45.0,-0.159420296549797,0.0,0.6363636363636364,-0.159420296549797
M. Connolly,WSL 2018-2019,11,1,1.005589261651039,0.159420296549797,7,66.59055329952272,45.63636363636363,18.59930231623946,13.636363636363637,26.0,0.8405797034502029,0.09090909090909091,0.6363636363636364,0.8405797034502029
M. Connolly,WSL 2019-2020,7,1,1.096920035779476,0.7721518874168396,4,56.712383123365946,45.42857142857143,16.652352091555347,12.857142857142858,26.666666666666668,0.2278481125831604,0.14285714285714285,0.5714285714285714,0.2278481125831604
M. Connolly,WSL 2020-2021,11,2,1.760947100818157,2.702733427286148,8,38.68096012399841,46.45454545454545,18.737976041992166,18.636363636363637,38.0,-0.7027334272861482,0.18181818181818182,0.7272727272727273,-0.7027334272861481
M. Connolly,WSL 2021-2022,12,0,0.2758477926254272,0.4858044385910033,9,28.040380153086648,46.5,6.664003060057784,25.0,53.333333333333336,-0.4858044385910033,0.0,0.75,-0.4858044385910033
M. Connolly,WSL 2022-2023,6,0,0.13370702788233751,0.0,4,56.568119380029074,45.5,23.02270646000969,18.333333333333332,57.5,0.0,0.0,0.6666666666666666,0.0
M. Connolly,WSL 2023-2024,4,2,1.4422784522175789,1.9792792797088623,3,51.79690732956402,44.0,46.99304826259848,18.75,75.0,0.020720720291137584,0.5,0.75,0.020720720291137695
M. Enderby,WSL 2023-2024,12,0,1.0382030382752416,0.6883116960525513,7,55.763620682262875,48.0,19.374057494680276,6.25,30.0,-0.6883116960525513,0.0,0.5833333333333334,-0.6883116960525513
M. Enderby,WSL 2024-2025,7,0,0.4322656467556953,0.5,3,55.43665367203689,56.0,28.520470621349144,7.857142857142857,23.333333333333332,-0.5,0.0,0.42857142857142855,-0.5
M. Enderby,WSL 2025-2026,20,3,2.424837037920952,2.48322331905365,14,42.379070342164795,53.4,22.509796448779724,8.0,32.5,0.51677668094635,0.15,0.7,0.5167766809463501
M. Eriksson,WSL 2017-2018,15,3,2.7062804400920863,2.5319721698760986,7,58.63639278324713,43.86666666666667,24.366982415284767,15.333333333333334,62.5,0.46802783012390115,0.2,0.4666666666666667,0.46802783012390137
M. Eriksson,WSL 2018-2019,29,2,2.9483554512262335,2.6696876883506775,9,65.13901243895077,46.41379310344828,26.948425654230466,18.448275862068964,45.55555555555556,-0.6696876883506775,0.06896551724137931,0.3103448275862069,-0.6696876883506775
M. Eriksson,WSL 2019-2020,15,1,1.8463046997785562,2.2806194126605988,4,57.2828988566799,45.266666666666666,25.412775148991834,17.666666666666668,61.111111111111114,-1.2806194126605988,0.06666666666666667,0.26666666666666666,-1.2806194126605988
M. Eriksson,WSL 2020-2021,26,2,4.214388981461524,2.5516235679388046,10,61.953045420472286,45.30769230769231,21.060647523252587,16.153846153846153,56.15384615384615,-0.5516235679388047,0.07692307692307693,0.38461538461538464,-0.5516235679388046
M. Eriksson,WSL 2021-2022,18,1,2.33198170363903,0.5131579041481018,6,75.1331520703847,45.611111111111114,27.053355935827344,15.277777777777779,40.90909090909091,0.4868420958518982,0.05555555555555555,0.3333333333333333,0.4868420958518982
M. Eriksson,WSL 2022-2023,14,1,2.674541179090738,2.1705626100301743,7,51.68565635559587,48.357142857142854,24.89608286277747,9.642857142857142,39.0,-1.1705626100301743,0.07142857142857142,0.5,-1.1705626100301743
M. Ewers,WSL 2017,2,0,0.0,0.0,2,,46.0,0.0,12.5,,0.0,0.0,1.0,0.0
M. Ewers,WSL 2017-2018,9,0,0.5954628325998782,0.7721518874168396,4,73.50289188541839,53.888888888888886,25.954272555857543,18.88888888888889,40.0,-0.7721518874168396,0.0,0.4444444444444444,-0.7721518874168396
M. Ewers,WSL 2018-2019,5,0,0.2649750262498855,0.159420296549797,2,45.25055297844218,50.2,12.673299041653886,18.0,15.0,-0.159420296549797,0.0,0.4,-0.159420296549797
M. Ewers,WSL 2020-2021,8,0,0.5358538925647734,0.2340425550937652,2,67.33740883888738,47.125,20.420345124656798,19.375,50.0,-0.2340425550937652,0.0,0.25,-0.2340425550937652
M. Ewers,WSL 2021-2022,1,0,0.0837070271372795,0.0,0,78.00064102300699,42.0,47.33365384483683,25.0,0.0,0.0,0.0,0.0,0.0
M. Farrow,WSL 2015,2,1,0.4871087968349457,0.7721518874168396,2,21.12134254992118,46.0,16.86261394873289,12.5,30.0,0.2278481125831604,0.5,1.0,0.2278481125831604
M. Farrow,WSL 2017-2018,9,1,1.1505006849765778,1.092628389596939,7,46.08383667415387,49.666666666666664,11.322734077682107,3.888888888888889,20.0,-0.09262838959693911,0.1111111111111111,0.7777777777777778,-0.09262838959693909
M. Farrow,WSL 2018-2019,6,2,2.2026935815811157,1.7560975551605225,3,53.83991408282795,48.666666666666664,22.2404662965096,4.166666666666667,36.666666666666664,0.2439024448394774,0.3333333333333333,0.5,0.24390244483947754
M. Farrow,WSL 2019-2020,7,0,0.2804878056049347,0.0,6,78.14544843502475,47.714285714285715,5.581817745358911,7.142857142857143,0.0,0.0,0.0,0.8571428571428571,0.0
M. Filis,WSL 2021-2022,3,0,0.186865348368883,0.0,1,78.17359599705715,61.333333333333336,15.251154888398412,25.0,50.0,0.0,0.0,0.3333333333333333,0.0
M. Filis,WSL 2022-2023,3,0,0.0542168691754341,0.0,2,51.39550717877622,44.666666666666664,31.25330914494366,16.666666666666668,36.666666666666664,0.0,0.0,0.6666666666666666,0.0
M. Filis,WSL 2023-2024,3,0,0.0,0.0,3,44.877700596465445,44.666666666666664,17.737011309932925,16.666666666666668,65.0,0.0,0.0,1.0,0.0
M. Finnigan,WSL 2017-2018,9,0,0.7840048074722287,0.2344263195991515,3,78.18815086579316,42.0,33.6674538396994,22.22222222222222,50.0,-0.2344263195991515,0.0,0.3333333333333333,-0.2344263195991515
M. Finnigan,WSL 2018-2019,10,0,1.2261616364121433,1.3742690086364746,3,52.963550002197145,42.0,24.011872026568565,21.5,75.0,-1.3742690086364746,0.0,0.3,-1.3742690086364746
M. Finnigan,WSL 2019-2020,6,0,1.0354920998215675,0.7721518874168396,3,65.99000398615561,48.833333333333336,17.08131565699902,15.833333333333334,75.0,-0.7721518874168396,0.0,0.5,-0.7721518874168396
M. Finnigan,WSL 2020-2021,10,2,1.2322394698858257,1.3766233921051025,7,59.66843345292407,45.2,18.06355686690012,12.0,62.5,0.6233766078948973,0.2,0.7,0.6233766078948975
M. Finnigan,WSL 2021-2022,5,1,0.6344799250364302,0.8780487775802612,3,38.30854270844093,43.6,10.432480269658994,16.0,100.0,0.1219512224197387,0.2,0.6,0.12195122241973877
M. Finnigan,WSL 2022-2023,10,3,1.505477391183376,1.9517413154244423,7,48.35333662203354,49.0,31.780892092855083,12.5,64.44444444444444,1.0482586845755577,0.3,0.7,1.0482586845755577
M. Finnigan,WSL 2023-2024,9,3,1.4024428203701969,2.48862686753273,5,53.77268435028757,47.44444444444444,32.910726065035746,15.0,68.57142857142857,0.5113731324672698,0.3333333333333333,0.5555555555555556,0.5113731324672699
M. Finnigan,WSL 2024-2025,4,0,0.3967337608337401,0.5131579041481018,2,44.76368593217771,54.25,29.56386058053295,10.0,40.0,-0.5131579041481018,0.0,0.5,-0.5131579041481018
M. Fishel,WSL 2023-2024,13,1,1.1114035136997698,0.9315721839666367,10,41.04119241882797,52.76923076923077,20.84352805669679,17.692307692307693,67.77777777777777,0.0684278160333634,0.07692307692307693,0.7692307692307693,0.06842781603336334
M. Fishel,WSL 2024-2025,8,1,1.045372664928436,0.8780487775802612,6,50.172105595966634,55.375,26.065555847746804,16.875,36.666666666666664,0.1219512224197387,0.125,0.75,0.12195122241973877
M. Fletcher,WSL 2017,11,3,2.1796483621001244,1.9901694059371948,8,20.63794598639393,48.54545454545455,8.242000105246065,4.090909090909091,30.0,1.0098305940628052,0.2727272727272727,0.7272727272727273,1.0098305940628052
M. Fowler,WSL 2022-2023,5,1,1.1516068801283836,0.9850746393203736,3,43.314634744606614,48.0,37.234431874892216,29.0,80.0,0.0149253606796264,0.2,0.6,0.014925360679626354
M. Fowler,WSL 2023-2024,25,4,2.8653044477105136,3.62435083091259,18,43.4446028680203,51.68,24.52483675360949,14.4,36.8421052631579,0.37564916908740986,0.16,0.72,0.37564916908741
M. Fowler,WSL 2024-2025,25,6,5.2676084083391395,5.410119038529512,18,38.898882294411116,50.64,24.007051451444973,9.8,49.473684210526315,0.5898809614704874,0.24,0.72,0.5898809614704881
M. Fowler,WSL 2025-2026,5,0,1.021284371614456,0.0,1,78.24792775546614,53.4,33.632504435519785,7.0,12.5,0.0,0.0,0.2,0.0
M. Gejl,WSL 2024-2025,16,3,2.075919806957245,2.201469600200653,12,46.08063090151909,46.8125,24.42882542177922,10.625,65.83333333333333,0.7985303997993469,0.1875,0.75,0.7985303997993469
M. Goodwin,WSL 2021-2022,2,0,0.4414414465427398,0.633093535900116,1,32.901367752724184,50.0,17.721744976682785,0.0,30.0,-0.633093535900116,0.0,0.5,-0.633093535900116
M. Goodwin,WSL 2022-2023,16,1,1.4032986164093015,0.792513832449913,11,39.17188993450612,46.5,20.915331948856682,10.0,40.0,0.20748616755008698,0.0625,0.6875,0.20748616755008698
M. Goodwin,WSL 2023-2024,13,1,1.212366588413715,1.2196969389915466,8,42.807769924334316,53.30769230769231,24.387203288737318,10.384615384615385,36.36363636363637,-0.21969693899154671,0.07692307692307693,0.6153846153846154,-0.21969693899154663
M. Goodwin,WSL 2024-2025,13,2,1.2294308282434938,1.678476482629776,10,32.76698525043485,54.69230769230769,20.172260001765512,10.76923076923077,40.0,0.3215235173702239,0.15384615384615385,0.7692307692307693,0.321523517370224
M. Goodwin,WSL 2025-2026,2,0,0.0,0.0,2,11.923832344417544,50.0,2.980958086104386,0.0,30.0,0.0,0.0,1.0,0.0
M. Green,WSL 2017-2018,7,2,1.2178533656931505,1.5839962868428812,5,45.29509389138839,47.857142857142854,22.11096329353284,20.0,40.0,0.4160037131571188,0.2857142857142857,0.7142857142857143,0.4160037131571188
M. Green,WSL 2020-2021,11,1,0.6844799257814883,1.179879829287529,7,61.71273715956247,50.90909090909091,18.91014282826049,14.090909090909092,22.0,-0.179879829287529,0.09090909090909091,0.6363636363636364,-0.179879829287529
M. Gut,WSL 2020-2021,6,0,0.0837070271372795,0.0,5,60.122190394044864,46.0,6.39907142172596,12.5,0.0,0.0,0.0,0.8333333333333334,0.0
M. Haley,WSL 2023-2024,14,1,2.2777200601994987,2.250541999936104,8,43.98891504939426,46.0,25.318235197839396,11.071428571428571,62.72727272727273,-1.2505419999361038,0.07142857142857142,0.5714285714285714,-1.2505419999361038
M. Haley,WSL 2024-2025,13,1,2.5411947071552277,0.9850746393203736,9,55.52893568507763,46.07692307692308,27.220275713205073,12.307692307692308,58.0,0.0149253606796264,0.07692307692307693,0.6923076923076923,0.014925360679626354
M. Haley,WSL 2025-2026,34,4,5.736022362712679,4.630160561058579,25,50.46870234105075,49.1764705882353,25.7585119860586,8.382352941176471,45.833333333333336,-0.6301605610585798,0.11764705882352941,0.7352941176470589,-0.6301605610585792
M. Hamano,WSL 2023-2024,15,2,3.719795279204845,3.001311719417572,8,43.81640803406661,46.6,28.2119558091529,11.333333333333334,40.0,-1.0013117194175722,0.13333333333333333,0.5333333333333333,-1.001311719417572
M. Hamano,WSL 2024-2025,22,2,3.380906268954277,3.388323277235031,13,50.45982736196752,50.09090909090909,24.095381978718514,7.954545454545454,30.666666666666668,-1.3883232772350311,0.09090909090909091,0.5909090909090909,-1.3883232772350311
M. Hamano,WSL 2025-2026,15,2,2.5461210981011386,3.247555300593376,7,45.285222243035456,52.333333333333336,28.053643942845376,11.333333333333334,40.0,-1.2475553005933762,0.13333333333333333,0.4666666666666667,-1.2475553005933762
M. Harris,WSL 2015,4,0,0.0,0.0,4,,46.0,0.0,12.5,,0.0,0.0,1.0,0.0
M. Harris,WSL 2016,1,0,0.136865347623825,0.0,0,,42.0,0.0,25.0,,0.0,0.0,0.0,0.0
M. Harris,WSL 2017-2018,6,0,0.3574377223849295,0.3611111044883728,3,72.055375835867,48.666666666666664,21.2082883702975,4.166666666666667,10.0,-0.3611111044883728,0.0,0.5,-0.3611111044883728
M. Harris,WSL 2019-2020,6,0,0.2759854793548583,0.0,3,77.91733511299722,55.666666666666664,6.493111259416435,13.333333333333334,0.0,0.0,0.0,0.5,0.0
M. Harris,WSL 2020-2021,4,0,0.167414054274559,0.0,2,77.8922357613774,46.0,21.556392273677684,12.5,0.0,0.0,0.0,0.5,0.0
M. Harris,WSL 2021-2022,1,0,0.0,0.0,1,,50.0,0.0,0.0,,0.0,0.0,1.0,0.0
M. Hijikata,WSL 2025-2026,9,0,0.9996082559227939,0.1315789520740509,2,60.71134453387433,48.22222222222222,29.088082966413204,5.0,26.25,-0.1315789520740509,0.0,0.2222222222222222,-0.1315789520740509
M. Hill,WSL 2017,4,0,0.2205723747611045,0.0,2,,48.0,0.0,6.25,,0.0,0.0,0.5,0.0
M. Hourihan,WSL 2018-2019,1,1,1.0,1.0,1,30.315745817057543,50.0,45.15787290852877,0.0,100.0,0.0,1.0,1.0,0.0
M. Höbinger,WSL 2023-2024,26,5,2.231146469712257,4.29355526715517,20,39.10462712837961,45.76923076923077,23.28079291285621,17.115384615384617,64.21052631578948,0.7064447328448293,0.19230769230769232,0.7692307692307693,0.7064447328448296
M. Höbinger,WSL 2024-2025,30,3,2.4605933506859508,2.5111574646903247,21,42.87299691374075,45.96666666666667,21.19104532482613,19.166666666666668,54.0,0.4888425353096753,0.1,0.7,0.48884253530967525
M. Höbinger,WSL 2025-2026,6,0,0.483707033097744,0.0,4,45.536196246827714,48.833333333333336,18.789843193387018,19.166666666666668,57.5,0.0,0.0,0.6666666666666666,0.0
M. Iwabuchi,WSL 2020-2021,12,2,1.0618272572755811,1.2196969389915466,7,60.1960354428928,48.083333333333336,17.395638620303757,12.916666666666666,12.0,0.7803030610084533,0.16666666666666666,0.5833333333333334,0.7803030610084534
M. Iwabuchi,WSL 2021-2022,6,1,1.46956130862236,1.6307377219200134,3,63.4326587994921,52.833333333333336,29.297908209430773,6.666666666666667,15.0,-0.6307377219200134,0.16666666666666666,0.5,-0.6307377219200134
M. Iwabuchi,WSL 2022-2023,4,0,0.0,0.0,4,20.615183505398104,48.0,7.7306938145242885,5.0,30.0,0.0,0.0,1.0,0.0
M. Kearns,WSL 2018-2019,1,0,0.0,0.0,1,,42.0,0.0,25.0,,0.0,0.0,1.0,0.0
M. Kearns,WSL 2022-2023,27,4,3.7631945982575408,3.3237754553556442,16,53.31807527249343,45.25925925925926,27.144222829096428,14.814814814814815,23.5,0.6762245446443557,0.14814814814814814,0.5925925925925926,0.6762245446443558
M. Kearns,WSL 2023-2024,23,1,3.060912892222404,1.8851422220468521,11,52.900814179182575,50.130434782608695,23.6127875403565,10.869565217391305,26.875,-0.8851422220468521,0.043478260869565216,0.4782608695652174,-0.8851422220468521
M. Kearns,WSL 2024-2025,15,0,1.1522189080715177,0.8198906481266022,9,51.975122987006856,44.13333333333333,22.63148895858882,17.666666666666668,52.0,-0.8198906481266022,0.0,0.6,-0.8198906481266022
M. Kearns,WSL 2025-2026,15,1,2.063089929521084,0.9850746393203736,11,48.84610285237638,49.0,21.324831435623196,9.0,34.54545454545455,0.0149253606796264,0.06666666666666667,0.7333333333333333,0.014925360679626354
M. Lambert,WSL 2017-2018,10,0,1.236959785223007,0.0,3,76.66859111453807,50.1,25.33391066769476,8.5,16.666666666666668,0.0,0.0,0.3,0.0
M. Lawley,WSL 2015,23,1,2.1217508539557453,0.7358490824699402,11,17.559739304569508,45.34782608695652,1.3415366141905634,15.434782608695652,30.0,0.2641509175300598,0.043478260869565216,0.4782608695652174,0.2641509175300598
M. Lawley,WSL 2016,23,1,1.6230380609631532,0.1315789520740509,14,62.2896460095897,44.65217391304348,1.670674995667379,17.82608695652174,0.0,0.8684210479259491,0.043478260869565216,0.6086956521739131,0.8684210479259491
M. Lawley,WSL 2017,7,1,0.5109894946217536,0.159420296549797,4,33.670131834873736,50.142857142857146,4.278715449609159,12.857142857142858,30.0,0.8405797034502029,0.14285714285714285,0.5714285714285714,0.8405797034502029
M. Lawley,WSL 2017-2018,10,0,0.4549903571605681,0.0,6,78.67619029473974,44.4,8.700952362807309,16.5,25.0,0.0,0.0,0.6,0.0
M. Lawley,WSL 2018-2019,5,0,0.1085714250802993,0.0,4,78.27650420854977,45.2,9.494317087521644,15.0,0.0,0.0,0.0,0.8,0.0
M. Lawley,WSL 2019-2020,23,1,2.5110498410536017,1.5121951219512195,15,74.43082291121327,45.34782608695652,14.31335074700506,17.391304347826086,25.714285714285715,-0.5121951219512195,0.043478260869565216,0.6521739130434783,-0.5121951219512195
M. Lawley,WSL 2022-2023,15,0,1.0499919131398199,0.1315789520740509,9,49.13291176676689,46.266666666666666,22.58298927752152,11.333333333333334,40.833333333333336,-0.1315789520740509,0.0,0.6,-0.1315789520740509
M. Lawley,WSL 2023-2024,5,1,0.2598684132099151,0.5131579041481018,4,34.44039870110267,50.2,21.188440238663013,18.0,22.5,0.4868420958518982,0.2,0.8,0.4868420958518982
M. Lawley,WSL 2024-2025,4,0,0.136865347623825,0.0,3,78.24640566824779,44.0,11.44746737519764,17.5,50.0,0.0,0.0,0.75,0.0
M. Lawley,WSL 2025-2026,3,0,0.0,0.0,3,18.31289018033684,47.333333333333336,8.882074504556725,8.333333333333334,30.0,0.0,0.0,1.0,0.0
M. Le Tissier,WSL 2019-2020,1,0,0.1085714250802993,0.0,0,78.17359599705715,42.0,47.4201313318619,25.0,0.0,0.0,0.0,0.0,0.0
M. Le Tissier,WSL 2020-2021,10,1,1.5748434402048588,0.9850746393203736,4,64.88176685553714,50.7,22.00899896517874,17.5,26.0,0.0149253606796264,0.1,0.4,0.014925360679626354
M. Le Tissier,WSL 2021-2022,11,1,0.47265670821070654,0.8477319926023483,8,42.53757118179723,50.09090909090909,8.71863483794845,6.818181818181818,60.0,0.15226800739765167,0.09090909090909091,0.7272727272727273,0.15226800739765167
M. Le Tissier,WSL 2022-2023,10,2,0.217414055019617,0.9420056492090225,9,32.18264082660341,54.3,20.97487198626527,13.5,61.111111111111114,1.0579943507909775,0.2,0.9,1.0579943507909775
M. Le Tissier,WSL 2023-2024,10,2,2.075032383203506,2.597853973507881,4,52.36745433475898,46.1,36.858916371165186,19.0,64.44444444444444,-0.5978539735078812,0.2,0.4,-0.5978539735078812
M. Le Tissier,WSL 2024-2025,9,3,2.050900843448755,2.068111416406748,5,51.918248570231896,48.333333333333336,33.857370752570006,14.444444444444445,42.5,0.9318885835932522,0.3333333333333333,0.5555555555555556,0.9318885835932522
M. Le Tissier,WSL 2025-2026,6,1,1.418111382279454,1.1560975669360742,3,37.89343918903364,50.166666666666664,29.171651873641636,13.333333333333334,51.666666666666664,-0.15609756693607427,0.16666666666666666,0.5,-0.15609756693607424
M. Leth Jans,WSL 2017-2018,1,0,0.0,0.0,0,78.20230175640613,42.0,45.76781754486973,20.0,50.0,0.0,0.0,0.0,0.0
M. Leupolz,WSL 2020-2021,23,5,3.5720144477559295,4.858857792325136,15,54.038176689519894,48.73913043478261,27.31626281970693,15.869565217391305,60.76923076923077,0.14114220767486374,0.21739130434782608,0.6521739130434783,0.1411422076748643
M. Leupolz,WSL 2021-2022,7,0,0.167414054274559,0.0,5,78.30743642052022,42.0,13.567729012455272,22.857142857142858,50.0,0.0,0.0,0.7142857142857143,0.0
M. Leupolz,WSL 2022-2023,3,0,0.747553676366806,1.1462514400482178,1,27.847420938975677,55.666666666666664,29.275113758858907,11.666666666666666,53.333333333333336,-1.1462514400482178,0.0,0.3333333333333333,-1.1462514400482178
M. Leupolz,WSL 2023-2024,16,1,1.2131896913051603,2.319877579808235,12,36.34826111542508,50.5,24.939634700138914,17.1875,60.714285714285715,-1.3198775798082352,0.0625,0.75,-1.3198775798082352
M. Lundorf,WSL 2019-2020,7,0,0.6344799250364302,0.0,4,77.82477752424904,51.285714285714285,17.391023755196223,9.285714285714286,0.0,0.0,0.0,0.5714285714285714,0.0
M. Malard,WSL 2023-2024,26,5,4.883813671767712,5.451958820223808,18,46.06847392151409,48.07692307692308,25.238817956196083,8.846153846153847,53.1578947368421,-0.45195882022380857,0.19230769230769232,0.6923076923076923,-0.4519588202238083
M. Malard,WSL 2024-2025,24,4,4.535433202981949,4.4751772582530975,15,50.35840417890704,49.958333333333336,27.81917322696707,7.708333333333333,51.578947368421055,-0.47517725825309765,0.16666666666666666,0.625,-0.47517725825309753
M. Malard,WSL 2025-2026,57,6,8.042579136788843,6.90660659968853,38,47.633869542926156,48.771929824561404,24.079113305124654,11.491228070175438,35.0,-0.9066065996885303,0.10526315789473684,0.6666666666666666,-0.90660659968853
M. Marcetto,WSL 2025-2026,5,1,0.7550042942166328,1.3381226062774658,4,23.543620105865227,53.4,19.77951701334422,7.0,65.0,-0.33812260627746593,0.2,0.8,-0.3381226062774658
M. Minami,WSL 2025-2026,2,1,1.0,0.9850746393203736,1,55.11107500016863,46.0,45.66499042322326,10.0,75.0,0.0149253606796264,0.5,0.5,0.014925360679626354
M. Mjelde,WSL 2017,18,2,2.348811544477939,1.8004030287265778,10,38.8197329586935,47.888888888888886,7.161575387028013,15.833333333333334,53.333333333333336,0.19959697127342219,0.1111111111111111,0.5555555555555556,0.19959697127342224
M. Mjelde,WSL 2017-2018,21,4,3.1993988528847694,4.438059873878956,14,44.3617696391396,47.42857142857143,20.577691868173165,12.380952380952381,60.90909090909091,-0.4380598738789558,0.19047619047619047,0.6666666666666666,-0.43805987387895584
M. Mjelde,WSL 2018-2019,6,0,0.22057237476110447,0.0,3,78.15328839261377,42.0,15.803325843213408,25.0,25.0,0.0,0.0,0.5,0.0
M. Mjelde,WSL 2019-2020,15,4,3.3131168766356094,3.6569011120534527,9,53.893418543881886,49.6,25.815161120604802,13.0,30.0,0.3430988879465474,0.26666666666666666,0.6,0.3430988879465473
M. Mjelde,WSL 2020-2021,7,2,1.595902149088499,1.5121951219512195,6,55.21793925554675,46.57142857142857,14.369113273440476,10.714285714285714,30.0,0.4878048780487804,0.2857142857142857,0.8571428571428571,0.4878048780487805
M. Mjelde,WSL 2022-2023,2,1,0.7560975609756098,0.7560975609756098,2,43.1650357410481,50.0,32.92398128515819,0.0,30.0,0.2439024390243902,0.5,1.0,0.24390243902439024
M. Mjelde,WSL 2023-2024,2,0,0.0,0.0,2,12.002777456350119,42.0,7.167361030754196,25.0,30.0,0.0,0.0,1.0,0.0
M. Mjelde,WSL 2024-2025,2,2,1.0837070271372795,1.1948051899671555,2,26.55752630584702,50.0,31.200841002430842,0.0,65.0,0.8051948100328445,1.0,1.0,0.8051948100328445
M. Mpome,WSL 2024-2025,2,0,0.1085714250802993,0.5,2,33.670131834873736,48.5,15.917532958718434,15.0,100.0,-0.5,0.0,1.0,-0.5
M. Mpome,WSL 2025-2026,5,1,0.3641948327422142,0.7777777910232544,4,42.68367666307681,45.2,24.74013741137025,14.0,75.0,0.2222222089767456,0.2,0.8,0.2222222089767456
M. Munsterman,WSL 2017-2018,2,0,0.0837070271372795,0.0,1,78.33836863249068,42.0,23.75125882478934,25.0,50.0,0.0,0.0,0.5,0.0
M. Olislagers,WSL 2024-2025,10,2,1.1438000723719595,1.239159882068634,7,44.73103770756254,52.6,26.513113281275718,10.5,52.22222222222222,0.7608401179313659,0.2,0.7,0.760840117931366
M. Olislagers,WSL 2025-2026,8,3,1.2208739295601843,1.8049102276563644,7,35.565796861402475,49.125,24.89725384340396,14.375,36.666666666666664,1.1950897723436356,0.375,0.875,1.1950897723436356
M. Pacheco,WSL 2016,5,1,1.0759213715791702,0.9850746393203736,2,37.61220251165543,55.0,10.671668087087784,3.0,30.0,0.0149253606796264,0.2,0.4,0.014925360679626354
M. Pacheco,WSL 2018-2019,4,0,0.2898394241929053,0.1948051899671554,1,58.30916281286521,44.0,20.204996294636636,18.75,15.0,-0.1948051899671554,0.0,0.25,-0.1948051899671554
M. Pacheco,WSL 2019-2020,2,0,0.1517778411507606,0.0,0,78.33864597374038,42.0,47.50265632020353,25.0,25.0,0.0,0.0,0.0,0.0
M. Pacheco,WSL 2020-2021,5,0,1.0299312248826025,0.0,1,78.32715467218262,46.8,16.998764267769857,9.0,25.0,0.0,0.0,0.2,0.0
M. Pacheco,WSL 2021-2022,9,0,0.6153159141540527,0.3281385302543639,5,55.18331859189399,47.44444444444444,16.13453256571321,18.333333333333332,45.0,-0.3281385302543639,0.0,0.5555555555555556,-0.3281385302543639
M. Pacheco,WSL 2022-2023,7,0,0.6820153966546058,0.0,2,59.2700954076356,46.714285714285715,37.25409532286542,22.857142857142858,22.857142857142858,0.0,0.0,0.2857142857142857,0.0
M. Pacheco,WSL 2023-2024,8,1,0.3574377223849295,0.159420296549797,6,44.33268437399115,48.125,21.59758275230842,16.25,55.0,0.8405797034502029,0.125,0.75,0.8405797034502029
M. Pacheco,WSL 2024-2025,9,1,0.8697078451514243,1.5271302536129951,5,44.13293538996735,49.22222222222222,25.586575719252842,12.777777777777779,41.42857142857143,-0.5271302536129951,0.1111111111111111,0.5555555555555556,-0.5271302536129951
M. Pacheco,WSL 2025-2026,14,1,2.8371095657348633,2.5951796770095825,9,42.563706238755785,48.357142857142854,23.738613440766645,10.357142857142858,47.0,-1.5951796770095825,0.07142857142857142,0.6428571428571429,-1.5951796770095825
M. Paví,WSL 2024-2025,14,2,1.445775359869003,1.6172936484217642,10,38.977349382023384,51.0,21.040064122889156,8.571428571428571,39.09090909090909,0.3827063515782357,0.14285714285714285,0.7142857142857143,0.38270635157823585
M. Piemonte,WSL 2023-2024,33,3,3.061163336038589,2.3246753215789795,26,42.45560895626876,49.24242424242424,18.322619070034147,7.575757575757576,43.47826086956522,0.6753246784210204,0.09090909090909091,0.7878787878787878,0.6753246784210205
M. Pike,WSL 2019-2020,12,1,1.667018115520477,0.9901647865772247,7,51.11498768141584,46.75,12.105687691123478,17.916666666666668,32.5,0.009835213422775185,0.08333333333333333,0.5833333333333334,0.009835213422775269
M. Pike,WSL 2020-2021,10,0,0.8255621418356893,0.0666666701436042,5,62.627655779876505,43.6,15.058864499739448,19.5,50.0,-0.0666666701436042,0.0,0.5,-0.0666666701436042
M. Pike,WSL 2021-2022,16,1,2.226923488080501,1.1948051899671555,6,68.73580980238357,43.5,30.55569435075777,20.3125,45.45454545454545,-0.1948051899671554,0.0625,0.375,-0.19480518996715546
M. Pike,WSL 2022-2023,8,0,0.6016383580863474,0.0,4,68.86887381823931,45.0,23.604856401533116,15.625,36.0,0.0,0.0,0.5,0.0
M. Ramírez,WSL 2023-2024,12,3,2.932894110679626,2.283294200897217,9,38.172695096923896,46.666666666666664,22.245218385811725,8.75,54.44444444444444,0.7167057991027831,0.25,0.75,0.7167057991027832
M. Ramírez,WSL 2024-2025,36,4,2.829162001609802,2.7826539427042007,27,46.15243461316064,48.02777777777778,19.36968982330705,7.5,45.0,1.2173460572957993,0.1111111111111111,0.75,1.2173460572957993
M. Robinson,WSL 2022-2023,2,1,0.2598684132099151,0.7721518874168396,2,47.703249365216216,46.0,23.508090652556646,12.5,100.0,0.2278481125831604,0.5,1.0,0.2278481125831604
M. Sargeant,WSL 2015,1,0,0.1085714250802993,0.0,0,,42.0,0.0,20.0,,0.0,0.0,0.0,0.0
M. Sargeant,WSL 2017,1,0,0.0,0.0,1,,50.0,0.0,0.0,,0.0,0.0,1.0,0.0
M. Sargeant,WSL 2017-2018,4,1,0.9812752306461334,0.8784465193748474,3,59.08754530235582,48.0,21.360235220900314,5.0,15.0,0.1215534806251525,0.25,0.75,0.12155348062515259
M. Sargeant,WSL 2018-2019,10,3,1.952318876981735,2.7579515874385834,8,50.75310774501472,50.7,23.79546503190276,16.5,56.0,0.24204841256141646,0.3,0.8,0.24204841256141663
M. Sargeant,WSL 2019-2020,4,0,0.5507728978991507,0.0,2,77.88374527318122,58.5,11.402134825814318,17.5,50.0,0.0,0.0,0.5,0.0
M. Sargeant,WSL 2020-2021,3,1,1.0975609719753265,1.0,2,53.880721306134845,44.666666666666664,30.182462657600507,13.333333333333334,75.0,0.0,0.3333333333333333,0.6666666666666666,0.0
M. Sargeant,WSL 2021-2022,6,0,0.2354848682880401,0.0,2,78.5199196241169,55.666666666666664,7.376659968676408,11.666666666666666,0.0,0.0,0.0,0.3333333333333333,0.0
M. Sharpe,WSL 2024-2025,10,0,1.079358637332916,0.0,6,50.72629488822902,47.7,20.587536544213492,15.0,51.42857142857143,0.0,0.0,0.6,0.0
M. Smith,WSL 2021-2022,2,0,0.0,0.0,2,,46.0,0.0,10.0,,0.0,0.0,1.0,0.0
M. Smith,WSL 2022-2023,1,0,0.2598684132099151,0.0,0,78.3701331999492,50.0,39.1850665999746,0.0,0.0,0.0,0.0,0.0,0.0
M. Symonds,WSL 2021-2022,10,1,0.7577152326703069,0.7340425550937653,7,61.195724428386505,46.4,15.107939217625264,9.0,32.5,0.2659574449062348,0.1,0.7,0.26595744490623474
M. Symonds,WSL 2022-2023,4,0,0.0,0.0,4,21.01586702153079,48.0,2.626983377691349,6.25,30.0,0.0,0.0,1.0,0.0
M. Symonds,WSL 2023-2024,10,0,0.318133346736431,0.159420296549797,7,48.44217907620301,46.5,17.255472325366814,18.5,32.0,-0.159420296549797,0.0,0.7,-0.159420296549797
M. Symonds,WSL 2024-2025,9,0,0.3584962710738181,0.0,5,54.18921972388822,43.77777777777778,25.703215077808384,19.444444444444443,47.142857142857146,0.0,0.0,0.5555555555555556,0.0
M. Symonds,WSL 2025-2026,22,0,1.9253316447138782,1.6083115637302399,9,57.574623533454265,47.95454545454545,28.90759001270917,19.09090909090909,43.529411764705884,-1.6083115637302399,0.0,0.4090909090909091,-1.6083115637302399
M. Taylor,WSL 2022-2023,3,0,0.0837070271372795,0.159420296549797,1,57.70202948494086,42.0,25.828212793811588,21.666666666666668,75.0,-0.159420296549797,0.0,0.3333333333333333,-0.159420296549797
M. Taylor,WSL 2023-2024,2,1,0.4670658707618713,0.8585858345031738,2,33.95258131243894,50.0,21.366932845657345,0.0,30.0,0.1414141654968261,0.5,1.0,0.14141416549682617
M. Taylor,WSL 2024-2025,4,0,0.1379238963127136,0.2927536368370055,2,15.153337067367524,44.0,10.150653209786089,18.75,100.0,-0.2927536368370055,0.0,0.5,-0.2927536368370055
M. Taylor,WSL 2025-2026,16,2,1.5188528895378108,1.6912700533866882,10,47.18466650274151,54.875,31.226443773260122,19.375,54.666666666666664,0.3087299466133119,0.125,0.625,0.30872994661331177
M. Thomas,WSL 2019-2020,26,4,4.7092502489686,4.840922072529793,10,58.76649184466041,47.92307692307692,26.29588193332732,11.538461538461538,46.25,-0.840922072529793,0.15384615384615385,0.38461538461538464,-0.8409220725297928
M. Thomas,WSL 2020-2021,47,4,5.598253652453422,4.00553397834301,26,65.97184255602973,47.97872340425532,19.91183590354505,13.617021276595745,32.27272727272727,-0.005533978343010171,0.0851063829787234,0.5531914893617021,-0.005533978343009949
M. Thomas,WSL 2021-2022,36,5,4.949327770620584,5.615633338689804,18,52.47480572291446,47.611111111111114,19.603951435192343,10.833333333333334,40.0,-0.6156333386898044,0.1388888888888889,0.5,-0.6156333386898041
M. Thomas,WSL 2022-2023,15,1,0.9050399661064147,2.018006131052971,12,34.6121417336582,48.733333333333334,17.240059506658675,8.0,43.0,-1.0180061310529709,0.06666666666666667,0.8,-1.0180061310529709
M. Thomas,WSL 2023-2024,46,7,4.54771202802658,5.27763269841671,34,53.568669092183775,47.04347826086956,20.17510896704834,8.152173913043478,53.84615384615385,1.7223673015832899,0.15217391304347827,0.7391304347826086,1.72236730158329
M. Thomas,WSL 2024-2025,28,0,2.374729517847299,1.4180061370134354,15,58.57469508261646,52.214285714285715,20.57634802754767,9.285714285714286,28.125,-1.4180061370134354,0.0,0.5357142857142857,-1.4180061370134354
M. Thomas,WSL 2025-2026,15,2,2.2829979136586185,1.6181681752204895,9,51.228002178740674,46.06666666666667,26.50531499971503,12.666666666666666,39.166666666666664,0.3818318247795104,0.13333333333333333,0.6,0.3818318247795105
M. Turner,WSL 2017,2,0,0.050000000745058,0.0,1,,46.0,0.0,12.5,,0.0,0.0,0.5,0.0
M. Turner,WSL 2017-2018,10,1,1.0843720063567157,1.6307377219200134,6,64.43975179849777,47.7,22.835484448717814,15.0,32.0,-0.6307377219200134,0.1,0.6,-0.6307377219200134
M. Turner,WSL 2019-2020,5,0,0.6581480875611303,0.7721518874168396,2,69.26842769799379,43.6,29.413439633899173,16.0,66.66666666666667,-0.7721518874168396,0.0,0.4,-0.7721518874168396
M. Turner,WSL 2020-2021,23,4,3.882159445434808,3.7228492349386215,13,47.86485044266748,45.56521739130435,21.571319054731763,18.043478260869566,76.92307692307692,0.2771507650613784,0.17391304347826086,0.5652173913043478,0.2771507650613785
M. Turner,WSL 2021-2022,1,0,0.0837070271372795,0.3611111044883728,0,35.34355198146711,42.0,35.1717757920514,20.0,100.0,-0.3611111044883728,0.0,0.0,-0.3611111044883728
M. Turner,WSL 2022-2023,18,2,1.473323512822389,1.380293995141983,6,63.75954399810401,44.72222222222222,35.730657694764346,17.5,55.0,0.619706004858017,0.1111111111111111,0.3333333333333333,0.619706004858017
M. Turner,WSL 2023-2024,25,3,5.153187453746795,4.512200251221657,10,58.85367117142548,47.08,32.95610877003618,14.6,51.0,-1.5122002512216568,0.12,0.4,-1.5122002512216568
M. Turner,WSL 2024-2025,8,0,0.7477633282542228,0.0,3,71.31529190841111,44.0,31.118234465654165,16.25,58.333333333333336,0.0,0.0,0.375,0.0
M. Turner,WSL 2025-2026,6,1,0.7457208484411237,0.5074315667152405,3,47.15579014221881,54.333333333333336,31.392830682463384,15.833333333333334,66.66666666666667,0.4925684332847595,0.16666666666666666,0.5,0.4925684332847595
M. Vanegas,WSL 2025-2026,6,1,0.6196536496281623,0.8585858345031738,4,56.41710282798128,51.5,29.74449979528585,9.166666666666666,32.0,0.1414141654968261,0.16666666666666666,0.6666666666666666,0.14141416549682617
M. Vinberg,WSL 2023-2024,11,1,1.557291895151138,0.7358490824699402,5,59.94388988739632,49.36363636363637,29.862694875822573,10.0,21.11111111111111,0.2641509175300598,0.09090909090909091,0.45454545454545453,0.2641509175300598
M. Vinberg,WSL 2024-2025,13,0,1.6099267154932018,0.3934628516435622,5,56.44605599301842,46.92307692307692,24.412884526748638,9.23076923076923,22.0,-0.3934628516435622,0.0,0.38461538461538464,-0.3934628516435622
M. Vinberg,WSL 2025-2026,17,1,0.6256372965872286,0.3611111044883728,15,27.841757543724288,48.294117647058826,13.993169317470407,13.529411764705882,52.5,0.6388888955116272,0.058823529411764705,0.8823529411764706,0.6388888955116272
M. Walsh,WSL 2016,1,1,1.0,0.977011501789093,1,11.360751148875078,50.0,34.990720628110324,0.0,100.0,0.0229884982109069,1.0,1.0,0.022988498210906982
M. Walsh,WSL 2019-2020,1,1,1.0,1.0,1,35.022373801138414,50.0,47.5111869005692,0.0,100.0,0.0,1.0,1.0,0.0
M. Ward,WSL 2023-2024,3,0,0.6914414465427399,0.5131579041481018,1,58.74513497285939,50.0,24.713290699100813,0.0,15.0,-0.5131579041481018,0.0,0.3333333333333333,-0.5131579041481018
M. Wynne,WSL 2019-2020,1,0,0.0,0.0,1,,50.0,0.0,0.0,,0.0,0.0,1.0,0.0
M. Zinsberger,WSL 2022-2023,1,0,0.1085714250802993,0.0,0,78.02570801416103,75.0,44.01285400708051,15.0,50.0,0.0,0.0,0.0,0.0
M. van den Berg,WSL 2016,4,0,0.0975609719753265,0.0,2,,46.0,0.0,11.25,,0.0,0.0,0.5,0.0
M. van den Berg,WSL 2017,2,1,0.9852513745427132,0.9850746393203736,1,46.97919161122768,58.5,26.520917492612522,20.0,30.0,0.0149253606796264,0.5,0.5,0.014925360679626354
M. van den Berg,WSL 2017-2018,2,0,0.0542168691754341,0.0,1,78.05133638260854,42.0,23.6795007623188,25.0,50.0,0.0,0.0,0.5,0.0
M. Þórisdóttir,WSL 2017-2018,5,0,0.38686534762382496,0.633093535900116,3,56.78467851427228,51.8,16.155496918255153,11.0,15.0,-0.633093535900116,0.0,0.6,-0.633093535900116
M. Þórisdóttir,WSL 2019-2020,4,1,0.5403562188148499,0.7358490824699402,3,51.44036460904131,42.0,14.03224702798805,23.75,100.0,0.2641509175300598,0.25,0.75,0.2641509175300598
M. Þórisdóttir,WSL 2020-2021,3,0,0.47276625782251347,0.6594202965497971,0,43.62774599976575,44.666666666666664,33.408075965380846,15.0,36.666666666666664,-0.6594202965497971,0.0,0.0,-0.6594202965497971
M. Þórisdóttir,WSL 2021-2022,5,1,0.9852513745427132,0.9850746393203736,4,59.39800006579097,52.8,19.790047849080434,14.0,40.0,0.0149253606796264,0.2,0.8,0.014925360679626354
M. Þórisdóttir,WSL 2022-2023,1,0,0.0,0.0,1,17.685524526509756,42.0,17.176095596588212,25.0,100.0,0.0,0.0,1.0,0.0
M. Þórisdóttir,WSL 2023-2024,2,0,0.0542168691754341,0.0,1,78.27650420854977,42.0,22.902459385470774,20.0,50.0,0.0,0.0,0.5,0.0
M. Þórisdóttir,WSL 2024-2025,6,0,0.6755627319216726,0.7844202965497971,3,55.41230076512958,54.333333333333336,32.28833791266408,15.833333333333334,50.0,-0.7844202965497971,0.0,0.5,-0.7844202965497971
Maite Oroz,WSL 2024-2025,11,0,0.44114474952220895,0.5951536595821381,6,39.82028962445509,49.45454545454545,23.367810281592003,18.636363636363637,54.44444444444444,-0.5951536595821381,0.0,0.5454545454545454,-0.5951536595821381
Mariona Caldentey,WSL 2024-2025,33,9,6.086032911408237,7.76938928591042,28,44.70505626854317,48.57575757575758,24.481081428277694,7.2727272727272725,47.5,1.2306107140895792,0.2727272727272727,0.8484848484848485,1.23061071408958
Mariona Caldentey,WSL 2025-2026,23,4,2.1969239413738246,3.224534645676613,15,50.595887032593794,47.26086956521739,27.120247362187357,12.391304347826088,47.22222222222222,0.775465354323387,0.17391304347826086,0.6521739130434783,0.7754653543233871
Marta Corredera,WSL 2015,4,0,0.3574293851852416,0.0,2,,46.0,0.0,12.5,,0.0,0.0,0.5,0.0
Marta Corredera,WSL 2016,6,0,0.5500128716230391,0.0,4,68.10783932689233,48.666666666666664,5.675653277241028,4.166666666666667,0.0,0.0,0.0,0.6666666666666666,0.0
Martina Fernández,WSL 2024-2025,4,0,0.4549903571605681,0.5844155699014661,3,16.99197731466137,52.25,17.46243876492501,13.75,82.5,-0.5844155699014661,0.0,0.75,-0.5844155699014661
Martina Fernández,WSL 2025-2026,7,3,1.8253051936626434,2.335597336292267,6,28.70707382462231,43.142857142857146,30.553715972611343,18.571428571428573,72.85714285714286,0.6644026637077329,0.42857142857142855,0.8571428571428571,0.6644026637077332
María Pérez,WSL 2025-2026,5,0,0.31813334673643096,0.9288477450609206,4,26.355612988279944,51.8,23.084226297838832,13.0,72.0,-0.9288477450609206,0.0,0.8,-0.9288477450609206
N. Björn,WSL 2021-2022,3,1,0.2598684132099151,0.633093535900116,2,67.32756616874128,44.666666666666664,30.995679637470477,13.333333333333334,40.0,0.366906464099884,0.3333333333333333,0.6666666666666666,0.36690646409988403
N. Björn,WSL 2022-2023,2,0,0.1337070278823375,0.0,0,78.13605684120441,42.0,45.73469508726887,20.0,50.0,0.0,0.0,0.0,0.0
N. Björn,WSL 2023-2024,8,2,1.6619590802527056,1.3891910968757257,5,52.7821596043936,51.25,29.16944313159824,17.5,35.0,0.6108089031242743,0.25,0.625,0.6108089031242743
N. Björn,WSL 2024-2025,6,1,1.2790942192077637,1.2853097915649414,4,29.758838641100166,43.333333333333336,27.139301611708124,17.5,68.33333333333333,-0.2853097915649414,0.16666666666666666,0.6666666666666666,-0.2853097915649414
N. Björn,WSL 2025-2026,7,0,0.8736895620822906,0.6883116960525513,4,41.13974778186873,52.57142857142857,20.9760076670831,16.428571428571427,38.0,-0.6883116960525513,0.0,0.5714285714285714,-0.6883116960525513
N. Charles,WSL 2016,1,0,0.0,0.0,1,,75.0,0.0,15.0,,0.0,0.0,1.0,0.0
N. Charles,WSL 2017,6,0,0.0975609719753265,0.0,5,69.76078172344874,50.166666666666664,7.20228736584295,14.166666666666666,0.0,0.0,0.0,0.8333333333333334,0.0
N. Charles,WSL 2017-2018,8,3,1.3146085739135742,2.6352753043174744,8,29.87075458411157,47.625,15.483048875711447,10.625,53.333333333333336,0.3647246956825255,0.375,1.0,0.36472469568252563
N. Charles,WSL 2018-2019,11,1,1.5847857147455213,0.95652174949646,6,71.15205308378961,44.18181818181818,25.49864955178145,16.818181818181817,38.333333333333336,0.04347825050354,0.09090909090909091,0.5454545454545454,0.04347825050354004
N. Charles,WSL 2019-2020,19,2,3.3723574317991725,2.302663207054138,8,72.73970060887419,47.526315789473685,26.340684747859267,11.052631578947368,31.0,-0.3026632070541383,0.10526315789473684,0.42105263157894735,-0.3026632070541382
N. Charles,WSL 2020-2021,7,1,1.405865229666233,1.549929678440094,4,49.85507410122424,46.57142857142857,18.278166881672263,9.285714285714286,36.666666666666664,-0.549929678440094,0.14285714285714285,0.5714285714285714,-0.549929678440094
N. Charles,WSL 2021-2022,13,1,2.6868557184934616,0.633093535900116,5,68.9993674167108,49.69230769230769,20.589044230292497,17.307692307692307,30.0,0.366906464099884,0.07692307692307693,0.38461538461538464,0.36690646409988403
N. Charles,WSL 2022-2023,21,4,3.3740147277712818,3.7107965648174286,14,55.09294785244266,47.19047619047619,28.23115900815124,15.952380952380953,58.0,0.2892034351825713,0.19047619047619047,0.6666666666666666,0.2892034351825714
N. Charles,WSL 2023-2024,24,2,1.7897234186530109,1.3717437386512756,15,47.79746168369765,51.75,24.894177597077004,12.708333333333334,42.0,0.6282562613487243,0.08333333333333333,0.625,0.6282562613487244
N. Charles,WSL 2024-2025,6,0,1.0866898298263548,0.0,3,61.087119848697895,46.0,22.584595505121523,10.0,37.5,0.0,0.0,0.5,0.0
N. Charles,WSL 2025-2026,5,1,1.5304878056049347,0.95652174949646,3,46.98424199325583,53.4,26.86616062761442,7.0,45.0,0.04347825050354,0.2,0.6,0.04347825050354004
N. Cousins,WSL 2017,9,1,1.6320476680994032,0.9850746393203736,4,59.782078374572684,46.55555555555556,10.851961209724136,19.444444444444443,75.0,0.0149253606796264,0.1111111111111111,0.4444444444444444,0.014925360679626354
N. Cousins,WSL 2017-2018,4,0,0.281268000602722,0.5951536595821381,0,51.856626427862395,44.0,35.39196566079723,15.0,75.0,-0.5951536595821381,0.0,0.0,-0.5951536595821381
N. Cousins,WSL 2018-2019,8,0,0.0837070271372795,0.0,7,78.30715874753157,46.0,5.935864088387389,11.25,0.0,0.0,0.0,0.875,0.0
N. Dowie,WSL 2015,23,4,5.79552485793829,3.950206980109215,14,34.09062718684227,49.608695652173914,9.9519729887821,9.782608695652174,44.0,0.049793019890785085,0.17391304347826086,0.6086956521739131,0.04979301989078522
N. Dowie,WSL 2016,4,1,0.5316088870167732,0.8585858345031738,1,47.008155320823505,44.0,12.31541317387674,18.75,100.0,0.1414141654968261,0.25,0.25,0.14141416549682617
N. Dowie,WSL 2021-2022,23,6,5.132366788096544,4.422076818056222,13,47.22085599323586,45.47826086956522,20.363481758383706,12.608695652173912,45.0,1.5779231819437771,0.2608695652173913,0.5652173913043478,1.5779231819437776
N. Dowie,WSL 2022-2023,23,3,2.4279219210147853,2.6941831707954407,17,49.537850786289475,45.47826086956522,19.253109792814993,12.173913043478262,51.53846153846154,0.3058168292045591,0.13043478260869565,0.7391304347826086,0.3058168292045593
N. Fahey,WSL 2015,4,0,0.5098684132099152,0.0,2,,46.0,0.0,11.25,,0.0,0.0,0.5,0.0
N. Fahey,WSL 2016,2,0,0.0837070271372795,0.0,1,,58.5,0.0,20.0,,0.0,0.0,0.5,0.0
N. Fahey,WSL 2017,3,0,0.0542168691754341,0.0,1,,42.0,0.0,25.0,,0.0,0.0,0.3333333333333333,0.0
N. Fahey,WSL 2018-2019,6,2,2.137652173638344,2.48242773860693,5,61.11631176869878,43.333333333333336,37.55668755703703,19.166666666666668,66.66666666666667,-0.4824277386069299,0.3333333333333333,0.8333333333333334,-0.4824277386069298
N. Fahey,WSL 2019-2020,5,0,0.7108190432190893,0.0,1,78.18470637728778,42.0,18.303607942124223,20.0,50.0,0.0,0.0,0.2,0.0
N. Fahey,WSL 2022-2023,9,1,1.3429977446794508,1.0,6,46.496580586814154,48.333333333333336,27.146628408954438,13.88888888888889,57.5,0.0,0.1111111111111111,0.6666666666666666,0.0
N. Fahey,WSL 2023-2024,3,0,0.25,0.4285714328289032,2,10.25204973851262,47.333333333333336,11.633961419767564,6.666666666666667,53.333333333333336,-0.4285714328289032,0.0,0.6666666666666666,-0.4285714328289032
N. Flint,WSL 2015,2,0,0.0975609719753265,0.0,1,,46.0,0.0,12.5,,0.0,0.0,0.5,0.0
N. Flint,WSL 2021-2022,41,2,2.6404208838939662,1.703487016260624,25,64.83024497167817,45.926829268292686,14.44710848232695,14.75609756097561,34.0,0.2965129837393762,0.04878048780487805,0.6097560975609756,0.29651298373937607
N. Flint,WSL 2022-2023,11,1,0.8657236397266386,0.7646724879741669,7,51.8674080536977,45.63636363636363,23.97664910794083,13.181818181818182,45.0,0.23532751202583307,0.09090909090909091,0.6363636363636364,0.23532751202583313
N. Flint,WSL 2023-2024,5,1,0.703330986201763,1.0533910244703293,3,39.474519605657605,55.0,27.05760594965078,3.0,38.0,-0.05339102447032931,0.2,0.6,-0.053391024470329285
N. Girma,WSL 2024-2025,1,0,0.0,0.0,1,17.560688419813676,50.0,8.780344209906838,0.0,30.0,0.0,0.0,1.0,0.0
N. Girma,WSL 2025-2026,7,1,0.8633122667670248,0.7721518874168396,4,52.71614523108794,47.857142857142854,31.61614175939557,17.142857142857142,55.0,0.2278481125831604,0.14285714285714285,0.5714285714285714,0.2278481125831604
N. Haigh,WSL 2020-2021,2,2,1.2000000029802322,1.6883116960525513,2,41.61245437666817,46.0,49.46423596245568,10.0,100.0,0.3116883039474487,1.0,1.0,0.31168830394744873
N. Hanssen,WSL 2020-2021,12,1,1.3252394199371336,0.5131579041481018,6,70.19675801121265,44.666666666666664,21.332084263173417,15.833333333333334,50.0,0.4868420958518982,0.08333333333333333,0.5,0.4868420958518982
N. Harding,WSL 2015,11,1,0.931034505367279,0.633093535900116,11,60.08965523837417,48.54545454545455,4.457966699653688,4.545454545454546,0.0,0.366906464099884,0.09090909090909091,1.0,0.36690646409988403
N. Harding,WSL 2016,19,3,2.766073986887931,2.011142313480377,10,44.25810654913062,50.78947368421053,7.5467418891986275,11.052631578947368,30.0,0.9888576865196227,0.15789473684210525,0.5263157894736842,0.9888576865196228
N. Harding,WSL 2017,18,4,1.6875013485550876,3.5273489952087402,14,33.9405024407355,46.44444444444444,11.333614405079683,10.0,58.0,0.4726510047912597,0.2222222222222222,0.7777777777777778,0.47265100479125977
N. Harding,WSL 2017-2018,22,4,2.9113592877984042,3.970078244805336,14,55.373044439957674,47.72727272727273,21.529731443814878,12.045454545454545,25.454545454545453,0.029921755194663835,0.18181818181818182,0.6363636363636364,0.029921755194664
N. Harding,WSL 2018-2019,8,1,0.771569177508354,1.8527904748916626,5,47.55466611115659,45.0,21.961630808632883,15.625,40.0,-0.8527904748916627,0.125,0.625,-0.8527904748916626
N. Harding,WSL 2019-2020,5,0,0.323730695992708,0.0,3,78.19234216153866,48.4,16.971801765641068,4.0,50.0,0.0,0.0,0.6,0.0
N. Harding,WSL 2020-2021,24,3,3.11049810796976,2.3331451416015625,12,60.321762352206626,48.958333333333336,20.08020534838694,10.833333333333334,32.5,0.6668548583984374,0.125,0.5,0.6668548583984375
N. Harding,WSL 2021-2022,8,0,0.7432752549648283,0.1948051899671554,5,55.853863417166984,54.25,13.286452186428974,9.375,43.333333333333336,-0.1948051899671554,0.0,0.625,-0.1948051899671554
N. Harding,WSL 2022-2023,1,0,0.0837070271372795,0.1948051899671554,0,31.82608992634814,50.0,21.75720066218873,0.0,30.0,-0.1948051899671554,0.0,0.0,-0.1948051899671554
N. Heroum,WSL 2020-2021,7,0,0.9498541727662086,0.159420296549797,4,57.95762633536806,50.142857142857146,10.153366937885043,12.857142857142858,50.0,-0.159420296549797,0.0,0.5714285714285714,-0.159420296549797
N. Jones,WSL 2016,1,0,0.25,0.0,0,,42.0,0.0,25.0,,0.0,0.0,0.0,0.0
N. Jones,WSL 2017,3,0,0.186865348368883,0.0,1,,44.666666666666664,0.0,13.333333333333334,,0.0,0.0,0.3333333333333333,0.0
N. Karczewska,WSL 2022-2023,10,2,2.508158735930919,2.3107306510210037,5,45.355982627664474,51.7,26.40791833746213,4.0,45.0,-0.31073065102100367,0.2,0.5,-0.3107306510210037
N. Las,WSL 2024-2025,8,0,0.0837070271372795,0.0,7,43.36313059780185,49.0,14.38431164514641,2.5,34.0,0.0,0.0,0.875,0.0
N. Las,WSL 2025-2026,1,0,0.0,0.0,1,15.102979838429246,50.0,7.551489919214623,0.0,30.0,0.0,0.0,1.0,0.0
N. Lawrence,WSL 2015,1,0,0.0,0.0,1,,75.0,0.0,15.0,,0.0,0.0,1.0,0.0
N. Lawrence,WSL 2017,10,1,1.7199737206101415,0.9850746393203736,3,57.851918243429424,44.8,6.514486496799259,13.5,100.0,0.0149253606796264,0.1,0.3,0.014925360679626354
N. Lawrence,WSL 2017-2018,2,0,0.0,0.0,2,,48.5,0.0,17.5,,0.0,0.0,1.0,0.0
N. Layzell,WSL 2023-2024,8,0,1.0106103718280788,0.1948051899671554,3,54.60918823948048,47.0,30.53511358211707,7.5,41.25,-0.1948051899671554,0.0,0.375,-0.1948051899671554
N. Layzell,WSL 2024-2025,3,0,0.136865347623825,0.0,2,50.31347200834094,53.0,20.660046225002535,18.333333333333332,50.0,0.0,0.0,0.6666666666666666,0.0
N. Maritz,WSL 2020-2021,5,0,0.7013098597526549,0.8198051899671555,3,11.360199411615197,48.4,7.190871022125973,5.0,30.0,-0.8198051899671555,0.0,0.6,-0.8198051899671555
N. Maritz,WSL 2021-2022,6,0,0.3042168691754341,0.159420296549797,4,51.84946949437649,61.166666666666664,10.272013065145066,11.666666666666666,15.0,-0.159420296549797,0.0,0.6666666666666666,-0.159420296549797
N. Maritz,WSL 2022-2023,2,0,0.1085714250802993,0.0,1,43.80233987507467,46.0,26.067836604204004,12.5,40.0,0.0,0.0,0.5,0.0
N. Maritz,WSL 2023-2024,3,0,0.2649750262498855,0.2340425550937652,0,65.98133309929398,53.0,42.55331432280686,21.666666666666668,50.0,-0.2340425550937652,0.0,0.0,-0.2340425550937652
N. Maritz,WSL 2024-2025,4,0,0.27373069524765,0.7726415395736694,3,48.063572287447414,62.5,32.32659769052623,7.5,22.5,-0.7726415395736694,0.0,0.75,-0.7726415395736694
N. Maritz,WSL 2025-2026,4,0,0.136865347623825,0.0666666701436042,3,36.30009880084033,49.25,21.566716093163862,8.75,35.0,-0.0666666701436042,0.0,0.75,-0.0666666701436042
N. Mouchon,WSL 2024-2025,5,0,0.3967337608337401,0.0,3,55.78427782734994,42.0,28.647044464273307,24.0,57.5,0.0,0.0,0.6,0.0
N. Mouchon,WSL 2025-2026,17,2,1.629282638430595,2.252977415919304,11,44.98410733044798,48.11764705882353,23.13643255640143,5.882352941176471,44.61538461538461,-0.25297741591930395,0.11764705882352941,0.6470588235294118,-0.2529774159193039
N. Nadim,WSL 2017-2018,25,4,3.4115137979388233,3.7264640778303146,15,57.39850855383651,47.52,22.15518338445038,14.0,36.666666666666664,0.2735359221696853,0.16,0.6,0.27353592216968536
N. Nadim,WSL 2018-2019,7,0,0.417414054274559,0.5131579041481018,4,71.7568044300693,49.0,21.623325300411476,15.0,50.0,-0.5131579041481018,0.0,0.5714285714285714,-0.5131579041481018
N. Noordam,WSL 2024-2025,7,0,1.0163577198982237,0.0,3,62.88368851995566,46.57142857142857,30.52158079426672,10.714285714285714,18.333333333333332,0.0,0.0,0.42857142857142855,0.0
N. Noordam,WSL 2025-2026,8,0,0.5403562188148499,0.0666666701436042,6,45.48230095464942,49.625,17.722529537698712,4.375,20.0,-0.0666666701436042,0.0,0.75,-0.0666666701436042
N. Parris,WSL 2015,50,4,4.914417006075381,2.971605896949768,32,46.870073714144986,45.88,4.99516796101856,13.1,51.666666666666664,1.0283941030502317,0.08,0.64,1.028394103050232
N. Parris,WSL 2016,49,1,4.719736292958259,1.8879164010286331,26,57.1347555338898,47.36734693877551,3.9151089017876095,11.53061224489796,57.5,-0.8879164010286331,0.02040816326530612,0.5306122448979592,-0.8879164010286331
N. Parris,WSL 2017,27,2,2.760214071720838,1.9620861411094666,17,53.53464919858484,48.55555555555556,5.401156470289923,7.407407407407407,43.333333333333336,0.0379138588905333,0.07407407407407407,0.6296296296296297,0.03791385889053345
N. Parris,WSL 2017-2018,60,11,9.77557461708784,9.790034353733063,41,57.52338799117242,48.11666666666667,20.602058163622086,8.416666666666666,44.13793103448276,1.2099656462669368,0.18333333333333332,0.6833333333333333,1.2099656462669373
N. Parris,WSL 2018-2019,73,19,15.225575060560935,18.454190381779902,50,56.91254118217116,49.397260273972606,24.936065831341175,6.301369863013699,40.97560975609756,0.5458096182200961,0.2602739726027397,0.684931506849315,0.5458096182200975
N. Parris,WSL 2021-2022,17,1,2.382085012499152,1.444409257028161,8,71.50649555407657,47.64705882352941,22.65361810024643,6.176470588235294,31.11111111111111,-0.44440925702816103,0.058823529411764705,0.47058823529411764,-0.44440925702816103
N. Parris,WSL 2022-2023,30,4,3.00150167196989,4.305352076888084,21,46.935165534216445,50.666666666666664,25.301640512796883,9.333333333333334,35.0,-0.3053520768880844,0.13333333333333333,0.7,-0.3053520768880844
N. Parris,WSL 2023-2024,35,8,5.198343709111213,7.7378610372543335,26,42.04512437002832,47.91428571428571,24.820641369371376,10.714285714285714,51.15384615384615,0.2621389627456661,0.22857142857142856,0.7428571428571429,0.2621389627456665
N. Parris,WSL 2024-2025,50,7,8.586974650621412,8.912261821329594,32,46.86405910973422,50.68,27.559647403358113,12.4,48.25,-1.9122618213295939,0.14,0.64,-1.9122618213295937
N. Parris,WSL 2025-2026,26,4,3.7285986021161075,4.600668430328369,19,40.88709456522802,46.42307692307692,23.645414792801944,14.615384615384615,65.78947368421052,-0.6006684303283693,0.15384615384615385,0.7307692307692307,-0.6006684303283691
N. Rolser,WSL 2015,1,0,0.1085714250802993,0.0,0,,50.0,0.0,0.0,,0.0,0.0,0.0,0.0
N. Sørensen,WSL 2020-2021,18,2,1.4759433418512344,2.018168181180954,14,55.637841386320076,48.27777777777778,14.210661273762343,9.722222222222221,46.666666666666664,-0.01816818118095409,0.1111111111111111,0.7777777777777778,-0.01816818118095398
N. Sørensen,WSL 2022-2023,15,2,0.9025197997689243,1.9544987678527832,9,52.548098533921994,47.666666666666664,27.59490361594103,8.666666666666666,37.5,0.045501232147216686,0.13333333333333333,0.6,0.0455012321472168
N. Sørensen,WSL 2023-2024,14,0,1.086850695312023,0.5951536595821381,8,48.877352800582436,50.07142857142857,19.128764099291793,6.428571428571429,22.22222222222222,-0.5951536595821381,0.0,0.5714285714285714,-0.5951536595821381
N. Watts,WSL 2015,8,2,1.263047322630882,1.6363636255264282,2,58.96455282465277,45.0,13.506932698805702,15.0,65.0,0.36363637447357167,0.25,0.25,0.3636363744735718
Natalia Pablos,WSL 2015,39,7,6.018474329717275,5.443962123699304,20,38.96829042078101,48.17948717948718,9.72567631073518,15.128205128205128,45.714285714285715,1.5560378763006952,0.1794871794871795,0.5128205128205128,1.556037876300696
Natalia Pablos,WSL 2016,18,4,2.088951468467712,2.6390380859375,12,28.993580565489097,48.333333333333336,8.731016872727956,15.0,82.5,1.3609619140624998,0.2222222222222222,0.6666666666666666,1.3609619140625
Nor Mustafa,WSL 2020-2021,2,0,0.136865347623825,0.0,1,78.30715874753157,46.0,22.910123020216226,10.0,50.0,0.0,0.0,0.5,0.0
O. Ahtinen,WSL 2023-2024,9,1,0.5507728978991507,0.625,8,35.72063423782859,46.44444444444444,14.783509510507944,11.11111111111111,80.0,0.375,0.1111111111111111,0.8888888888888888,0.375
O. Ahtinen,WSL 2024-2025,5,1,0.3967337608337401,0.6883116960525513,4,67.42867534010068,43.6,19.282271911002113,20.0,50.0,0.3116883039474487,0.2,0.8,0.31168830394744873
O. Ahtinen,WSL 2025-2026,2,1,0.6253737136721611,0.8780487775802612,1,62.77932198644113,58.5,51.22705932359115,20.0,40.0,0.1219512224197387,0.5,0.5,0.12195122241973877
O. Babajide,WSL 2017-2018,2,0,0.0,0.0,2,,62.5,0.0,7.5,,0.0,0.0,1.0,0.0
O. Babajide,WSL 2018-2019,26,4,2.530947465449571,3.517803266644478,19,48.81252427390955,44.76923076923077,15.305002027008287,16.153846153846153,54.0,0.482196733355522,0.15384615384615385,0.7307692307692307,0.48219673335552216
O. Babajide,WSL 2019-2020,24,1,3.1457424387335773,2.2061599045991898,13,59.39346178176929,45.666666666666664,16.728559974173145,12.916666666666666,38.0,-1.2061599045991898,0.041666666666666664,0.5416666666666666,-1.2061599045991898
O. Babajide,WSL 2021-2022,2,0,0.0837070271372795,0.0,1,78.20230175640613,46.0,23.7172421057682,12.5,0.0,0.0,0.0,0.5,0.0
O. Chance,WSL 2017-2018,8,0,0.25,0.0,7,77.75288490539184,44.0,5.901221973253657,18.75,0.0,0.0,0.0,0.875,0.0
O. Chance,WSL 2019-2020,10,0,0.6833867281675338,1.1322158128023148,5,61.78944082304126,45.2,24.974088950068467,15.0,46.0,-1.1322158128023148,0.0,0.5,-1.1322158128023148
O. Deslandes,WSL 2025-2026,7,0,0.5241280570626257,0.5131579041481018,1,73.15387477582885,50.285714285714285,40.693765921704234,25.0,25.0,-0.5131579041481018,0.0,0.14285714285714285,-0.5131579041481018
O. Fergusson,WSL 2017,5,0,0.6884398460388184,0.0,3,,48.4,0.0,4.0,,0.0,0.0,0.6,0.0
O. Fergusson,WSL 2017-2018,1,0,0.0,0.0,1,,50.0,0.0,0.0,,0.0,0.0,1.0,0.0
O. Fergusson,WSL 2018-2019,26,1,2.1083137840032573,1.4000000059604645,15,68.36270503806026,48.73076923076923,11.9719026081548,11.538461538461538,32.857142857142854,-0.4000000059604645,0.038461538461538464,0.5769230769230769,-0.4000000059604645
O. Holdt,WSL 2024-2025,14,1,0.6684742346405982,1.9373186826705933,9,39.48855682156037,47.642857142857146,29.03298903478049,22.142857142857142,64.61538461538461,-0.9373186826705933,0.07142857142857142,0.6428571428571429,-0.9373186826705933
O. Holdt,WSL 2025-2026,44,8,4.20959136262536,5.959590196609497,31,41.9277030194289,47.54545454545455,26.010232085402716,16.136363636363637,57.83783783783784,2.040409803390503,0.18181818181818182,0.7045454545454546,2.040409803390503
O. Jean-François,WSL 2024-2025,7,0,0.40184037387371047,0.7777777910232544,3,53.06146312537681,50.142857142857146,34.149779238502354,12.857142857142858,51.42857142857143,-0.7777777910232544,0.0,0.42857142857142855,-0.7777777910232544
O. Jean-François,WSL 2025-2026,7,1,1.112302504479885,1.1444949358701706,5,46.01090291566182,49.57142857142857,22.766015052179956,4.285714285714286,38.0,-0.1444949358701706,0.14285714285714285,0.7142857142857143,-0.1444949358701706
O. McLoughlin,WSL 2020-2021,2,0,0.050000000745058,0.0,1,,58.5,0.0,20.0,,0.0,0.0,0.5,0.0
O. McLoughlin,WSL 2021-2022,2,0,0.1084337383508682,0.0,0,78.16008071505343,42.0,47.413373690860055,25.0,50.0,0.0,0.0,0.0,0.0
O. McLoughlin,WSL 2025-2026,11,0,0.5051674991846082,0.0,6,59.88225307548994,49.45454545454545,26.472334451693314,18.636363636363637,62.5,0.0,0.0,0.5454545454545454,0.0
O. Siren,WSL 2024-2025,13,0,0.4911364130675791,0.6447368562221527,9,42.143657979250364,49.53846153846154,15.141916047233913,14.615384615384615,28.571428571428573,-0.6447368562221527,0.0,0.6923076923076923,-0.6447368562221527
O. Siren,WSL 2025-2026,11,1,0.4823890812695025,0.4225782006978988,6,38.451288782743525,51.72727272727273,25.29701120618072,20.0,57.0,0.5774217993021011,0.09090909090909091,0.5454545454545454,0.5774217993021011
O. Smith,WSL 2024-2025,50,7,5.976173239055929,5.73622607276207,30,48.621611589259615,47.46,26.396145844479616,9.6,35.95238095238095,1.2637739272379291,0.14,0.6,1.2637739272379296
O. Smith,WSL 2025-2026,35,5,3.33431602269411,4.399060517549515,21,49.48855884174226,50.857142857142854,26.327951599358396,9.0,46.42857142857143,0.6009394824504852,0.14285714285714285,0.6,0.6009394824504852
O. Tvedten,WSL 2025-2026,6,0,0.050000000745058,0.0,4,54.77778873824496,55.666666666666664,22.703707357192766,13.333333333333334,45.0,0.0,0.0,0.6666666666666666,0.0
Ona Batlle,WSL 2020-2021,11,0,0.5791437998414037,0.0,7,78.32796533750432,43.81818181818182,12.802298303599072,17.727272727272727,16.666666666666668,0.0,0.0,0.6363636363636364,0.0
Ona Batlle,WSL 2021-2022,20,1,0.7422658316791054,1.1479437202215192,13,49.628300482929994,47.65,11.906868164845028,12.0,17.142857142857142,-0.1479437202215193,0.05,0.65,-0.14794372022151925
Ona Batlle,WSL 2022-2023,10,1,0.7574848160147665,0.7646724879741669,4,43.92756968785002,44.4,29.924468974514177,17.0,42.0,0.23532751202583307,0.1,0.4,0.23532751202583313
Ornella Vignola,WSL 2025-2026,35,4,2.1050117313861842,3.796279713511467,28,38.899821300420605,48.48571428571429,23.00435875079712,17.428571428571427,49.285714285714285,0.20372028648853296,0.11428571428571428,0.8,0.20372028648853302
P. Ademiluyi,WSL 2023-2024,1,0,0.0,0.0,1,,42.0,0.0,25.0,,0.0,0.0,1.0,0.0
P. Ademiluyi,WSL 2024-2025,2,0,0.0837070271372795,0.0,1,78.24640566824779,62.5,22.061601417061947,7.5,0.0,0.0,0.0,0.5,0.0
P. Bailey-Gayle,WSL 2018-2019,1,0,0.2598684132099151,0.0,0,78.57233044215445,50.0,39.286165221077226,0.0,0.0,0.0,0.0,0.0,0.0
P. Bailey-Gayle,WSL 2021-2022,1,0,0.0,0.0,1,,50.0,0.0,0.0,,0.0,0.0,1.0,0.0
P. Bremer,WSL 2017-2018,3,1,0.1085714250802993,0.633093535900116,3,15.933542536980822,42.0,11.208748004053518,21.666666666666668,100.0,0.366906464099884,0.3333333333333333,1.0,0.36690646409988403
P. Bremer,WSL 2018-2019,5,0,0.24543677270412428,0.0,3,78.12556078630145,51.8,16.625112157260286,12.0,0.0,0.0,0.0,0.6,0.0
P. Bremer,WSL 2019-2020,48,10,9.706368610262869,8.522112011909485,27,63.51620070182064,50.520833333333336,25.48382298991889,9.0625,32.5,1.4778879880905147,0.20833333333333334,0.5625,1.4778879880905151
P. Bremer,WSL 2023-2024,16,2,1.9645580761134622,1.610105037689209,11,49.013383529757384,51.4375,21.742297534021368,7.8125,34.54545454545455,0.3898949623107909,0.125,0.6875,0.389894962310791
P. Bremer,WSL 2024-2025,12,1,1.5454917252063747,0.8585858345031738,7,52.66765497951465,46.666666666666664,29.619139785202147,10.0,31.818181818181817,0.1414141654968261,0.08333333333333333,0.5833333333333334,0.14141416549682617
P. Harder,WSL 2020-2021,54,10,6.080568647239265,7.043757742497979,36,55.362133359992455,47.611111111111114,19.432477764595827,13.88888888888889,35.38461538461539,2.9562422575020206,0.18518518518518517,0.6666666666666666,2.956242257502021
P. Harder,WSL 2021-2022,53,6,7.013095369789657,6.410656741116105,27,59.68627377382195,48.264150943396224,22.87950582718514,11.132075471698114,42.333333333333336,-0.4106567411161052,0.11320754716981132,0.5094339622641509,-0.41065674111610484
P. Harder,WSL 2022-2023,36,8,6.952458797249852,8.177861875150262,23,52.373906641084574,47.638888888888886,30.502523218987985,9.722222222222221,46.89655172413793,-0.17786187515026217,0.2222222222222222,0.6388888888888888,-0.17786187515026164
P. Pattinson,WSL 2018-2019,5,0,0.1585714258253573,0.0,3,76.69162274615374,50.2,18.004991215897412,18.0,25.0,0.0,0.0,0.6,0.0
P. Pattinson,WSL 2019-2020,2,0,0.0,0.0,2,,46.0,0.0,12.5,,0.0,0.0,1.0,0.0
P. Pattinson,WSL 2020-2021,2,0,0.0837070271372795,0.0,1,78.23156509860823,42.0,23.724557941318725,25.0,0.0,0.0,0.0,0.5,0.0
P. Pattinson,WSL 2021-2022,7,0,0.181267999112606,0.1948051899671554,5,57.91324100635207,44.285714285714285,11.489151910290486,17.142857142857142,40.0,-0.1948051899671554,0.0,0.7142857142857143,-0.1948051899671554
P. Pattinson,WSL 2022-2023,13,0,0.7564262673258779,0.159420296549797,7,54.04170232340568,47.69230769230769,23.04899507834509,20.384615384615383,47.77777777777778,-0.159420296549797,0.0,0.5384615384615384,-0.159420296549797
P. Pattinson,WSL 2023-2024,7,0,0.0837070271372795,0.0,6,37.499041662616,46.142857142857146,15.773467260458094,15.714285714285714,24.0,0.0,0.0,0.8571428571428571,0.0
P. Pattinson,WSL 2024-2025,9,0,0.181267999112606,0.0,7,60.50870677785599,45.22222222222222,16.038971876560588,16.666666666666668,45.0,0.0,0.0,0.7777777777777778,0.0
P. Pattinson,WSL 2025-2026,6,0,0.304279401898384,0.0,2,65.25370843122565,48.833333333333336,32.18904517967736,19.166666666666668,6.0,0.0,0.0,0.3333333333333333,0.0
P. Sawyer,WSL 2017-2018,1,0,0.0,0.0,1,,50.0,0.0,0.0,,0.0,0.0,1.0,0.0
P. Williams,WSL 2017,12,0,0.5318425036966798,0.2340425550937652,3,48.762348863305085,44.75,3.3113153681499035,23.75,100.0,-0.2340425550937652,0.0,0.25,-0.2340425550937652
P. Williams,WSL 2017-2018,7,0,0.4128508269786833,0.4926900565624237,2,56.70882294199921,45.57142857142857,29.03134653121963,27.142857142857142,56.0,-0.4926900565624237,0.0,0.2857142857142857,-0.4926900565624237
P. Williams,WSL 2018-2019,6,0,0.22057237476110447,0.159420296549797,4,16.928944377523827,44.666666666666664,6.396369990114067,16.666666666666668,100.0,-0.159420296549797,0.0,0.6666666666666666,-0.159420296549797
P. Wilson,WSL 2017,2,0,0.2598684132099151,0.0,1,,46.0,0.0,12.5,,0.0,0.0,0.5,0.0
P. Wilson,WSL 2017-2018,1,0,0.0,0.0,1,,50.0,0.0,0.0,,0.0,0.0,1.0,0.0
Paula Tomás,WSL 2024-2025,11,0,0.8835701271891592,0.6883116960525513,6,50.39633531103144,49.81818181818182,26.130259980110733,14.545454545454545,37.77777777777778,-0.6883116960525513,0.0,0.5454545454545454,-0.6883116960525513
Paula Tomás,WSL 2025-2026,1,0,0.2598684132099151,0.0,0,78.14544843502475,75.0,44.07272421751237,15.0,0.0,0.0,0.0,0.0,0.0
R. Allen,WSL 2015,9,0,1.5963152481651888,0.7560975609756098,5,64.06298983552566,50.111111111111114,12.5156945572582,10.0,0.0,-0.7560975609756098,0.0,0.5555555555555556,-0.7560975609756098
R. Allen,WSL 2016,9,1,1.9361013323068619,1.8355973362922668,4,25.453975845696554,54.77777777777778,8.946877326051618,15.555555555555555,30.0,-0.835597336292267,0.1111111111111111,0.4444444444444444,-0.8355973362922668
R. Allen,WSL 2017,8,0,1.0344944521784782,0.0,5,,45.625,0.0,15.625,,0.0,0.0,0.625,0.0
R. Allen,WSL 2017-2018,32,9,8.381817616522312,8.948792919516563,21,53.96366555088144,49.28125,26.753706572464704,13.4375,44.21052631578947,0.051207080483436175,0.28125,0.65625,0.051207080483436584
R. Allen,WSL 2018-2019,26,2,3.8017873130738726,3.0368113070726395,13,59.95476567538326,46.26923076923077,22.53029611307161,18.46153846153846,45.0,-1.0368113070726395,0.07692307692307693,0.5,-1.0368113070726395
R. Allen,WSL 2019-2020,15,3,2.9861450269818306,2.87316857278347,11,47.30769837821945,50.46666666666667,15.763432376766385,11.666666666666666,20.0,0.1268314272165298,0.2,0.7333333333333333,0.12683142721652985
R. Allen,WSL 2021-2022,15,3,2.2827740088105197,2.3650834038853645,10,54.110939835170356,46.266666666666666,21.27086187492727,10.666666666666666,38.75,0.6349165961146354,0.2,0.6666666666666666,0.6349165961146355
R. Allen,WSL 2022-2023,2,0,0.0,0.0,2,32.73368548575162,46.0,19.700176076209143,10.0,65.0,0.0,0.0,1.0,0.0
R. Ayane,WSL 2018-2019,16,1,1.4710759744048116,0.6883116960525513,9,66.30328401855368,43.5625,14.358805891330881,20.0,30.0,0.3116883039474487,0.0625,0.5625,0.31168830394744873
R. Ayane,WSL 2019-2020,23,0,1.8212764784693714,0.4801982715725898,10,61.02413882367519,48.69565217391305,17.502820445376845,12.173913043478262,25.454545454545453,-0.4801982715725898,0.0,0.43478260869565216,-0.4801982715725898
R. Ayane,WSL 2020-2021,21,1,2.2439224794507022,1.9901694059371948,9,66.73408474407357,47.61904761904762,22.7813911874851,12.857142857142858,35.45454545454545,-0.9901694059371949,0.047619047619047616,0.42857142857142855,-0.9901694059371948
R. Ayane,WSL 2021-2022,21,1,1.3253519891238792,0.7560975609756098,15,73.75060359658389,45.904761904761905,15.276668543681515,17.142857142857142,32.857142857142854,0.2439024390243902,0.047619047619047616,0.7142857142857143,0.24390243902439024
R. Ayane,WSL 2022-2023,19,1,0.989070318639278,0.8198906481266022,12,57.1149808466259,49.26315789473684,19.845391970188096,12.105263157894736,30.90909090909091,0.18010935187339777,0.05263157894736842,0.631578947368421,0.18010935187339783
R. Ayane,WSL 2023-2024,5,0,0.6502381116151809,0.0,3,43.09692876592443,46.8,24.88179771629555,10.0,18.0,0.0,0.0,0.6,0.0
R. Ayane,WSL 2024-2025,3,0,0.0,0.0,3,11.548929724341454,66.66666666666667,1.9248216207235755,10.0,30.0,0.0,0.0,1.0,0.0
R. Ayane,WSL 2025-2026,3,0,0.0975609719753265,0.0,2,46.77532859515691,53.0,20.036220642830077,21.666666666666668,50.0,0.0,0.0,0.6666666666666666,0.0
R. Bachmann,WSL 2017,23,3,2.9384099170565605,2.828735113143921,17,33.85878854554199,47.91304347826087,5.897836357070895,6.304347826086956,53.333333333333336,0.17126488685607888,0.13043478260869565,0.7391304347826086,0.1712648868560791
R. Bachmann,WSL 2017-2018,24,0,1.5419935211539266,0.318840593099594,18,57.05138448046132,48.0,5.847277225857382,6.25,15.0,-0.318840593099594,0.0,0.75,-0.318840593099594
R. Bachmann,WSL 2018-2019,36,3,4.118909522891045,2.6002698242664337,27,67.9473126181697,48.69444444444444,13.149582799849808,6.666666666666667,17.272727272727273,0.39973017573356606,0.08333333333333333,0.75,0.3997301757335663
R. Bachmann,WSL 2019-2020,17,1,1.8771745488047598,1.1219399869441986,13,70.24607567779445,49.411764705882355,8.937718870118749,8.529411764705882,10.0,-0.1219399869441986,0.058823529411764705,0.7647058823529411,-0.12193998694419861
R. Bose,WSL 2025-2026,1,0,0.4414414465427398,0.0,0,77.82037722287852,50.0,38.91018861143926,0.0,0.0,0.0,0.0,0.0,0.0
R. Corsie,WSL 2020-2021,3,1,0.7747747898101807,0.7721518874168396,2,49.12919476011978,44.666666666666664,18.131940223077248,13.333333333333334,100.0,0.2278481125831604,0.3333333333333333,0.6666666666666666,0.2278481125831604
R. Corsie,WSL 2021-2022,4,1,1.8066202104091644,2.1181681752204895,1,32.82888099873928,46.0,35.63403514685665,10.0,70.0,-1.1181681752204895,0.25,0.25,-1.1181681752204895
R. Corsie,WSL 2022-2023,6,1,1.4432760998606682,1.6733863353729248,1,60.66398238079197,47.5,45.64336731170505,20.833333333333332,66.66666666666667,-0.6733863353729249,0.16666666666666666,0.16666666666666666,-0.6733863353729248
R. Corsie,WSL 2023-2024,12,0,1.065687023103237,0.9258471727371215,7,40.970214714191535,50.166666666666664,21.42844844966463,12.916666666666666,62.22222222222222,-0.9258471727371215,0.0,0.5833333333333334,-0.9258471727371215
R. Daly,WSL 2020-2021,10,3,1.116209678351879,1.7037240713834763,9,45.721674159796294,48.9,14.922173712776353,10.0,40.0,1.2962759286165237,0.3,0.9,1.2962759286165237
R. Daly,WSL 2022-2023,84,22,16.376926629554205,21.063284101646122,53,48.52912273072982,48.416666666666664,30.251824491185268,10.535714285714286,44.05797101449275,0.9367158983538781,0.2619047619047619,0.6309523809523809,0.9367158983538779
R. Daly,WSL 2023-2024,64,8,8.218849014945144,7.931860801286814,38,54.947009494353146,50.578125,27.422146644318957,13.4375,40.416666666666664,0.06813919871318597,0.125,0.59375,0.06813919871318586
R. Daly,WSL 2024-2025,49,8,8.543782918009814,9.208605861518441,27,49.877605202427176,48.51020408163265,29.058601577405778,13.26530612244898,47.17948717948718,-1.2086058615184414,0.16326530612244897,0.5510204081632653,-1.208605861518441
R. Daly,WSL 2025-2026,19,3,2.6336008161306377,3.0750991851091385,10,44.86318214047083,49.421052631578945,30.01351002178647,18.42105263157895,52.94117647058823,-0.07509918510913849,0.15789473684210525,0.5263157894736842,-0.07509918510913849
R. Dean,WSL 2019-2020,24,4,4.248709775961753,3.0590926525069446,16,64.74510683418687,50.458333333333336,18.770763072755944,8.75,46.0,0.9409073474930552,0.16666666666666666,0.6666666666666666,0.9409073474930554
R. Dean,WSL 2020-2021,8,0,1.267853297293186,0.8585858345031738,4,57.610500589084154,49.125,15.688332406506849,13.75,26.666666666666668,-0.8585858345031738,0.0,0.5,-0.8585858345031738
R. Easton,WSL 2015,1,1,0.7007874250411987,0.7358490824699402,1,11.925230023404614,42.0,34.704754152467174,20.0,100.0,0.2641509175300598,1.0,1.0,0.2641509175300598
R. Furness,WSL 2015,4,0,0.0,0.0,3,,48.25,0.0,27.5,,0.0,0.0,0.75,0.0
R. Furness,WSL 2017,18,1,1.0791228413581846,0.7168005630373955,12,42.458999831209745,44.22222222222222,3.0699819651668316,16.11111111111111,100.0,0.28319943696260447,0.05555555555555555,0.6666666666666666,0.2831994369626045
R. Furness,WSL 2017-2018,27,3,2.145397752523422,3.084448277950287,18,56.48219987235384,46.22222222222222,18.499494840572847,17.22222222222222,64.54545454545455,-0.08444827795028692,0.1111111111111111,0.6666666666666666,-0.08444827795028687
R. Furness,WSL 2018-2019,34,1,1.8850650638341897,2.157859355211258,19,62.82299315647005,45.85294117647059,18.30773404562299,19.558823529411764,52.142857142857146,-1.1578593552112577,0.029411764705882353,0.5588235294117647,-1.157859355211258
R. Furness,WSL 2019-2020,38,5,4.986324031360265,4.428781431622621,20,59.9977591633888,44.86842105263158,22.783394322872763,15.921052631578947,44.21052631578947,0.5712185683773785,0.13157894736842105,0.5263157894736842,0.5712185683773789
R. Furness,WSL 2022-2023,6,1,0.673198267817497,1.3971518874168396,4,47.49983558915563,48.833333333333336,30.944024265899042,16.666666666666668,76.0,-0.3971518874168396,0.16666666666666666,0.6666666666666666,-0.3971518874168396
R. Furness,WSL 2023-2024,7,1,0.4018403738737105,0.8585858345031738,3,73.11282319385818,46.714285714285715,34.07709043139152,22.142857142857142,50.0,0.1414141654968261,0.14285714285714285,0.42857142857142855,0.14141416549682617
R. Grant,WSL 2020-2021,2,0,0.4414414465427398,0.0,1,78.10427502882142,62.5,19.526068757205355,7.5,0.0,0.0,0.0,0.5,0.0
R. Holloway,WSL 2019-2020,3,0,0.0975609719753265,0.0,2,78.02570801416103,42.0,15.782062446804616,25.0,0.0,0.0,0.0,0.6666666666666666,0.0
R. Holloway,WSL 2020-2021,1,0,0.0,0.0,1,,42.0,0.0,25.0,,0.0,0.0,1.0,0.0
R. Holloway,WSL 2021-2022,11,0,0.6882502734661099,0.1948051899671554,4,69.02554998412367,48.63636363636363,24.009113391828564,12.272727272727273,21.428571428571427,-0.1948051899671554,0.0,0.36363636363636365,-0.1948051899671554
R. Hönnudóttir,WSL 2018-2019,1,0,0.0,0.0,1,,50.0,0.0,0.0,,0.0,0.0,1.0,0.0
R. Hönnudóttir,WSL 2019-2020,1,0,0.0,0.0,1,,42.0,0.0,25.0,,0.0,0.0,1.0,0.0
R. Imuran,WSL 2025-2026,1,0,0.0,0.0,1,46.62271740018784,42.0,31.64469203342726,25.0,100.0,0.0,0.0,1.0,0.0
R. Ishikawa,WSL 2025-2026,1,0,0.0975609719753265,0.1315789520740509,0,14.483323743763608,50.0,11.18903043410333,0.0,30.0,-0.1315789520740509,0.0,0.0,-0.1315789520740509
R. Jarrett,WSL 2020-2021,15,2,1.6617171242833135,1.3611111044883728,10,57.25728275652314,46.13333333333333,12.689859909846497,19.0,45.0,0.6388888955116272,0.13333333333333333,0.6666666666666666,0.6388888955116272
R. Kafaji,WSL 2024-2025,8,1,1.39703531563282,1.0,5,56.339828100344896,48.625,27.377435537629335,7.5,46.666666666666664,0.0,0.125,0.625,0.0
R. Kafaji,WSL 2025-2026,26,2,3.73858131468296,2.179139167070389,14,55.420606107409945,48.19230769230769,25.56077831100812,9.038461538461538,28.5,-0.1791391670703887,0.07692307692307693,0.5384615384615384,-0.1791391670703888
R. Kmita,WSL 2018-2019,6,1,0.7023021280765531,1.1462514400482178,4,40.63171871176419,47.333333333333336,17.278075767071023,8.333333333333334,20.0,-0.14625144004821783,0.16666666666666666,0.6666666666666666,-0.14625144004821777
R. Knaak,WSL 2024-2025,12,4,1.5584336221218105,2.9701961502432823,7,53.65013282071423,47.916666666666664,38.40402347399112,20.833333333333332,69.0909090909091,1.0298038497567177,0.3333333333333333,0.5833333333333334,1.0298038497567177
R. Knaak,WSL 2025-2026,15,2,1.2574239149689672,1.5474921986460686,9,43.90236606552516,45.8,26.78600969235304,16.333333333333332,75.38461538461539,0.4525078013539314,0.13333333333333333,0.6,0.4525078013539314
R. Lavelle,WSL 2020-2021,19,1,1.6169049499965293,1.5282494483924494,17,64.42186116479124,49.05263157894737,10.723180936872966,9.210526315789474,26.666666666666668,-0.5282494483924494,0.05263157894736842,0.8947368421052632,-0.5282494483924494
R. Laws,WSL 2024-2025,1,1,1.0,0.9850746393203736,1,11.278790321267218,50.0,35.19163434024482,0.0,100.0,0.0149253606796264,1.0,1.0,0.014925360679626354
R. Littlejohn,WSL 2020-2021,7,0,0.7457208484411237,0.1948051899671554,3,64.8944521444399,49.0,22.709484760175396,15.714285714285714,20.0,-0.1948051899671554,0.0,0.42857142857142855,-0.1948051899671554
R. Littlejohn,WSL 2021-2022,7,0,0.22163092344999308,0.0,4,63.38069775789773,42.0,17.153006662406657,25.0,66.66666666666667,0.0,0.0,0.5714285714285714,0.0
R. Mace,WSL 2020-2021,4,2,1.0178387686610222,1.4916793704032898,3,48.6413135537183,58.5,34.01142119400237,20.0,36.666666666666664,0.5083206295967101,0.5,0.75,0.5083206295967102
R. Mace,WSL 2021-2022,1,0,0.0837070271372795,0.0,0,65.81826831848771,75.0,37.909134159243855,15.0,0.0,0.0,0.0,0.0,0.0
R. Mace,WSL 2022-2023,10,0,1.516413740813732,0.9037308394908905,2,56.03526175907151,52.6,34.22882339800842,10.5,29.0,-0.9037308394908905,0.0,0.2,-0.9037308394908905
R. Mace,WSL 2023-2024,2,0,0.181267999112606,0.2340425550937652,1,51.98091656882224,46.0,33.66776327748426,12.5,50.0,-0.2340425550937652,0.0,0.5,-0.2340425550937652
R. Mace,WSL 2024-2025,16,0,0.521693456918001,0.0,10,56.61376328050779,44.5,24.669314461007886,17.1875,53.63636363636363,0.0,0.0,0.625,0.0
R. Mace,WSL 2025-2026,14,1,1.167414054274559,1.2927536368370056,11,33.33593884441329,47.857142857142854,18.96159309479833,20.0,62.0,-0.2927536368370055,0.07142857142857142,0.7857142857142857,-0.2927536368370056
R. Madsen,WSL 2023-2024,3,0,0.7007874250411987,0.0,2,69.54407075932335,47.333333333333336,11.590678459887224,8.333333333333334,0.0,0.0,0.0,0.6666666666666666,0.0
R. Maltby,WSL 2025-2026,4,0,0.0,0.0,4,20.704060669355762,48.0,7.259348500672274,6.25,65.0,0.0,0.0,1.0,0.0
R. McLauchlan,WSL 2018-2019,7,0,0.7216325551271436,0.159420296549797,2,68.08462325329438,46.57142857142857,27.380119099485217,10.714285714285714,30.0,-0.159420296549797,0.0,0.2857142857142857,-0.159420296549797
R. McLauchlan,WSL 2024-2025,4,1,0.9852513745427132,1.0,3,56.68847855066221,53.5,32.924846123165,17.5,60.0,0.0,0.25,0.75,0.0
R. McLauchlan,WSL 2025-2026,7,0,0.3435754403471946,0.0,5,40.42176227430046,51.285714285714285,13.9300273164668,9.285714285714286,45.0,0.0,0.0,0.7142857142857143,0.0
R. Percival,WSL 2018-2019,4,0,0.22163092344999308,0.0,1,78.14110648696777,44.0,35.552914932612914,18.75,16.666666666666668,0.0,0.0,0.25,0.0
R. Percival,WSL 2019-2020,12,0,0.5553379505872726,0.159420296549797,6,71.37784167969527,46.0,21.020788939076084,12.5,41.666666666666664,-0.159420296549797,0.0,0.5,-0.159420296549797
R. Percival,WSL 2020-2021,12,0,0.5913597270846366,0.8780487775802612,9,68.11949713038346,45.166666666666664,12.932281307470808,24.166666666666668,50.0,-0.8780487775802612,0.0,0.75,-0.8780487775802612
R. Percival,WSL 2021-2022,19,2,2.059534408152103,2.613667532801628,12,45.61059518200999,49.36842105263158,14.897216269530725,16.57894736842105,45.714285714285715,-0.6136675328016282,0.10526315789473684,0.631578947368421,-0.6136675328016281
R. Percival,WSL 2023-2024,4,1,1.1909029185771942,0.9850746393203736,3,50.48248383569725,47.25,29.23565789995594,15.0,43.333333333333336,0.0149253606796264,0.25,0.75,0.014925360679626354
R. Petzelberger,WSL 2020-2021,9,3,1.5346571356058119,2.442714497447014,7,35.722220534879604,51.111111111111114,19.361516991919565,7.222222222222222,52.0,0.5572855025529861,0.3333333333333333,0.7777777777777778,0.5572855025529861
R. Petzelberger,WSL 2021-2022,22,3,3.006323020905256,3.0293179005384445,10,64.55131400468555,49.40909090909091,28.457821290103883,13.636363636363637,40.0,-0.02931790053844463,0.13636363636363635,0.45454545454545453,-0.02931790053844452
R. Petzelberger,WSL 2022-2023,1,0,0.1666666716337204,0.0,0,78.24640566824779,42.0,45.78986950079056,20.0,50.0,0.0,0.0,0.0,0.0
R. Petzelberger,WSL 2023-2024,4,0,0.0837070271372795,0.0,3,29.67280178132178,54.25,18.169734223994226,10.0,40.0,0.0,0.0,0.75,0.0
R. Pitman,WSL 2017-2018,5,1,0.6344799250364302,0.6883116960525513,3,71.86781379888777,44.4,29.02354764931497,14.0,26.666666666666668,0.3116883039474487,0.2,0.6,0.31168830394744873
R. Roberts,WSL 2016,10,1,0.9324499666690824,0.6883116960525513,4,58.76563621709544,43.6,5.6698835656790925,16.5,100.0,0.3116883039474487,0.1,0.4,0.31168830394744873
R. Roberts,WSL 2018-2019,3,0,0.19108221679925907,0.0,1,78.5199196241169,42.0,15.864431048463928,21.666666666666668,50.0,0.0,0.0,0.3333333333333333,0.0
R. Roberts,WSL 2019-2020,12,0,0.40849627181887604,0.1948051899671554,7,66.18929982540133,45.333333333333336,10.844008786426388,14.166666666666666,26.666666666666668,-0.1948051899671554,0.0,0.5833333333333334,-0.1948051899671554
R. Roberts,WSL 2022-2023,6,1,0.2511210814118385,0.5131579041481018,4,45.532737664465934,53.0,26.81554132537909,19.166666666666668,60.0,0.4868420958518982,0.16666666666666666,0.6666666666666666,0.4868420958518982
R. Rowe,WSL 2016,15,1,1.0521812625229356,0.7721518874168396,7,56.646957356752836,44.666666666666664,3.43253568672544,16.333333333333332,100.0,0.2278481125831604,0.06666666666666667,0.4666666666666667,0.2278481125831604
R. Rowe,WSL 2017,5,1,1.5547186434268951,0.6883116960525513,2,54.84159005718201,47.6,9.614029182033509,4.0,30.0,0.3116883039474487,0.2,0.4,0.31168830394744873
R. Rowe,WSL 2017-2018,14,3,1.1940019801259039,2.556572362780571,10,61.98421302169627,48.142857142857146,23.355374985191958,17.857142857142858,22.857142857142858,0.44342763721942896,0.21428571428571427,0.7142857142857143,0.443427637219429
R. Rowe,WSL 2018-2019,1,0,0.0542168691754341,0.1315789520740509,0,18.266849147507024,42.0,21.41412646930837,25.0,100.0,-0.1315789520740509,0.0,0.0,-0.1315789520740509
R. Rowe,WSL 2019-2020,7,0,0.2511210814118385,0.0,4,78.17056303406872,45.0,19.131787316824248,18.571428571428573,16.666666666666668,0.0,0.0,0.5714285714285714,0.0
R. Rowe,WSL 2020-2021,27,5,3.0034799426794048,4.145847424864769,21,45.61264195269085,48.888888888888886,14.164393796644344,10.185185185185185,42.0,0.8541525751352308,0.18518518518518517,0.7777777777777778,0.854152575135231
R. Rowe,WSL 2021-2022,20,1,2.0461081117391577,1.3807818740606306,9,60.70908305877331,47.3,20.748443575784272,17.25,49.0,-0.38078187406063063,0.05,0.45,-0.3807818740606306
R. Rowe,WSL 2022-2023,26,3,2.1689552441239353,2.6656139343976974,15,43.468552945026566,44.96153846153846,27.558593983323195,18.653846153846153,45.21739130434783,0.3343860656023025,0.11538461538461539,0.5769230769230769,0.33438606560230255
R. Sevecke,WSL 2020-2021,7,1,1.4646336138248441,0.9850746393203736,4,52.29634961550241,47.857142857142854,13.597417446920991,16.428571428571427,75.0,0.0149253606796264,0.14285714285714285,0.5714285714285714,0.014925360679626354
R. Sevecke,WSL 2021-2022,8,1,1.5017168223857877,1.4900745749473572,3,42.56287440917587,50.125,24.67385755949354,9.375,55.0,-0.49007457494735707,0.125,0.375,-0.4900745749473572
R. Sevecke,WSL 2022-2023,12,1,1.6181853860616684,1.1192865371704102,7,43.28850725988667,47.083333333333336,23.335094367878806,9.166666666666666,47.0,-0.1192865371704102,0.08333333333333333,0.5833333333333334,-0.11928653717041016
R. Shimizu,WSL 2022-2023,5,0,0.1475609727203845,0.0,3,57.01324481106685,46.8,20.43730677665339,10.0,26.666666666666668,0.0,0.0,0.6,0.0
R. Shimizu,WSL 2023-2024,4,1,1.2654142677783966,0.8780487775802612,2,60.541713526808245,46.0,31.371841737738386,12.5,26.666666666666668,0.1219512224197387,0.25,0.5,0.12195122241973877
R. Shimizu,WSL 2025-2026,1,0,0.0,0.0,1,,42.0,0.0,25.0,,0.0,0.0,1.0,0.0
R. Siemsen,WSL 2022-2023,13,1,2.61842031031847,0.9850746393203736,7,62.27339668503019,48.53846153846154,24.598655712480543,6.153846153846154,44.44444444444444,0.0149253606796264,0.07692307692307693,0.5384615384615384,0.014925360679626354
R. Spencer,WSL 2020-2021,1,1,1.0,0.977011501789093,1,23.43430533783042,50.0,41.027497722587995,0.0,100.0,0.0229884982109069,1.0,1.0,0.022988498210906982
R. Stott,WSL 2020-2021,2,0,0.3703703582286834,0.0,1,78.33836863249068,50.0,19.58459215812267,0.0,0.0,0.0,0.0,0.5,0.0
R. Ueki,WSL 2023-2024,64,6,5.65886367112398,6.066725522279739,42,44.71469739989466,47.53125,22.116246966655773,12.1875,50.0,-0.0667255222797396,0.09375,0.65625,-0.06672552227973938
R. Ueki,WSL 2024-2025,49,4,4.766673326492309,4.863530360162258,31,45.35661587519221,46.87755102040816,21.944932939111606,13.673469387755102,58.23529411764706,-0.8635303601622581,0.08163265306122448,0.6326530612244898,-0.8635303601622581
R. Ueki,WSL 2025-2026,35,2,3.112137705087661,3.0740277841687202,23,46.534177499042045,45.6,27.1971475050674,15.428571428571429,57.333333333333336,-1.0740277841687202,0.05714285714285714,0.6571428571428571,-1.0740277841687202
R. White,WSL 2015,18,2,2.41014102101326,1.6653231978416443,10,19.10749682686192,46.0,3.8370662645617353,12.222222222222221,65.0,0.3346768021583556,0.1111111111111111,0.5555555555555556,0.3346768021583557
R. White,WSL 2016,21,2,1.7116565629839893,2.3269056007266045,15,39.90872836455717,44.666666666666664,6.771258054043339,16.19047619047619,53.333333333333336,-0.32690560072660463,0.09523809523809523,0.7142857142857143,-0.32690560072660446
R. Williams,WSL 2015,31,7,4.469977062195539,5.533734440803528,17,42.79465885462709,45.54838709677419,11.952387160514435,17.580645161290324,76.25,1.466265559196472,0.22580645161290322,0.5483870967741935,1.4662655591964722
R. Williams,WSL 2016,23,3,2.4311677590012546,2.093423955142498,12,44.18146080728013,47.608695652173914,7.406889804425134,10.217391304347826,70.0,0.9065760448575018,0.13043478260869565,0.5217391304347826,0.906576044857502
R. Williams,WSL 2017,15,2,3.107149414718151,1.6502006649971008,6,48.15890323399986,46.86666666666667,7.399883767816415,13.666666666666666,100.0,0.3497993350028991,0.13333333333333333,0.4,0.34979933500289917
R. Williams,WSL 2017-2018,32,3,5.1586484238505355,4.045535668730736,14,64.15454139908421,47.625,23.54207308190014,13.28125,38.23529411764706,-1.0455356687307358,0.09375,0.4375,-1.0455356687307358
R. Williams,WSL 2019-2020,16,0,1.837924592196941,0.4448181316256523,6,70.83812095593527,47.125,19.9252578663012,18.4375,50.0,-0.4448181316256523,0.0,0.375,-0.4448181316256523
R. Williams,WSL 2020-2021,13,0,0.8389370590448377,0.7721518874168396,6,73.69427116829294,47.0,18.133351375120835,14.615384615384615,36.0,-0.7721518874168396,0.0,0.46153846153846156,-0.7721518874168396
R. Williams,WSL 2021-2022,39,4,6.523883305490016,4.7881210297346115,16,67.20398081352705,45.51282051282051,26.96815557233409,13.58974358974359,42.5,-0.7881210297346117,0.10256410256410256,0.41025641025641024,-0.7881210297346115
R. Williams,WSL 2022-2023,17,4,3.428880877792835,4.10136479139328,10,54.971375075556054,47.05882352941177,33.79454329043279,13.823529411764707,50.0,-0.10136479139328014,0.23529411764705882,0.5882352941176471,-0.10136479139328003
R. Williams,WSL 2023-2024,29,5,3.5007773861289015,5.347446545958519,17,48.520791572411014,44.51724137931034,30.207111330380034,16.551724137931036,68.33333333333333,-0.3474465459585191,0.1724137931034483,0.5862068965517241,-0.347446545958519
R. Williams,WSL 2024-2025,3,0,0.186865348368883,0.3611111044883728,2,49.13466866608816,57.333333333333336,23.878222822468672,15.0,50.0,-0.3611111044883728,0.0,0.6666666666666666,-0.3611111044883728
R. Williams,WSL 2025-2026,5,0,0.0,0.0,5,33.06940381397019,51.8,7.613880762794038,11.0,30.0,0.0,0.0,1.0,0.0
R. Yankey,WSL 2015,1,0,0.0837070271372795,0.0,0,,67.0,0.0,40.0,,0.0,0.0,0.0,0.0
R. Yankey,WSL 2016,6,0,0.2603492662310599,0.0,3,,44.666666666666664,0.0,16.666666666666668,,0.0,0.0,0.5,0.0
R. van Gool,WSL 2025-2026,10,0,0.7985741347074506,1.3962747901678085,4,49.59864836411936,48.5,23.88168463127854,13.0,37.142857142857146,-1.3962747901678085,0.0,0.4,-1.3962747901678085
R. Öling,WSL 2024-2025,1,0,0.2598684132099151,0.0,0,78.24640566824779,42.0,45.78986950079056,20.0,50.0,0.0,0.0,0.0,0.0
Rafaelle,WSL 2021-2022,5,1,0.2464953213930129,1.258093535900116,3,41.61971962884249,42.0,18.53917180783586,20.0,100.0,-0.25809353590011597,0.2,0.6,-0.25809353590011597
Rafaelle,WSL 2022-2023,18,2,1.1572480089962478,1.4609922617673874,9,59.486000635086704,42.888888888888886,32.59119107126881,18.333333333333332,65.33333333333333,0.5390077382326126,0.1111111111111111,0.5,0.5390077382326126
S. Albuery,WSL 2018-2019,3,0,0.4414414465427398,0.0,2,,50.0,0.0,0.0,,0.0,0.0,0.6666666666666666,0.0
S. Awujo,WSL 2024-2025,2,0,0.2804878056049347,0.0,1,45.13828506373657,46.0,26.73580919853495,12.5,40.0,0.0,0.0,0.5,0.0
S. Awujo,WSL 2025-2026,8,0,0.22163092344999308,0.0,5,50.18222352859879,47.125,24.02666715655788,20.0,55.0,0.0,0.0,0.625,0.0
S. Baggaley,WSL 2017-2018,1,1,1.0,0.9850746393203736,1,21.80086644557454,50.0,40.45267240239848,0.0,100.0,0.0149253606796264,1.0,1.0,0.014925360679626354
S. Baggaley,WSL 2020-2021,1,1,1.0,1.0,1,50.74445782546108,50.0,55.37222891273055,0.0,100.0,0.0,1.0,1.0,0.0
S. Baltimore,WSL 2024-2025,16,4,1.7739544510841367,3.2728667557239532,11,32.17069265868073,48.0625,22.054801580654352,11.5625,56.666666666666664,0.7271332442760466,0.25,0.6875,0.7271332442760468
S. Baltimore,WSL 2025-2026,21,3,2.6896174310184104,2.1366388557887657,12,49.61293922212191,50.714285714285715,27.87724229922957,7.619047619047619,28.94736842105263,0.8633611442112341,0.14285714285714285,0.5714285714285714,0.8633611442112343
S. Barker,WSL 2016,3,0,0.22057237476110447,0.0,1,,43.666666666666664,0.0,28.333333333333332,,0.0,0.0,0.3333333333333333,0.0
S. Blackstenius,WSL 2021-2022,15,6,3.0306621640920635,5.26825824379921,12,30.622698910337633,46.8,21.056659494033042,8.0,50.0,0.7317417562007902,0.4,0.8,0.7317417562007904
S. Blackstenius,WSL 2022-2023,70,8,10.413701452314852,7.382205933332443,41,57.22081980221962,48.15714285714286,24.302220619316206,7.928571428571429,37.4468085106383,0.6177940666675567,0.11428571428571428,0.5857142857142857,0.6177940666675568
S. Blackstenius,WSL 2023-2024,41,7,8.144881039857864,7.205083340406418,25,48.79628730100408,50.90243902439025,27.74039148770557,7.195121951219512,41.76470588235294,-0.20508334040641818,0.17073170731707318,0.6097560975609756,-0.20508334040641785
S. Blackstenius,WSL 2024-2025,34,5,5.376331381499766,6.2642980590462685,23,43.304781828512695,50.11764705882353,22.28195069745707,5.735294117647059,33.333333333333336,-1.2642980590462685,0.14705882352941177,0.6764705882352942,-1.2642980590462685
S. Blackstenius,WSL 2025-2026,55,10,8.769300758838652,10.39815479516983,35,50.36961992877564,49.70909090909091,25.136101196355515,5.363636363636363,38.205128205128204,-0.39815479516983093,0.18181818181818182,0.6363636363636364,-0.3981547951698303
S. Boye,WSL 2021-2022,1,0,0.0975609719753265,0.0,0,78.20230175640613,42.0,45.76781754486973,20.0,50.0,0.0,0.0,0.0,0.0
S. Bradley-Auckland,WSL 2016,2,0,0.2598684132099151,0.0,1,,54.5,0.0,30.0,,0.0,0.0,0.5,0.0
S. Bradley-Auckland,WSL 2018-2019,6,0,0.48554740101099,0.0,1,78.12905883667939,43.333333333333336,23.143375820280962,17.5,33.333333333333336,0.0,0.0,0.16666666666666666,0.0
S. Bradley-Auckland,WSL 2019-2020,6,0,0.304279401898384,0.0,2,78.30715874753157,51.5,7.636707673405408,9.166666666666666,50.0,0.0,0.0,0.3333333333333333,0.0
S. Bruun,WSL 2021-2022,6,0,0.0837070271372795,0.0,4,78.45196690403058,47.5,7.926552797558105,23.333333333333332,0.0,0.0,0.0,0.6666666666666666,0.0
S. Catley,WSL 2020-2021,1,0,0.0975609719753265,0.1315789520740509,0,16.53413976527892,42.0,20.54777177819432,25.0,30.0,-0.1315789520740509,0.0,0.0,-0.1315789520740509
S. Catley,WSL 2021-2022,16,1,0.5635701194405552,1.8256073743104935,11,46.78023937254536,48.375,14.277642042517764,15.3125,45.0,-0.8256073743104935,0.0625,0.6875,-0.8256073743104935
S. Catley,WSL 2022-2023,4,1,0.931034505367279,1.0,4,48.756061318080896,45.0,21.35568199618689,11.25,65.0,0.0,0.25,1.0,0.0
S. Catley,WSL 2023-2024,19,1,0.8638014569878575,1.0180061310529709,13,44.503759838867296,45.78947368421053,23.503698033817237,11.842105263157896,37.5,-0.018006131052970914,0.05263157894736842,0.6842105263157895,-0.018006131052970886
S. Catley,WSL 2024-2025,5,0,0.2649750262498855,0.2340425550937652,2,45.57322336768317,45.2,28.190867014404176,12.0,52.0,-0.2340425550937652,0.0,0.4,-0.2340425550937652
S. Catley,WSL 2025-2026,4,0,0.0,0.0,4,34.31139595940544,48.0,12.866773484777038,5.0,30.0,0.0,0.0,1.0,0.0
S. Chossenotte,WSL 2024-2025,10,1,1.0887738540768621,1.610105037689209,6,42.62273811996526,50.9,23.5460770277204,6.5,18.75,-0.6101050376892091,0.1,0.6,-0.610105037689209
S. Coffey,WSL 2025-2026,3,0,0.2598684132099151,0.0,2,46.744853522493415,46.333333333333336,18.359395618608914,20.0,15.0,0.0,0.0,0.6666666666666666,0.0
S. Cooke,WSL 2023-2024,7,1,1.1158558279275894,1.3056717365980148,4,32.527694520675304,44.285714285714285,27.33577375051962,16.428571428571427,68.57142857142857,-0.30567173659801483,0.14285714285714285,0.5714285714285714,-0.30567173659801483
S. D'Angelo,WSL 2024-2025,1,0,0.0,0.0,1,,42.0,0.0,20.0,,0.0,0.0,1.0,0.0
S. Ewens,WSL 2021-2022,4,0,0.0,0.0,3,78.02570801416103,56.25,11.003213501770128,3.75,0.0,0.0,0.0,0.75,0.0
S. Franssi,WSL 2025-2026,5,0,0.2598684132099151,0.0,4,37.90472814522447,48.4,13.038085110234007,5.0,66.66666666666667,0.0,0.0,0.8,0.0
S. Gaupset,WSL 2025-2026,31,3,2.7661157771944995,3.677615649998188,21,42.40853533043175,50.58064516129032,25.29186981051581,9.67741935483871,33.57142857142857,-0.677615649998188,0.0967741935483871,0.6774193548387096,-0.677615649998188
S. Haug,WSL 2023-2024,51,7,8.585989639163015,8.408896893262863,29,52.255542513862835,45.68627450980392,28.237690481593717,15.098039215686274,58.68421052631579,-1.4088968932628632,0.13725490196078433,0.5686274509803921,-1.4088968932628632
S. Haug,WSL 2024-2025,15,3,2.4260297492146488,3.086611822247505,8,48.71700432703085,45.8,29.771136486418463,16.666666666666668,53.333333333333336,-0.08661182224750522,0.2,0.5333333333333333,-0.08661182224750519
S. Haug,WSL 2025-2026,1,0,0.0,0.0,1,,42.0,0.0,20.0,,0.0,0.0,1.0,0.0
S. Hayles,WSL 2020-2021,17,2,2.0512859597802158,2.0363636314868927,11,56.5108054661739,49.11764705882353,15.620317337816596,7.352941176470588,20.0,-0.03636363148689281,0.11764705882352941,0.6470588235294118,-0.0363636314868927
S. Hayles,WSL 2021-2022,3,0,0.2598684132099151,0.0,2,,46.0,0.0,6.666666666666667,,0.0,0.0,0.6666666666666666,0.0
S. Hayles,WSL 2023-2024,4,0,0.9841317422688005,0.0,2,55.323180016973936,49.25,22.41285917303189,7.5,26.666666666666668,0.0,0.0,0.5,0.0
S. Haywood,WSL 2020-2021,2,0,0.5122784599661827,0.1948051899671554,0,57.91222106114547,62.5,34.37818838008006,7.5,15.0,-0.1948051899671554,0.0,0.0,-0.1948051899671554
S. Holmberg,WSL 2025-2026,10,2,1.854232773184776,2.022543713450432,7,40.61667989201281,48.5,25.31430309715642,14.0,40.0,-0.022543713450431907,0.2,0.7,-0.022543713450431824
S. Holmgaard,WSL 2022-2023,3,0,0.4285714328289032,0.0,1,61.89248827031438,44.666666666666664,35.946244135157194,15.0,26.666666666666668,0.0,0.0,0.3333333333333333,0.0
S. Holmgaard,WSL 2023-2024,8,2,1.6039247065782545,1.977011501789093,4,61.99091306561094,46.625,38.70148426458055,12.5,27.142857142857142,0.0229884982109069,0.25,0.5,0.022988498210906982
S. Holmgaard,WSL 2024-2025,11,3,1.240537758916616,2.5906891226768494,6,40.63462772935324,45.72727272727273,34.04949632046196,20.0,54.54545454545455,0.40931087732315063,0.2727272727272727,0.5454545454545454,0.40931087732315063
S. Hopcroft,WSL 2024-2025,2,0,0.0,0.0,2,20.000000000000025,46.0,9.166666666666673,12.5,30.0,0.0,0.0,1.0,0.0
S. Houghton,WSL 2015,20,3,3.2053263187408443,2.4362573102116585,12,36.23422406997975,43.7,8.753660102352521,20.5,30.0,0.5637426897883414,0.15,0.6,0.5637426897883415
S. Houghton,WSL 2016,23,2,1.1957887485623355,1.2851766273379326,16,55.57734474261281,45.56521739130435,5.072121831696826,20.869565217391305,65.0,0.7148233726620674,0.08695652173913043,0.6956521739130435,0.7148233726620674
S. Houghton,WSL 2017,16,0,0.6429225914180275,0.3611111044883728,7,51.96315267239948,44.5625,4.862280362940666,20.625,75.0,-0.3611111044883728,0.0,0.4375,-0.3611111044883728
S. Houghton,WSL 2017-2018,26,2,1.6690358594059937,2.5699105486273766,13,51.081734918228086,44.38461538461539,17.92745709747946,20.192307692307693,61.666666666666664,-0.5699105486273766,0.07692307692307693,0.5,-0.5699105486273766
S. Houghton,WSL 2018-2019,33,3,2.4413722194731227,2.4002296328544617,13,67.82900660842397,44.60606060606061,26.57465520413758,19.545454545454547,45.5,0.5997703671455383,0.09090909090909091,0.3939393939393939,0.5997703671455383
S. Houghton,WSL 2019-2020,7,2,1.2700617909431455,1.3689426183700562,3,64.38234053517765,49.0,37.506947641424,15.714285714285714,26.666666666666668,0.6310573816299438,0.2857142857142857,0.42857142857142855,0.6310573816299438
S. Houghton,WSL 2020-2021,20,2,2.42395931109786,1.6848348453640938,11,65.30045597409001,47.5,21.102366261568644,15.0,26.0,0.3151651546359062,0.1,0.55,0.3151651546359062
S. Houghton,WSL 2021-2022,2,1,0.2804878056049347,0.5131579041481018,2,41.579776066950856,42.0,22.25897924562591,22.5,100.0,0.4868420958518982,0.5,1.0,0.4868420958518982
S. Houghton,WSL 2022-2023,11,2,0.47157002240419377,1.5311640352010727,10,31.677070922222576,45.72727272727273,20.39180649196265,20.0,73.75,0.4688359647989273,0.18181818181818182,0.9090909090909091,0.4688359647989273
S. Houghton,WSL 2023-2024,2,0,0.0,0.0,2,29.0497648104151,42.0,22.02488240520755,22.5,100.0,0.0,0.0,1.0,0.0
S. Howard,WSL 2018-2019,1,0,0.050000000745058,0.0,0,78.20230175640613,67.0,52.4344842115364,40.0,50.0,0.0,0.0,0.0,0.0
S. Howard,WSL 2019-2020,4,0,0.3291437998414038,0.0,1,73.27546789456659,44.0,31.22830046046247,16.25,33.333333333333336,0.0,0.0,0.25,0.0
S. Howard,WSL 2021-2022,12,1,1.0995913594961162,0.8052598387002944,5,54.93488829030409,46.75,23.241445693518767,15.416666666666666,45.0,0.19474016129970562,0.08333333333333333,0.4166666666666667,0.19474016129970562
S. Howard,WSL 2022-2023,10,1,1.6388745270669458,1.3263841420412064,4,50.52260189330988,44.4,27.521526516780902,14.5,60.0,-0.3263841420412063,0.1,0.4,-0.32638414204120636
S. Howard,WSL 2023-2024,10,1,1.3375765532255168,1.201469600200653,3,62.28767486571327,43.6,40.41491290012526,17.0,65.0,-0.20146960020065313,0.1,0.3,-0.20146960020065308
S. Howard,WSL 2024-2025,10,1,2.0548818483948708,1.659420296549797,6,43.40081636726338,45.7,25.338587436554743,13.0,57.5,-0.6594202965497971,0.1,0.6,-0.6594202965497971
S. Ingle,WSL 2015,15,1,1.233101077377796,0.9850746393203736,9,59.02014721921469,47.4,3.9374875192812366,14.0,30.0,0.0149253606796264,0.06666666666666667,0.6,0.014925360679626354
S. Ingle,WSL 2016,3,0,0.7007874250411987,0.0,2,70.0599743077315,49.0,12.787773495733028,10.0,0.0,0.0,0.0,0.6666666666666666,0.0
S. Ingle,WSL 2017,3,0,0.136865347623825,0.0,2,,44.666666666666664,0.0,15.0,,0.0,0.0,0.6666666666666666,0.0
S. Ingle,WSL 2017-2018,6,0,0.0837070271372795,0.0,4,76.03189585509219,43.333333333333336,15.171982642515365,20.0,50.0,0.0,0.0,0.6666666666666666,0.0
S. Ingle,WSL 2018-2019,16,0,0.40289892256259907,0.2340425550937652,11,68.76052645524172,45.5625,10.804728931039358,17.8125,45.0,-0.2340425550937652,0.0,0.6875,-0.2340425550937652
S. Ingle,WSL 2019-2020,12,4,1.8259108513593671,3.071446418762207,9,47.275263192361955,52.25,19.749851434203148,15.0,48.0,0.9285535812377927,0.3333333333333333,0.75,0.928553581237793
S. Ingle,WSL 2020-2021,14,0,0.46693000942468627,0.0,8,78.15607732943401,49.642857142857146,17.289775713589407,20.357142857142858,40.0,0.0,0.0,0.5714285714285714,0.0
S. Ingle,WSL 2021-2022,18,1,1.6439186073839664,1.1166535913944244,10,61.32902682846464,55.27777777777778,16.749140831932905,19.444444444444443,57.142857142857146,-0.11665359139442451,0.05555555555555555,0.5555555555555556,-0.11665359139442444
S. Ingle,WSL 2022-2023,13,2,2.128726534545421,3.0879401564598083,8,38.62166608934505,50.53846153846154,23.956592468911307,14.23076923076923,67.77777777777777,-1.0879401564598083,0.15384615384615385,0.6153846153846154,-1.0879401564598083
S. Ingle,WSL 2023-2024,8,0,0.4866202026605605,0.5,6,41.669505280620385,48.125,24.272075226938085,15.0,68.57142857142857,-0.5,0.0,0.75,-0.5
S. Kees,WSL 2025-2026,5,1,1.2216309234499931,1.0,2,59.11541402698047,43.6,41.55770701349023,18.0,46.0,0.0,0.2,0.4,0.0
S. Kerr,WSL 2019-2020,13,1,2.022049695253372,0.9306542724370956,8,57.23466931400694,51.38461538461539,17.4069463678308,8.846153846153847,41.666666666666664,0.06934572756290441,0.07692307692307693,0.6153846153846154,0.06934572756290436
S. Kerr,WSL 2020-2021,84,21,19.92306613922119,20.371977731585503,53,52.11153359144721,49.07142857142857,24.20109410640502,7.321428571428571,45.30612244897959,0.6280222684144963,0.25,0.6309523809523809,0.6280222684144974
S. Kerr,WSL 2021-2022,70,20,12.468119744211434,13.536129161715508,46,51.27352889051375,49.17142857142857,20.39619808557427,12.714285714285714,45.294117647058826,6.463870838284492,0.2857142857142857,0.6571428571428571,6.4638708382844925
S. Kerr,WSL 2022-2023,79,12,13.90417009219527,11.964561074972153,42,55.8327889544175,47.620253164556964,28.23528060187793,8.924050632911392,42.5,0.035438925027846846,0.1518987341772152,0.5316455696202531,0.03543892502784729
S. Kerr,WSL 2023-2024,24,4,4.332116678357124,3.1115829944610596,14,58.218602739247814,46.708333333333336,27.77245610211548,11.666666666666666,53.529411764705884,0.8884170055389403,0.16666666666666666,0.5833333333333334,0.8884170055389404
S. Kerr,WSL 2024-2025,4,0,0.16278829425573338,0.159420296549797,2,29.734212290642816,44.0,21.896091702778218,17.5,70.0,-0.159420296549797,0.0,0.5,-0.159420296549797
S. Kerr,WSL 2025-2026,37,7,5.394412674009799,6.160338133573532,26,45.61135513464088,49.67567567567568,26.143616334058173,9.594594594594595,46.333333333333336,0.839661866426468,0.1891891891891892,0.7027027027027027,0.8396618664264679
S. Koren,WSL 2017-2018,4,1,0.7664656415581703,0.3611111044883728,2,61.101841162581756,46.0,29.78819038629762,12.5,33.333333333333336,0.6388888955116272,0.25,0.5,0.6388888955116272
S. Kumagai,WSL 2025-2026,6,2,0.9907965660095213,1.9792473912239075,4,40.137146166345914,48.833333333333336,26.330841233790398,15.833333333333334,70.0,0.02075260877609253,0.3333333333333333,0.6666666666666666,0.02075260877609253
S. Lohmann,WSL 2025-2026,2,0,0.4285714328289032,1.1513269394636154,0,35.7087800368575,42.0,42.624294110382976,22.5,100.0,-1.1513269394636154,0.0,0.0,-1.1513269394636154
S. Lundgaard,WSL 2022-2023,3,0,0.0,0.0,3,32.056200648236505,44.666666666666664,5.342700108039417,16.666666666666668,30.0,0.0,0.0,1.0,0.0
S. Lundgaard,WSL 2023-2024,2,0,0.5783067941665648,0.9306542724370956,1,35.19940944419654,62.5,34.0595188086547,7.5,65.0,-0.9306542724370956,0.0,0.5,-0.9306542724370956
S. Lundgaard,WSL 2024-2025,2,0,0.181267999112606,0.0,0,78.03139177401098,46.0,42.34902922033882,10.0,25.0,0.0,0.0,0.0,0.0
S. Lundgaard,WSL 2025-2026,1,0,0.0,0.0,1,22.182074845344015,50.0,11.091037422672008,0.0,30.0,0.0,0.0,1.0,0.0
S. Magill,WSL 2017-2018,8,1,1.1978661715984344,0.8585858345031738,5,61.68547989218266,52.25,21.3494001857659,15.625,7.5,0.1414141654968261,0.125,0.625,0.14141416549682617
S. Magill,WSL 2018-2019,15,2,1.4262656718492506,1.5111423134803772,11,64.26474108584085,49.666666666666664,17.54189951079559,10.666666666666666,26.666666666666668,0.4888576865196227,0.13333333333333333,0.7333333333333333,0.4888576865196228
S. Magill,WSL 2019-2020,15,1,1.5549816265702245,0.8780487775802612,11,67.79721849535755,47.86666666666667,11.795726687874863,6.0,25.0,0.1219512224197387,0.06666666666666667,0.7333333333333333,0.12195122241973877
S. Magill,WSL 2020-2021,14,6,4.447716526687145,4.878600582480431,10,45.15578092093332,51.142857142857146,28.06374035371044,17.142857142857142,33.333333333333336,1.1213994175195692,0.42857142857142855,0.7142857142857143,1.1213994175195694
S. Magill,WSL 2021-2022,8,3,1.8696239590644836,2.741172194480896,7,39.82544977357173,48.0,17.746667561848056,5.0,76.66666666666667,0.2588278055191038,0.375,0.875,0.258827805519104
S. Magill,WSL 2022-2023,4,0,0.4285714328289032,0.0,3,40.06301590765225,54.25,22.948174620492793,8.75,40.0,0.0,0.0,0.75,0.0
S. Magill,WSL 2023-2024,5,0,0.6640266105532645,0.0666666701436042,3,53.23388990706887,46.8,24.693555983689173,9.0,45.0,-0.0666666701436042,0.0,0.6,-0.0666666701436042
S. Martinez,WSL 2024-2025,31,10,6.76567094027996,8.297490254044533,18,52.51814721786937,51.096774193548384,33.76324585334315,13.064516129032258,35.76923076923077,1.7025097459554672,0.3225806451612903,0.5806451612903226,1.7025097459554672
S. Martinez,WSL 2025-2026,37,6,6.382736146450042,5.901570156216621,21,52.384124837260224,48.78378378378378,27.746403103426264,10.675675675675675,38.96551724137931,0.09842984378337827,0.16216216216216217,0.5675675675675675,0.0984298437833786
S. Mayling,WSL 2017,5,0,0.0837070271372795,0.0,4,70.22187060390166,51.8,8.688853727056834,13.0,0.0,0.0,0.0,0.8,0.0
S. Mayling,WSL 2017-2018,4,0,0.0975609719753265,0.0,3,72.39597901663998,44.0,11.132830710413334,18.75,50.0,0.0,0.0,0.75,0.0
S. Mayling,WSL 2018-2019,5,0,0.6039312183856963,0.1948051899671554,2,61.80662425146251,43.6,15.1968226567621,19.0,50.0,-0.1948051899671554,0.0,0.4,-0.1948051899671554
S. Mayling,WSL 2019-2020,5,0,0.0,0.0,5,,45.2,0.0,14.0,,0.0,0.0,1.0,0.0
S. Mayling,WSL 2020-2021,5,0,0.7162306904792783,0.1315789520740509,1,62.26163737431483,51.8,30.027461995503568,13.0,32.5,-0.1315789520740509,0.0,0.2,-0.1315789520740509
S. Mayling,WSL 2021-2022,8,1,0.8504265397787092,0.6806096285581587,3,43.45807276134938,45.0,22.807396725932445,15.0,63.333333333333336,0.31939037144184124,0.125,0.375,0.31939037144184135
S. Mayling,WSL 2022-2023,2,0,0.2598684132099151,0.633093535900116,2,30.055994337988125,50.0,24.524400207495802,0.0,30.0,-0.633093535900116,0.0,1.0,-0.633093535900116
S. Mayling,WSL 2023-2024,3,1,0.7560975609756098,0.7560975609756098,3,55.236863697272995,44.666666666666664,16.767119559301598,16.666666666666668,30.0,0.2439024390243902,0.3333333333333333,1.0,0.24390243902439024
S. Mayling,WSL 2024-2025,3,1,1.0837070271372795,0.9850746393203736,2,54.101983631755445,47.333333333333336,27.884740937122217,8.333333333333334,50.0,0.0149253606796264,0.3333333333333333,0.6666666666666666,0.014925360679626354
S. Mayling,WSL 2025-2026,1,0,0.0837070271372795,0.0,0,78.00064102300699,67.0,52.333653844836824,40.0,0.0,0.0,0.0,0.0,0.0
S. Mewis,WSL 2020-2021,55,7,7.682588270161208,7.345699018094598,28,61.56329135869993,47.30909090909091,25.969281119096898,13.818181818181818,49.6875,-0.3456990180945979,0.12727272727272726,0.509090909090909,-0.3456990180945976
S. Murray,WSL 2015,3,1,0.3780487775802612,0.633093535900116,2,21.20639316600329,44.666666666666664,9.865334220001708,13.333333333333334,30.0,0.366906464099884,0.3333333333333333,0.6666666666666666,0.36690646409988403
S. Murray,WSL 2016,2,1,0.4670658707618713,0.6883116960525513,2,59.30326953699752,46.0,25.150492825037645,10.0,30.0,0.3116883039474487,0.5,1.0,0.31168830394744873
S. Murray,WSL 2018-2019,1,0,0.0,0.0,1,,42.0,0.0,20.0,,0.0,0.0,1.0,0.0
S. Murray,WSL 2023-2024,2,0,0.2598684132099151,0.7721518874168396,0,63.95542186070648,46.0,46.89332257493916,10.0,40.0,-0.7721518874168396,0.0,0.0,-0.7721518874168396
S. Nüsken,WSL 2023-2024,38,8,7.4919143207371235,7.164305657148361,28,43.48864951563814,51.71052631578947,26.155936292518145,11.578947368421053,48.0,0.8356943428516383,0.21052631578947367,0.7368421052631579,0.8356943428516388
S. Nüsken,WSL 2024-2025,45,2,5.991766296327113,2.0448334515094757,22,54.27846925061692,49.53333333333333,29.032040457755134,13.777777777777779,43.84615384615385,-0.044833451509475805,0.044444444444444446,0.4888888888888889,-0.04483345150947571
S. Nüsken,WSL 2025-2026,27,2,3.555401131510734,3.826242506504059,17,42.261395196592225,49.25925925925926,25.130812028123707,15.0,49.523809523809526,-1.8262425065040588,0.07407407407407407,0.6296296296296297,-1.8262425065040588
S. O’Brien,WSL 2021-2022,22,1,3.4029695391654964,1.3461857438087463,10,69.52559635678402,48.86363636363637,21.338319042874602,12.727272727272727,39.09090909090909,-0.3461857438087464,0.045454545454545456,0.45454545454545453,-0.34618574380874634
S. O’Brien,WSL 2022-2023,14,0,1.180643144994974,0.0,6,55.5546640765672,47.214285714285715,27.49961793757642,14.642857142857142,44.166666666666664,0.0,0.0,0.42857142857142855,0.0
S. O’Brien,WSL 2023-2024,13,0,1.4317151010036466,1.8459048569202423,8,41.06769595838579,49.46153846153846,16.213903709894172,7.6923076923076925,28.571428571428573,-1.8459048569202423,0.0,0.6153846153846154,-1.8459048569202423
S. O’Brien,WSL 2024-2025,10,3,1.708188086748123,2.500825524330139,8,52.07299619567489,47.6,29.831675051260373,7.0,72.5,0.4991744756698608,0.3,0.8,0.49917447566986084
S. O’Brien,WSL 2025-2026,20,5,4.069008409976959,4.562374696135521,13,50.86492552366209,51.75,29.68953225366812,8.25,46.875,0.43762530386447873,0.25,0.65,0.43762530386447906
S. Perry-Campbell,WSL 2016,2,0,0.0,0.0,2,,42.0,0.0,25.0,,0.0,0.0,1.0,0.0
S. Perry-Campbell,WSL 2018-2019,3,0,0.0837070271372795,0.0,2,78.41881860313322,44.666666666666664,15.292025322744424,15.0,50.0,0.0,0.0,0.6666666666666666,0.0
S. Piubel,WSL 2024-2025,22,1,2.9526276662945743,2.492207646369934,12,50.88878303936694,50.31818181818182,22.413580402409853,8.409090909090908,40.0,-1.492207646369934,0.045454545454545456,0.5454545454545454,-1.492207646369934
S. Piubel,WSL 2025-2026,6,2,1.3042312785983086,1.4916793704032898,4,42.240461642250686,51.5,31.911961006475128,10.0,63.333333333333336,0.5083206295967101,0.3333333333333333,0.6666666666666666,0.5083206295967102
S. Robson,WSL 2015,3,0,0.1910822167992591,0.0,1,,42.0,0.0,25.0,,0.0,0.0,0.3333333333333333,0.0
S. Sandbech,WSL 2020-2021,35,1,3.729556164000092,0.990140116069375,17,74.43994254995896,47.31428571428572,18.9429649316221,11.714285714285714,37.333333333333336,0.009859883930625007,0.02857142857142857,0.4857142857142857,0.00985988393062498
S. Smith,WSL 2016,1,0,0.0975609719753265,0.0,0,,42.0,0.0,25.0,,0.0,0.0,0.0,0.0
S. Stratigakis,WSL 2023-2024,2,0,0.136865347623825,0.0,1,78.10427502882142,42.0,23.692735423872023,25.0,50.0,0.0,0.0,0.5,0.0
S. Struck,WSL 2023-2024,1,0,0.0975609719753265,0.5,0,47.54237875598758,42.0,45.43785604466045,20.0,100.0,-0.5,0.0,0.0,-0.5
S. Takarada,WSL 2023-2024,11,1,1.5689516961574554,1.6065357774496078,9,21.250104934771837,53.18181818181818,13.870130963199061,15.454545454545455,70.0,-0.6065357774496078,0.09090909090909091,0.8181818181818182,-0.6065357774496078
S. Takarada,WSL 2024-2025,3,1,0.5371428579092025,0.6883116960525513,2,42.183165981776476,55.666666666666664,32.419144395858204,13.333333333333334,20.0,0.3116883039474487,0.3333333333333333,0.6666666666666666,0.31168830394744873
S. Tierney,WSL 2016,1,0,0.2598684132099151,0.0,0,,42.0,0.0,20.0,,0.0,0.0,0.0,0.0
S. Tierney,WSL 2021-2022,7,2,0.9318787828087803,1.8977660238742828,4,38.609947010518894,56.142857142857146,26.68445451083701,18.571428571428573,90.0,0.10223397612571711,0.2857142857142857,0.5714285714285714,0.10223397612571716
S. Tierney,WSL 2022-2023,14,2,1.4372596815228458,1.8328066319227219,9,58.61333650611578,46.357142857142854,26.21982475489543,15.0,43.333333333333336,0.16719336807727808,0.14285714285714285,0.6428571428571429,0.16719336807727814
S. Tierney,WSL 2023-2024,25,3,2.9434781596064563,2.8881538212299347,20,38.94371820770566,49.12,20.46439750440407,9.0,65.78947368421052,0.11184617877006509,0.12,0.8,0.11184617877006531
S. Tierney,WSL 2024-2025,6,1,0.38905923068523396,0.6464912444353104,5,19.970281689986454,50.166666666666664,15.164518037448685,15.0,44.0,0.35350875556468964,0.16666666666666666,0.8333333333333334,0.35350875556468964
S. Tierney,WSL 2025-2026,9,1,0.7457208484411237,1.5111423134803772,6,39.12760715389062,45.55555555555556,23.957136419595756,13.88888888888889,75.71428571428571,-0.5111423134803773,0.1111111111111111,0.6666666666666666,-0.5111423134803772
S. Troelsgaard,WSL 2021-2022,6,0,0.4074377231299875,0.159420296549797,2,50.902125027504766,58.5,26.45076468865375,20.0,26.0,-0.159420296549797,0.0,0.3333333333333333,-0.159420296549797
S. Troelsgaard,WSL 2022-2023,25,4,2.934870636317788,3.093624016497193,18,41.38850348217998,49.68,19.956669934094226,12.8,45.625,0.9063759835028067,0.16,0.72,0.9063759835028069
S. Walton,WSL 2015,1,0,0.0,0.0,1,,42.0,0.0,25.0,,0.0,0.0,1.0,0.0
S. Williams,WSL 2015,1,0,0.0837070271372795,0.0,0,,42.0,0.0,25.0,,0.0,0.0,0.0,0.0
S. Wiltshire,WSL 2015,1,0,0.0,0.0,1,,50.0,0.0,0.0,,0.0,0.0,1.0,0.0
S. Wiltshire,WSL 2017,8,2,2.81064368457329,2.3707809564543934,5,28.223685646028173,49.75,20.492576284327416,15.0,65.0,-0.37078095645439346,0.25,0.625,-0.37078095645439335
S. Worm,WSL 2017-2018,9,0,0.48554740101099,0.0,4,77.64134011462063,42.888888888888886,25.27074262443166,22.22222222222222,20.0,0.0,0.0,0.4444444444444444,0.0
S. Worm,WSL 2019-2020,3,1,0.0837070271372795,0.633093535900116,3,54.6494891711411,44.666666666666664,15.439183554191343,16.666666666666668,30.0,0.366906464099884,0.3333333333333333,1.0,0.36690646409988403
S. Worm,WSL 2020-2021,8,2,1.0687732473015783,2.4111423194408417,3,62.633251938645,41.0,43.527164754393674,23.75,37.142857142857146,-0.4111423194408418,0.25,0.375,-0.4111423194408417
S. Zadorsky,WSL 2020-2021,5,0,0.46706769615411736,0.3611111044883728,1,48.62404103321663,45.2,13.224808166906893,12.0,50.0,-0.3611111044883728,0.0,0.2,-0.3611111044883728
S. Zadorsky,WSL 2021-2022,6,1,0.9142077043652532,0.95652174949646,3,71.21025768484299,47.333333333333336,29.908250197985513,8.333333333333334,20.0,0.04347825050354,0.16666666666666666,0.5,0.04347825050354004
S. Zadorsky,WSL 2022-2023,3,0,0.136865347623825,0.5131579041481018,2,34.881759693476795,50.0,22.572458888219415,0.0,53.333333333333336,-0.5131579041481018,0.0,0.6666666666666666,-0.5131579041481018
S. Zadorsky,WSL 2023-2024,1,0,0.0,0.0,1,13.509256086106305,42.0,13.421294709719819,20.0,100.0,0.0,0.0,1.0,0.0
S. Zadorsky,WSL 2024-2025,7,0,0.37129166722297646,0.0,4,53.939084666464325,49.0,22.121101666594402,14.285714285714286,26.0,0.0,0.0,0.5714285714285714,0.0
S. Zadorsky,WSL 2025-2026,4,0,0.2747892439365386,0.0,1,63.85439864971477,44.0,36.92719932485738,15.0,50.0,0.0,0.0,0.25,0.0
S. Zambra,WSL 2015,6,0,0.3140852823853492,0.0,4,,50.166666666666664,0.0,15.0,,0.0,0.0,0.6666666666666666,0.0
S. Zambra,WSL 2016,18,1,1.1368225589394567,1.4052454233169556,12,36.08693495672259,48.333333333333336,4.346905425346181,15.0,100.0,-0.4052454233169556,0.05555555555555555,0.6666666666666666,-0.40524542331695557
S. Zambra,WSL 2017,14,0,0.5692544281482694,0.0,8,,50.142857142857146,0.0,12.857142857142858,,0.0,0.0,0.5714285714285714,0.0
S. van Veenendaal,WSL 2016,1,1,1.0,0.977011501789093,1,17.255916859635914,50.0,37.93830348349074,0.0,100.0,0.0229884982109069,1.0,1.0,0.022988498210906982
S. van Veenendaal,WSL 2017-2018,1,1,1.0,1.0,1,28.455423228465815,50.0,44.22771161423291,0.0,100.0,0.0,1.0,1.0,0.0
S. van de Sanden,WSL 2016,21,3,2.6190826073288913,2.5319721698760986,14,54.66134252729463,50.666666666666664,10.283135940373947,3.5714285714285716,42.0,0.4680278301239012,0.14285714285714285,0.6666666666666666,0.46802783012390137
S. van de Sanden,WSL 2017,5,0,0.19227845221757878,0.0,3,,51.8,0.0,12.0,,0.0,0.0,0.6,0.0
S. van de Sanden,WSL 2022-2023,11,1,0.912306874990463,1.0180061310529709,7,50.93799779394178,52.36363636363637,21.256652382762304,8.636363636363637,37.142857142857146,-0.018006131052970914,0.09090909090909091,0.6363636363636364,-0.018006131052970886
S. van de Sanden,WSL 2023-2024,10,1,1.1871622949838636,0.633093535900116,6,58.39209279865834,48.5,26.003179753897435,13.5,27.142857142857142,0.366906464099884,0.1,0.6,0.36690646409988403
T. Duggan,WSL 2015,31,6,4.979202643036842,4.095571041107178,17,36.91654590684994,46.45161290322581,9.09919490023194,14.03225806451613,40.0,1.9044289588928223,0.1935483870967742,0.5483870967741935,1.9044289588928223
T. Duggan,WSL 2016,47,5,6.214264067571337,4.414544122975047,24,53.089035953416776,49.40425531914894,7.758090655697753,16.06382978723404,31.666666666666668,0.5854558770249528,0.10638297872340426,0.5106382978723404,0.5854558770249527
T. Duggan,WSL 2017,30,4,4.705469599220811,3.5665734468436825,19,36.60129847303686,46.4,7.116681652930088,10.5,44.0,0.43342655315631756,0.13333333333333333,0.6333333333333333,0.4334265531563175
T. Duggan,WSL 2021-2022,32,2,3.557742208242416,1.4356784522533417,20,63.338214361360194,47.8125,15.461523341138797,12.34375,14.615384615384615,0.5643215477466583,0.0625,0.625,0.5643215477466583
T. Duggan,WSL 2023-2024,4,0,0.45095063000917424,0.0,1,62.082988913544696,52.25,36.04149445677235,15.0,37.5,0.0,0.0,0.25,0.0
T. Hansen,WSL 2025-2026,1,0,0.0837070271372795,0.0,0,78.20230175640613,42.0,47.4344842115364,25.0,0.0,0.0,0.0,0.0,0.0
T. Heath,WSL 2020-2021,26,4,2.520080663263797,3.510870784521103,15,58.09053021428222,46.96153846153846,22.12666032188238,11.538461538461538,37.142857142857146,0.489129215478897,0.15384615384615385,0.5769230769230769,0.4891292154788971
T. Heath,WSL 2021-2022,9,2,2.5122416764497757,2.8756345063447952,6,43.141342229332146,51.55555555555556,22.865450825593435,8.333333333333334,24.0,-0.8756345063447953,0.2222222222222222,0.6666666666666666,-0.8756345063447952
T. Hinds,WSL 2018-2019,11,0,1.4675405509769912,1.0871980711817741,3,49.20183070372512,49.09090909090909,22.105062084711317,13.636363636363637,44.285714285714285,-1.0871980711817741,0.0,0.2727272727272727,-1.0871980711817741
T. Hinds,WSL 2019-2020,1,0,0.0,0.0,1,,50.0,0.0,0.0,,0.0,0.0,1.0,0.0
T. Hinds,WSL 2022-2023,23,0,1.8774233572185035,1.7084325253963468,16,36.99361574206151,46.43478260869565,23.75446120522621,16.08695652173913,47.61904761904762,-1.7084325253963468,0.0,0.6956521739130435,-1.7084325253963468
T. Hinds,WSL 2023-2024,16,2,1.1596665307879446,1.4689700454473495,8,56.96616791963139,46.5625,30.3759912192307,16.5625,29.23076923076923,0.5310299545526505,0.125,0.5,0.5310299545526505
T. Hinds,WSL 2024-2025,29,3,3.0766174420714374,2.5798798352479935,17,49.3992576142445,47.0,22.968572414034725,12.241379310344827,30.476190476190474,0.4201201647520065,0.10344827586206896,0.5862068965517241,0.42012016475200653
T. Hinds,WSL 2025-2026,9,0,1.1389773711562154,0.9635774493217467,3,29.05701233404415,45.55555555555556,20.570596979536553,13.333333333333334,87.5,-0.9635774493217467,0.0,0.3333333333333333,-0.9635774493217467
T. Koga,WSL 2025-2026,7,3,2.6276338398456573,2.6215064376592636,5,41.61731865265463,49.0,34.309116536344064,15.714285714285714,43.333333333333336,0.3784935623407363,0.42857142857142855,0.7142857142857143,0.3784935623407364
T. Kyvåg,WSL 2022-2023,5,0,0.22057237476110447,0.1333333402872085,3,40.42802304822815,46.8,14.595073622858365,10.0,43.333333333333336,-0.1333333402872085,0.0,0.6,-0.1333333402872085
T. Micah,WSL 2023-2024,1,1,1.0,0.9850746393203736,1,33.88772311291772,42.0,53.16276740273673,20.0,100.0,0.0149253606796264,1.0,1.0,0.014925360679626354
T. Middag,WSL 2016,5,0,0.5756372958421706,0.5,3,13.884443733105705,47.8,4.388444373310571,12.0,30.0,-0.5,0.0,0.6,-0.5
T. Middag,WSL 2019-2020,9,0,0.3584962710738181,0.0,5,78.00169328421438,48.888888888888886,20.66704295204764,15.555555555555555,50.0,0.0,0.0,0.5555555555555556,0.0
T. Payne,WSL 2024-2025,18,1,3.0408243462443347,1.4660405069589615,10,53.30833069286663,48.94444444444444,23.08252026180011,4.722222222222222,23.076923076923077,-0.4660405069589615,0.05555555555555555,0.5555555555555556,-0.4660405069589615
T. Payne,WSL 2025-2026,11,0,0.6620138213038442,0.0,8,49.652584201554866,47.81818181818182,17.313701033828064,6.818181818181818,17.142857142857142,0.0,0.0,0.7272727272727273,0.0
T. Primmer,WSL 2021-2022,5,1,0.4272824674844741,0.633093535900116,3,52.96833887972011,45.2,16.058895658011387,14.0,15.0,0.366906464099884,0.2,0.6,0.36690646409988403
T. Primmer,WSL 2022-2023,11,1,1.1966631412506101,0.9669570773839951,6,55.17449369951487,44.90909090909091,26.488486707840547,15.909090909090908,56.25,0.033042922616005,0.09090909090909091,0.5454545454545454,0.033042922616004944
T. Wullaert,WSL 2018-2019,31,3,1.8458950929343696,3.0456125736236572,22,53.275557387418964,48.74193548387097,14.98012718837142,16.612903225806452,40.0,-0.04561257362365739,0.0967741935483871,0.7096774193548387,-0.04561257362365723
T. Wullaert,WSL 2019-2020,15,3,3.0178291164338584,3.6230028569698334,7,59.7514682289585,50.666666666666664,29.496495123592503,10.0,25.0,-0.6230028569698336,0.2,0.4666666666666667,-0.6230028569698334
T. Yallop,WSL 2021-2022,28,1,3.3816153258085246,2.6297000646591187,14,67.14934272648708,46.92857142857143,23.24444306149143,15.0,32.666666666666664,-1.6297000646591187,0.03571428571428571,0.5,-1.6297000646591187
Tang Jiali,WSL 2021-2022,11,0,0.7999377176165579,0.0,6,78.10122885092768,45.72727272727273,16.927496154714124,20.90909090909091,12.5,0.0,0.0,0.5454545454545454,0.0
Tatiana Pinto,WSL 2015,1,0,0.2804878056049347,0.0,0,,42.0,0.0,20.0,,0.0,0.0,0.0,0.0
Tatiana Pinto,WSL 2023-2024,14,2,1.945066064596176,1.769525334239006,10,35.165549718145385,49.214285714285715,17.422393472706936,3.9285714285714284,50.0,0.23047466576099387,0.14285714285714285,0.7142857142857143,0.23047466576099396
V. Asseyi,WSL 2022-2023,41,6,5.198783189058303,5.0859609842300415,29,49.033558464401175,47.90243902439025,24.477205542944347,15.24390243902439,51.37931034482759,0.9140390157699583,0.14634146341463414,0.7073170731707317,0.9140390157699585
V. Asseyi,WSL 2023-2024,65,6,10.387258658867056,9.234022932808573,34,51.01279749893768,45.90769230769231,29.792912090334,13.846153846153847,43.63636363636363,-3.234022932808574,0.09230769230769231,0.5230769230769231,-3.234022932808573
V. Asseyi,WSL 2024-2025,38,9,6.780566972203371,8.459566634602663,25,48.36437998271646,48.10526315789474,29.82723391500487,12.368421052631579,44.83870967741935,0.5404333653973366,0.23684210526315788,0.6578947368421053,0.5404333653973374
V. Asseyi,WSL 2025-2026,54,2,6.899836065474806,3.8462116776443107,30,48.214110176084304,49.092592592592595,23.11114605896942,12.962962962962964,43.0,-1.846211677644311,0.037037037037037035,0.5555555555555556,-1.8462116776443107
V. Buurman,WSL 2025-2026,4,0,0.4827883020043373,0.0,2,56.39913926051926,46.0,23.233010556028056,12.5,26.666666666666668,0.0,0.0,0.5,0.0
V. Bøe Risa,WSL 2021-2022,18,2,1.5817216672003265,1.6849745959043503,12,57.99458539704495,50.111111111111114,17.177458118443166,9.444444444444445,45.0,0.31502540409564966,0.1111111111111111,0.6666666666666666,0.3150254040956497
V. Bøe Risa,WSL 2022-2023,9,0,0.1910822167992591,0.0,7,43.5010765923462,42.888888888888886,19.12998849374503,21.666666666666668,48.333333333333336,0.0,0.0,0.7777777777777778,0.0
V. Gauvin,WSL 2020-2021,25,5,4.438879851706144,4.998607408709642,13,56.12322681832548,45.2,25.235296935949215,12.0,58.0,0.0013925912903575144,0.2,0.52,0.0013925912903580695
V. Gauvin,WSL 2021-2022,12,0,1.0709970891475675,0.5131579041481018,9,65.48341024537064,48.75,10.02387659659714,10.416666666666666,33.333333333333336,-0.5131579041481018,0.0,0.75,-0.5131579041481018
V. Hanshaw,WSL 2024-2025,6,0,0.4804407879710196,0.159420296549797,3,46.07259739167234,46.0,17.543522835528652,12.5,45.0,-0.159420296549797,0.0,0.5,-0.159420296549797
V. Hanshaw,WSL 2025-2026,8,1,0.46600914746522876,0.5131579041481018,4,62.59059487157686,53.375,31.437481884063374,24.375,10.0,0.4868420958518982,0.125,0.5,0.4868420958518982
V. Miedema,WSL 2017-2018,38,4,5.671087263379154,5.7839630304313285,26,56.07861923199385,48.05263157894737,17.904439414592627,8.421052631578947,40.0,-1.783963030431329,0.10526315789473684,0.6842105263157895,-1.7839630304313285
V. Miedema,WSL 2018-2019,108,22,16.90279684215784,18.349421471357346,87,49.47154808865982,48.361111111111114,14.713814205989008,7.916666666666667,42.7027027027027,3.6505785286426535,0.2037037037037037,0.8055555555555556,3.6505785286426544
V. Miedema,WSL 2019-2020,56,16,11.355960495769976,14.931706696748734,39,47.92385660408229,48.5,23.786217289342016,8.303571428571429,34.54545454545455,1.068293303251266,0.2857142857142857,0.6964285714285714,1.0682933032512665
V. Miedema,WSL 2020-2021,106,18,14.261623132973908,16.31688643991947,71,56.93376669226255,48.56603773584906,19.255193809666824,9.528301886792454,27.346938775510203,1.6831135600805276,0.16981132075471697,0.6698113207547169,1.6831135600805283
V. Miedema,WSL 2021-2022,105,14,9.806180521845816,11.371947810053825,78,55.884911215757484,48.22857142857143,14.837826165723875,9.0,44.473684210526315,2.628052189946174,0.13333333333333333,0.7428571428571429,2.6280521899461746
V. Miedema,WSL 2022-2023,22,4,1.6779391095042226,3.1756622940301895,19,34.792300387365295,48.22727272727273,19.74262524758382,9.318181818181818,58.23529411764706,0.8243377059698104,0.18181818181818182,0.8636363636363636,0.8243377059698105
V. Miedema,WSL 2023-2024,16,2,3.141994901001453,2.3064798712730408,8,54.25439782156739,52.0,31.498448805572682,11.5625,27.142857142857142,-0.3064798712730409,0.125,0.5,-0.30647987127304077
V. Miedema,WSL 2024-2025,39,7,5.816795542836188,5.860678017139435,29,45.45639480679436,46.87179487179487,23.801830731949604,11.41025641025641,56.89655172413793,1.1393219828605647,0.1794871794871795,0.7435897435897436,1.1393219828605652
V. Miedema,WSL 2025-2026,66,10,9.31634899228811,8.166908174753189,45,47.972824995644,47.28787878787879,26.130612741825683,11.969696969696969,52.83018867924528,1.8330918252468105,0.15151515151515152,0.6818181818181818,1.833091825246811
V. Pelova,WSL 2022-2023,13,1,0.5242657437920568,0.9987150430679321,9,33.46024940436793,46.92307692307692,17.738156280554687,9.615384615384615,43.0,0.001284956932067871,0.07692307692307693,0.6923076923076923,0.001284956932067871
V. Pelova,WSL 2023-2024,27,2,3.5254975259304038,2.3762813210487366,18,40.660247505973466,48.44444444444444,20.995722056685313,9.074074074074074,45.90909090909091,-0.3762813210487367,0.07407407407407407,0.6666666666666666,-0.3762813210487366
V. Pelova,WSL 2024-2025,5,1,0.27373069524765,0.7721518874168396,4,62.24437590797091,55.0,24.30622409689231,3.0,10.0,0.2278481125831604,0.2,0.8,0.2278481125831604
V. Pelova,WSL 2025-2026,15,0,0.3574293851852416,0.159420296549797,14,24.588515689869915,47.13333333333333,9.62612360083401,10.666666666666666,60.0,-0.159420296549797,0.0,0.9333333333333333,-0.159420296549797
V. Sarri,WSL 2020-2021,1,1,0.7007874250411987,0.977011501789093,1,57.426281246288056,38.0,64.69015234348348,20.0,100.0,0.0229884982109069,1.0,1.0,0.022988498210906982
V. Sarri,WSL 2021-2022,31,3,1.8489180579781526,3.242123395204544,20,50.72201830820105,44.74193548387097,17.279069785383133,17.258064516129032,40.714285714285715,-0.2421233952045439,0.0967741935483871,0.6451612903225806,-0.24212339520454407
V. Sarri,WSL 2022-2023,40,4,4.402256742119788,3.300514802336693,26,53.36991681734151,47.95,25.738647614705485,14.75,36.206896551724135,0.6994851976633072,0.1,0.65,0.6994851976633072
V. Sarri,WSL 2023-2024,14,0,1.3099312856793401,0.8585858345031738,8,54.51889692630523,47.5,23.57276616666343,9.285714285714286,25.0,-0.8585858345031738,0.0,0.5714285714285714,-0.8585858345031738
V. Sarri,WSL 2024-2025,22,2,1.940790250897407,2.614158868789673,14,45.32822861542774,50.54545454545455,23.759875529717217,15.227272727272727,41.25,-0.6141588687896729,0.09090909090909091,0.6363636363636364,-0.6141588687896729
V. Schnaderbeck,WSL 2018-2019,2,0,0.1085714250802993,0.1315789520740509,1,15.687928834333437,46.0,10.06233315636079,12.5,100.0,-0.1315789520740509,0.0,0.5,-0.1315789520740509
V. Schnaderbeck,WSL 2021-2022,2,0,0.22057237476110447,0.0,0,78.15328839261377,58.5,44.909977529640216,17.5,50.0,0.0,0.0,0.0,0.0
V. Williams,WSL 2015,5,0,0.3011210821568965,0.0837070271372795,2,,42.0,1.6741405427455898,21.0,,-0.0837070271372795,0.0,0.4,-0.0837070271372795
V. Williams,WSL 2016,4,2,1.1298812925815582,1.954023003578186,3,52.79040270959606,54.25,27.852773204235408,8.75,65.0,0.0459769964218138,0.5,0.75,0.045976996421813965
V. Williams,WSL 2017,1,0,0.136865347623825,0.0,0,,75.0,0.0,15.0,,0.0,0.0,0.0,0.0
V. Williams,WSL 2017-2018,5,0,0.46059604361653295,0.0,1,78.14697513203511,43.6,26.777425872943866,18.0,16.666666666666668,0.0,0.0,0.2,0.0
V. Williams,WSL 2018-2019,10,2,1.5522101558744903,2.1633585691452026,4,61.55245860683289,43.6,31.366769553160452,16.5,61.42857142857143,-0.1633585691452027,0.2,0.4,-0.16335856914520264
V. Williams,WSL 2019-2020,6,1,1.8929629085994346,1.7411722002959835,5,50.69860100327733,57.833333333333336,27.0878771578527,10.0,75.0,-0.7411722002959834,0.16666666666666666,0.8333333333333334,-0.7411722002959835
V. Williams,WSL 2020-2021,4,0,0.1585714258253573,0.0,2,78.32519185087072,54.25,20.83129796271768,8.75,25.0,0.0,0.0,0.5,0.0
V. Williams,WSL 2021-2022,8,3,2.411475293338299,2.483307182788849,6,45.41676262928596,52.875,22.749925926113008,15.625,40.0,0.516692817211151,0.375,0.75,0.5166928172111511
V. Williams,WSL 2022-2023,2,1,1.0,0.8585858345031738,2,16.192933987116433,46.0,20.260354347660048,10.0,100.0,0.1414141654968261,0.5,1.0,0.14141416549682617
Vicky Losada,WSL 2015,13,2,2.198506131768226,2.0498654693365097,4,37.280979340277995,52.15384615384615,9.544930750552227,21.153846153846153,53.333333333333336,-0.0498654693365098,0.15384615384615385,0.3076923076923077,-0.049865469336509705
Vicky Losada,WSL 2016,22,2,1.0450694561004634,0.8831168860197067,15,23.234058386833482,48.31818181818182,2.5633741651859703,17.272727272727273,65.0,1.1168831139802933,0.09090909090909091,0.6818181818181818,1.1168831139802933
Vicky Losada,WSL 2021-2022,13,3,2.525592572987079,2.6295502930879593,9,48.99439493369933,49.0,20.579720020031036,18.076923076923077,40.0,0.3704497069120406,0.23076923076923078,0.6923076923076923,0.3704497069120407
Vicky Losada,WSL 2023-2024,9,1,1.0614355115628824,0.8876765130496607,5,48.165127332762424,43.77777777777778,26.319434191424996,19.444444444444443,58.57142857142857,0.11232348695033931,0.1111111111111111,0.5555555555555556,0.11232348695033934
Vicky Losada,WSL 2024-2025,12,1,1.154704116284847,1.5002296268939972,9,26.313399011587055,46.0,16.395876474357916,12.5,40.0,-0.5002296268939972,0.08333333333333333,0.75,-0.5002296268939972
W. Kaptein,WSL 2024-2025,14,2,2.3220700472593303,1.546897530555725,9,57.39017191952462,48.357142857142854,24.499716634847562,11.428571428571429,34.44444444444444,0.45310246944427474,0.14285714285714285,0.6428571428571429,0.4531024694442749
W. Kaptein,WSL 2025-2026,27,2,3.6274321973323813,4.490418836474419,15,44.315211689298444,47.7037037037037,26.74740346950057,12.777777777777779,51.81818181818182,-2.4904188364744186,0.07407407407407407,0.5555555555555556,-2.4904188364744186
W. Kiszkis,WSL 2019-2020,1,0,0.2598684132099151,0.0,0,68.80318145098948,50.0,34.40159072549474,0.0,0.0,0.0,0.0,0.0,0.0
W. Sangaré,WSL 2025-2026,11,0,0.47728246822953213,0.0,7,50.289815063615535,48.63636363636363,25.889309877401,10.454545454545455,49.0,0.0,0.0,0.6363636363636364,0.0
Wang Shuang,WSL 2023-2024,8,0,0.7680254280567166,0.0,3,65.5057405436779,45.0,29.35631937054588,14.375,21.666666666666668,0.0,0.0,0.375,0.0
Y. Daniëls,WSL 2017-2018,26,1,1.3866286166012283,1.3158171027898786,15,65.74460284957823,46.0,16.725545923009776,12.307692307692308,43.0,-0.31581710278987873,0.038461538461538464,0.5769230769230769,-0.3158171027898786
Y. Daniëls,WSL 2018-2019,8,1,0.8974986895918844,0.7721518874168396,4,68.47781512877378,47.75,28.878220138888288,20.0,60.0,0.2278481125831604,0.125,0.5,0.2278481125831604
Y. Daniëls,WSL 2019-2020,15,2,3.890268719050942,4.229928648326455,7,56.84592543120993,47.93333333333333,32.04209021056874,12.0,41.111111111111114,-2.2299286483264553,0.13333333333333333,0.4666666666666667,-2.229928648326455
Y. Daniëls,WSL 2020-2021,13,2,1.2649750262498856,1.3704743534326553,11,19.37784709058356,44.46153846153846,6.680589838886282,16.53846153846154,76.66666666666667,0.6295256465673447,0.15384615384615385,0.8461538461538461,0.6295256465673447
Y. Daniëls,WSL 2022-2023,13,0,0.7010131627321241,0.7646724879741669,8,52.51500003725786,50.15384615384615,15.678346775717841,12.307692307692308,46.666666666666664,-0.7646724879741669,0.0,0.6153846153846154,-0.7646724879741669
Y. Daniëls,WSL 2023-2024,3,0,0.8376527726650237,0.8585858345031738,1,62.85194519411161,47.333333333333336,31.75872896529116,6.666666666666667,40.0,-0.8585858345031738,0.0,0.3333333333333333,-0.8585858345031738
Y. Daniëls,WSL 2024-2025,1,0,0.0837070271372795,0.0,0,78.20230175640613,42.0,45.76781754486973,20.0,50.0,0.0,0.0,0.0,0.0
Y. Endo,WSL 2025-2026,5,1,1.2898394241929052,0.9850746393203736,2,56.685013092165626,51.8,38.586287715338386,13.0,36.0,0.0149253606796264,0.2,0.4,0.014925360679626354
Y. Hasegawa,WSL 2021-2022,16,2,1.0382127501070497,1.3443902730941772,9,55.09301169398625,48.125,21.765641300985212,17.5,53.333333333333336,0.6556097269058228,0.125,0.5625,0.6556097269058228
Y. Hasegawa,WSL 2022-2023,12,1,0.9526132717728613,2.106848925352096,7,27.530864985963127,47.166666666666664,24.135435431946675,18.75,61.81818181818182,-1.1068489253520963,0.08333333333333333,0.5833333333333334,-1.1068489253520961
Y. Hasegawa,WSL 2023-2024,10,0,0.5358538925647733,0.0,6,50.79156821603684,47.8,27.14996061974807,25.5,56.25,0.0,0.0,0.6,0.0
Y. Hasegawa,WSL 2024-2025,16,0,0.9370899796485899,0.4000000059604645,12,37.033728205834485,45.5,14.927206742165813,14.0625,45.0,-0.4000000059604645,0.0,0.75,-0.4000000059604645
Y. Hasegawa,WSL 2025-2026,19,2,3.860994983464479,2.8017549961805344,9,54.22373726147278,49.10526315789474,32.629179821470245,13.947368421052632,27.058823529411764,-0.8017549961805345,0.10526315789473684,0.47368421052631576,-0.8017549961805344
Y. Momiki,WSL 2023-2024,17,2,1.1049830615520475,2.3502652049064636,15,36.1247484721428,47.0,13.545759360766297,10.882352941176471,52.857142857142854,-0.35026520490646373,0.11764705882352941,0.8823529411764706,-0.3502652049064636
Y. Momiki,WSL 2024-2025,21,3,2.9563205672836883,3.3685386090016944,11,59.7462008656967,48.80952380952381,32.566612648974896,13.571428571428571,46.470588235294116,-0.3685386090016948,0.14285714285714285,0.5238095238095238,-0.36853860900169444
Y. Momiki,WSL 2025-2026,19,3,2.4377870021796806,1.9023490010238275,13,52.09432094115261,47.94736842105263,26.46199353101892,11.31578947368421,38.666666666666664,1.0976509989761725,0.15789473684210525,0.6842105263157895,1.0976509989761725
Y. Tennebø,WSL 2025-2026,1,0,0.0542168691754341,0.0,0,78.05133638260854,75.0,44.02566819130427,15.0,0.0,0.0,0.0,0.0,0.0
Z. Kramžar,WSL 2025-2026,8,1,1.3760365098714826,2.2801528573036194,5,30.789290197273747,54.25,23.221557038866226,9.375,48.333333333333336,-1.2801528573036194,0.125,0.625,-1.2801528573036194
Z. Morse,WSL 2022-2023,4,0,0.136865347623825,0.0,3,41.147086602210805,44.0,18.763490809162384,16.25,60.0,0.0,0.0,0.75,0.0
Z. Shaw,WSL 2024-2025,1,0,0.0,0.0,1,22.391466628556923,42.0,19.529066647611796,25.0,100.0,0.0,0.0,1.0,0.0
Z. Shaw,WSL 2025-2026,1,1,0.5416666865348816,0.8780487775802612,1,39.59292866156783,50.0,46.13792765819176,0.0,30.0,0.1219512224197387,1.0,1.0,0.12195122241973877
Z. Wyne,WSL 2017-2018,12,0,1.0892962887883184,0.5131579041481018,6,73.57497484469773,47.416666666666664,22.315527360433578,15.416666666666666,41.666666666666664,-0.5131579041481018,0.0,0.5,-0.5131579041481018
Z. Wyne,WSL 2021-2022,4,1,1.2883948907256126,1.5702916234731674,1,35.71408235085208,46.0,32.96756168480813,10.0,57.5,-0.5702916234731674,0.25,0.25,-0.5702916234731674
Zhang Linyan,WSL 2023-2024,1,0,0.0,0.0,1,,50.0,0.0,0.0,,0.0,0.0,1.0,0.0
È. Périsset,WSL 2022-2023,5,0,0.2804878056049347,0.159420296549797,3,42.541191129749365,48.6,18.052212451556926,22.0,66.66666666666667,-0.159420296549797,0.0,0.6,-0.159420296549797
È. Périsset,WSL 2023-2024,2,0,0.0837070271372795,0.0,1,15.066887903980387,58.5,7.933388642661764,20.0,30.0,0.0,0.0,0.5,0.0
